image_id,bridge_index,reference_supported,curve_nodes,euclidean_gap,mean_q,min_q,total_cost,confidence_cost,length_cost,direction_cost,width_cost,connectivity_gain,used_by_successful_paths,used_by_any_path
10378780_15,0,1,3,2.8284271247461903,0.32633815209070843,0.3101564347743988,1.3827163338579185,1.1126224994659424,0.0282842712474619,1.0580373291613523,0.1837722339831621,-1.0,0,0
10378780_15,1,1,9,7.0710678118654755,0.24150483806928,0.21750569343566895,0.4700464653586014,1.3862454891204834,0.07071067811865475,0.013090298119463106,0.0,-1.0,0,0
10378780_15,2,1,13,9.433981132056603,0.23638073985393232,0.16610193252563477,0.7077050101285991,1.4944748878479004,0.09433981132056603,0.014175018481180135,0.10471529247895259,-1.0,0,0
10378780_15,3,1,14,11.704699910719626,0.24412103103739874,0.2214827537536621,0.6734681033935885,1.4439053535461426,0.11704699910719625,0.05972934624020759,0.05278640450004208,-1.0,0,0
10378780_15,4,1,15,12.165525060596439,0.21747667690118153,0.18838544189929962,0.8894759021109893,1.5747499465942383,0.12165525060596437,0.026404038244120076,0.16666666666666666,-1.0,0,0
10378780_15,5,1,17,13.0,0.2007556610247668,0.15326416492462158,0.8220722564288563,1.6202725172042847,0.13,0.01901333472452954,0.05278640450004208,-1.0,0,0
10378780_15,6,1,16,14.035668847618199,0.4503271805588156,0.021760990843176842,1.654975147164325,1.6661806106567383,0.14035668847618202,0.8484378480314048,0.0,-1.0,5,1
10378780_15,7,1,22,16.401219466856727,0.2214484763416377,0.1409517526626587,0.8408171861591671,1.664723515510559,0.16401219466856723,0.012081475980040723,0.0,-1.0,0,0
10378780_15,8,1,26,17.804493814764857,0.13690547530467695,0.046250417828559875,1.8498397548647096,2.131150245666504,0.17804493814764855,0.5406445710505576,0.0,-1.0,2,1
10378780_15,9,1,26,18.788294228055936,0.2450230190387139,0.22484244406223297,1.2419785908001018,1.410262107849121,0.18788294228055935,0.4973869312636951,0.14644660940672627,-1.0,0,0
10378780_15,10,0,23,21.02379604162864,0.3721422941788383,0.27443474531173706,0.711653680893193,1.0207109451293945,0.21023796041628637,0.15748147064414908,0.32322330470336313,-1.0,0,0
10378780_15,11,1,27,26.076809620810597,0.19137466505721765,0.09339718520641327,1.0850790479602792,1.700411081314087,0.260768096208106,0.016132140714454346,0.1077677297236319,-1.0,1,1
10828720_15,0,0,5,3.1622776601683795,0.23193932175636292,0.22482863068580627,1.574928694391653,1.4701619148254395,0.0316227766016838,1.0731440029645296,0.0,-1.0,0,0
10828720_15,1,0,4,3.1622776601683795,0.3207590952515602,0.30896061658859253,0.6149814420834501,1.1390374898910522,0.0316227766016838,0.44432117559071405,0.0,-1.0,0,0
10828720_15,2,0,6,4.123105625617661,0.2848323583602905,0.27242934703826904,0.614202779713888,1.2663906812667847,0.0412310562561766,0.2779855629819585,0.028595479208968284,-1.0,0,0
10828720_15,3,1,6,4.123105625617661,0.27671606341997784,0.25306957960128784,0.37304234435633155,1.2754175662994385,0.0412310562561766,0.0563937218007165,0.0,-1.0,0,0
10828720_15,4,0,6,5.0,0.26347144196430844,0.24205836653709412,0.4808635855599015,1.3494817018508911,0.05,0.05278640450004207,0.028595479208968284,-1.0,0,0
10828720_15,5,1,6,5.0,0.23566924035549164,0.22015893459320068,0.6961653247939539,1.448803186416626,0.05,0.1973621383773279,0.0,-1.0,0,0
10828720_15,6,1,7,5.0990195135927845,0.3707160694258554,0.3134104311466217,0.04540643394159982,0.9920305013656616,0.050990195135927854,0.002385737440010194,0.0,-1.0,0,0
10828720_15,7,0,8,5.830951894845301,0.19879445433616638,0.16123148798942566,0.854569207483858,1.6839320659637451,0.058309518948453,0.08666927159691667,0.02565835097474313,-1.0,0,0
10828720_15,8,0,8,6.082762530298219,0.20904245972633362,0.18897095322608948,0.7521820838332376,1.6470552682876587,0.060827625302982184,0.044299190242596764,0.0,-1.0,0,0
10828720_15,9,1,10,6.4031242374328485,0.3397186756134033,0.29710251092910767,0.1572224741480701,1.0717034339904785,0.06403124237432849,0.02148779778326315,0.0,-1.0,0,0
10828720_15,10,0,8,7.0,0.32448576390743256,0.27170222997665405,0.395959192601695,1.1618446111679077,0.07,0.16411458143378715,0.0,-1.0,0,0
10828720_15,11,0,8,7.0710678118654755,0.2302686758339405,0.2088218331336975,0.8674857397429627,1.5086381435394287,0.07071067811865475,0.14169030867815285,0.14644660940672627,-1.0,0,0
10828720_15,12,0,8,7.0710678118654755,0.2675964720547199,0.24435991048812866,0.6054040042644062,1.3495596647262573,0.07071067811865475,0.057811657669458894,0.12732200375003502,-1.0,0,0
10828720_15,13,0,10,8.06225774829855,0.2916221857070923,0.2416432797908783,0.7729120555149991,1.2378971576690674,0.08062257748298549,0.4543923203629462,0.0,-1.0,0,0
10828720_15,14,1,12,8.06225774829855,0.3073311547438304,0.1527041792869568,0.44012042399350415,1.1074541807174683,0.08062257748298549,0.25204366579305043,0.0,-1.0,1,1
10828720_15,15,0,12,8.06225774829855,0.18566919366518655,0.15926742553710938,0.8355753019600081,1.729081392288208,0.08062257748298549,0.025871332188814766,0.0,-1.0,0,0
10828720_15,16,0,11,8.246211251235321,0.25262467156757007,0.18790343403816223,0.8187725757496729,1.506326675415039,0.0824621125123532,0.12526849534332812,0.10471529247895256,-1.0,0,0
10828720_15,17,1,11,8.246211251235321,0.2702425040981986,0.24527916312217712,1.4533022985969586,1.3126862049102783,0.0824621125123532,1.0295585019653588,0.028595479208968284,-1.0,0,0
10828720_15,18,0,12,8.54400374531753,0.23353096594413122,0.18983346223831177,0.5717119248636762,1.4479401111602783,0.0854400374531753,0.03833177625022244,0.0,-1.0,0,0
10828720_15,19,1,12,8.54400374531753,0.17552210638920465,0.10915783047676086,1.0084742264111561,1.838294267654419,0.0854400374531753,0.031953516803519544,0.05278640450004206,-1.0,0,0
10828720_15,20,0,10,9.486832980505138,0.37537919282913207,0.26859167218208313,1.5392731592115054,1.0356707572937012,0.09486832980505139,1.4087340721127528,0.0,-1.0,0,0
10828720_15,21,1,11,9.486832980505138,0.22627376290884885,0.20782849192619324,0.7227776500167302,1.5433460474014282,0.09486832980505139,0.031776868310208484,0.05278640450004208,-1.0,0,0
10828720_15,22,1,14,9.848857801796104,0.4343365728855133,0.41133177280426025,0.015295455894113186,0.8446897268295288,0.09848857801796104,0.01933074654658129,0.05278640450004208,-1.0,0,0
10828720_15,23,0,15,10.0,0.2723829348882039,0.20785312354564667,1.9198150351549677,1.317071557044983,0.1,1.5027434781099847,0.0,-1.0,0,0
10828720_15,24,1,14,10.44030650891055,0.2689796899046217,0.24475497007369995,0.5935516756545893,1.3663032054901123,0.1044030650891055,0.015077675351739706,0.1077677297236319,-1.0,0,0
10828720_15,25,0,16,12.36931687685298,0.43014967627823353,0.14087288081645966,1.6484445188894403,1.040798544883728,0.12369316876852982,1.4839528052371822,0.0,-1.0,0,0
10828720_15,26,1,17,13.92838827718412,0.38627876253689036,0.34840503334999084,0.1868002605371295,1.0201185941696167,0.1392838827718412,0.027397783595671577,0.0,-1.0,0,0
10828720_15,27,0,16,15.033296378372908,0.2745819306001067,0.11580294370651245,0.8499153153754104,1.4014109373092651,0.1503329637837291,0.11439918029925417,0.18377223398316206,-1.0,0,0
10828720_15,28,1,18,15.132745950421556,0.20875804043478435,0.16266599297523499,0.8863738951397098,1.5862876176834106,0.15132745950421556,0.09597241345204155,0.05278640450004206,-1.0,0,0
10828720_15,29,1,18,15.264337522473747,0.41497834026813507,0.32230716943740845,0.1694295645506092,0.9110879898071289,0.15264337522473748,0.000982907039790315,0.10471529247895259,-1.0,0,0
10828720_15,30,0,16,15.297058540778355,0.20755929127335548,0.16157366335391998,0.88588285554834,1.5972312688827515,0.15297058540778355,0.008358997507769916,0.12732200375003502,-1.0,0,0
10828720_15,31,1,16,15.297058540778355,0.19615297950804234,0.10930681228637695,1.0695479729615904,1.736274003982544,0.15297058540778355,0.0755880910923104,0.10471529247895259,-1.0,0,0
10828720_15,32,0,18,15.524174696260024,0.22468042208088768,0.0514875203371048,1.8561725115797159,1.941025972366333,0.15524174696260024,0.5932381255841159,0.16666666666666666,-1.0,0,0
10828720_15,33,0,16,15.811388300841896,0.2535506393760443,0.05096491053700447,1.6382590795952194,1.7498213052749634,0.15811388300841897,0.605323891311837,0.125,-1.0,0,0
10828720_15,34,0,19,16.1245154965971,0.22510013141130147,0.12839171290397644,0.807672609569354,1.5679104328155518,0.16124515496597097,0.04275536723046097,0.03576165455737032,-1.0,0,0
10828720_15,35,0,22,19.1049731745428,0.20654553987763144,0.1801481544971466,0.9671145035758648,1.587916612625122,0.191049731745428,0.1881481592053147,0.0,-1.0,0,0
10828720_15,36,0,24,19.849433241279208,0.15697467350400984,0.01817970722913742,1.820578930531171,2.290048360824585,0.19849433241279207,0.1482640033106321,0.1837722339831621,-1.0,0,0
10828720_15,37,1,26,19.924858845171276,0.2655415420348828,0.10700572282075882,1.1812698763849423,1.5134385824203491,0.19924858845171275,0.39350099831227925,0.07508170720060124,-1.0,1,1
10828720_15,38,0,26,21.93171219946131,0.22574612555595544,0.16027992963790894,0.8221230558243506,1.4551866054534912,0.2193171219946131,0.0011727189695199813,0.1464466094067262,-1.0,0,0
10828720_15,39,0,26,23.08679276123039,0.259609369131235,0.12609699368476868,0.9072850485684556,1.4661468267440796,0.23086792761230396,0.04360362754540531,0.16666666666666666,-1.0,0,0
10828720_15,40,1,25,25.298221281347036,0.1833859360218048,0.15255583822727203,0.979679888111727,1.7228366136550903,0.2529822128134704,0.003861061643166186,0.0,-1.0,0,0
10828720_15,41,0,28,27.073972741361768,0.25476013656173435,0.21178394556045532,1.4351669159333649,1.3666635751724243,0.2707397274136177,0.4644302800139896,0.3333333333333333,-1.0,0,0
10828720_15,42,0,34,31.144823004794873,0.16747627736014478,0.09295284003019333,1.425978739967277,1.7318017482757568,0.31144823004794875,0.1600788597561862,0.22264990188738543,-1.0,0,0
10828720_15,43,1,35,34.92849839314596,0.23564522138663702,0.11999104917049408,1.2765380893012055,1.5119082927703857,0.34928498393145957,0.015344812599360047,0.4,-1.0,0,0
10828720_15,44,1,38,36.138621999185304,0.25441251636335727,0.10668773949146271,1.2029132714224184,1.4372459650039673,0.36138621999185294,0.004281086426598357,0.4,-1.0,0,0
10828720_15,45,0,45,44.10215414239989,0.16730981452597513,0.08342377841472626,1.4337753285713415,1.8998805284500122,0.4410215414239989,0.06427777948836189,0.028595479208968284,-1.0,0,0
10828720_15,46,0,48,47.01063709417264,0.19394265736142793,0.11318051815032959,1.4731870620674528,1.8551863431930542,0.47010637094172636,0.0014477385259457631,0.14644660940672627,-1.0,0,0
10828720_15,47,1,49,49.47726750741192,0.21733763874793538,0.056611210107803345,1.53055884818881,1.6698170900344849,0.49477267507411926,0.024082966088624536,0.34188611699158106,-1.0,0,0
11128870_15,0,1,5,3.1622776601683795,0.35716423988342283,0.29786497354507446,1.1212176874263378,0.9909281134605408,0.0316227766016838,1.0986667973641133,0.0,-1.0,0,0
11128870_15,1,1,6,3.605551275463989,0.3955246259768804,0.37204259634017944,1.963767226655274,0.9275004267692566,0.0360555127546399,1.9716158079224093,0.028595479208968284,-1.0,0,0
11128870_15,2,1,8,7.0710678118654755,0.25556340627372265,0.22821417450904846,0.7258288146454117,1.3485691547393799,0.07071067811865475,0.0717140247323323,0.2348349570550447,-1.0,0,0
11128870_15,3,1,8,7.0710678118654755,0.2227323278784752,0.20268791913986206,0.5817332170044853,1.500972032546997,0.07071067811865475,0.010050506338833531,0.0,-1.0,0,0
11128870_15,4,1,10,7.280109889280518,0.2723470374941826,0.2026834934949875,0.616763721625615,1.2646509408950806,0.07280109889280519,0.021847306874062333,0.25746437496366703,-1.0,0,0
11128870_15,5,1,12,8.54400374531753,0.32069046671191853,0.2211712747812271,0.32047836840614696,1.1729140281677246,0.0854400374531753,0.062124302785247054,0.0,-1.0,0,0
11128870_15,6,1,12,8.54400374531753,0.3986426716049512,0.3445201516151428,0.18689641514104416,0.9880503416061401,0.0854400374531753,0.1134060360817285,0.0,-1.0,0,0
11128870_15,7,1,13,8.94427190999916,0.33645875178850615,0.289332777261734,0.27680173848312273,1.1074159145355225,0.08944271909999159,0.07994310484760869,0.0,-1.0,0,0
11128870_15,8,1,12,9.219544457292887,0.29402226333816844,0.2332673817873001,0.3104332920976838,1.2062182426452637,0.09219544457292889,0.01201960487949122,0.0,-1.0,0,0
11128870_15,9,1,10,9.486832980505138,0.18524803966283798,0.07334586977958679,1.66179453303877,1.9539566040039062,0.09486832980505139,0.6129695992298125,0.0,-1.0,0,0
11128870_15,10,1,12,11.045361017187261,0.1878177896142006,0.0366111621260643,1.8897764243502198,2.1741178035736084,0.11045361017187261,0.6052050106047386,0.0,-1.0,0,0
11128870_15,11,1,18,13.601470508735444,0.29961109906435013,0.18968318402767181,0.636174072080929,1.2682768106460571,0.13601470508735444,0.05384301445590983,0.17803954189160764,-1.0,1,1
11128870_15,12,1,16,14.035668847618199,0.2637250693514943,0.20997440814971924,0.5467630034597126,1.334350347518921,0.14035668847618202,0.07205596746460968,0.0,-1.0,0,0
11128870_15,13,1,20,14.866068747318506,0.16430944595485925,0.01504988968372345,1.481601480701885,2.091285467147827,0.14866068747318503,0.24165532608087276,0.0,-1.0,0,0
11128870_15,14,1,21,16.15549442140351,0.32847172305697486,0.23049791157245636,0.3991256978564055,1.117465853691101,0.16155494421403513,0.012337170227637306,0.1077677297236319,-1.0,0,0
11128870_15,15,0,26,22.561028345356956,0.3254511746076437,0.2593594789505005,0.5466282466773358,1.2726696729660034,0.2256102834535695,0.019752811048794616,0.028595479208968284,-1.0,0,0
11128870_15,16,0,28,28.460498941515414,0.14456315218870128,0.04185973107814789,1.4625513807212664,2.101571798324585,0.28460498941515416,0.07637459298152727,0.0,-1.0,0,0
11128870_15,17,0,39,34.66987164671943,0.3388091102720071,0.01113156508654356,1.6870846633034566,2.0768470764160156,0.3466987164671943,0.1635388704202465,0.1,-1.0,0,0
11128870_15,18,1,40,38.3275357934736,0.16746407151222228,0.09260775148868561,1.458750277787599,1.8212013244628906,0.383275357934736,0.004273595389972573,0.25,-1.0,0,0
11278840_15,0,1,4,2.23606797749979,0.3796451687812805,0.3619024455547333,1.7590296592996282,0.9379643201828003,0.022360679774997897,1.6737046593418299,0.125,-1.0,0,0
11278840_15,1,1,3,2.8284271247461903,0.21662425994873047,0.2141733467578888,1.6701579684414716,1.5239567756652832,0.0282842712474619,1.0132016290497738,0.10471529247895259,-1.0,0,0
11278840_15,2,0,4,3.0,0.27089837938547134,0.259570837020874,1.3226237583160403,1.29262375831604,0.03,1.0,0.0,-1.0,0,0
11278840_15,3,1,5,4.0,0.22430993914604186,0.21465471386909485,1.5707916921836311,1.484808325767517,0.04,1.045983366416114,0.0,-1.0,0,0
11278840_15,4,1,7,4.47213595499958,0.29394467175006866,0.23514164984226227,1.672716518231515,1.2224631309509277,0.044721359549995794,1.4055320277305916,0.0,-1.0,0,0
11278840_15,5,1,7,4.47213595499958,0.34984567761421204,0.3222096860408783,0.1759860214825384,1.05209481716156,0.044721359549995794,0.07916984477098249,0.0,-1.0,0,0
11278840_15,6,1,7,6.0,0.3432158614907946,0.3249768912792206,0.17842930926562106,1.072957992553711,0.06,0.04547131671191018,0.0,-1.0,0,0
11278840_15,7,1,7,6.324555320336759,0.4435857832431793,0.42595750093460083,-0.09323662338101935,0.8169249892234802,0.0632455532033676,0.026592834192132875,0.0,-1.0,0,0
11278840_15,8,1,10,6.4031242374328485,0.3474150627851486,0.3117453157901764,0.964117417848324,1.041827917098999,0.06403124237432849,0.8582582583749965,0.0,-1.0,0,0
11278840_15,9,1,8,7.0,0.3827894777059555,0.25176337361335754,0.5423802624051022,0.9467219114303589,0.07,0.5256583509747431,0.0,-1.0,0,0
11278840_15,10,1,8,7.0710678118654755,0.3593159429728985,0.29342129826545715,0.17066525435800095,1.0899040699005127,0.07071067811865475,0.010050506338833531,0.0,-1.0,0,0
11278840_15,11,0,9,7.0710678118654755,0.30356652869118583,0.25796017050743103,0.3737560058822482,1.2318847179412842,0.07071067811865475,0.0711606098223091,0.0,-1.0,0,0
11278840_15,12,1,11,7.810249675906654,0.37771217118610034,0.3508952856063843,1.0481090319374786,0.982655942440033,0.07810249675906655,0.9873505927383792,0.0,-1.0,0,0
11278840_15,13,1,10,8.06225774829855,0.3694513767957687,0.3265864849090576,0.1719840692737893,1.0126683712005615,0.08062257748298549,0.07869312059024236,0.0,-1.0,0,0
11278840_15,14,1,10,8.06225774829855,0.3886420428752899,0.3631562292575836,-0.0007253809414976553,0.9109299182891846,0.08062257748298549,0.007722123286332261,0.0,-1.0,0,0
11278840_15,15,1,11,8.246211251235321,0.2490352080626921,0.09809575229883194,1.8189479441614997,1.5591228008270264,0.0824621125123532,1.1773630308221201,0.0,-1.0,0,0
11278840_15,16,1,12,8.602325267042627,0.3330359955628713,0.2910781800746918,0.25245579411952646,1.1111862659454346,0.08602325267042626,0.0024598710036233817,0.05278640450004206,-1.0,0,0
11278840_15,17,1,13,8.94427190999916,0.4401894830740415,0.3994501829147339,-0.0444744911273236,0.859330415725708,0.08944271909999159,0.006752374046976872,0.0,-1.0,0,0
11278840_15,18,1,10,9.0,0.2841661974787712,0.24856047332286835,0.418901012365412,1.2649375200271606,0.09,0.035368013129283005,0.028595479208968284,-1.0,0,0
11278840_15,19,1,10,9.0,0.41169256865978243,0.38118183612823486,0.09802866887826656,0.8854832053184509,0.09,0.025658350974743116,0.09688711258507256,-1.0,0,0
11278840_15,20,1,11,10.198039027185569,0.34588240493427624,0.3017115592956543,0.5435640947416918,1.0398163795471191,0.10198039027185571,0.013570723797706241,0.38819660112501053,-1.0,0,0
11278840_15,21,1,14,11.704699910719626,0.19884601767574037,0.16716931760311127,1.0796774354791312,1.6133636236190796,0.11704699910719625,0.20282020334612882,0.14644660940672627,-1.0,0,0
11278840_15,22,1,14,11.704699910719626,0.38148684799671173,0.30292564630508423,0.43174235442048725,0.9927575588226318,0.11704699910719625,0.19693779649065907,0.125,-1.0,0,0
11278840_15,23,1,13,12.0,0.2452858411348783,0.13441377878189087,0.831282185987966,1.481221318244934,0.12,0.04014770421605296,0.18991316352697882,-1.0,0,0
11278840_15,24,1,11,14.142135623730951,0.21944224698977036,0.06617431342601776,1.872658700446232,1.6876118183135986,0.1414213562373095,1.0436255258953242,0.0,-1.0,0,0
11278840_15,25,1,20,14.317821063276353,0.21079934854060411,0.043556131422519684,1.3754763163163908,1.8580338954925537,0.1431782106327635,0.2278176007843476,0.14644660940672627,-1.0,0,0
11278840_15,26,1,16,14.317821063276353,0.37785322964191437,0.33765679597854614,0.3275640287128001,0.9766479730606079,0.1431782106327635,0.0804158412693936,0.12732200375003502,-1.0,0,0
11278840_15,27,0,21,14.422205101855956,0.1978471399772735,0.04241982847452164,1.8692604799964379,1.7533262968063354,0.1442220510185596,0.9717121321715425,0.0,-1.0,0,0
11278840_15,28,1,19,14.866068747318506,0.5035561574132819,0.26198625564575195,0.7880154984677827,0.7237616181373596,0.14866068747318506,0.9155931928572381,0.0,-1.0,0,0
11278840_15,29,1,17,16.0,0.29411858495543985,0.18390442430973053,0.6534388317677717,1.279622197151184,0.16,0.030044400633425783,0.1837722339831621,-1.0,0,0
11278840_15,30,0,18,17.029386365926403,0.24024797230958939,0.09035861492156982,1.8528431203412574,1.4847241640090942,0.17029386365926402,1.0332352892978673,0.16458980337503157,-1.0,0,0
11278840_15,31,1,22,17.46424919657298,0.3763168914751573,0.3198604881763458,0.4337592589120791,1.012054204940796,0.17464249196572978,0.024412660118167784,0.22264990188738543,-1.0,0,0
11278840_15,32,1,23,18.384776310850235,0.2567693144083023,0.07466663420200348,1.7006126078886012,1.4955363273620605,0.18384776310850237,0.8962285174180383,0.125,-1.0,0,0
11278840_15,33,1,26,18.788294228055936,0.2331803088577894,0.08002561330795288,1.614350821310547,1.5620630979537964,0.18788294228055935,0.8644047810761912,0.0,-1.0,0,0
11278840_15,34,1,25,19.209372712298546,0.33327859759330747,0.2651579976081848,0.3054521417044789,1.111907958984375,0.19209372712298545,0.0014504555971184274,0.0,-1.0,0,0
11278840_15,35,1,26,19.924858845171276,0.2566756663414148,0.1945958286523819,0.6108187192961956,1.3685946464538574,0.19924858845171275,0.042975484390625485,0.0,-1.0,0,0
11278840_15,36,1,27,20.591260281974,0.21986278394858041,0.16371536254882812,0.8658919295463825,1.5075575113296509,0.20591260281974003,0.03590430982067677,0.11651750557631477,-1.0,0,0
11278840_15,37,0,27,21.633307652783937,0.24373095289424615,0.18858031928539276,0.6797663290561138,1.4485009908676147,0.21633307652783937,0.01493226166065964,0.0,-1.0,0,0
11278840_15,38,1,27,22.80350850198276,0.2130256568392118,0.12458061426877975,1.3179082241563838,1.5969517230987549,0.22803508501982758,0.3091491820546393,0.1837722339831621,-1.0,0,0
11278840_15,39,1,24,23.021728866442675,0.24099081195890903,0.20533543825149536,0.9963966244637268,1.51735520362854,0.23021728866442676,0.026174230283374733,0.22264990188738543,-1.0,0,0
11278840_15,40,1,27,23.40939982143925,0.21798345115449694,0.11223742365837097,0.8797957475755407,1.5881742238998413,0.2340939982143925,0.028932046252338472,0.028595479208968284,-1.0,0,0
11278840_15,41,1,27,23.40939982143925,0.29838503897190094,0.20140761137008667,0.4573949184362269,1.1883635520935059,0.2340939982143925,0.034937368128328594,0.0,-1.0,0,0
11278840_15,42,1,27,24.08318915758459,0.29808058230965223,0.2512037754058838,0.6328916923997181,1.2067514657974243,0.24083189157584592,0.0015361010432858868,0.18377223398316206,-1.0,0,0
11278840_15,43,1,25,25.298221281347036,0.1731712156534195,0.027088962495326996,1.5009317794551507,2.1217551231384277,0.2529822128134704,0.02147915102430009,0.10471529247895256,-1.0,0,0
11278840_15,44,1,30,25.96150997149434,0.32072827120622,0.20874911546707153,0.8124534653817377,1.2097645998001099,0.2596150997149434,0.0011876488751034753,0.34188611699158106,-1.0,0,0
11278840_15,45,1,32,26.248809496813376,0.3375007240101695,0.29752832651138306,0.6674799239619369,1.0767443180084229,0.26248809496813374,0.005024206282017107,0.32322330470336313,-1.0,0,0
11278840_15,46,1,28,27.073972741361768,0.5206383711525372,0.26215818524360657,0.5215082581022483,0.7551776170730591,0.2707397274136177,0.49559091361557156,0.0,-1.0,0,0
11278840_15,47,1,30,27.892651361962706,0.3314368764559428,0.25611674785614014,0.640248403299277,1.1863991022109985,0.27892651361962706,0.02847617806192515,0.14644660940672627,-1.0,0,0
11278840_15,48,1,35,31.064449134018133,0.2342203029564449,0.17998981475830078,0.8626268679765932,1.4765876531600952,0.31064449134018135,0.02260831897627441,0.05278640450004208,-1.0,0,0
11278840_15,49,1,31,32.55764119219941,0.3010772697387203,0.2512037754058838,1.7211183295576689,1.2111128568649292,0.3255764119219941,1.0006568267875833,0.18377223398316206,-1.0,0,0
11278840_15,50,1,37,37.64306044943742,0.2549009153971801,0.08092714846134186,1.337980871939254,1.5696930885314941,0.3764306044943742,0.14185717891338556,0.25,-1.0,0,0
11278840_15,51,1,49,48.38388161361178,0.2255989871158892,0.11945236474275589,1.1409521791068507,1.494544506072998,0.4838388161361178,0.016122247491008546,0.14644660940672624,-1.0,0,0
11728825_15,0,0,5,3.1622776601683795,0.40204604268074035,0.37883827090263367,0.09193191242518872,0.9138625264167786,0.0316227766016838,0.14644660940672632,0.0,-1.0,0,0
11728825_15,1,0,6,4.123105625617661,0.2792336543401082,0.2635849118232727,0.5391667333347718,1.2928071022033691,0.0412310562561766,0.20512857487522618,0.0,-1.0,0,0
11728825_15,2,1,10,6.708203932499369,0.21550001353025436,0.12168547511100769,0.923259437993377,1.7111445665359497,0.0670820393249937,0.1450328321324334,0.0,-1.0,1,1
11728825_15,3,0,9,7.0710678118654755,0.2093106508255005,0.17948460578918457,0.6415047885807048,1.56131112575531,0.07071067811865475,0.009482984706739861,0.0,-1.0,0,0
11728825_15,4,1,11,9.055385138137417,0.2976431196386164,0.23835796117782593,0.4089132022862825,1.2692809104919434,0.09055385138137417,0.04907844041296483,0.0,-1.0,1,1
11728825_15,5,1,12,9.219544457292887,0.3513096248110135,0.3303202986717224,0.295820662592714,1.0642836093902588,0.09219544457292889,0.01201960487949122,0.12732200375003502,-1.0,0,0
11728825_15,6,0,11,10.0,0.31161459196697583,0.29096707701683044,0.30420533436694086,1.1684436798095703,0.1,0.035761654557370404,0.0,-1.0,0,0
11728825_15,7,0,15,12.165525060596439,0.3720339238643646,0.2832588851451874,0.8085903868162279,0.9924758076667786,0.12165525060596437,0.41806612629346396,0.276393202250021,-1.0,0,0
11728825_15,8,1,13,12.649110640673518,0.2763511813603915,0.26122182607650757,0.586832410860125,1.3049722909927368,0.1264911064067352,0.008922404053926913,0.14644660940672627,-1.0,0,0
11728825_15,9,1,14,13.0,0.23382643503802164,0.16155734658241272,0.8013902473449706,1.4713902473449707,0.13,0.0,0.2,-1.0,0,0
11728825_15,10,1,21,16.15549442140351,0.31569358990305946,0.28233230113983154,0.5312774500553687,1.1665070056915283,0.16155494421403513,0.03654883348313853,0.16666666666666666,-1.0,0,0
11728825_15,11,0,20,16.76305461424021,0.25380555987358094,0.220921590924263,0.7473740122647774,1.3659753799438477,0.1676305461424021,0.02999585219536549,0.1837722339831621,-1.0,0,0
11728825_15,12,0,30,29.068883707497267,0.19335117662946383,0.02252303808927536,1.3046695141105764,1.821303129196167,0.2906888370749726,0.026010881172770395,0.16666666666666666,-1.0,0,0
11728825_15,13,1,31,31.622776601683793,0.21985680633975613,0.19171646237373352,1.12136074027012,1.530855655670166,0.31622776601683794,0.00997957897863161,0.26429773960448416,-1.0,0,0
11728825_15,14,0,45,44.0,0.18511870503425598,0.06472741812467575,1.7415142244395794,1.8148096799850464,0.44,0.433918139954491,0.05278640450004206,-1.0,0,0
12328750_15,0,0,5,3.1622776601683795,0.30120919942855834,0.2790711522102356,1.3772114223271892,1.1891006231307983,0.0316227766016838,1.156488022594707,0.0,-1.0,0,0
12328750_15,1,0,8,5.0,0.42085203528404236,0.36857324838638306,0.14058432169630342,0.8619888424873352,0.05,0.19999999999999996,0.028595479208968284,-1.0,0,0
12328750_15,2,0,8,5.0,0.4182503968477249,0.3419169783592224,0.8875277452329753,0.8991732597351074,0.05,0.9383544854978679,0.0,-1.0,0,0
12328750_15,3,0,10,6.4031242374328485,0.2547657072544098,0.208836168050766,0.48791103388430446,1.3725155591964722,0.06403124237432849,0.015602577756133496,0.03576165455737032,-1.0,0,0
12328750_15,4,1,10,7.280109889280518,0.31095178723335265,0.2758743166923523,0.4775492566673638,1.1676691770553589,0.07280109889280519,0.10975697696916464,0.12732200375003502,-1.0,1,1
12328750_15,5,1,11,7.615773105863909,0.21220521222461353,0.18990269303321838,0.7824526210380192,1.537750482559204,0.07615773105863909,0.08085496998194219,0.08768943743823394,-1.0,0,0
12328750_15,6,0,14,9.219544457292887,0.24781939068010875,0.1888381391763687,0.608969101466696,1.4859212636947632,0.09219544457292887,0.03085239319900379,0.0,-1.0,0,0
12328750_15,7,1,11,9.486832980505138,0.18906293944879013,0.14630424976348877,0.8772442709682868,1.6528459787368774,0.09486832980505139,0.10093448321738979,0.028595479208968284,-1.0,1,1
12328750_15,8,0,13,11.045361017187261,0.37695496815901536,0.32901662588119507,0.6000821571485866,1.0203477144241333,0.11045361017187261,0.2793676690256016,0.18991316352697882,-1.0,0,0
12328750_15,9,0,14,12.041594578792296,0.19144719200474875,0.155531644821167,1.1153955052171596,1.6457529067993164,0.12041594578792295,0.015893319296586605,0.3333333333333333,-1.0,0,0
12328750_15,10,0,15,12.083045973594572,0.2274863004684448,0.1946946233510971,0.7910253135126779,1.4861787557601929,0.12083045973594571,0.027013268301556925,0.1570028297149823,-1.0,0,0
12328750_15,11,1,13,12.649110640673518,0.3420845614029811,0.2531667947769165,0.2783345562515309,1.1303642988204956,0.1264911064067352,0.021479151024300203,0.0,-1.0,0,0
12328750_15,12,0,18,13.45362404707371,0.21605886187818316,0.12610553205013275,0.7740817973047771,1.5298105478286743,0.13453624047073712,0.08113952979639738,0.028595479208968284,-1.0,0,0
12328750_15,13,0,16,14.035668847618199,0.3723365571349859,0.3235304653644562,0.281188264208843,0.9883813261985779,0.14035668847618202,0.07671431824601183,0.07573593128807152,-1.0,0,0
12328750_15,14,1,20,14.317821063276353,0.3067305747419596,0.10761667042970657,0.6421618770314117,1.3456329107284546,0.1431782106327635,0.02835075567019374,0.125,-1.0,0,0
12328750_15,15,1,26,20.615528128088304,0.23018207744910166,0.18355035781860352,0.8413957342703984,1.468451738357544,0.20615528128088303,0.00012204796530457251,0.16666666666666666,-1.0,0,0
12328750_15,16,1,28,21.93171219946131,0.23800007307103702,0.12908399105072021,0.7196876509666947,1.318208932876587,0.2193171219946131,0.07744630361654231,0.10471529247895259,-1.0,0,0
12328750_15,17,1,43,38.2099463490856,0.325441024677698,0.1997353881597519,0.6821639125881627,1.0839711427688599,0.382099463490856,0.049426639661780014,0.16666666666666666,-1.0,0,0
15928855_15,0,1,36,33.37663853655727,0.7987716148296992,0.21279746294021606,0.8527545544049049,0.3387161195278168,0.33376638536557274,1.051662725865619,0.12860932364589625,-1.0,2,1
16078870_15,0,1,10,6.4031242374328485,0.382546478509903,0.34389567375183105,1.0267026044976033,0.9547109603881836,0.06403124237432849,1.0079604017350912,0.0,-1.0,0,0
16078870_15,1,0,16,14.317821063276353,0.1659148633480072,0.1221921443939209,1.0145544766849897,1.8517736196517944,0.1431782106327635,0.019602646400431634,0.0,-1.0,0,0
17878735_15,0,1,4,2.23606797749979,0.36395735293626785,0.3541947603225708,1.0910682717040325,0.9937770366668701,0.022360679774997897,1.0749305552621644,0.0,-1.0,0,0
17878735_15,1,0,4,4.242640687119285,0.32131143659353256,0.2920742630958557,0.6476421130565975,1.1407777070999146,0.042426406871192854,0.411651594585448,0.05278640450004206,-1.0,0,0
17878735_15,2,0,8,5.0,0.27342114225029945,0.2459804117679596,1.3475650284708354,1.3006048202514648,0.05,0.9969602082193705,0.0,-1.0,0,0
17878735_15,3,0,9,5.830951894845301,0.1751348078250885,0.1520664095878601,0.8896219700607937,1.7139778137207031,0.058309518948453,0.11733463739163758,0.0,-1.0,0,0
17878735_15,4,1,10,7.280109889280518,0.29543737769126893,0.27605968713760376,0.5346648316511158,1.2216622829437256,0.07280109889280519,0.019709947002058803,0.22049150281252627,-1.0,0,0
17878735_15,5,0,15,10.295630140987,0.1877749760945638,0.1307162642478943,0.8915171961184576,1.7018516063690186,0.10295630140987001,0.08670928833956904,0.0,-1.0,0,0
17878735_15,6,1,14,11.180339887498949,0.41614240195069996,0.28394779562950134,0.0813122395093302,0.9544519186019897,0.11180339887498947,0.015056922032350817,0.0,-1.0,0,0
17878735_15,7,0,15,11.40175425099138,0.2510600527127584,0.1934540569782257,0.5190129934406147,1.3972731828689575,0.11401754250991379,0.007722268061743587,0.0,-1.0,0,0
17878735_15,8,0,31,27.85677655436824,0.3301015034798653,0.2715541124343872,0.4651358592265882,1.1163185834884644,0.2785677655436824,0.017463105694399184,0.05278640450004208,-1.0,0,0
17878780_15,0,0,3,2.8284271247461903,0.22531643509864807,0.18495410680770874,1.5512371653714032,1.4050359725952148,0.0282842712474619,1.0132016290497738,0.10471529247895259,-1.0,0,0
17878885_15,0,1,4,2.23606797749979,0.3631100207567215,0.3476196229457855,1.0240805700637718,0.9869810938835144,0.022360679774997897,1.0147387964052592,0.0,-1.0,0,0
17878885_15,1,1,3,2.8284271247461903,0.27233590682347614,0.256111204624176,1.3971637173145406,1.2763121128082275,0.0282842712474619,1.0925673332588512,0.0,-1.0,0,0
17878885_15,2,1,4,3.0,0.3672706037759781,0.34747976064682007,1.2815932792457705,1.0088411569595337,0.03,1.2427521222862368,0.0,-1.0,0,0
17878885_15,3,1,6,3.605551275463989,0.3230925500392914,0.2918912172317505,1.9720168627389878,1.0862690210342407,0.0360555127546399,1.8496923289501073,0.0,-1.0,1,1
17878885_15,4,1,7,6.324555320336759,0.24521448356764658,0.23417215049266815,0.4735677353858265,1.4060921669006348,0.0632455532033676,0.004230015281824151,0.0,-1.0,0,0
17878885_15,5,1,11,7.810249675906654,0.20828321305188266,0.17285260558128357,0.7140266058797489,1.5940359830856323,0.07810249675906655,0.013292646826081722,0.028595479208968284,-1.0,0,0
17878885_15,6,0,11,8.246211251235321,0.27068233354525134,0.12173296511173248,1.372477741530822,1.449631690979004,0.0824621125123532,0.840383938039465,0.0,-1.0,0,0
17878885_15,7,0,11,8.246211251235321,0.34839907830411737,0.3156006932258606,1.0321893332304746,1.1014235019683838,0.0824621125123532,0.6583905552227587,0.18991316352697882,-1.0,0,0
17878885_15,8,0,13,9.433981132056603,0.2917937750999744,0.24200236797332764,0.4126926788986247,1.237168788909912,0.09433981132056603,0.052588599459178376,0.028595479208968284,-1.0,0,0
17878885_15,9,0,12,10.04987562112089,0.242518433680137,0.11494344472885132,0.9462283844556962,1.7140209674835205,0.1004987562112089,0.04401922332273284,0.08768943743823394,-1.0,0,0
17878885_15,10,0,11,10.198039027185569,0.30253674496303906,0.2784556448459625,0.4082845423595778,1.2696242332458496,0.10198039027185571,0.03667991884187255,0.0,-1.0,0,0
17878885_15,11,1,11,10.198039027185569,0.3623409298333255,0.31820306181907654,0.26934677840520393,1.0490803718566895,0.10198039027185571,0.013570723797706241,0.10471529247895259,-1.0,0,0
17878885_15,12,1,14,10.44030650891055,0.3887184624161039,0.29804617166519165,0.21448775446330548,0.9328066110610962,0.1044030650891055,0.030831468906377668,0.1464466094067262,-1.0,0,0
17878885_15,13,1,14,10.63014581273465,0.2757036824311529,0.2199510931968689,0.6191310904101277,1.2834630012512207,0.1063014581273465,0.012209343506179582,0.21715728752538097,-1.0,0,0
17878885_15,14,1,18,13.038404810405298,0.23842393772469628,0.15584847331047058,0.6098758455793258,1.417007327079773,0.130384048104053,0.03388899118653155,0.028595479208968284,-1.0,0,0
17878885_15,15,1,17,13.92838827718412,0.32638410435003395,0.25528913736343384,0.6388832708506815,1.1350053548812866,0.1392838827718412,0.2888581019094822,0.07573593128807152,-1.0,0,0
17878885_15,16,0,20,14.866068747318506,0.2395550437271595,0.18366698920726776,1.0363947470913715,1.418762445449829,0.14866068747318503,0.3225250047616314,0.1464466094067262,-1.0,0,0
17878885_15,17,0,20,17.46424919657298,0.17155694896355272,0.01650657318532467,1.9236239956091037,2.480459213256836,0.17464249196572978,0.12207568097981203,0.1464466094067262,-1.0,0,0
17878885_15,18,1,22,19.235384061671343,0.6142904975197532,0.19188131392002106,0.18486350462899437,0.5692594647407532,0.19235384061671346,0.4232501992715277,0.0,-1.0,9,1
17878885_15,19,1,26,19.924858845171276,0.2650521391859421,0.1607394516468048,1.013452811602527,1.472913146018982,0.19924858845171275,0.026986415308884126,0.31430466182294814,-1.0,0,0
17878885_15,20,0,21,20.0,0.22492154297374545,0.11415372788906097,0.807096564680784,1.587677240371704,0.2,0.019419324309079777,0.0,-1.0,0,0
17878885_15,21,0,23,20.09975124224178,0.1392949780692225,0.077546626329422,1.3473369210502026,1.883540391921997,0.2009975124224178,0.07902678272262564,0.1837722339831621,-1.0,0,0
17878885_15,22,1,26,21.02379604162864,0.5898570074484899,0.284149169921875,-0.19132149354689432,0.5669102072715759,0.2102379604162864,0.03153033876524336,0.0,-1.0,9,1
17878885_15,23,0,26,21.37755832643195,0.3037693493354779,0.017692342400550842,1.993000560392518,1.8206323385238647,0.21377558326431953,0.9585926386043337,0.0,-1.0,0,0
17878885_15,24,1,30,23.769728648009426,0.2054737354318301,0.08821627497673035,1.4047946109077452,1.8006116151809692,0.23769728648009425,0.005160758302989121,0.3613249509436927,-1.0,0,0
17878885_15,25,1,28,25.0,0.2319610235946519,0.12410435080528259,1.1498484266679139,1.5074118375778198,0.25,0.28466885936646236,0.1077677297236319,-1.0,1,1
17878885_15,26,0,32,26.627053911388696,0.4006357602775097,0.29799506068229675,0.7020452618200737,0.9543866515159607,0.26627053911388693,0.10265588370839274,0.3787321874818335,-1.0,0,0
17878885_15,27,0,31,27.459060435491963,0.24046630268135377,0.10107347369194031,1.163761843293734,1.4194132089614868,0.2745906043549196,0.3030913633106612,0.16666666666666666,-1.0,0,0
17878885_15,28,1,32,29.068883707497267,0.23692568857222795,0.15454287827014923,1.1629757587182925,1.561556339263916,0.2906888370749727,0.08808068049201828,0.22264990188738543,-1.0,0,0
17878885_15,29,0,51,37.57658845611187,0.2949373453271155,0.15485985577106476,0.9631052397746009,1.2831915616989136,0.3757658845611187,0.11423462998758982,0.18991316352697882,-1.0,0,0
17878885_15,30,1,41,39.05124837953327,0.21644914331959514,0.11511518806219101,1.2098925276437722,1.587725043296814,0.39051248379533277,0.08520839114489914,0.1464466094067262,-1.0,0,0
18028750_15,0,0,21,19.026297590440446,0.35965935247285025,0.3057800531387329,0.5053043065796476,1.06475031375885,0.19026297590440447,0.12296901316635783,0.12732200375003502,-1.0,0,0
18178780_15,0,1,4,2.23606797749979,0.2711622044444084,0.2525140047073364,1.3199901360454929,1.2884657382965088,0.022360679774997897,1.0091637179739859,0.0,-1.0,0,0
18178780_15,1,1,6,4.123105625617661,0.26693134506543476,0.251629501581192,0.5531604258074752,1.3361748456954956,0.0412310562561766,0.16166718175957812,0.014087342096224913,-1.0,0,0
18178780_15,2,0,10,7.615773105863909,0.1857868641614914,0.1673685908317566,0.7665346262283217,1.6885011196136475,0.07615773105863909,0.0018757755560352973,0.0,-1.0,0,0
18178780_15,3,1,12,8.602325267042627,0.24022904286781946,0.20864573121070862,0.783575311196526,1.4009943008422852,0.08602325267042626,0.020164555433793585,0.276393202250021,-1.0,0,0
18178780_15,4,0,11,10.0,0.3870094066316431,0.33579909801483154,0.15963301577870448,0.9526178240776062,0.1,0.10701519170109813,0.0,-1.0,0,0
18328735_15,0,0,12,8.54400374531753,0.3679978127280871,0.31346988677978516,0.2892833064156817,1.0085947513580322,0.0854400374531753,0.16959016662973092,0.02565835097474313,-1.0,0,0
18328735_15,1,1,10,9.055385138137417,0.3834497302770615,0.3270082473754883,0.10396468587998564,0.9733973741531372,0.09055385138137417,0.02592611824924934,0.014087342096224913,-1.0,0,0
18328735_15,2,0,15,10.295630140987,0.29101547300815583,0.21170289814472198,0.33677130555677826,1.1619142293930054,0.10295630140987001,0.019114370253860813,0.05278640450004206,-1.0,0,0
18328735_15,3,0,28,24.515301344262525,0.34051382328782764,0.25546637177467346,0.6463503749026533,1.1345089673995972,0.24515301344262524,0.016688394060431044,0.25,-1.0,0,0
18328735_15,4,0,33,25.612496949731394,0.17018869519233704,0.048892077058553696,1.67574780786719,1.952698826789856,0.25612496949731395,0.3419240115800203,0.125,-1.0,0,0
18328735_15,5,0,28,27.018512172212592,0.1882712399320943,0.09970930218696594,1.762378586791538,1.8782633543014526,0.27018512172212594,0.5853346315589912,0.028595479208968284,-1.0,0,0
18328780_15,0,0,18,13.92838827718412,0.2774209934804175,0.16331806778907776,0.5010125262538214,1.2022764682769775,0.1392838827718412,0.013005565798276386,0.14644660940672627,-1.0,0,0
18328780_15,1,1,30,27.892651361962706,0.2662781797349453,0.04783576726913452,1.1938305201358999,1.57728111743927,0.27892651361962706,0.03762288907700284,0.3,-1.0,0,0
18328960_15,0,0,5,4.0,0.31761556267738345,0.2735866904258728,1.3341162252723824,1.1129930019378662,0.04,1.1811232233345161,0.0,-1.0,0,0
18328960_15,1,1,6,5.0990195135927845,0.26816130181153613,0.2383033037185669,0.45393038731925084,1.3179199695587158,0.050990195135927854,0.08502022262460701,0.0,-1.0,0,0
18478735_15,0,1,4,2.23606797749979,0.37741298228502274,0.35420849919319153,0.9941822426750218,0.9683030843734741,0.022360679774997897,1.0035184785265499,0.0,-1.0,0,0
18478735_15,1,0,6,3.605551275463989,0.3448066959778468,0.2845844030380249,1.0795651440565965,1.0460375547409058,0.0360555127546399,0.997472076561051,0.0,-1.0,0,0
18478735_15,2,0,5,4.0,0.35864860415458677,0.3325449824333191,0.32793909878017247,1.0115458965301514,0.04,0.27639320225002106,0.0,-1.0,0,0
18478735_15,3,0,7,4.47213595499958,0.39950630494526457,0.3539851903915405,-0.07051112253296765,0.8797422647476196,0.044721359549995794,0.005025253169416932,0.0,-1.0,0,0
18478735_15,4,0,7,6.0,0.3314836961882455,0.2969953417778015,0.3098002712062482,1.1189169883728027,0.06,0.1308832828334454,0.0,-1.0,0,0
18478735_15,5,0,8,6.082762530298219,0.3190728574991226,0.26982128620147705,0.28347268198044406,1.173883318901062,0.060827625302982184,0.020166258567431594,0.028595479208968284,-1.0,0,0
18478735_15,6,0,10,6.4031242374328485,0.3499297112226486,0.30563271045684814,0.29375636352666645,1.035413146018982,0.06403124237432849,0.06698997138332086,0.12732200375003502,-1.0,0,0
18478735_15,7,0,10,8.06225774829855,0.3276302099227905,0.30659085512161255,0.3514925148351504,1.1348271369934082,0.08062257748298549,0.011042800358756932,0.125,-1.0,0,0
18478735_15,8,1,14,10.295630140987,0.4035667819636209,0.3580104410648346,0.1345141124302367,0.9387415051460266,0.10295630140987001,0.008841453043261893,0.08397485283107814,-1.0,0,0
18478735_15,9,0,31,27.313000567495326,0.2648462023465864,0.1753230094909668,0.8311892900302302,1.3808884620666504,0.27313000567495327,0.04984881853859152,0.12732200375003502,-1.0,0,0
18478735_15,10,1,32,28.178005607210743,0.3536463510245085,0.2882987856864929,1.3176141372205619,1.033382534980774,0.28178005607210743,0.8560049367609548,0.14644660940672624,-1.0,0,0
18478735_15,11,1,50,48.30113870293329,0.25529594010643,9.999999974752427e-07,1.5416225927229346,1.9881309270858765,0.4830113870293329,0.009009288261240145,0.061470990346485344,-1.0,0,0
18478900_15,0,1,4,3.1622776601683795,0.3550977110862732,0.3536722660064697,1.4063363855465036,1.0398842096328735,0.0316227766016838,1.334829399311946,0.0,-1.0,0,0
18478900_15,1,1,5,5.656854249492381,0.42843111157417296,0.40464380383491516,0.0010099310212909884,0.8492547273635864,0.0565685424949238,0.09518666116278063,0.0,-1.0,0,0
18478900_15,2,0,8,5.830951894845301,0.39687617495656013,0.33639129996299744,1.1113685177869694,0.9453126788139343,0.058309518948453,1.0030310275456291,0.10471529247895259,-1.0,0,0
18478900_15,3,1,6,7.0710678118654755,0.2573407292366028,0.22087475657463074,1.6973948726233536,1.45457923412323,0.07071067811865475,1.146446609406726,0.025658350974743165,-1.0,0,0
18478900_15,4,0,12,8.06225774829855,0.31609011938174564,0.27728813886642456,0.37081013884239855,1.1727886199951172,0.08062257748298549,0.06461253686425394,0.05278640450004208,-1.0,0,0
18478900_15,5,0,12,8.06225774829855,0.3159099519252777,0.25470292568206787,0.38695749663114953,1.1407078504562378,0.08062257748298549,0.019180459285200124,0.1464466094067262,-1.0,0,0
18478900_15,6,1,12,8.54400374531753,0.2977939397096634,0.2574976086616516,1.2162230048054838,1.245272159576416,0.0854400374531753,0.856915328566924,0.028595479208968284,-1.0,0,0
18478900_15,7,0,20,16.278820596099706,0.1180500105023384,0.04064314812421799,1.8044380520286758,2.1344213485717773,0.16278820596099705,0.48157014652115826,0.025658350974743165,-1.0,0,0
18478900_15,8,1,20,18.027756377319946,0.25962979570031164,0.19940392673015594,0.8197494998153365,1.4001483917236328,0.18027756377319945,0.01667364243111885,0.22264990188738543,-1.0,0,0
18478900_15,9,1,23,18.867962264113206,0.3652571983959364,0.29193952679634094,0.5219439063506928,0.9819428324699402,0.18867962264113206,0.009435334248039495,0.34188611699158106,-1.0,0,0
18478900_15,10,1,32,24.758836806279895,0.253507262095809,0.1775435209274292,0.7792731479001003,1.4013506174087524,0.24758836806279894,0.025618869949596612,0.10471529247895259,-1.0,0,0
18478900_15,11,1,43,42.04759208325728,0.1745528024296428,0.031328827142715454,1.8401056974269956,1.8640685081481934,0.4204759208325728,0.2912635288417452,0.26429773960448416,-1.0,0,0
18478930_15,0,0,7,6.324555320336759,0.4470256396702358,0.4171590507030487,0.0943057996248089,0.8298128247261047,0.0632455532033676,0.034580755028669974,0.16666666666666666,-1.0,0,0
18478930_15,1,0,11,7.615773105863909,0.36378260363232007,0.3218105137348175,0.08082096907062009,1.0026843547821045,0.07615773105863909,0.001978883229876549,0.0,-1.0,0,0
18478930_15,2,0,12,10.04987562112089,0.4428129221002261,0.40124067664146423,0.1929667738406926,0.8390396237373352,0.1004987562112089,0.0221703188354333,0.23125807505671503,-1.0,0,0
18478930_15,3,0,13,12.0,0.2382422685623169,0.07493363320827484,0.8359667133395363,1.6965473890304565,0.12,0.019419324309079777,0.0,-1.0,0,0
18478930_15,4,0,21,19.026297590440446,0.1957441767056783,0.043747637420892715,1.8097421605051869,2.144979476928711,0.19026297590440447,0.34949970767207117,0.125,-1.0,0,0
18478930_15,5,0,33,28.178005607210743,0.1931403283820008,0.0944337397813797,1.1033648919309424,1.660471796989441,0.28178005607210743,0.05639774639044176,0.10471529247895256,-1.0,0,0
18478930_15,6,0,35,34.0,0.15440971712980953,0.04022253677248955,1.7758432737012995,2.038127899169922,0.34,0.14771537453137784,0.25,-1.0,0,0
20278885_15,0,0,4,2.23606797749979,0.36384573578834534,0.3377806544303894,1.6828018118518453,1.012182354927063,0.022360679774997897,1.5435434846708316,0.10471529247895259,-1.0,0,0
20278885_15,1,0,6,4.123105625617661,0.3150116155544917,0.2838258743286133,1.2388342819641842,1.1976032257080078,0.0412310562561766,1.0,0.0,-1.0,0,0
20278885_15,2,0,8,6.082762530298219,0.27814532816410065,0.25612252950668335,0.37122686312867126,1.2918213605880737,0.060827625302982184,0.01857787723761528,0.0,-1.0,0,0
20278885_15,3,0,7,6.324555320336759,0.3309936693736485,0.29675740003585815,1.1980419193373288,1.0891753435134888,0.0632455532033676,0.822971120733087,0.22264990188738543,-1.0,0,0
20278885_15,4,0,6,7.0710678118654755,0.4238104621569316,0.3874353766441345,0.3054560231577639,0.8806905150413513,0.07071067811865475,0.15405482999775788,0.2,-1.0,0,0
20278885_15,5,0,10,7.280109889280518,0.290087628364563,0.25631195306777954,0.458216237221827,1.2374681234359741,0.07280109889280519,0.04017928516941588,0.1077677297236319,-1.0,0,0
20278885_15,6,1,15,12.165525060596439,0.31341823041439054,0.21854612231254578,0.46415253903280007,1.1942548751831055,0.12165525060596437,0.06490907991039702,0.08333333333333333,-1.0,0,0
20278885_15,7,0,22,16.401219466856727,0.2424284734509208,0.18476003408432007,0.5854371115829107,1.419427514076233,0.16401219466856723,0.0019974028381104514,0.0,-1.0,0,0
20278885_15,8,0,26,22.847319317591726,0.23875156446145132,0.11814914643764496,1.0431252126695232,1.5295459032058716,0.22847319317591727,0.12810328657275233,0.1570028297149823,-1.0,1,1
20278885_15,9,0,33,28.653097563788805,0.175588984606844,0.029635459184646606,1.6275042460847842,2.0364372730255127,0.2865309756378881,0.17721399367134855,0.12732200375003502,-1.0,0,0
20278885_15,10,0,47,46.17358552246078,0.23544091652048396,0.10338594019412994,1.4609288670358729,1.5878875255584717,0.4617358552246078,0.2236530100300056,0.18765247622278786,-1.0,0,0
20728960_15,0,0,4,2.23606797749979,0.38230884820222855,0.35829904675483704,1.0422675364971692,0.9213860034942627,0.022360679774997897,1.0985208532279087,0.0,-1.0,0,0
20728960_15,1,1,3,2.8284271247461903,0.35740525523821515,0.3267398774623871,0.8101563324452368,1.005478858947754,0.0282842712474619,0.7763932022500211,0.0,-1.0,0,0
20728960_15,2,1,10,6.4031242374328485,0.2591020092368126,0.21552221477031708,0.4623433221410187,1.3209331035614014,0.06403124237432849,0.07737897620528872,0.0,-1.0,0,0
20728960_15,3,1,7,8.48528137423857,0.35777286120823454,0.32479700446128845,0.13827548330132022,1.010096549987793,0.08485281374238571,0.04332611957114163,0.0,-1.0,0,0
20728960_15,4,1,13,9.433981132056603,0.22289551450656012,0.20101964473724365,0.7127629906173281,1.4879964590072632,0.09433981132056603,0.022658990565866954,0.1077677297236319,-1.0,0,0
20728960_15,5,1,11,10.198039027185569,0.1758801747452129,0.09710964560508728,1.2473247457984757,1.9671838283538818,0.10198039027185571,0.013570723797706241,0.16458980337503157,-1.0,0,0
20728960_15,6,0,11,10.198039027185569,0.4217531518502669,0.3847935199737549,0.12338160831189837,0.8843695521354675,0.10198039027185571,0.009709662154540055,0.12732200375003502,-1.0,0,0
20728960_15,7,1,16,12.206555615733702,0.2239690124988556,0.18495723605155945,0.6632261917936693,1.4819518327713013,0.12206555615733702,0.006422398364988924,0.05278640450004208,-1.0,0,0
20728960_15,8,0,17,13.341664064126334,0.40250471409629374,0.3346661925315857,0.4779726721006716,0.9441813826560974,0.13341664064126335,0.40037464880331086,0.0,-1.0,0,0
20728960_15,9,1,22,21.02379604162864,0.5607688960365274,0.024757809937000275,1.4609034735465611,1.0830343961715698,0.21023796041628637,1.1676311169587048,0.0,-1.0,7,1
20728960_15,10,1,47,47.50789408087881,0.37460314763828795,0.011092454195022583,1.8798634700327437,1.5898239612579346,0.47507894080878815,0.5506628283615367,0.26429773960448416,-1.0,0,0
20878930_15,0,1,4,3.1622776601683795,0.19420979917049408,0.17518311738967896,0.9685735666898978,1.6691327095031738,0.0316227766016838,0.26781808058504014,0.0,-1.0,3,1
20878930_15,1,0,6,4.123105625617661,0.3256184260050456,0.3024749755859375,1.400956056135123,1.118445634841919,0.0412310562561766,1.2412793650370275,0.0,-1.0,0,0
20878930_15,2,0,7,6.0,0.3899466523102352,0.32789909839630127,0.5388763441068289,0.9319679141044617,0.06,0.5469084300023672,0.0,-1.0,0,0
20878930_15,3,0,7,6.0,0.16884027208600724,0.13777774572372437,0.8858126147193328,1.768640160560608,0.06,0.004386049658682667,0.05278640450004206,-1.0,0,0
20878930_15,4,1,7,6.324555320336759,0.32518042836870464,0.2818877398967743,1.35788833499808,1.0955055952072144,0.0632455532033676,1.1991371865874978,0.0,-1.0,0,0
20878930_15,5,0,10,8.06225774829855,0.36899733245372773,0.3280506730079651,0.2274439862805222,1.0117772817611694,0.08062257748298549,0.007722123286332261,0.12732200375003502,-1.0,0,0
20878930_15,6,0,14,9.848857801796104,0.4090597608259746,0.3176780045032501,0.11146431076477636,0.8855510354042053,0.09848857801796104,0.04344984451153189,0.08397485283107814,-1.0,0,0
20878930_15,7,0,14,10.44030650891055,0.3882867374590465,0.336551308631897,0.2545358181230477,0.9549602270126343,0.1044030650891055,0.005259362494329012,0.18991316352697882,-1.0,0,0
20878930_15,8,0,16,11.40175425099138,0.2595150275155902,0.1359918713569641,0.7867005748105671,1.3743294477462769,0.11401754250991379,0.2983535845543766,0.0,-1.0,0,0
20878930_15,9,0,14,11.40175425099138,0.4676352654184614,0.3865388035774231,0.06688453791696869,0.7574625015258789,0.11401754250991379,0.07040449388117592,0.125,-1.0,0,0
20878930_15,10,0,16,13.152946437965905,0.23610845021903515,0.15087370574474335,1.3459272376599816,1.4478741884231567,0.13152946437965904,0.49013038260714514,0.276393202250021,-1.0,0,0
20878930_15,11,0,20,17.11724276862369,0.23159060701727868,0.17941969633102417,0.9939542522872424,1.5511188507080078,0.1711724276862369,0.07166297389299758,0.2,-1.0,0,0
20878930_15,12,1,22,20.248456731316587,0.1799314408139749,0.1158386617898941,1.332882236382773,1.8609775304794312,0.20248456731316586,0.10275347192350964,0.16666666666666666,-1.0,0,0
20878930_15,13,0,21,20.396078054371138,0.222307189589455,0.1461593061685562,1.3634172446084718,1.543949842453003,0.20396078054371142,0.3655066216117576,0.25,-1.0,0,0
20878930_15,14,1,49,48.662100242385755,0.6871633004321127,0.036070916801691055,1.76112684959273,0.8883728981018066,0.4866210024238575,1.3110512418664646,0.0750817072006013,-1.0,0,0
21479035_15,0,0,3,2.8284271247461903,0.2127528190612793,0.19396522641181946,1.5622794290592017,1.5086793899536133,0.0282842712474619,1.0253157678581266,0.0,-1.0,0,0
21479035_15,1,1,4,3.0,0.39616505801677704,0.3648858368396759,0.9403913412838829,0.9185170531272888,0.03,0.991874288156594,0.0,-1.0,0,0
21479035_15,2,1,7,4.47213595499958,0.3008714956896646,0.28748804330825806,0.37838227916139644,1.2050548791885376,0.044721359549995794,0.12860604042286305,0.0,-1.0,1,1
21479035_15,3,1,7,4.47213595499958,0.3471800514629909,0.2800941467285156,0.12950357345143182,1.0493803024291992,0.044721359549995794,0.035401911472236924,0.0,-1.0,0,0
21479035_15,4,1,6,5.0990195135927845,0.3013080110152562,0.220187246799469,0.3431257639014218,1.253674030303955,0.050990195135927854,0.03846153846153877,0.0,-1.0,11,1
21479035_15,5,1,8,6.082762530298219,0.242096196860075,0.20279067754745483,0.6935604045790622,1.4814934730529785,0.060827625302982184,0.15123930622310144,0.0,-1.0,0,0
21479035_15,6,0,10,7.280109889280518,0.4141566872596741,0.3711785078048706,0.11298546962055034,0.8661078214645386,0.07280109889280519,0.09010169643212834,0.08397485283107817,-1.0,0,0
21479035_15,7,1,10,9.0,0.417627215385437,0.30036288499832153,0.22427641665838882,0.9617416858673096,0.09,0.17253473079107906,0.0,-1.0,0,0
21479035_15,8,1,21,17.26267650163207,0.29533480675447554,0.14172568917274475,0.7776488044119072,1.426140308380127,0.17262676501632068,0.07416643853650695,0.10471529247895259,-1.0,0,0
21479035_15,9,0,31,24.73863375370596,0.22364613870459218,0.12248968333005905,1.46761785054357,1.5177100896835327,0.24738633753705963,0.37929811861961465,0.32322330470336313,-1.0,0,0
21479035_15,10,0,25,25.298221281347036,0.20554113864898682,0.09594471752643585,1.3972203161678598,1.6327099800109863,0.2529822128134704,0.23513492109338213,0.27639320225002106,-1.0,0,0
21479035_15,11,0,26,27.294688127912362,0.26809079028092897,0.14329664409160614,0.9864544124675796,1.3747235536575317,0.2729468812791236,0.005450644197591059,0.3333333333333333,-1.0,0,0
21479035_15,12,0,32,29.068883707497267,0.2726792397443205,0.08969058841466904,1.6183081448660879,1.4100139141082764,0.2906888370749727,0.733833159699677,0.18377223398316206,-1.0,0,0
21779005_15,0,0,4,3.1622776601683795,0.33902236819267273,0.3209328055381775,1.2708437583022745,1.0571062564849854,0.0316227766016838,1.0773994327366525,0.10471529247895256,-1.0,0,0
21779005_15,1,0,7,4.47213595499958,0.37450656294822693,0.3202665150165558,1.7982934572208933,0.9697669744491577,0.044721359549995794,1.7838051232217396,0.0,-1.0,0,0
21779005_15,2,1,6,5.0,0.1171790212392807,0.07620474696159363,1.3200929974125986,2.179708957672119,0.05,0.09038403974047976,0.0,-1.0,0,0
21779005_15,3,0,6,5.0990195135927845,0.264232116440932,0.2036811113357544,0.4574205634572437,1.3084332942962646,0.050990195135927854,0.09799707402505115,0.0,-1.0,0,0
21779005_15,4,0,10,8.06225774829855,0.13729851245880126,0.09394621849060059,1.2205575090934482,2.015044689178467,0.08062257748298549,0.020174949953043364,0.1047152924789526,-1.0,0,0
21779005_15,5,1,10,8.06225774829855,0.33100891709327696,0.26856479048728943,0.2979952146511846,1.1349540948867798,0.08062257748298549,0.020947551934933972,0.061470990346485344,-1.0,0,0
21779005_15,6,0,11,8.246211251235321,0.26011758094484155,0.21049441397190094,0.6130291615064167,1.3166449069976807,0.0824621125123532,0.18532666278741455,0.028595479208968284,-1.0,0,0
21779005_15,7,0,12,8.602325267042627,0.29783082380890846,0.2348201721906662,0.7357631636170319,1.2344448566436768,0.08602325267042626,0.4152950543029287,0.0,-1.0,0,0
21779005_15,8,1,13,8.94427190999916,0.41718423137298,0.3512241244316101,-0.014994721069582218,0.8596327304840088,0.08944271909999159,0.035929829346417363,0.0,-1.0,0,0
21779005_15,9,1,11,10.0,0.31242044134573504,0.25305116176605225,0.3350463092049041,1.1736263036727905,0.1,0.06142000553211341,0.0,-1.0,0,0
21779005_15,10,0,13,12.649110640673518,0.21647805548631227,0.19925457239151,1.7664766028180932,1.587199091911316,0.1264911064067352,1.0,0.05278640450004208,-1.0,0,0
21779005_15,11,0,18,13.45362404707371,0.18803643104102877,0.07659201323986053,1.1501622732096148,1.7088923454284668,0.13453624047073712,0.1503258227785491,0.15640786453186162,-1.0,0,0
21779005_15,12,0,18,14.212670403551895,0.3340669779313935,0.22053734958171844,0.44137660804389456,1.043426275253296,0.14212670403551897,0.005823628755079746,0.25,-1.0,0,0
21779005_15,13,0,18,15.132745950421556,0.21136186520258585,0.1444419026374817,1.0032965540506087,1.5706127882003784,0.15132745950421556,0.031356306346014995,0.25,-1.0,0,0
21779005_15,14,1,24,17.029386365926403,0.24062971708675227,0.15991342067718506,0.7021930174432851,1.3707729578018188,0.17029386365926402,0.014679586575475856,0.14644660940672624,-1.0,0,0
21779005_15,15,0,23,17.204650534085253,0.1442902885053469,0.037969812750816345,1.8155165767067079,2.1136016845703125,0.17204650534085253,0.3652785834205112,0.1645898033750316,-1.0,0,0
21779005_15,16,0,20,18.027756377319946,0.14847928434610366,0.1030333936214447,1.5342243994405287,1.9614999294281006,0.18027756377319945,0.12814916663474413,0.26429773960448416,-1.0,0,0
21779005_15,17,1,22,18.384776310850235,0.1922042529014024,0.049878478050231934,1.584614173707215,2.0244948863983154,0.18384776310850237,0.05304821949703442,0.32322330470336313,-1.0,0,0
21779005_15,18,1,22,19.235384061671343,0.17400233379819177,0.1004641205072403,1.425017744015395,1.8894301652908325,0.19235384061671343,0.0013476211162679608,0.34188611699158106,-1.0,0,0
21779005_15,19,0,22,19.4164878389476,0.1872426921671087,0.04698958247900009,1.690527158400886,2.035856008529663,0.194164878389476,0.4077198669817046,0.05278640450004208,-1.0,0,0
21779005_15,20,1,30,23.769728648009426,0.2971103131771088,0.19018977880477905,0.6290874323491544,1.2414923906326294,0.23769728648009425,0.0034511458297045716,0.14644660940672627,-1.0,0,0
21779005_15,21,1,32,27.730849247724095,0.23839201219379902,0.07734731584787369,1.8624823156447468,1.486627221107483,0.27730849247724093,0.7753232973566598,0.32322330470336313,-1.0,0,0
21779005_15,22,1,29,28.460498941515414,0.1547358971217583,0.12142586708068848,1.379044816242895,1.9127517938613892,0.28460498941515416,0.03524142355962534,0.14644660940672627,-1.0,0,0
21779005_15,23,1,34,29.0,0.13746674490325592,0.05220532417297363,1.688463366940617,2.1135354042053223,0.29,0.13848135332856887,0.14644660940672627,-1.0,0,0
21779005_15,24,0,37,31.78049716414141,0.5138303657641282,0.195939838886261,1.1964297587955803,0.8726067543029785,0.317804971641414,1.0060180328511878,0.0,-1.0,0,0
21779005_15,25,1,37,32.69556544854363,0.24098505079746246,0.12044031918048859,1.201240954212731,1.6112446784973145,0.32695565448543634,0.01304062122998012,0.25,-1.0,0,0
21779005_15,26,1,35,33.52610922848042,0.25608898124524526,0.10854008048772812,0.8236228952655575,1.4100359678268433,0.3352610922848042,0.02553943065386799,0.05278640450004208,-1.0,0,0
21779005_15,27,1,35,34.92849839314596,0.3006150381905692,0.18179404735565186,0.8442379114264276,1.20407235622406,0.34928498393145957,0.026582831666423945,0.26429773960448416,-1.0,0,0
21779005_15,28,1,43,39.11521443121589,0.12775883217190587,0.06357996165752411,1.6789912608436866,2.161773920059204,0.3911521443121589,0.009547690896008931,0.11651750557631477,-1.0,0,0
22078975_15,0,1,4,2.23606797749979,0.4835594519972801,0.47701454162597656,1.6336896499497184,0.7169017791748047,0.022360679774997897,1.8944271909999157,0.0,-1.0,0,0
22078975_15,1,0,9,5.830951894845301,0.3686169485251109,0.28336048126220703,0.1315368522406306,0.9740738868713379,0.058309518948453,0.09915344642083956,0.0,-1.0,0,0
22078975_15,2,1,7,6.324555320336759,0.22547187975474767,0.1751776933670044,0.7327880499752533,1.5925674438476562,0.0632455532033676,0.05131670194948623,0.02565835097474313,-1.0,0,0
22078975_15,3,1,6,7.0710678118654755,0.27035210902492207,0.11930740624666214,1.928588857753486,1.3141791820526123,0.07071067811865475,1.5436989975822188,0.0,-1.0,0,0
22078975_15,4,1,12,8.602325267042627,0.3955287237962087,0.3734893500804901,0.18645189510178306,0.928865373134613,0.08602325267042626,0.014560439581761342,0.1570028297149823,-1.0,0,0
22078975_15,5,0,10,9.055385138137417,0.32050359398126604,0.24509145319461823,0.2824377107995666,1.1407418251037598,0.09055385138137417,0.022546555105464328,0.028595479208968284,-1.0,0,0
22078975_15,6,1,9,9.899494936611665,0.35457272993193734,0.28153640031814575,0.18583372541419219,0.9933351874351501,0.09899494936611665,0.005814151174691418,0.08768943743823394,-1.0,0,0
22078975_15,7,1,11,10.198039027185569,0.12782945687120612,0.10045164823532104,1.3335320795826044,2.0981926918029785,0.10198039027185571,0.008358997507770027,0.125,-1.0,0,0
22078975_15,8,0,13,12.649110640673518,0.2454291696731861,0.2143494337797165,0.8846518698399648,1.4373784065246582,0.1264911064067352,0.09813245502118612,0.22264990188738543,-1.0,0,0
22078975_15,9,0,18,13.892443989449804,0.21741973215507138,0.05887043848633766,1.832042726491892,1.8338253498077393,0.13892443989449807,0.8592929367896548,0.0,-1.0,0,0
22078975_15,10,0,17,13.92838827718412,0.21220102380303776,0.14273348450660706,0.8215525868394753,1.5790432691574097,0.1392838827718412,0.007529204941544243,0.09569622996868,-1.0,0,0
22078975_15,11,0,16,14.035668847618199,0.28858386166393757,0.20382483303546906,0.6523909981605989,1.2742278575897217,0.14035668847618202,0.23780645209469514,0.0,-1.0,0,0
22078975_15,12,1,19,14.212670403551895,0.3051650006520121,0.22123464941978455,0.6437413306836475,1.2262018918991089,0.14212670403551897,0.03802560046846465,0.23738713428055486,-1.0,0,0
22078975_15,13,1,19,15.231546211727817,0.3160193060573779,0.015646502375602722,1.377484366474591,1.8532978296279907,0.15231546211727817,0.2761748447606427,0.09569622996867999,-1.0,0,0
22078975_15,14,1,23,16.55294535724685,0.23119737790978473,0.19218376278877258,0.698483292743205,1.4563424587249756,0.16552945357246848,0.02382497594571875,0.05278640450004208,-1.0,0,0
22078975_15,15,1,20,17.46424919657298,0.3240477666258812,0.279354989528656,0.5202205025136022,1.1861153841018677,0.17464249196572978,0.01301601703927835,0.14644660940672627,-1.0,0,0
22078975_15,16,1,27,18.439088914585774,0.42142930406111256,0.3631090521812439,0.1624756188178702,0.8697288632392883,0.18439088914585774,0.003640573953771764,0.10471529247895259,-1.0,0,0
22078975_15,17,1,24,21.587033144922902,0.21386766573414207,0.05472055450081825,0.9574852798269544,1.5627857446670532,0.215870331449229,0.17882920371067218,0.0,-1.0,0,0
22078975_15,18,1,26,21.840329667841555,0.30557296310479826,0.22399979829788208,0.713272460134206,1.171380639076233,0.21840329667841554,0.09465159665287776,0.22883692772667977,-1.0,0,0
22078975_15,19,0,27,23.021728866442675,0.20233653430585508,0.14473816752433777,0.8186826981930333,1.5798652172088623,0.23021728866442676,0.008600192319744238,0.0,-1.0,0,0
22078975_15,20,1,30,24.20743687382041,0.221889295677344,0.16915413737297058,0.9480711735863849,1.510870337486267,0.24207436873820412,0.011354233378751633,0.18377223398316206,-1.0,0,0
22078975_15,21,0,36,29.154759474226502,0.19342923164367676,0.027735039591789246,1.4079242026608916,1.9438085556030273,0.291547594742265,0.015565222600617046,0.1570028297149823,-1.0,0,0
22078975_15,22,1,44,45.79301256742124,0.2725275605916977,0.20699238777160645,0.7862621555903293,1.3276715278625488,0.45793012567421243,0.0006605020535679351,0.0,-1.0,0,0
22228900_15,0,0,4,2.23606797749979,0.40510765463113785,0.3653748035430908,1.4285086694866465,0.9306138753890991,0.022360679774997897,1.4755341143225493,0.0,-1.0,0,0
22228900_15,1,0,3,2.8284271247461903,0.40532288948694867,0.3789597153663635,1.2698719831081822,0.8731464147567749,0.0282842712474619,1.3684412971039455,0.0,-1.0,0,0
22228900_15,2,1,5,3.1622776601683795,0.44409553408622743,0.4249843657016754,0.8631802773768178,0.8203458786010742,0.0316227766016838,1.0112116221740597,0.0,-1.0,0,0
22228900_15,3,0,7,4.47213595499958,0.2566444511924471,0.23727262020111084,0.735099383661328,1.348491907119751,0.044721359549995794,0.34188611699158117,0.0,-1.0,0,0
22228900_15,4,1,8,6.082762530298219,0.3479696400463581,0.25831782817840576,0.42430306963012043,1.0620217323303223,0.060827625302982184,0.30145371199681603,0.0,-1.0,0,0
22228900_15,5,1,11,8.246211251235321,0.3354851630601016,0.2600414752960205,0.2699092193344257,1.1643112897872925,0.0824621125123532,0.023135817034780015,0.0,-1.0,0,0
22228900_15,6,0,13,8.602325267042627,0.25456287883795226,0.19587093591690063,0.667993725044876,1.3779505491256714,0.08602325267042626,0.004019923248778201,0.2,-1.0,0,0
22228900_15,7,0,17,11.40175425099138,0.15779595515307257,0.08815076947212219,1.0171191263412838,1.8610442876815796,0.11401754250991379,0.016398945175047364,0.02565835097474313,-1.0,0,0
22228900_15,8,1,14,11.704699910719626,0.3388059990746634,0.2629110813140869,0.4154673108357283,1.170391321182251,0.11704699910719625,0.12802899054628103,0.0,-1.0,0,0
22228900_15,9,0,13,12.649110640673518,0.3610202968120575,0.30289795994758606,0.15702166156300512,1.0233739614486694,0.1264911064067352,0.007156593707600523,0.0,-1.0,0,0
22228900_15,10,0,20,15.0,0.27601433768868444,0.19587093591690063,1.6535795124765316,1.2838221788406372,0.15,1.0026000461105136,0.21715728752538097,-1.0,0,0
22228900_15,11,1,21,16.492422502470642,0.30182532256557826,0.20895574986934662,1.8234093287931499,1.374995470046997,0.1649242250247064,1.0334896337214463,0.25,-1.0,0,0
22228900_15,12,1,22,16.55294535724685,0.3979344964027405,0.3378637433052063,0.14489163153546603,0.9250777363777161,0.16552945357246848,0.0014980370852394342,0.05278640450004208,-1.0,0,0
22228900_15,13,1,26,18.027756377319946,0.18329263421205375,0.12132200598716736,0.9484776861069746,1.7572588920593262,0.18027756377319945,0.010941230274448932,0.0,-1.0,0,0
22228900_15,14,0,22,18.24828759089466,0.14765293151140213,0.07326191663742065,1.4580196440584885,2.051316499710083,0.18248287590894655,0.007062980914078032,0.21715728752538097,-1.0,0,0
22228900_15,15,0,20,19.026297590440446,0.4080013409256935,0.2711649239063263,0.35738206286104535,0.9912170767784119,0.19026297590440447,0.0092353435115623,0.16666666666666666,-1.0,0,0
22228900_15,16,1,26,20.615528128088304,0.29115356791477937,0.14725923538208008,0.8566863636660524,1.4669007062911987,0.20615528128088303,0.037183766687244435,0.14644660940672627,-1.0,0,0
22228900_15,17,1,34,24.596747752497688,0.24807639945955837,0.15581589937210083,0.9710078921702061,1.4651222229003906,0.24596747752497689,0.059918191744838534,0.2,-1.0,0,0
22228900_15,18,0,30,27.65863337187866,0.29194719940423963,0.2234763205051422,0.9492226214571169,1.2584795951843262,0.27658633371878666,0.08082335922067085,0.3333333333333333,-1.0,0,0
22229050_15,0,1,4,3.1622776601683795,0.4263940900564194,0.41081351041793823,0.7914184273654234,0.8743805885314941,0.0316227766016838,0.8326286577322034,0.05278640450004208,-1.0,0,0
22229050_15,1,1,4,3.1622776601683795,0.2772119343280792,0.25491011142730713,0.5087693777627855,1.25677490234375,0.0316227766016838,0.2203716988173517,0.0,-1.0,0,0
22229050_15,2,1,9,5.830951894845301,0.417914973364936,0.35025376081466675,0.16198179822573344,0.9737727046012878,0.058309518948453,0.05416364338792118,0.07573593128807152,-1.0,0,0
22229050_15,3,1,10,7.280109889280518,0.3658660799264908,0.3047054409980774,0.24936576697311574,1.0599949359893799,0.07280109889280519,0.020873502122250587,0.09569622996868,-1.0,0,0
22229050_15,4,1,10,8.06225774829855,0.33987478017807005,0.2736802101135254,0.22096703910290239,1.110808253288269,0.08062257748298549,0.003877857356904657,0.02565835097474313,-1.0,0,0
22229050_15,5,1,14,9.848857801796104,0.3158104568719864,0.2810700535774231,0.3811279494279203,1.1672407388687134,0.09848857801796104,0.0076309028176139715,0.1077677297236319,-1.0,0,0
22229050_15,6,0,12,10.04987562112089,0.2894195355474949,0.04383338987827301,1.9499878577823413,1.6119420528411865,0.1004987562112089,1.237547048729946,0.0,-1.0,0,0
22229050_15,7,1,12,10.04987562112089,0.3741183156768481,0.3174341320991516,0.42719574609803823,1.0796656608581543,0.1004987562112089,0.024381427141289547,0.22264990188738543,-1.0,0,0
22229050_15,8,0,18,12.041594578792296,0.18559461169772679,0.1570972502231598,0.9584794274584325,1.6700979471206665,0.12041594578792296,0.16796553454984303,0.0,-1.0,0,0
22229050_15,9,1,16,12.36931687685298,0.2027815179899335,0.15994712710380554,1.0532639086000621,1.5497022867202759,0.12369316876852982,0.15103152538457654,0.22883692772667977,-1.0,0,0
22229050_15,10,1,21,16.15549442140351,0.2651571709485281,0.1649734377861023,1.1760813530064498,1.3543081283569336,0.16155494421403513,0.3183321634439,0.34188611699158106,-1.0,0,0
22229050_15,11,0,26,19.313207915827967,0.16705754055426672,0.12074315547943115,1.118690434812807,1.7826215028762817,0.19313207915827968,0.010544163825149333,0.13239268895309608,-1.0,0,0
22229050_15,12,0,22,20.223748416156685,0.43428005498241296,0.02510354295372963,1.727215785079479,1.3726541996002197,0.20223748416156684,0.9095719790314557,0.24275212228623677,-1.0,0,0
22229050_15,13,1,21,20.396078054371138,0.1803095823242551,0.09483066201210022,1.2726307992908752,1.8479859828948975,0.20396078054371142,0.07423742644554049,0.1464466094067262,-1.0,0,0
22229050_15,14,1,26,20.615528128088304,0.21267670679550904,0.14954911172389984,1.343794546708323,1.5690094232559204,0.20615528128088303,0.20730489122782647,0.3613249509436927,-1.0,0,0
22229050_15,15,1,31,26.92582403567252,0.3404688960121524,0.28645607829093933,0.7588413296023901,1.0761736631393433,0.26925824035672524,0.07152330911474081,0.34188611699158106,-1.0,0,0
22229050_15,16,0,31,27.459060435491963,0.2168530893902625,0.09214666485786438,1.5206371840239945,1.612021565437317,0.2745906043549196,0.2590250142317582,0.375,-1.0,0,0
22229050_15,17,0,36,29.832867780352597,0.17842971564580998,0.05200590565800667,1.518807186678326,1.9713300466537476,0.29832867780352595,0.19636205772101029,0.05278640450004206,-1.0,0,0
22229050_15,18,0,31,30.4138126514911,0.3078860698207732,0.08159074187278748,1.968502791769016,1.4310623407363892,0.30413812651491096,1.0687125211426842,0.16458980337503157,-1.0,0,0
22229050_15,19,0,35,31.04834939252005,0.13840088695287706,0.05901360511779785,1.5678883609561844,2.1384363174438477,0.31048349392520047,0.11896854958713649,0.0,-1.0,0,0
22229050_15,20,0,38,41.10960958218893,0.1551569579659324,0.022074349224567413,1.993298947303618,2.00386118888855,0.4110960958218894,0.2926273768788936,0.2857142857142857,-1.0,0,0
22528885_15,0,0,8,5.385164807134504,0.3675624839961529,0.29278379678726196,0.18579775438950352,0.9636389017105103,0.05385164807134504,0.1683072046076482,0.0,-1.0,0,0
22528885_15,1,0,5,5.656854249492381,0.25409650802612305,0.22412729263305664,1.6523674353975024,1.3786416053771973,0.0565685424949238,1.0,0.21715728752538097,-1.0,0,0
22528885_15,2,1,11,7.615773105863909,0.3338347781788219,0.29363247752189636,0.25757141869047584,1.140456199645996,0.07615773105863909,0.04095748798584081,0.0,-1.0,0,0
22528885_15,3,0,11,7.810249675906654,0.3411506306041371,0.30115455389022827,0.3387321199269484,1.0842297077178955,0.07810249675906655,0.02995330604326002,0.14644660940672627,-1.0,0,0
22528885_15,4,0,12,11.0,0.39614177991946536,0.3608992099761963,0.2161155256623839,0.9340105652809143,0.11,0.025658350974743116,0.14644660940672627,-1.0,0,0
22528885_15,5,0,18,12.041594578792296,0.29518357829915154,0.20936718583106995,0.31691230873756226,1.1648356914520264,0.12041594578792296,0.0030651922886446026,0.028595479208968284,-1.0,0,0
22528885_15,6,0,18,13.45362404707371,0.15728380448288387,0.09914770722389221,1.0301917161777676,1.8435497283935547,0.13453624047073712,0.05210574731347589,0.0,-1.0,0,0
22528885_15,7,1,15,14.142135623730951,0.22550659775733947,0.20149125158786774,0.8425409948690026,1.503053069114685,0.1414213562373095,0.03139990285034139,0.16666666666666666,-1.0,0,0
22528885_15,8,1,20,14.866068747318506,0.30392748191952706,0.22673916816711426,0.5502582316794387,1.1889046430587769,0.14866068747318503,0.08537089739744164,0.12732200375003502,-1.0,0,0
22528885_15,9,1,18,15.264337522473747,0.4138492809401618,0.34507864713668823,0.23747029612527193,0.9228483438491821,0.15264337522473748,0.01553196764462611,0.1464466094067262,-1.0,0,0
22528885_15,10,0,27,22.847319317591726,0.32450782700821207,0.2371276468038559,0.6012489894390027,1.1679773330688477,0.22847319317591727,0.07618913954834156,0.12860932364589625,-1.0,0,0
22528885_15,11,0,27,24.698178070456937,0.21785421945430614,0.04677003622055054,1.1783100042885324,1.694911003112793,0.24698178070456936,0.0051591454144551685,0.23125807505671503,-1.0,0,0
22528885_15,12,0,41,35.77708763999664,0.16617405341892708,0.038410719484090805,1.7612700548288451,2.0607566833496094,0.35777087639996635,0.07844475547478524,0.26429773960448416,-1.0,0,0
22529065_15,0,0,4,2.23606797749979,0.4106732904911041,0.3648405969142914,0.9148473303079929,0.8809769749641418,0.022360679774997897,1.011509675568853,0.0,-1.0,0,0
22529065_15,1,1,6,4.123105625617661,0.40085835258165997,0.34195786714553833,0.8705447831804463,0.9208627939224243,0.0412310562561766,0.7722543705563447,0.1361965624455006,-1.0,0,0
22529065_15,2,1,12,8.06225774829855,0.27789223194122314,0.24218648672103882,0.5882485757278657,1.269200325012207,0.08062257748298549,0.09197906382594712,0.14644660940672627,-1.0,0,0
22529065_15,3,1,14,9.848857801796104,0.17511543418679917,0.13207632303237915,0.8683739454416863,1.75748872756958,0.09848857801796104,0.012396639854145297,0.0,-1.0,0,0
22529065_15,4,0,16,10.816653826391969,0.31243740767240524,0.24652382731437683,0.307138858242892,1.1716445684432983,0.10816653826391968,0.02732775153567396,0.0,-1.0,0,0
22529065_15,5,1,18,12.041594578792296,0.2901843902137544,0.2273651510477066,0.5166029025184828,1.195722222328186,0.12041594578792296,0.13899374405588844,0.061470990346485344,-1.0,2,1
22529065_15,6,0,18,13.601470508735444,0.1776573330991798,0.0520215779542923,1.9484653651967752,1.851094126701355,0.13601470508735444,0.9613565334080659,0.0,-1.0,0,0
22529065_15,7,1,19,14.7648230602334,0.1701536492297524,0.09958893060684204,1.313362467112837,1.8095108270645142,0.147648230602334,0.1357119066334626,0.22049150281252627,-1.0,0,0
22529065_15,8,0,22,16.401219466856727,0.2822933156381954,0.1724076271057129,0.8878923733489836,1.3154805898666382,0.16401219466856723,0.008399588813778225,0.4,-1.0,0,0
22529065_15,9,1,21,17.0,0.19949025625274294,0.15244074165821075,1.052494365189225,1.6151548624038696,0.17,0.04468960089797008,0.22264990188738543,-1.0,0,0
22529065_15,10,1,20,17.11724276862369,0.34120443984866144,0.22912035882472992,0.5730921355441843,1.1493993997573853,0.1711724276862369,0.052520308100562074,0.2,-1.0,0,0
22529065_15,11,1,20,18.027756377319946,0.3933106454089284,0.04256188124418259,1.6745904382593193,1.4868016242980957,0.18027756377319945,0.9198218127497902,0.08768943743823394,-1.0,1,1
22529065_15,12,1,26,23.08679276123039,0.31231794678247893,0.07231850177049637,1.7353041721902138,1.3705576658248901,0.23086792761230396,1.1338785787530197,0.0,-1.0,1,1
22529065_15,13,0,32,26.92582403567252,0.16054265154525638,0.0723578929901123,1.6801010500314892,1.9206331968307495,0.2692582403567252,0.49020961284401443,0.0,-1.0,0,0
22529065_15,14,0,34,29.206163733020468,0.23030923022066846,0.025899052619934082,1.4397121901859982,1.862607717514038,0.29206163733020474,0.0678855478163739,0.21715728752538097,-1.0,0,0
22529065_15,15,1,39,33.61547262794322,0.3325266826611299,0.23081400990486145,0.592704097775723,1.1200734376907349,0.33615472627943227,0.009153930055520787,0.12732200375003502,-1.0,0,0
22529065_15,16,1,47,48.703182647543684,0.21509964066617032,0.09286906570196152,1.3600490913241297,1.6779403686523438,0.48703182647543686,0.028410229529682307,0.1666666666666666,-1.0,0,0
23278915_15,0,0,5,3.1622776601683795,0.3484668076038361,0.29483866691589355,0.1819801726178394,0.9975709915161133,0.0316227766016838,0.15278640450004216,0.0,-1.0,0,0
23278915_15,1,0,6,3.605551275463989,0.37634165585041046,0.3281281590461731,0.9895626877505612,0.9026844501495361,0.0360555127546399,1.0508227248463853,0.0,-1.0,0,0
23278915_15,2,1,8,5.385164807134504,0.23593579791486263,0.2206643521785736,0.7479998275781383,1.4294097423553467,0.05385164807134504,0.01473843715144657,0.25,-1.0,0,0
23278915_15,3,1,8,6.082762530298219,0.2810600660741329,0.25883883237838745,0.5436638873744355,1.2737571001052856,0.060827625302982184,0.009079161966167537,0.2,-1.0,0,0
23278915_15,4,1,10,6.4031242374328485,0.31972491890192034,0.2314646691083908,0.2959999203057331,1.220026969909668,0.06403124237432849,0.011941708021736552,0.0,-1.0,0,0
23278915_15,5,1,12,9.219544457292887,0.29874158278107643,0.22506935894489288,0.40696316511777364,1.2492563724517822,0.09219544457292889,0.06551134809306247,0.0,-1.0,0,0
23278915_15,6,1,13,9.433981132056603,0.2592788086487697,0.21393972635269165,0.5229551122486082,1.3616505861282349,0.09433981132056603,0.014178310299765295,0.05278640450004208,-1.0,0,0
23278915_15,7,1,14,10.63014581273465,0.11556299669401986,0.040344178676605225,1.3096742355876372,2.097888708114624,0.1063014581273465,0.009787839376986962,0.09569622996868,-1.0,0,0
23278915_15,8,1,16,11.40175425099138,0.19055012986063957,0.16128024458885193,0.7770892554885276,1.6221832036972046,0.11401754250991379,0.04088850928140936,0.0,-1.0,0,0
23278915_15,9,1,15,11.661903789690601,0.2291632374127706,0.15655213594436646,0.642997128400614,1.4923999309539795,0.116619037896906,0.033978159549728326,0.0,-1.0,0,0
23278915_15,10,0,16,13.152946437965905,0.32104394026100636,0.09958802163600922,1.9731338935394667,1.3178406953811646,0.13152946437965904,1.3710219018526537,0.1527418319259896,-1.0,0,0
23278915_15,11,1,15,14.0,0.20628063678741454,0.07062678039073944,1.4368435248738374,1.7870105504989624,0.14,0.44707029047247804,0.06276268390239692,-1.0,0,0
23278915_15,12,1,22,15.652475842498529,0.24438177049160004,0.18331152200698853,1.0962225120456357,1.424811840057373,0.15652475842498528,0.13988591356327718,0.375,-1.0,0,0
23278915_15,13,0,22,18.24828759089466,0.3167987953532826,0.13949225842952728,0.7140264223355672,1.2344105243682861,0.18248287590894655,0.02073981980831341,0.27639320225002106,-1.0,0,0
23278915_15,14,0,28,23.853720883753127,0.19540119117924146,0.1375146210193634,1.2692713008345797,1.6127471923828125,0.23853720883753127,0.01798689961423605,0.4,-1.0,0,0
23278915_15,15,0,30,25.942243542145693,0.6049439551929633,0.02333579771220684,1.4149173329190283,0.9719297885894775,0.259422435421457,1.1307787044080517,0.05278640450004204,-1.0,0,0
23278930_15,0,1,4,2.23606797749979,0.2542281337082386,0.22928160429000854,1.8755551835472528,1.3012163639068604,0.022360679774997897,1.5519781398653945,0.0,-1.0,0,0
23278930_15,1,1,6,4.123105625617661,0.19828713436921439,0.1809963583946228,1.7881483505671163,1.6168873310089111,0.0412310562561766,1.1300299633020283,0.0,-1.0,0,0
23278930_15,2,1,8,5.0,0.32787908986210823,0.28298789262771606,1.0079396910814857,1.1266682147979736,0.05,0.8312714762835121,0.0,-1.0,0,0
23278930_15,3,1,6,5.0990195135927845,0.12276866535345714,0.09247487783432007,1.364849393570792,2.1427371501922607,0.050990195135927854,0.04380004449256836,0.12732200375003502,-1.0,0,0
23278930_15,4,1,10,6.4031242374328485,0.29070872664451597,0.2528696656227112,0.38005108251267505,1.245496153831482,0.06403124237432849,0.07052368630686456,0.0,-1.0,1,1
23278930_15,5,1,8,7.0710678118654755,0.2605468537658453,0.1572672426700592,0.7686470915042809,1.2583458423614502,0.07071067811865475,0.4395905710241759,0.0,-1.0,0,0
23278930_15,6,1,8,7.0710678118654755,0.1333315335214138,0.09829407930374146,1.186617804978312,2.065080404281616,0.07071067811865475,0.022231243369072895,0.028595479208968284,-1.0,0,0
23278930_15,7,1,10,7.280109889280518,0.3274177581071854,0.2716904878616333,0.24025861097865753,1.1374157667160034,0.07280109889280519,0.030041745369848882,0.0,-1.0,3,1
23278930_15,8,0,11,7.810249675906654,0.2534116560762579,0.21092014014720917,0.4944563805954394,1.3044793605804443,0.07810249675906655,0.004106793532296371,0.1077677297236319,-1.0,0,0
23278930_15,9,0,12,8.602325267042627,0.24737092107534409,0.2167535126209259,0.5492331580854675,1.3975019454956055,0.08602325267042626,0.012921555419393604,0.05278640450004206,-1.0,0,0
23278930_15,10,1,11,9.486832980505138,0.2257198135961186,0.16093169152736664,0.6054745208130714,1.4370026588439941,0.09486832980505139,0.034580755028669974,0.03902277713535565,-1.0,0,0
23278930_15,11,0,12,11.045361017187261,0.38438890874385834,0.25591301918029785,0.15350532759953572,0.9724714159965515,0.11045361017187261,0.07058030143111149,0.0,-1.0,0,0
23278930_15,12,1,16,11.180339887498949,0.2781212730333209,0.222399041056633,0.5485793956980545,1.248859167098999,0.1118033988749895,0.0414702203173396,0.14644660940672627,-1.0,0,0
23278930_15,13,0,14,12.041594578792296,0.2948512818132128,0.18235227465629578,0.9677973792043171,1.3154758214950562,0.12041594578792295,0.4045836081713027,0.12732200375003502,-1.0,0,0
23278930_15,14,1,18,12.041594578792296,0.19373531970712873,0.17799371480941772,0.8946884205870989,1.6098690032958984,0.12041594578792296,0.024958599049676455,0.1394448724536011,-1.0,0,0
23278930_15,15,0,16,13.152946437965905,0.4001741074025631,0.32029110193252563,0.362884568311568,0.9303106665611267,0.13152946437965904,0.06365730309022744,0.23738713428055486,-1.0,0,0
23278930_15,16,1,19,14.560219778561036,0.21425233781337738,0.12182176113128662,1.5346526543489212,1.594145655632019,0.14560219778561037,0.794904800931292,0.0,-1.0,0,0
23278930_15,17,1,19,14.866068747318506,0.18695890432909915,0.028811007738113403,1.464498400600871,2.0987589359283447,0.14866068747318506,0.035767496798890186,0.181311280400451,-1.0,0,0
23278930_15,18,0,21,15.811388300841896,0.2779793270996639,0.21287687122821808,0.8978958549247014,1.3162000179290771,0.15811388300841897,0.4235819539872051,0.0,-1.0,0,0
23278930_15,19,0,26,17.804493814764857,0.3076136748378093,0.1953478753566742,0.788933691849306,1.3232101202011108,0.17804493814764855,0.06718713068802035,0.22049150281252627,-1.0,0,0
23278930_15,20,0,22,18.027756377319946,0.2953715033151887,0.22323571145534515,0.6492364001894366,1.2169870138168335,0.1802775637731995,0.00197182259940365,0.25,-1.0,0,0
23278930_15,21,0,27,18.439088914585774,0.3050667036462713,0.06314358115196228,1.1548326171878691,1.5275169610977173,0.18439088914585774,0.44292476694429417,0.0,-1.0,0,0
23278930_15,22,0,22,19.235384061671343,0.2300493215972727,0.08256208896636963,0.9433641936038641,1.7299147844314575,0.19235384061671343,0.007008226459468303,0.014087342096224913,-1.0,0,0
23278930_15,23,1,23,19.849433241279208,0.2149539855511292,0.0895792543888092,0.7905994532113845,1.551042079925537,0.19849433241279207,0.002040263737699499,0.03902277713535565,-1.0,0,0
23278930_15,24,0,28,20.12461179749811,0.2022771994982447,0.13818086683750153,1.252920070302432,1.6052926778793335,0.20124611797498107,0.05818467332310667,0.38819660112501053,-1.0,0,0
23278930_15,25,1,29,26.476404589747453,0.21533773942240353,0.11076074838638306,1.7056745327968885,1.7615077495574951,0.26476404589747454,0.5746874448629657,0.10471529247895256,-1.0,0,0
23278930_15,26,0,34,29.966648127543394,0.2761034671874607,0.14355070888996124,0.7884041515923781,1.261932373046875,0.29966648127543394,0.036892133743090305,0.18991316352697882,-1.0,0,0
23278930_15,27,0,32,31.016124838541646,0.17707340454217046,0.05935945361852646,1.852565791647165,2.1514647006988525,0.3101612483854164,0.12664210295841144,0.26429773960448416,-1.0,0,0
23278930_15,28,1,39,34.66987164671943,0.23447222472765508,0.058239713311195374,1.714966061147785,1.8302576541900635,0.3466987164671943,0.1308573595790532,0.40715233091147407,-1.0,0,0
23428540_15,0,1,6,4.123105625617661,0.25133049488067627,0.23514553904533386,0.6086769022824423,1.376941442489624,0.0412310562561766,0.04405779412991534,0.14644660940672627,-1.0,0,0
23428540_15,1,0,8,5.0,0.17697568237781525,0.16777747869491577,1.7673282798181922,1.7165584564208984,0.05,1.0007698233972937,0.0,-1.0,0,0
23428540_15,2,0,8,5.0,0.3139302469789982,0.27276772260665894,1.5155508319691124,1.1898057460784912,0.05,0.9993518836406003,0.27639320225002106,-1.0,0,0
23428540_15,3,0,7,6.324555320336759,0.30642912643296377,0.28504830598831177,0.3230302760123578,1.1705008745193481,0.0632455532033676,0.026521164387245222,0.06276268390239692,-1.0,0,0
23428540_15,4,0,11,7.810249675906654,0.18919110027226535,0.16712963581085205,0.7393322983739306,1.6469780206680298,0.07810249675906655,0.014251780946834047,0.0,-1.0,0,0
23428540_15,5,0,13,12.649110640673518,0.2746260200555508,0.20266324281692505,1.0508162471698914,1.3832060098648071,0.1264911064067352,0.39467252149162313,0.14644660940672624,-1.0,0,0
23428540_15,6,0,18,13.892443989449804,0.3239573538303375,0.2908324897289276,0.30391010128430107,1.1585801839828491,0.13892443989449807,0.006405477406953852,0.0,-1.0,0,0
23428540_15,7,0,20,14.866068747318506,0.2501985773444176,0.19346332550048828,0.63229891073826,1.3728586435317993,0.14866068747318503,0.006064287254323009,0.10471529247895259,-1.0,0,0
23428540_15,8,0,19,18.110770276274835,0.303305247896596,0.2138272225856781,0.7706130048395299,1.2921580076217651,0.18110770276274835,0.04734729445501634,0.25,-1.0,0,0
23428540_15,9,0,27,26.1725046566048,0.17214307961640535,0.02157352864742279,1.7458544946734413,2.074695110321045,0.261725046566048,0.3566479332863061,0.05278640450004208,-1.0,0,0
23428540_15,10,0,36,31.827660925679098,0.21174898536668885,0.16223810613155365,0.8945028376723547,1.5231930017471313,0.31827660925679097,0.0002468221683902261,0.05278640450004206,-1.0,0,0
23428810_15,0,1,4,3.0,0.21769043058156967,0.20659488439559937,1.4170093616376804,1.5132203102111816,0.03,0.8737890514264987,0.0,-1.0,0,0
23428810_15,1,0,6,3.605551275463989,0.32270761330922443,0.3070312738418579,1.3187397340287572,1.1126675605773926,0.0360555127546399,1.0235700512899988,0.14644660940672624,-1.0,0,0
23428810_15,2,0,14,11.704699910719626,0.207055324954646,0.13233408331871033,0.9174209839678644,1.5798176527023315,0.11704699910719625,0.16776992765829457,0.05278640450004206,-1.0,0,0
23428810_15,3,0,31,28.071337695236398,0.1262762335038954,0.05990132689476013,1.808403658457523,2.3391454219818115,0.28071337695236404,0.12707386917686242,0.061470990346485344,-1.0,0,0
23428810_15,4,0,44,45.221676218380054,0.20832672647454523,0.0884106457233429,1.3248129610244699,1.587592601776123,0.4522167621838005,0.03500359706454653,0.25,-1.0,0,0
23429080_15,0,1,5,4.0,0.2569233447313309,0.21482403576374054,1.4009340190887452,1.3609340190887451,0.04,1.0,0.0,-1.0,0,0
23429080_15,1,1,5,4.0,0.38266101479530334,0.3147549629211426,0.09677347586092377,0.9340810775756836,0.04,0.1226923982852402,0.0,-1.0,0,0
23429080_15,2,0,6,4.123105625617661,0.35010480880737305,0.32626891136169434,1.142846395458971,1.0234460830688477,0.0412310562561766,1.0781692561339464,0.0,-1.0,0,0
23429080_15,3,0,8,5.385164807134504,0.4162363223731518,0.345054566860199,0.09526078588665454,0.9244527816772461,0.05385164807134504,0.11695635613806343,0.0,-1.0,0,0
23429080_15,4,1,7,6.0,0.1851708803858076,0.18092483282089233,0.781591770829343,1.6858301162719727,0.06,0.03576165455737029,0.0,-1.0,0,0
23429080_15,5,1,10,6.4031242374328485,0.2534936279058456,0.17609378695487976,1.4452203681398155,1.4005693197250366,0.06403124237432849,0.9806198060404501,0.0,-1.0,0,0
23429080_15,6,1,12,8.06225774829855,0.2659502650300662,0.20052948594093323,0.46659323627526783,1.339643955230713,0.08062257748298549,0.017731224352601327,0.028595479208968284,-1.0,0,0
23429080_15,7,1,11,9.055385138137417,0.17868322404948148,0.16761672496795654,1.0884430067986979,1.7417728900909424,0.09055385138137417,0.0061162653263812095,0.25,-1.0,0,0
23429080_15,8,1,8,9.899494936611665,0.4009985513985157,0.3695690929889679,0.10636749928188216,0.951528012752533,0.09899494936611665,0.055844537163232566,0.0,-1.0,0,0
23429080_15,9,1,14,10.44030650891055,0.24178029596805573,0.19895434379577637,0.6787987839543599,1.465293049812317,0.1044030650891055,0.08344431807819419,0.02565835097474313,-1.0,0,0
23429080_15,10,1,14,11.180339887498949,0.3013759031891823,0.14382493495941162,0.486408095727515,1.2149925231933594,0.11180339887498947,0.0719227362209321,0.08768943743823394,-1.0,0,0
23429080_15,11,0,18,13.601470508735444,0.2731884709662861,0.18769779801368713,0.66421522250634,1.3304322957992554,0.13601470508735444,0.051321612213004075,0.1464466094067262,-1.0,0,0
23429080_15,12,0,16,14.035668847618199,0.2817757474258542,0.1900356411933899,0.70156035925374,1.3082494735717773,0.14035668847618202,0.010202074919543946,0.24275212228623674,-1.0,0,0
23429080_15,13,0,20,14.317821063276353,0.30478629246354105,0.1370234191417694,1.7105137978694085,1.348746418952942,0.1431782106327635,1.137851914064914,0.08073725421878941,-1.0,0,0
23429080_15,14,0,25,21.540659228538015,0.22219895362854003,0.12730760872364044,0.8129408734137846,1.550222635269165,0.21540659228538017,0.047311645859239526,0.0,-1.0,0,0
23429080_15,15,1,35,29.5296461204668,0.2763459588800158,0.18381063640117645,0.6231479459012792,1.31101393699646,0.295296461204668,0.002750205603926248,0.014087342096224913,-1.0,0,0
23429080_15,16,1,37,33.301651610693426,0.36656680139335424,0.2745373547077179,0.5320589898438668,1.0765070915222168,0.33301651610693417,0.017820089735763156,0.10471529247895259,-1.0,0,0
23429080_15,17,1,42,39.45883931389772,0.19390476495027542,0.06211856007575989,1.500599233869004,1.9206063747406006,0.39458839313897714,0.01873779932275993,0.1666666666666666,-1.0,0,0
23729020_15,0,1,4,2.23606797749979,0.13944164663553238,0.12334123253822327,1.3156061230195508,1.8985729217529297,0.022360679774997897,0.3946725214916231,0.0,-1.0,0,0
23729020_15,1,0,4,3.0,0.2555203214287758,0.238009512424469,1.3758905196553295,1.3526935577392578,0.03,0.9931969619160719,0.0,-1.0,0,0
23729020_15,2,1,5,3.1622776601683795,0.28130526542663575,0.26619061827659607,1.5609675509397696,1.2455646991729736,0.0316227766016838,1.283780075165112,0.0,-1.0,0,0
23729020_15,3,1,4,3.1622776601683795,0.24406757950782776,0.22526875138282776,1.4702715315655932,1.3858623504638672,0.0316227766016838,1.0527864045000421,0.0,-1.0,0,0
23729020_15,4,1,4,3.1622776601683795,0.1983637660741806,0.18744724988937378,1.2206332017230208,1.6244744062423706,0.0316227766016838,0.5645360188789664,0.0,-1.0,0,0
23729020_15,5,0,6,3.605551275463989,0.16959708432356516,0.162336528301239,1.5549997861469231,1.7611651420593262,0.0360555127546399,0.7577791313329569,0.0,-1.0,0,0
23729020_15,6,1,6,3.605551275463989,0.37711141506830853,0.3572436571121216,1.2320682191269645,0.950019896030426,0.0360555127546399,1.2203344593671555,0.02565835097474313,-1.0,0,0
23729020_15,7,1,6,3.605551275463989,0.30020404358704883,0.26819780468940735,0.6525030899096158,1.1663745641708374,0.0360555127546399,0.4500730129841386,0.0,-1.0,0,0
23729020_15,8,1,5,4.0,0.3162975788116455,0.27717453241348267,1.4611239968700156,1.1297383308410645,0.04,1.2913856660289513,0.0,-1.0,0,0
23729020_15,9,1,6,4.123105625617661,0.3236403713623683,0.3070259094238281,0.4646377397579182,1.1498987674713135,0.0412310562561766,0.18953306319934982,0.08397485283107814,-1.0,0,0
23729020_15,10,0,7,4.47213595499958,0.24129870959690639,0.2221936285495758,1.579617950356572,1.4080708026885986,0.044721359549995794,1.022110495639025,0.10471529247895259,-1.0,0,0
23729020_15,11,1,7,4.47213595499958,0.21407534394945418,0.17755118012428284,1.8820749312299272,1.5632126331329346,0.044721359549995794,1.274140938546997,0.0,-1.0,0,0
23729020_15,12,1,8,5.0,0.3849613070487976,0.35679569840431213,0.9445749280995832,0.9194634556770325,0.05,0.9751114724225507,0.0,-1.0,0,0
23729020_15,13,1,8,5.0,0.4394468404352665,0.38342946767807007,0.3794167970346207,0.8243915438652039,0.05,0.5050252531694168,0.0,-1.0,0,0
23729020_15,14,1,7,5.0990195135927845,0.389917859009334,0.29287534952163696,0.9969385563013042,0.8915176391601562,0.050990195135927854,1.0016443175051781,0.05278640450004206,-1.0,0,0
23729020_15,15,0,8,5.385164807134504,0.33057281747460365,0.2954278588294983,1.1899117368328351,1.0903289318084717,0.05385164807134504,1.045731156953018,0.0,-1.0,0,0
23729020_15,16,0,5,5.656854249492381,0.1802177608013153,0.16032633185386658,1.0284065399314475,1.7218379974365234,0.0565685424949238,2.220446049250313e-16,0.25,-1.0,0,0
23729020_15,17,1,9,5.830951894845301,0.2284616099463569,0.20594653487205505,1.5402349111809084,1.4696507453918457,0.058309518948453,1.0122746468406096,0.0,-1.0,0,0
23729020_15,18,1,10,6.708203932499369,0.4522753208875656,0.3903997838497162,0.15297324336377405,0.7823413014411926,0.0670820393249937,0.3035499025975877,0.0,-1.0,0,0
23729020_15,19,1,10,6.708203932499369,0.21924481987953187,0.18554440140724182,0.7356673357450552,1.5573219060897827,0.0670820393249937,0.058476985830236416,0.05278640450004206,-1.0,0,0
23729020_15,20,1,11,7.211102550927978,0.32940819182179193,0.24942626059055328,0.2503812297075527,1.1065890789031982,0.0721110255092798,0.0102101349485893,0.061470990346485344,-1.0,0,0
23729020_15,21,1,11,9.055385138137417,0.2171335450627587,0.15629619359970093,0.6364485814187018,1.5317378044128418,0.09055385138137417,0.014156925624485894,0.0,-1.0,0,0
23729020_15,22,1,14,9.219544457292887,0.3507282574261938,0.1849735677242279,0.2488931891734758,1.0465925931930542,0.09219544457292887,0.11010515140749266,0.0,-1.0,0,0
23729020_15,23,1,13,9.433981132056603,0.2647720380471303,0.14043959975242615,0.9406924802737344,1.3740229606628418,0.09433981132056603,0.36761441581137405,0.10471529247895256,-1.0,0,0
23729020_15,24,1,13,9.433981132056603,0.27836224092886996,0.20490799844264984,0.4318340348061831,1.3140835762023926,0.09433981132056603,0.02341064728322445,0.0,-1.0,0,0
23729020_15,25,1,13,9.433981132056603,0.4781523599074437,0.37272530794143677,-0.11631518999548618,0.7715579271316528,0.09433981132056603,0.01778707155229503,0.0,-1.0,0,0
23729020_15,26,1,11,9.486832980505138,0.14196133613586426,0.09302830696105957,1.1516481044670894,2.0021960735321045,0.09486832980505139,0.0017972966298917536,0.05278640450004206,-1.0,0,0
23729020_15,27,1,14,9.848857801796104,0.2666149799312864,0.16136178374290466,0.8974327865689813,1.4244229793548584,0.09848857801796104,0.3745212291961618,0.0,-1.0,0,0
23729020_15,28,1,12,10.04987562112089,0.22744405393799147,0.17477945983409882,0.6607411945501787,1.5022108554840088,0.1004987562112089,0.03237323188021762,0.02565835097474313,-1.0,0,0
23729020_15,29,1,11,10.198039027185569,0.2544438500295986,0.2060098946094513,0.5857370343242263,1.3939212560653687,0.10198039027185571,0.0612399087780337,0.028595479208968284,-1.0,0,0
23729020_15,30,0,15,10.295630140987,0.21051146586736044,0.12460660934448242,1.173586745674239,1.6288888454437256,0.10295630140987001,0.3889551943206015,0.05278640450004206,-1.0,0,0
23729020_15,31,1,15,10.295630140987,0.16972123384475707,0.13527938723564148,1.0850483253686987,1.8833129405975342,0.10295630140987001,0.04599267886125219,0.05278640450004206,-1.0,0,0
23729020_15,32,0,15,10.770329614269007,0.18819316029548644,0.1351439505815506,0.8592187186640599,1.7127618789672852,0.10770329614269009,0.03875354355408461,0.0,-1.0,0,0
23729020_15,33,1,12,11.0,0.18670577555894852,0.17290779948234558,0.806371859267577,1.686662197113037,0.11,0.009709662154539889,0.0,-1.0,0,0
23729020_15,34,1,14,11.180339887498949,0.2040549282516752,0.1432311236858368,0.7087576839070937,1.5617181062698364,0.11180339887498947,0.0352361787622677,0.0,-1.0,0,0
23729020_15,35,1,14,12.041594578792296,0.12328153076980795,0.04245883226394653,1.7703922823928724,2.177332878112793,0.12041594578792295,0.4726434584921565,0.0,-1.0,0,0
23729020_15,36,1,18,12.041594578792296,0.15719128317303127,0.1228836178779602,1.0619084070260296,1.940590262413025,0.12041594578792296,0.0009021988250816904,0.0,-1.0,0,0
23729020_15,37,0,18,12.041594578792296,0.15524332390891182,0.09993010759353638,0.9901313852463156,1.8602079153060913,0.12041594578792296,0.009507524152301217,0.0,-1.0,0,0
23729020_15,38,1,15,12.083045973594572,0.3282338996728261,0.2523772716522217,0.9997771956139725,1.1456834077835083,0.12083045973594571,0.7332633280945183,0.0,-1.0,0,0
23729020_15,39,1,19,12.806248474865697,0.18055562047581925,0.1289459466934204,1.0812241300765773,1.680306077003479,0.12806248474865697,0.06440316306670635,0.20845240525773498,-1.0,0,0
23729020_15,40,1,17,13.0,0.16233814989819245,0.08943486213684082,1.0766596757781737,1.9320634603500366,0.13,0.01459621542813716,0.0,-1.0,0,0
23729020_15,41,1,15,14.0,0.19736348191897074,0.1015377938747406,0.8881450497659291,1.7384353876113892,0.14,0.009709662154539889,0.0,-1.0,0,0
23729020_15,42,1,16,14.035668847618199,0.1067036185413599,0.012303799390792847,1.7957917284070337,2.647496461868286,0.14035668847618202,0.007938578062565371,0.0,-1.0,0,0
23729020_15,43,1,16,14.035668847618199,0.2565978318452835,0.16142407059669495,0.7701466919630471,1.3703535795211792,0.14035668847618202,0.2594364239656859,0.0,-1.0,0,0
23729020_15,44,1,15,14.142135623730951,0.25601174334685006,0.16279588639736176,0.7061951374832462,1.4707475900650024,0.1414213562373095,0.0940261911809343,0.0,-1.0,0,0
23729020_15,45,1,20,14.866068747318506,0.16119670271873474,0.10414189100265503,0.9743737747915979,1.8195466995239258,0.14866068747318503,0.006166387794487083,0.0,-1.0,0,0
23729020_15,46,1,23,16.1245154965971,0.2578386223834494,0.16251499950885773,0.6608678270124733,1.3093833923339844,0.16124515496597097,0.000326116185539127,0.18991316352697882,-1.0,0,0
23729020_15,47,0,20,16.278820596099706,0.20955902859568595,0.1762676239013672,1.1464236467770959,1.5920934677124023,0.16278820596099705,0.14154197310369643,0.25,-1.0,0,0
23729020_15,48,0,20,16.64331697709324,0.1839795421808958,0.04856616258621216,1.6112023289244006,1.840247631072998,0.1664331697709324,0.4967537983568384,0.1077677297236319,-1.0,0,0
23729020_15,49,1,20,16.64331697709324,0.17241572216153145,0.07571983337402344,1.0818852100767717,1.8358023166656494,0.1664331697709324,0.07964972364019002,0.0,-1.0,0,0
23729020_15,50,1,26,17.69180601295413,0.44321520855793584,0.26643624901771545,0.747420778584222,0.8099989295005798,0.1769180601295413,0.7605037889541009,0.0,-1.0,0,0
23729020_15,51,1,22,17.72004514666935,0.24217809194868262,0.12790638208389282,0.983974721274653,1.526188611984253,0.17720045146669353,0.004192455573685305,0.276393202250021,-1.0,0,0
23729020_15,52,1,22,17.72004514666935,0.15341737849468534,0.040540650486946106,1.6925497742514124,2.016301393508911,0.17720045146669353,0.30913476574882925,0.18991316352697882,-1.0,0,0
23729020_15,53,1,26,17.804493814764857,0.31372794336997545,0.17809686064720154,0.4791387825209219,1.1936742067337036,0.17804493814764855,0.10741963763956969,0.0,-1.0,0,0
23729020_15,54,1,26,17.804493814764857,0.20101063870466673,0.10464964807033539,0.9026107737215441,1.604633092880249,0.17804493814764855,0.11993274269364645,0.0,-1.0,0,0
23729020_15,55,1,20,18.027756377319946,0.19908570647239685,0.11557820439338684,1.5828048509615265,1.679492473602295,0.18027756377319945,0.4730348135860323,0.25,-1.0,0,0
23729020_15,56,1,26,18.027756377319946,0.19383469682473403,0.15496671199798584,1.0953344811028702,1.6289540529251099,0.18027756377319945,0.009709662154539944,0.276393202250021,-1.0,0,0
23729020_15,57,1,20,18.027756377319946,0.2182202823460102,0.11889946460723877,1.142632830944978,1.6375923156738281,0.18027756377319945,0.0015396467945875125,0.32322330470336313,-1.0,0,0
23729020_15,58,1,19,18.439088914585774,0.27568958229140234,0.1899387538433075,0.6751676503663735,1.265035629272461,0.18439088914585777,0.20008278097331156,0.02565835097474313,-1.0,0,0
23729020_15,59,1,26,18.788294228055936,0.3288183636390246,0.1687677651643753,0.6561135247947789,1.1241333484649658,0.18788294228055935,0.03043623217423619,0.3136610018750175,-1.0,0,0
23729020_15,60,1,23,18.867962264113206,0.12527832000151926,0.0289745032787323,1.8278468826086556,2.2570409774780273,0.18867962264113206,0.23567967308277,0.14644660940672627,-1.0,0,0
23729020_15,61,1,24,19.1049731745428,0.2388722226023674,0.16069495677947998,0.8423889086060463,1.476435899734497,0.191049731745428,0.035458404672520094,0.1394448724536011,-1.0,0,0
23729020_15,62,1,24,19.72308292331602,0.30235041740039986,0.16911056637763977,0.6387859533861096,1.2906986474990845,0.19723082923316018,0.06688162382278673,0.08397485283107814,-1.0,0,0
23729020_15,63,1,26,20.808652046684813,0.231011550873518,0.11907561868429184,1.4595966309759838,1.5423123836517334,0.20808652046684814,0.48654782497001714,0.22264990188738543,-1.0,0,0
23729020_15,64,1,27,21.02379604162864,0.1351193734617145,0.015200257301330566,1.255780666368258,1.9790674448013306,0.2102379604162864,0.06647526115064134,0.0,-1.0,0,0
23729020_15,65,1,28,21.93171219946131,0.2024525622172015,0.07141432166099548,0.9964898910483673,1.5961500406265259,0.2193171219946131,0.034576119020502005,0.14644660940672624,-1.0,0,0
23729020_15,66,1,27,22.360679774997898,0.18996713820982863,0.044086527079343796,1.8596396651104987,2.0272409915924072,0.22360679774997894,0.5460291918657154,0.06276268390239692,-1.0,0,0
23729020_15,67,0,31,22.360679774997898,0.2984555022370431,0.1816663146018982,0.8976985067686833,1.3068181276321411,0.223606797749979,0.05296891956361527,0.31430466182294814,-1.0,0,0
23729020_15,68,1,26,25.019992006393608,0.2795214658746353,0.19062885642051697,0.7796756113793664,1.3821638822555542,0.2501999200639361,0.0008651996531498507,0.14644660940672624,-1.0,0,0
23729020_15,69,1,30,25.495097567963924,0.1803311395148436,0.06721992790699005,1.6216179933714425,2.01491641998291,0.25495097567963926,0.028527293005529974,0.32322330470336313,-1.0,0,0
23729020_15,70,1,28,27.073972741361768,0.20172006796513284,0.10691577196121216,1.1012578062686607,1.7206311225891113,0.2707397274136177,0.0051716637869791415,0.10471529247895256,-1.0,0,0
23729020_15,71,1,32,27.313000567495326,0.14906258787959814,0.032371342182159424,1.509436116697965,2.1441619396209717,0.27313000567495327,0.09214417140204012,0.0,-1.0,0,0
23729020_15,72,1,35,30.01666203960727,0.18865720416818346,0.09905040264129639,1.1391437244372011,1.7810299396514893,0.30016662039607267,0.005160759889596855,0.05278640450004206,-1.0,0,0
23729020_15,73,1,31,32.55764119219941,0.25343376542291335,0.0820886567234993,1.6843185922775867,1.402621865272522,0.3255764119219941,0.6522364502212548,0.3038838648618159,-1.0,0,0
23729020_15,74,1,39,33.421549934136806,0.147944212724001,0.02914145588874817,1.8949689338507905,2.273566246032715,0.33421549934136807,0.010793986226686425,0.276393202250021,-1.0,0,0
23729020_15,75,1,40,35.84689665786984,0.4582214906811714,0.14027829468250275,1.1003246069001742,0.9147602915763855,0.3584689665786984,0.5843432264588535,0.24275212228623674,-1.0,0,0
23729020_15,76,1,36,36.40054944640259,0.14431146097679934,0.0385526604950428,1.888723734134166,2.327655553817749,0.3640054944640259,0.030396019185724543,0.16666666666666666,-1.0,0,0
23729020_15,77,1,41,38.897300677553446,0.15041591808563326,0.04769958555698395,1.4394985131483873,1.9848520755767822,0.3889730067755345,0.012887026296028559,0.05278640450004208,-1.0,0,0
23729020_15,78,1,43,40.24922359499622,0.4143797037906425,0.14563971757888794,1.724026710073364,1.0060670375823975,0.40249223594996214,1.0727153142547676,0.24275212228623674,-1.0,0,0
23729020_15,79,1,43,41.6293165929973,0.2235061055005983,0.13164122402668,1.2588950242468053,1.5329147577285767,0.4162931659299729,0.033293898338234484,0.27639320225002106,-1.0,0,0
23729020_15,80,1,43,41.72529209005013,0.308080890497496,0.1327555775642395,0.7458200959502903,1.3177634477615356,0.41725292090050126,0.0010940651337137952,0.009709662154539887,-1.0,0,0
23729020_15,81,0,44,42.20189569201838,0.2798921750350432,0.051461413502693176,1.9158949174058861,1.3955779075622559,0.4220189569201839,0.9982980529234461,0.1,-1.0,0,0
23729020_15,82,1,45,45.48626166217664,0.1964234620332718,0.015212386846542358,1.3635976745837488,1.8018983602523804,0.4548626166217663,0.002121405230649298,0.10471529247895259,-1.0,0,0
23729020_15,83,1,45,45.803929962395145,0.1606858448849784,0.049906402826309204,1.4363476126117933,1.9190365076065063,0.45803929962395146,0.00648540088129379,0.05278640450004208,-1.0,0,0
23729020_15,84,1,49,49.76946855251722,0.47372411176258206,0.03840289264917374,1.782189831071523,1.194425344467163,0.49769468552517215,1.0023803636409538,0.08768943743823394,-1.0,0,0
23878540_15,0,0,3,2.8284271247461903,0.39213988184928894,0.37349918484687805,0.8785330705847203,0.9131830930709839,0.0282842712474619,0.9370657062662746,0.0,-1.0,0,0
23878540_15,1,0,8,6.082762530298219,0.38033758476376534,0.29149219393730164,0.6185842091197913,0.9732809662818909,0.060827625302982184,0.5844756175349182,0.0,-1.0,0,0
23878540_15,2,0,14,10.63014581273465,0.3636328705719539,0.3070189356803894,0.3174373786166722,0.9938498735427856,0.1063014581273465,0.03351381296337819,0.18377223398316206,-1.0,0,0
23878540_15,3,0,31,22.360679774997898,0.24044910938509048,0.19594433903694153,0.8262330062606518,1.4011883735656738,0.223606797749979,0.017665600961837002,0.1837722339831621,-1.0,0,0
23878540_15,4,0,40,39.05124837953327,0.16251125857234,0.06254014372825623,1.5855052146372275,1.9390054941177368,0.39051248379533277,0.005987236724157907,0.25,-1.0,0,0
23878540_15,5,0,43,39.81205847478876,0.2886688958766849,0.2051146924495697,0.9052311070831143,1.3309928178787231,0.39812058474788764,0.04879570070646844,0.12732200375003502,-1.0,0,0
24029035_15,0,0,4,2.23606797749979,0.30218081176280975,0.2827655076980591,1.5001766853792695,1.170386552810669,0.022360679774997897,1.3074294527936026,0.0,-1.0,0,0
24029035_15,1,1,4,3.1622776601683795,0.35594115406274796,0.3444768488407135,1.2426375897903466,1.0230103731155396,0.0316227766016838,1.1880044400731231,0.0,-1.0,0,0
24029035_15,2,0,5,3.1622776601683795,0.35780011415481566,0.33241504430770874,0.9827579581104811,1.0092412233352661,0.0316227766016838,0.941893958173531,0.0,-1.0,0,0
24029035_15,3,0,5,5.656854249492381,0.4495662212371826,0.3447814881801605,1.2838111684377944,0.8253006935119629,0.0565685424949238,1.401941932430908,0.0,-1.0,0,0
24029035_15,4,1,10,6.4031242374328485,0.39983035922050475,0.35478803515434265,0.029727085892794713,0.9018106460571289,0.06403124237432849,0.011098792961295234,0.05278640450004206,-1.0,0,0
24029035_15,5,0,10,7.280109889280518,0.487069708108902,0.4672945439815521,-0.18536021895788224,0.7156301140785217,0.07280109889280519,0.0005502170960477448,0.02565835097474313,-1.0,0,0
24029035_15,6,1,10,7.280109889280518,0.30171987116336824,0.2710752487182617,0.25376652410272893,1.1719295978546143,0.07280109889280519,0.009035827355309445,0.0,-1.0,0,0
24029035_15,7,1,11,7.615773105863909,0.4037005305290222,0.3586854934692383,0.13595746502362327,0.9231097102165222,0.07615773105863909,0.0527151709173837,0.08397485283107814,-1.0,0,0
24029035_15,8,1,14,9.848857801796104,0.13383528590202332,0.08403515815734863,1.150911724449081,2.048610210418701,0.09848857801796104,0.003812936012418555,0.0,-1.0,0,0
24029035_15,9,0,15,10.0,0.3290614942709605,0.133198544383049,1.1689021880063173,1.151284098625183,0.1,0.9176180893811339,0.0,-1.0,0,0
24029035_15,10,0,15,10.0,0.462087419629097,0.09186743199825287,0.9285987181808806,0.9190534353256226,0.1,0.9095452828552579,0.0,-1.0,0,0
24029035_15,11,1,15,10.770329614269007,0.2175749937693278,0.15787729620933533,0.701732027791649,1.574129343032837,0.10770329614269009,0.019899388616122116,0.0,-1.0,0,0
24029035_15,12,0,19,13.038404810405298,0.2804115963609595,0.2476765215396881,0.5868950948284899,1.258697748184204,0.130384048104053,0.09309800606128033,0.10471529247895259,-1.0,0,0
24029035_15,13,1,22,16.55294535724685,0.3107125596566634,0.2678375840187073,0.9672954147193822,1.1933785676956177,0.16552945357246848,0.5934586435239619,0.014928749927334057,-1.0,0,0
24029035_15,14,1,22,16.55294535724685,0.3255691799250516,0.2847173511981964,0.5411467153648293,1.0946705341339111,0.16552945357246848,0.09717449367528769,0.18377223398316206,-1.0,0,0
24029035_15,15,1,22,19.4164878389476,0.2135984135622328,0.1162792220711708,1.2215622076920845,1.6890736818313599,0.194164878389476,0.07402590786676427,0.26429773960448416,-1.0,0,0
24029035_15,16,1,24,19.72308292331602,0.3383792998890082,0.27619391679763794,0.6721158813003658,1.0738115310668945,0.19723082923316018,0.03237995386003356,0.36869356714027746,-1.0,0,0
24029035_15,17,1,27,21.2602916254693,0.3540346512088069,0.25184863805770874,0.41777339987985895,1.0449892282485962,0.212602916254693,0.05241352565293789,0.1077677297236319,-1.0,0,0
24029035_15,18,1,27,21.2602916254693,0.2236473747977504,0.09578011184930801,1.0816895867928027,1.605682611465454,0.212602916254693,0.0407541571852702,0.2226499018873854,-1.0,1,1
24029035_15,19,1,28,22.20360331117452,0.13290326190846308,0.08114984631538391,1.3682033169098053,2.0638909339904785,0.22203603311174513,0.01951366590518444,0.06276268390239692,-1.0,0,0
24029035_15,20,0,26,22.20360331117452,0.38011773797468495,0.028692297637462616,1.2944563849136501,1.3456038236618042,0.2220360331117452,0.6391270907018671,0.08768943743823394,-1.0,0,0
24029035_15,21,0,27,24.08318915758459,0.352905437902168,0.2624783217906952,0.6417740916032642,1.0641546249389648,0.2408318915758459,0.003454241755120213,0.3333333333333333,-1.0,0,0
24029035_15,22,1,30,24.186773244895647,0.1860907440384229,0.13705703616142273,1.3132165203906112,1.7168298959732056,0.24186773244895649,0.05451889196844917,0.3,-1.0,0,0
24029035_15,23,1,30,25.495097567963924,0.34435596615076064,0.24588005244731903,0.4250874551445034,1.1566441059112549,0.25495097567963926,0.013492373553609271,0.0,-1.0,0,0
24029035_15,24,1,34,29.410882339705484,0.3160623360206099,0.2436721920967102,0.7716017078349329,1.1725552082061768,0.29410882339705485,0.0010538113698854712,0.3038838648618159,-1.0,0,0
24029035_15,25,0,33,30.463092423455635,0.2018819437785582,0.14162081480026245,1.2386839990609921,1.562530517578125,0.30463092423455634,0.012943913485620517,0.3585786437626905,-1.0,0,0
24029035_15,26,0,35,30.805843601498726,0.32394179233482906,0.2104266732931137,0.6491709736832092,1.187845230102539,0.3080584360149873,0.006820698158956806,0.14644660940672627,-1.0,0,0
24029035_15,27,1,36,32.202484376209235,0.16740923416283396,0.09175193309783936,1.2785373008910308,1.8138577938079834,0.32202484376209234,0.015332659570919782,0.12732200375003502,-1.0,0,0
24029035_15,28,0,45,42.44997055358225,0.16284423967202505,0.061102911829948425,1.7050264779620696,2.0334270000457764,0.42449970553582245,0.02660826956794421,0.22049150281252627,-1.0,0,0
24029035_15,29,0,45,44.553338819890925,0.18580847101079093,0.1041354387998581,1.3331180165059218,1.7809075117111206,0.44553338819890925,0.0019618241169394035,0.10471529247895259,-1.0,0,0
24478825_15,0,0,3,2.0,0.28903860847155255,0.2801763713359833,0.6247317812165747,1.2259995937347412,0.02,0.3787321874818335,0.0,-1.0,0,0
24478825_15,1,0,5,4.0,0.4030797600746155,0.37562626600265503,0.20615066346245903,0.8934856653213501,0.04,0.16794970566215628,0.10471529247895259,-1.0,0,0
24478825_15,2,1,6,5.0990195135927845,0.321695809563001,0.29279327392578125,1.5403897362258343,1.1606483459472656,0.050990195135927854,1.1823045857359142,0.14644660940672627,-1.0,0,0
24478825_15,3,1,6,5.0990195135927845,0.4162069658438365,0.3653835654258728,0.06819179572625078,0.9041978716850281,0.050990195135927854,0.11300372890529475,0.0,-1.0,0,0
24478825_15,4,1,10,6.708203932499369,0.4345161855220795,0.3963412344455719,-0.0340618871951639,0.8354849219322205,0.0670820393249937,0.0019001612011366187,0.061470990346485344,-1.0,0,0
24478825_15,5,1,10,7.280109889280518,0.526798328757286,0.3064514696598053,0.6002736407375617,0.7436665296554565,0.07280109889280519,0.7838060121893001,0.0,-1.0,0,0
24478825_15,6,0,12,8.06225774829855,0.29149477432171506,0.22798384726047516,0.3098914841496634,1.2227699756622314,0.08062257748298549,0.006498931004446484,0.0,-1.0,0,0
24478825_15,7,1,11,9.055385138137417,0.2716551003131,0.16176778078079224,0.47631028222706795,1.3119338750839233,0.09055385138137417,0.07382255576177038,0.0,-1.0,1,1
24478825_15,8,1,11,10.0,0.43013053048740735,0.35958272218704224,-0.02052506208419802,0.879474937915802,0.1,0.0,0.0,-1.0,0,0
24478825_15,9,1,15,10.295630140987,0.30144351422786714,0.24545525014400482,0.4162736133795699,1.2449181079864502,0.10295630140987001,0.005636520080852692,0.06276268390239692,-1.0,0,0
24478825_15,10,1,16,13.152946437965905,0.2109766323119402,0.16981542110443115,1.0525529764711457,1.6543902158737183,0.13152946437965904,0.01426357448959259,0.25236972172817573,-1.0,0,0
24478825_15,11,1,24,19.1049731745428,0.26887634706993896,0.16515907645225525,0.8209341694909928,1.340248465538025,0.191049731745428,0.013242769957518885,0.276393202250021,-1.0,0,0
24478825_15,12,1,26,19.924858845171276,0.23557227849960327,0.11779077351093292,1.335119880504982,1.6167917251586914,0.19924858845171275,0.1905781520370866,0.3285014148574912,-1.0,0,0
24478825_15,13,0,29,24.041630560342615,0.349928361588511,0.14151820540428162,1.4540320967188896,1.204991340637207,0.24041630560342614,1.0086244504782564,0.0,-1.0,0,0
24478825_15,14,0,33,31.144823004794873,0.18074601324218692,0.07633741199970245,1.6806661899280773,1.9043848514556885,0.31144823004794875,0.33983310842444,0.125,-1.0,0,0
24478855_15,0,1,4,2.23606797749979,0.2784186825156212,0.2605322301387787,1.424309663400336,1.2456504106521606,0.022360679774997897,1.1562985729731774,0.0,-1.0,0,0
24478855_15,1,0,7,4.47213595499958,0.24504228574889048,0.21590006351470947,1.8862414026697656,1.409678339958191,0.044721359549995794,1.2480694691784169,0.18377223398316206,-1.0,0,0
24478855_15,2,0,13,8.94427190999916,0.360660575903379,0.304293692111969,0.37413393829121655,1.0883474349975586,0.08944271909999159,0.012571550210504434,0.18377223398316206,-1.0,0,0
24478855_15,3,1,13,9.433981132056603,0.1894286572933197,0.16430804133415222,0.7555029621445226,1.65861177444458,0.09433981132056603,0.0025513763793764133,0.0,-1.0,0,0
24478855_15,4,1,11,9.486832980505138,0.37365481799299066,0.30146023631095886,0.05235013291150992,0.9565473198890686,0.09486832980505139,0.0009344832173898143,0.0,-1.0,0,0
24478855_15,5,0,14,13.0,0.3645687869616917,0.22119998931884766,0.2749865477123985,1.0700221061706543,0.13,0.025658350974743116,0.04930609056700136,-1.0,0,0
24478855_15,6,1,18,13.601470508735444,0.28860849804348415,0.2262439727783203,0.7033782387252892,1.2616641521453857,0.13601470508735444,0.0018155166307331494,0.3038838648618159,-1.0,0,0
24478855_15,7,0,19,14.560219778561036,0.3196277394890785,0.1245463564991951,1.0994673524566618,1.1230220794677734,0.14560219778561037,0.830843075203278,0.0,-1.0,0,0
24478855_15,8,1,21,15.811388300841896,0.1450487815198444,0.04107779264450073,1.3856308530572985,2.041410446166992,0.15811388300841897,0.08610652388188716,0.1,-1.0,0,0
24478855_15,9,1,20,17.46424919657298,0.26347666755318644,0.09916451573371887,1.068483147375073,1.5597678422927856,0.17464249196572978,0.27260182277007233,0.061470990346485344,-1.0,0,0
24478855_15,10,1,24,19.1049731745428,0.2577700186520815,0.1548384428024292,0.829341487913797,1.3345082998275757,0.191049731745428,0.05378345634079329,0.25,-1.0,0,0
24478855_15,11,0,24,21.095023109728988,0.2801065243159731,0.061217300593853,1.0530817113344892,1.5740950107574463,0.2109502310972899,0.16803646947975293,0.1,-1.0,0,0
24478855_15,12,0,23,22.135943621178654,0.23807769754658575,0.17608366906642914,1.059553564971882,1.4617682695388794,0.22135943621178658,0.10003265697119496,0.276393202250021,-1.0,0,0
24478855_15,13,1,30,23.769728648009426,0.2999050870537758,0.10697084665298462,1.0127757318658284,1.2660983800888062,0.23769728648009425,0.4212906278586943,0.08768943743823394,-1.0,0,0
24478855_15,14,1,35,31.953090617340916,0.195585257347141,0.029239188879728317,1.7985928425986417,2.0878183841705322,0.3195309061734092,0.12694581265021626,0.26429773960448416,-1.0,0,0
24479170_15,0,1,6,5.0,0.340073565642039,0.29552948474884033,0.11949865818023686,1.0694986581802368,0.05,0.0,0.0,-1.0,0,0
24479170_15,1,0,8,6.082762530298219,0.28718041256070137,0.253516286611557,0.5495003316484919,1.260601282119751,0.060827625302982184,0.044299190242596764,0.18377223398316206,-1.0,0,0
24479170_15,2,0,13,8.602325267042627,0.2873267141672281,0.21992012858390808,0.4085410549061137,1.2679060697555542,0.08602325267042626,0.05461173248013318,0.0,-1.0,0,0
24479170_15,3,1,12,9.219544457292887,0.43260309596856433,0.26126664876937866,0.06676703074771018,0.9277262091636658,0.09219544457292889,0.04684537701111535,0.0,-1.0,1,1
24479170_15,4,1,26,21.95449840010015,0.31317412050870747,0.045786723494529724,1.672906946449758,1.4756882190704346,0.2195449840010015,0.677673743378322,0.3,-1.0,0,0
24479170_15,5,1,31,28.635642126552707,0.33980373028785954,0.26436299085617065,0.8552347659852837,1.1031149625778198,0.286356421265527,0.12387726515035596,0.34188611699158106,-1.0,0,0
24479215_15,0,0,4,2.23606797749979,0.3556428998708725,0.31430137157440186,0.5126258603728413,1.0483790636062622,0.022360679774997897,0.44188611699158103,0.0,-1.0,0,0
24479215_15,1,0,3,2.8284271247461903,0.27349857489267987,0.25220420956611633,1.2856001053424846,1.2583205699920654,0.0282842712474619,0.9989952641029575,0.0,-1.0,0,0
24479215_15,2,1,4,3.0,0.4007270112633705,0.3924034833908081,-0.036646355598743185,0.9076952934265137,0.03,0.025658350974743116,0.0,-1.0,0,0
24479215_15,3,0,5,3.1622776601683795,0.41207121014595033,0.38906174898147583,1.906535850721839,0.8798921704292297,0.0316227766016838,1.9950209036909257,0.0,-1.0,0,0
24479215_15,4,1,6,4.123105625617661,0.26317482193311054,0.24061158299446106,0.42870939603386304,1.310623049736023,0.0412310562561766,0.05119693906692019,0.02565835097474313,-1.0,0,0
24479215_15,5,0,4,4.242640687119285,0.4655517563223839,0.43686285614967346,1.573000181314601,0.7667204141616821,0.042426406871192854,1.6174067508750003,0.14644660940672627,-1.0,0,0
24479215_15,6,0,4,4.242640687119285,0.2566586844623089,0.22828765213489532,1.599352638208119,1.3638197183609009,0.042426406871192854,1.193106512976025,0.0,-1.0,0,0
24479215_15,7,0,5,4.242640687119285,0.3030700206756592,0.29289698600769043,1.2535018874528059,1.186889886856079,0.042426406871192854,1.024185593725534,0.0,-1.0,0,0
24479215_15,8,0,4,4.242640687119285,0.3041338697075844,0.27502837777137756,1.1296597267227106,1.193252444267273,0.042426406871192854,0.8939808755842448,0.0,-1.0,0,0
24479215_15,9,0,7,4.47213595499958,0.31868461625916616,0.30822575092315674,1.4075810311620023,1.1691994667053223,0.044721359549995794,1.047213595499958,0.1464466094067262,-1.0,0,0
24479215_15,10,1,9,5.830951894845301,0.2091108030743069,0.18974342942237854,0.7549144247866286,1.5384514331817627,0.058309518948453,0.030831468906377668,0.12732200375003502,-1.0,0,0
24479215_15,11,1,7,6.324555320336759,0.2054841092654637,0.18948715925216675,0.9106586737847988,1.5846296548843384,0.0632455532033676,0.012783465697092988,0.25,-1.0,0,0
24479215_15,12,0,10,6.4031242374328485,0.3225813001394272,0.2909848690032959,0.21340555144784412,1.1130950450897217,0.06403124237432849,0.036279263983793886,0.0,-1.0,0,0
24479215_15,13,0,6,7.0710678118654755,0.3902788311243057,0.3713400363922119,0.05836610277398213,0.9363387227058411,0.07071067811865475,0.05131670194948634,0.0,-1.0,0,0
24479215_15,14,0,11,7.810249675906654,0.34222696179693396,0.23870769143104553,0.3881332784889653,1.1170508861541748,0.07810249675906655,0.002153366776144805,0.19082652879957887,-1.0,0,0
24479215_15,15,0,13,8.602325267042627,0.2553876294539525,0.2250443994998932,0.5606296935418733,1.3698294162750244,0.08602325267042626,6.173211747012575e-05,0.10471529247895259,-1.0,0,0
24479215_15,16,0,13,8.94427190999916,0.34812392179782575,0.2775953412055969,0.15972022478170533,1.0650792121887207,0.08944271909999159,0.005198293492993167,0.0,-1.0,0,0
24479215_15,17,0,11,10.0,0.4104943167079579,0.36362582445144653,0.33266261452614465,0.9058968424797058,0.1,0.02676577204643865,0.3,-1.0,0,0
24479215_15,18,0,15,10.295630140987,0.29296077887217203,0.25022196769714355,0.4875163027862668,1.26710045337677,0.10295630140987001,0.009691818275994857,0.1077677297236319,-1.0,0,0
24479215_15,19,0,18,12.041594578792296,0.3612765338685777,0.25226694345474243,0.4343144028078021,1.0402936935424805,0.12041594578792296,0.12715815407067227,0.1464466094067262,-1.0,0,0
24479215_15,20,0,17,13.0,0.34506314466981325,0.28440308570861816,0.5051241849812009,1.0495227575302124,0.13,0.07560142745098863,0.25,-1.0,0,0
24479215_15,21,0,11,14.142135623730951,0.3195938630537553,0.27324438095092773,0.5025196687785249,1.204095482826233,0.1414213562373095,2.220446049250313e-16,0.1570028297149823,-1.0,0,0
24479215_15,22,0,20,15.0,0.2886261574923992,0.22620901465415955,0.716218260750791,1.2553106546401978,0.15,0.010907606110593215,0.3,-1.0,0,0
24479215_15,23,0,17,16.0,0.34001655263059277,0.25261032581329346,0.5017727588717629,1.122353434562683,0.16,0.019419324309079777,0.2,-1.0,0,0
24479215_15,24,0,13,16.97056274847714,0.35326255972568804,0.2895379662513733,0.542351201768505,1.055993914604187,0.16970562748477142,0.01276779481773066,0.30388386486181596,-1.0,0,0
24479215_15,25,0,27,18.439088914585774,0.24553266002072227,0.14930391311645508,1.1475407390123284,1.5840792655944824,0.18439088914585774,0.3790705842719885,0.0,-1.0,0,0
24479215_15,26,0,26,20.615528128088304,0.2582333798591907,0.05917598307132721,1.5491917531202022,1.520982027053833,0.20615528128088303,0.682609572331885,0.1394448724536011,-1.0,0,0
24479215_15,27,0,31,29.410882339705484,0.25304069297928966,0.09608174115419388,1.5654078339742479,1.386966586112976,0.29410882339705485,0.6185930672971258,0.2657393571670909,-1.0,0,0
24479215_15,28,0,50,35.4682957019364,0.2828014379739761,0.18668462336063385,0.6946525741027794,1.301788091659546,0.354682957019364,0.038181525423869545,0.0,-1.0,0,0
24479215_15,29,0,43,46.69047011971501,0.16530728028264158,0.07728738337755203,1.7177184679562916,1.7794245481491089,0.46690470119715,0.36667392613108,0.10471529247895259,-1.0,0,0
24479215_15,30,0,46,49.57822102496216,0.21393930782442508,0.04890702664852142,1.270719453801111,1.6253947019577026,0.4957822102496216,0.0030959321870610568,0.1464466094067262,-1.0,0,0
24628885_15,0,1,8,5.830951894845301,0.26637499779462814,0.25083619356155396,0.7247188559623652,1.3113038539886475,0.058309518948453,0.32651000381629636,0.028595479208968284,-1.0,0,0
24628885_15,1,1,9,7.0710678118654755,0.383900781472524,0.3147204518318176,0.33768824310881973,1.0316636562347412,0.07071067811865475,0.05154167477226168,0.18377223398316206,-1.0,0,0
24628885_15,2,1,11,7.615773105863909,0.17583077062260022,0.12534642219543457,0.9665856054257325,1.6620632410049438,0.07615773105863909,0.14438978053107138,0.08397485283107814,-1.0,0,0
24628885_15,3,1,12,8.54400374531753,0.3403386225303014,0.2560350298881531,0.3146501605004528,1.0635390281677246,0.0854400374531753,0.11288469037951077,0.05278640450004208,-1.0,0,0
24628885_15,4,0,12,9.219544457292887,0.22935333599646887,0.19831952452659607,0.6600633437231638,1.4730406999588013,0.09219544457292889,0.09482719919143362,0.0,-1.0,0,0
24628885_15,5,0,14,11.40175425099138,0.34103927442005705,0.30238276720046997,0.3655162393378948,1.0918233394622803,0.11401754250991379,0.013228747958974552,0.14644660940672624,-1.0,0,0
24628885_15,6,0,15,12.083045973594572,0.363931268453598,0.2566939890384674,0.4434827715718277,1.075552225112915,0.12083045973594571,0.24710008672296696,0.0,-1.0,0,0
24628885_15,7,1,18,13.601470508735444,0.17045395407411787,0.0957099199295044,1.1252623221101095,1.858962893486023,0.13601470508735444,0.025569431057779313,0.10471529247895259,-1.0,0,0
24628885_15,8,0,16,14.035668847618199,0.20720682060346007,0.05682038515806198,1.3722298956592902,1.7097549438476562,0.14035668847618202,0.3383460293522901,0.18377223398316206,-1.0,2,1
24628885_15,9,0,20,14.317821063276353,0.32756192684173585,0.2599532902240753,0.6064704217459798,1.1590770483016968,0.1431782106327635,0.30421516281151945,0.0,-1.0,0,0
24628885_15,10,0,12,15.556349186104045,0.37529484430948895,0.1806669533252716,0.40205779888597926,1.0783846378326416,0.15556349186104046,0.16810966919229708,0.0,-1.0,0,0
24628885_15,11,1,21,15.811388300841896,0.2357530686117354,0.13833706080913544,1.3286234153003633,1.5648456811904907,0.15811388300841897,0.5528774466014115,0.05278640450004208,-1.0,0,0
24628885_15,12,0,22,16.401219466856727,0.17275300080125983,0.08019256591796875,1.2596270881788327,1.911969780921936,0.16401219466856723,0.026642282873347134,0.1570028297149823,-1.0,0,0
24628885_15,13,1,20,16.76305461424021,0.2613569498062134,0.05074521154165268,1.8265481834702242,1.511711597442627,0.1676305461424021,1.0857350495387101,0.061470990346485344,-1.0,0,0
24628885_15,14,0,20,17.26267650163207,0.3940482050180435,0.33234524726867676,0.4937986896450428,0.9640693664550781,0.17262676501632068,0.015216441182063112,0.34188611699158106,-1.0,0,0
24628885_15,15,0,25,21.587033144922902,0.2855768984556198,0.21427468955516815,0.9464496189891225,1.2889349460601807,0.215870331449229,0.11314292662222158,0.3285014148574912,-1.0,0,0
24628885_15,16,1,28,21.93171219946131,0.24577678101403372,0.1787431389093399,0.8997893862068027,1.4598478078842163,0.2193171219946131,0.06362162661299087,0.1570028297149823,-1.0,0,0
24628885_15,17,0,30,23.769728648009426,0.1289286161462466,0.041160136461257935,1.7764489146509033,2.288037061691284,0.23769728648009425,0.19792816197948282,0.05278640450004208,-1.0,0,0
24628885_15,18,1,28,24.186773244895647,0.22005967290273734,0.11333350092172623,1.5575727962097927,1.7421592473983765,0.24186773244895649,0.46883052388350727,0.10471529247895256,-1.0,0,0
24628885_15,19,1,32,26.40075756488817,0.28896957030519843,0.19203373789787292,0.7132966866506283,1.2937986850738525,0.2640075756488817,0.028168422177858976,0.12732200375003502,-1.0,0,0
24628885_15,20,1,29,28.284271247461902,0.3267704032618424,0.23761101067066193,0.6215712812833225,1.1454769372940063,0.282842712474619,0.02658496484803058,0.16666666666666666,-1.0,0,0
24628885_15,21,1,35,34.23448553724738,0.15963910775525228,0.04978778958320618,1.8124376214868927,2.200991153717041,0.3423448553724738,0.12265500299065163,0.1464466094067262,-1.0,0,0
24628885_15,22,1,40,35.84689665786984,0.37795099932700393,0.07792092859745026,1.328049595248335,1.246120572090149,0.3584689665786984,0.5840151841258867,0.1394448724536011,-1.0,0,0
24628885_15,23,1,43,45.31004303683677,0.1560843411053336,0.04270755872130394,1.751702611225109,2.160296678543091,0.45310043036836767,0.010983498563615912,0.12732200375003502,-1.0,0,0
24629200_15,0,0,3,2.0,0.4722931385040283,0.4535186290740967,0.7817415045685125,0.7569918632507324,0.02,1.00474964131778,0.0,-1.0,0,0
24629200_15,1,0,6,4.123105625617661,0.16084385911623636,0.1428963840007782,0.9379124767414453,1.8169198036193848,0.0412310562561766,0.07976161686588379,0.0,-1.0,0,0
24629200_15,2,0,6,4.123105625617661,0.33495232959588367,0.3129523992538452,1.5621223966709987,1.066593885421753,0.0412310562561766,1.3915347710906718,0.06276268390239692,-1.0,0,0
24629200_15,3,0,7,4.47213595499958,0.22006526589393616,0.20534497499465942,0.5652032892025671,1.5154566764831543,0.044721359549995794,0.005025253169416932,0.0,-1.0,0,0
24629200_15,4,0,8,5.0,0.38515014201402664,0.34949398040771484,0.13667186240007045,0.9583196640014648,0.05,0.04501886506527236,0.08333333333333333,-1.0,0,0
24629200_15,5,1,8,5.385164807134504,0.36114510893821716,0.3294490575790405,1.2267085195845402,1.0433506965637207,0.05385164807134504,1.0680351846029892,0.061470990346485344,-1.0,0,0
24629200_15,6,0,5,5.656854249492381,0.25621817708015443,0.2359590381383896,0.4792261742692623,1.365147352218628,0.0565685424949238,0.004723875055668292,0.05278640450004206,-1.0,0,0
24629200_15,7,1,10,7.280109889280518,0.2900041788816452,0.24671363830566406,0.3891864756106562,1.2466462850570679,0.07280109889280519,0.04408074068604001,0.02565835097474313,-1.0,0,0
24629200_15,8,1,10,7.280109889280518,0.2622350215911865,0.23543843626976013,0.49883005471527,1.3780546188354492,0.07280109889280519,0.02231598601227236,0.02565835097474313,-1.0,0,0
24629200_15,9,1,11,7.615773105863909,0.3915362303907221,0.32460761070251465,0.09454292348198123,0.9036489129066467,0.07615773105863909,0.08907792854195218,0.02565835097474313,-1.0,0,0
24629200_15,10,0,13,9.433981132056603,0.17504248023033142,0.14331120252609253,0.8814585787870248,1.7587026357650757,0.09433981132056603,0.02841613170138313,0.0,-1.0,0,0
24629200_15,11,1,16,11.180339887498949,0.20944206696003675,0.14963027834892273,0.8061989446065181,1.602749228477478,0.1118033988749895,0.012157040414213172,0.07948927683983739,-1.0,0,0
24629200_15,12,0,15,12.165525060596439,0.2843582987785339,0.20160192251205444,0.5333916478469396,1.259369969367981,0.12165525060596437,0.012921555419393382,0.1394448724536011,-1.0,0,0
24629200_15,13,0,16,12.206555615733702,0.21935152169317007,0.17042067646980286,0.8077158242581535,1.5085201263427734,0.12206555615733702,0.030683532351316822,0.1464466094067262,-1.0,0,0
24629200_15,14,0,18,13.45362404707371,0.2431368182102839,0.11259286105632782,0.8847667935924846,1.4264180660247803,0.13453624047073712,0.28478970996161146,0.03902277713535565,-1.0,0,0
24629200_15,15,0,18,13.892443989449804,0.24738925612635082,0.15549291670322418,1.0353106514818449,1.4168906211853027,0.13892443989449807,0.15627228569868123,0.32322330470336313,-1.0,0,0
24629200_15,16,0,15,14.0,0.2960133155186971,0.19500719010829926,1.08729523651537,1.2615998983383179,0.14,0.6856953381770519,0.0,-1.0,0,0
24629200_15,17,1,21,17.0,0.25815134601933615,0.2175055742263794,1.1119974832311619,1.3504430055618286,0.17,0.530083487322848,0.061470990346485344,-1.0,0,0
24629200_15,18,0,25,19.209372712298546,0.23548143327236176,0.16422033309936523,1.8952392992312665,1.4469327926635742,0.19209372712298545,1.0062127794447067,0.25,-1.0,0,0
24629200_15,19,0,21,20.396078054371138,0.13179118292672293,0.06330287456512451,1.5510432813400188,2.169804573059082,0.20396078054371142,0.03083131833049879,0.14644660940672627,-1.0,0,0
24629200_15,20,0,24,21.095023109728988,0.2966479949342708,0.03136064112186432,1.4709491136578245,1.9934366941452026,0.21095023109728983,0.16967507583025965,0.09688711258507256,-1.0,0,0
24629200_15,21,0,39,35.90264614203248,0.14717940451242986,0.05311313271522522,1.7151251432433052,1.872093677520752,0.3590264614203249,0.18400500430222827,0.3,-1.0,0,0
24629200_15,22,0,44,43.01162633521314,0.19302163721824234,0.03584201633930206,1.912146727683699,1.9742488861083984,0.4301162633521314,0.45499517372312737,0.05278640450004204,-1.0,0,0
24779275_15,0,0,4,2.23606797749979,0.37838171422481537,0.36641165614128113,1.0226451077148861,0.9555630683898926,0.022360679774997897,1.0447213595499958,0.0,-1.0,0,0
24779275_15,1,1,7,6.0,0.3622580553804125,0.34572476148605347,0.2327067503317728,1.0197263956069946,0.06,0.025658350974743116,0.12732200375003502,-1.0,0,0
24779275_15,2,0,10,8.06225774829855,0.33223807215690615,0.26976996660232544,0.16008020205868534,1.0717355012893677,0.08062257748298549,0.007722123286332261,0.0,-1.0,0,0
24779275_15,3,1,12,11.0,0.3800664593776067,0.30284833908081055,0.39061912635010954,1.0049607753753662,0.11,0.025658350974743116,0.25,-1.0,0,0
24779275_15,4,0,18,12.041594578792296,0.22023261400560537,0.0533967986702919,1.710466928563438,1.6850627660751343,0.12041594578792296,0.7972204869767492,0.1077677297236319,-1.0,0,0
24779275_15,5,1,16,14.035668847618199,0.3093902338296175,0.2052503228187561,0.8731831082392207,1.1242295503616333,0.14035668847618202,0.33220366715138444,0.27639320225002106,-1.0,0,0
24779275_15,6,0,21,20.0,0.36161739911351887,0.2830394208431244,0.5723570903142292,1.039023756980896,0.2,0.0,0.3333333333333333,-1.0,0,0
24779275_15,7,0,33,29.120439557122072,0.23948103099158316,0.09720305353403091,0.9458813223733031,1.417028546333313,0.29120439557122074,0.01715687765624324,0.22049150281252627,-1.0,0,0
24779275_15,8,0,30,29.832867780352597,0.19473823408285776,0.10610917210578918,0.9751106492492712,1.6715391874313354,0.29832867780352595,0.005242784014409918,0.0,-1.0,0,0
25079170_15,0,1,6,3.605551275463989,0.3895123104254405,0.36145976185798645,0.011035678894102396,0.9367656707763672,0.0360555127546399,0.03821449536309529,0.0,-1.0,0,0
25079170_15,1,1,7,6.324555320336759,0.3535888833659036,0.29506760835647583,0.19712572544510576,1.1092053651809692,0.0632455532033676,0.024674807060768966,0.0,-1.0,0,0
25079170_15,2,1,6,7.0710678118654755,0.14935352901617685,0.12093541026115417,1.293745689661674,1.886675238609314,0.07071067811865475,0.14644660940672627,0.18991316352697882,-1.0,0,0
25079170_15,3,0,11,7.211102550927978,0.35201861370693555,0.3169171214103699,0.45179194201734507,1.0275862216949463,0.0721110255092798,0.03779003299017086,0.31430466182294814,-1.0,0,0
25079170_15,4,0,9,8.0,0.33030516902605694,0.2446371614933014,0.37839855052256754,1.1768007278442383,0.08,0.0168825301993768,0.10471529247895256,-1.0,0,0
25079170_15,5,0,13,8.602325267042627,0.39602379156992984,0.3563392162322998,0.0390556339681567,0.8992053270339966,0.08602325267042626,0.0538270542637338,0.0,-1.0,0,0
25079170_15,6,1,10,9.0,0.320570769906044,0.25160104036331177,0.3734427976772803,1.164099931716919,0.09,0.035368013129283005,0.08397485283107814,-1.0,0,0
25079170_15,7,0,11,9.486832980505138,0.37827708504416724,0.2785806357860565,0.07018800189605767,0.9360902309417725,0.09486832980505139,0.03922944114923371,0.0,-1.0,0,0
25079170_15,8,0,12,10.04987562112089,0.24919583400090536,0.22999151051044464,0.830983528725967,1.401221513748169,0.1004987562112089,0.04008176944448105,0.289181489322108,-1.0,0,0
25079170_15,9,1,13,12.0,0.28484713572722214,0.18306316435337067,0.7201886936488378,1.3361908197402954,0.12,0.042540881174119916,0.22145699273442224,-1.0,0,0
25079170_15,10,0,14,13.038404810405298,0.2708178535103798,0.19028323888778687,0.6682741999149431,1.4582481384277344,0.130384048104053,0.07964201338315557,0.0,-1.0,0,0
25079170_15,11,1,19,14.866068747318506,0.2347675256038967,0.19958199560642242,0.7451113004432133,1.4875142574310303,0.14866068747318506,0.05614995103895587,0.05278640450004208,-1.0,0,0
25079170_15,12,1,25,17.88854381999832,0.2757215911149979,0.2088540494441986,0.813430152304621,1.319345474243164,0.17888543819998318,0.09470773704894758,0.22049150281252627,-1.0,0,0
25079170_15,13,0,22,18.027756377319946,0.16537618230689655,0.09638318419456482,1.3899243937679073,1.8654054403305054,0.1802775637731995,0.05637342402016665,0.2878679656440358,-1.0,0,0
25079170_15,14,1,22,21.0,0.3068658140572635,0.20980361104011536,0.6412799202875796,1.2410317659378052,0.21,0.025658350974743116,0.16458980337503157,-1.0,0,0
25079170_15,15,0,26,22.561028345356956,0.24156096463020033,0.09531701356172562,1.146491102579402,1.5689976215362549,0.2256102834535695,0.18521653092291113,0.16666666666666666,-1.0,0,0
25079170_15,16,1,28,27.0,0.1347791009715625,0.02605503797531128,1.491517544776623,2.19585919380188,0.27,0.025658350974743116,0.0,-1.0,0,0
25079170_15,17,0,33,32.01562118716424,0.2281882180408998,0.1231410950422287,1.5269923837616695,1.770805835723877,0.32015621187164245,0.2693636694994838,0.16666666666666666,-1.0,0,0
25079170_15,18,0,34,33.95585369269929,0.25630732844857607,0.043008435517549515,1.4609008577504699,1.8074066638946533,0.33955853692699295,0.08509872920214384,0.22883692772667977,-1.0,0,0
25079170_15,19,0,35,38.2099463490856,0.3331610726458686,0.026851490139961243,1.6978885908814023,1.4400169849395752,0.382099463490856,0.6968527919849387,0.1789193504660322,-1.0,1,1
25079170_15,20,0,39,45.221676218380054,0.5385071283731705,0.00955604575574398,1.8244750431610806,1.2408849000930786,0.4522167621838005,1.1313733808842017,0.0,-1.0,0,0
26278720_15,0,1,5,4.0,0.14037737250328064,0.1315479278564453,1.147124278228032,1.9703630208969116,0.04,0.13676125733112027,0.0,-1.0,0,0
26278720_15,1,0,7,4.47213595499958,0.3828396201133728,0.3552511930465698,1.077093884414789,0.9373977780342102,0.044721359549995794,1.0949747468305833,0.0,-1.0,0,0
26278720_15,2,1,9,5.830951894845301,0.4026991691854265,0.35923951864242554,-0.016707464099454006,0.9192439913749695,0.058309518948453,0.005739025577123524,0.0,-1.0,0,0
26278720_15,3,0,15,11.661903789690601,0.31639035741488136,0.284563809633255,0.36975071633301937,1.1669493913650513,0.116619037896906,0.0861822870710619,0.0,-1.0,0,0
26278720_15,4,1,19,12.806248474865697,0.19457647674962095,0.1269579529762268,0.8309372763004115,1.6274687051773071,0.12806248474865697,0.022619681874405217,0.05278640450004206,-1.0,0,0
26278720_15,5,1,27,18.439088914585774,0.23405113540313863,0.18272638320922852,0.7444890116953027,1.4462778568267822,0.18439088914585774,0.00910497324371029,0.10471529247895259,-1.0,0,0
26278720_15,6,1,22,22.135943621178654,0.12232885306531732,0.041149646043777466,1.6450983948685214,2.361095666885376,0.22135943621178658,0.009856887271316728,0.05278640450004208,-1.0,0,0
26278720_15,7,0,27,22.80350850198276,0.13743737229594477,0.07290114462375641,1.6481279869748562,2.064805269241333,0.22803508501982758,0.013401515722114732,0.34188611699158106,-1.0,0,0
26278720_15,8,1,26,23.194827009486403,0.13125144804899508,0.09206625819206238,1.6094183997481784,2.1394388675689697,0.23194827009486402,0.009194334357664813,0.22883692772667977,-1.0,0,0
26278720_15,9,0,38,33.12099032335839,0.19399085170344302,0.050346098840236664,1.6931161255776064,1.8070073127746582,0.3312099032335839,0.41545403711576334,0.1394448724536011,-1.0,0,0
26428735_15,0,1,4,3.1622776601683795,0.3222428783774376,0.29551684856414795,1.3489841281187611,1.1266566514968872,0.0316227766016838,1.19070470002019,0.0,-1.0,0,0
26428735_15,1,0,11,7.615773105863909,0.3629822785204107,0.3179197609424591,0.21989876045167622,0.9974369406700134,0.07615773105863909,0.029786583146709122,0.11651750557631477,-1.0,0,0
26428735_15,2,1,11,7.810249675906654,0.23220129175619644,0.17553609609603882,0.6002047781430806,1.4238719940185547,0.07810249675906655,0.01054084992722537,0.08768943743823394,-1.0,0,0
26428735_15,3,0,11,7.810249675906654,0.19493001699447632,0.17823508381843567,0.8088500976042936,1.6236698627471924,0.07810249675906655,0.002362445619082054,0.10471529247895259,-1.0,0,0
26428735_15,4,0,9,8.0,0.380392634206348,0.3553049564361572,0.41450349892769744,0.9711743593215942,0.08,0.16332913960610307,0.2,-1.0,0,0
26428735_15,5,0,10,8.06225774829855,0.2893311113119125,0.26402169466018677,0.3163084155139624,1.2304916381835938,0.08062257748298549,0.005194199847383174,0.0,-1.0,0,0
26428735_15,6,1,10,9.055385138137417,0.2741090402007103,0.21134433150291443,0.7088368975404025,1.4374909400939941,0.09055385138137417,0.034345496658307995,0.1464466094067262,-1.0,0,0
26428735_15,7,0,14,9.848857801796104,0.19102856623274939,0.1032816469669342,1.1251409537153183,1.7940173149108887,0.09848857801796104,0.08618845137974274,0.14644660940672627,-1.0,0,0
26428735_15,8,0,11,10.198039027185569,0.10542344776066867,0.03693670034408569,1.8612003454276915,2.581691265106201,0.10198039027185571,0.05252869004963456,0.125,-1.0,0,0
26428735_15,9,0,11,10.198039027185569,0.3321830156174573,0.22760902345180511,0.4006749913860861,1.1066920757293701,0.10198039027185571,0.08423479566122843,0.1077677297236319,-1.0,0,0
26428735_15,10,0,14,10.63014581273465,0.2992673186319215,0.1937893182039261,0.541152395050708,1.1403915882110596,0.1063014581273465,0.29445934871230206,0.0,-1.0,0,0
26428735_15,11,0,15,10.770329614269007,0.23904594381650288,0.1841311752796173,0.6240652112472236,1.4508166313171387,0.10770329614269009,0.012758879287352864,0.05278640450004208,-1.0,0,0
26428735_15,12,0,20,16.278820596099706,0.3038200378417969,0.25565630197525024,0.6613219246914084,1.2089323997497559,0.16278820596099705,0.013208116730634323,0.27639320225002106,-1.0,0,0
26428735_15,13,0,20,17.11724276862369,0.30970587134361266,0.24263417720794678,0.5177189147453392,1.1840165853500366,0.1711724276862369,0.057814609230113057,0.10471529247895259,-1.0,0,0
26428735_15,14,0,22,18.24828759089466,0.31767218153585086,0.20198296010494232,0.45553042491564977,1.2124603986740112,0.18248287590894655,0.03492879935794885,0.02565835097474313,-1.0,0,0
26428735_15,15,0,23,19.6468827043885,0.1672493323035862,0.11464980244636536,1.1465121890482388,1.8218210935592651,0.196468827043885,0.0009002646950538873,0.12732200375003502,-1.0,0,0
26428735_15,16,0,27,23.53720459187964,0.2775407328649803,0.217196524143219,0.7702955140744208,1.28944993019104,0.2353720459187964,0.02282363607719906,0.22264990188738543,-1.0,0,0
26428735_15,17,0,35,33.52610922848042,0.21698959938117435,0.1242276132106781,1.5186623142392408,1.6380035877227783,0.3352610922848042,0.21206430089832484,0.3333333333333333,-1.0,0,0
26578720_15,0,1,6,3.605551275463989,0.3297714094320933,0.3011535406112671,0.3053735495817771,1.1194647550582886,0.0360555127546399,0.14985328176884866,0.0,-1.0,0,0
26578720_15,1,0,6,5.0,0.3517642766237259,0.3063565790653229,1.7670004102770744,1.0283645391464233,0.05,1.688635871130651,0.0,-1.0,0,0
26578720_15,2,1,8,5.385164807134504,0.32424935325980186,0.2722663879394531,0.27586059457958667,1.1050525903701782,0.05385164807134504,0.11695635613806343,0.0,-1.0,0,0
26578720_15,3,1,10,6.4031242374328485,0.35407302975654603,0.31323859095573425,0.25894014131742193,1.0179166793823242,0.06403124237432849,0.148396740351801,0.028595479208968284,-1.0,0,0
26578720_15,4,0,10,8.06225774829855,0.34615092277526854,0.3177071809768677,0.2283702805030976,1.0941267013549805,0.08062257748298549,0.05362100166513167,0.0,-1.0,0,0
26578720_15,5,1,10,8.06225774829855,0.29847136586904527,0.237018421292305,0.43415393190010976,1.2206236124038696,0.08062257748298549,0.13290774201325484,0.0,-1.0,0,0
26578720_15,6,0,13,8.602325267042627,0.3997919582403623,0.33335191011428833,0.084963197486424,0.9222602844238281,0.08602325267042626,0.015208670045684047,0.061470990346485344,-1.0,0,0
26578720_15,7,0,11,10.198039027185569,0.377552330493927,0.3090728521347046,0.2331018017475608,0.9467977285385132,0.10198039027185571,0.03787707353046571,0.14644660940672627,-1.0,0,0
26578720_15,8,1,12,11.0,0.18543795247872671,0.08922560513019562,1.0894061969128144,1.779517412185669,0.11,0.07256678097711033,0.12732200375003502,-1.0,0,0
26578720_15,9,1,17,11.40175425099138,0.2640261693912394,0.21201899647712708,0.6589063659464278,1.485514521598816,0.11401754250991379,0.05937430183769826,0.0,-1.0,0,0
26578720_15,10,1,15,11.661903789690601,0.39415621757507324,0.3198736310005188,0.4434298397338323,0.9590681195259094,0.116619037896906,0.2837678294799386,0.08397485283107814,-1.0,0,0
26578720_15,11,1,16,13.152946437965905,0.38619380071759224,0.33542993664741516,0.17689159964660095,1.0104520320892334,0.13152946437965904,0.00631462396874044,0.028595479208968284,-1.0,0,0
26578720_15,12,1,18,13.601470508735444,0.26028670370578766,0.15835055708885193,1.344556194456302,1.3911175727844238,0.13601470508735444,0.633651682601362,0.18377223398316206,-1.0,0,0
26578720_15,13,0,18,13.892443989449804,0.23190845300753912,0.09548327326774597,1.395630611720322,1.5092390775680542,0.13892443989449807,0.642751801778817,0.10471529247895256,-1.0,0,0
26578720_15,14,0,16,14.317821063276353,0.3540021162480116,0.32033848762512207,1.1854193838962508,1.0400865077972412,0.1431782106327635,1.002154665466246,0.0,-1.0,0,0
26578720_15,15,1,16,14.317821063276353,0.2645064638927579,0.14546605944633484,0.6736040376266537,1.3999987840652466,0.1431782106327635,0.003105039178608604,0.12732200375003502,-1.0,3,1
26578720_15,16,0,19,14.866068747318506,0.19104743356767453,0.07991508394479752,1.529923375923322,1.8025262355804443,0.14866068747318506,0.39123645286969255,0.1875,-1.0,0,0
26578720_15,17,1,20,16.278820596099706,0.34315133541822435,0.2585911452770233,0.34949461562949513,1.070338487625122,0.16278820596099705,0.008600192319744127,0.1077677297236319,-1.0,2,1
26578720_15,18,1,22,18.027756377319946,0.27846604314717377,0.1810070425271988,0.5474316871375446,1.3050285577774048,0.1802775637731995,0.03353008637797217,0.028595479208968284,-1.0,0,0
26578720_15,19,1,19,18.110770276274835,0.1974382431883561,0.14785775542259216,1.100481192523266,1.6912277936935425,0.18110770276274835,0.028145696066975145,0.2,-1.0,0,0
26578720_15,20,1,22,19.235384061671343,0.25681149620901456,0.18789026141166687,0.7385770020411957,1.4093965291976929,0.19235384061671346,0.009504628476754484,0.12732200375003502,-1.0,3,1
26578720_15,21,0,26,24.020824298928627,0.20537760853767395,0.11775484681129456,1.2326763417124411,1.6263275146484375,0.24020824298928628,0.032807250741384186,0.3333333333333333,-1.0,0,0
26578720_15,22,1,27,26.019223662515376,0.2061910637550884,0.08561283349990845,1.087887450599502,1.7992011308670044,0.2601922366251537,0.028494083107343804,0.0,-1.0,0,0
26878690_15,0,0,4,3.0,0.2968788743019104,0.27730777859687805,0.6686859411033754,1.1959338188171387,0.03,0.4427521222862367,0.0,-1.0,0,0
26878690_15,1,0,12,8.54400374531753,0.313123752673467,0.2687317430973053,0.4388989477450469,1.1854755878448486,0.0854400374531753,0.02153671304029653,0.1464466094067262,-1.0,0,0
26878690_15,2,1,19,18.973665961010276,0.14654333654202914,0.05755877494812012,1.7173340213418036,2.035083293914795,0.18973665961010278,0.41677813652883416,0.07573593128807152,-1.0,1,1
