image_id,query_index,distance_class,variant,mask,score,boundary,success,off_road_ratio,path_length,expanded_nodes,planning_time_ms,safe_success_0.01,safe_success_0.05,safe_success_0.10
10378780_15,0,short,original+p+boundary_off,original,p,0,1,0.0,399.2031021678308,4920,140.68300000000102,1,1,1
10378780_15,0,short,original+p+boundary_on,original,p,1,1,0.0,399.2031021678308,4791,146.46310000000005,1,1,1
10378780_15,0,short,original+q+boundary_off,original,q,0,1,0.0,399.2031021678308,4918,139.30879999999846,1,1,1
10378780_15,0,short,original+q+boundary_on,original,q,1,1,0.0,399.2031021678308,4798,151.54650000000026,1,1,1
10378780_15,0,short,repaired+p+boundary_off,repaired,p,0,1,0.0,399.2031021678308,4920,147.34130000000079,1,1,1
10378780_15,0,short,repaired+p+boundary_on,repaired,p,1,1,0.0,399.2031021678308,4791,143.81759999999844,1,1,1
10378780_15,0,short,repaired+q+boundary_off,repaired,q,0,1,0.0,399.2031021678308,4918,145.05020000000002,1,1,1
10378780_15,0,short,repaired+q+boundary_on,repaired,q,1,1,0.0,399.2031021678308,4798,152.79150000000107,1,1,1
10378780_15,1,short,original+p+boundary_off,original,p,0,0,nan,nan,0,0.0,0,0,0
10378780_15,1,short,original+p+boundary_on,original,p,1,0,nan,nan,0,0.0,0,0,0
10378780_15,1,short,original+q+boundary_off,original,q,0,0,nan,nan,0,0.0,0,0,0
10378780_15,1,short,original+q+boundary_on,original,q,1,0,nan,nan,0,0.0,0,0,0
10378780_15,1,short,repaired+p+boundary_off,repaired,p,0,0,nan,nan,0,0.0,0,0,0
10378780_15,1,short,repaired+p+boundary_on,repaired,p,1,0,nan,nan,0,0.0,0,0,0
10378780_15,1,short,repaired+q+boundary_off,repaired,q,0,0,nan,nan,0,0.0,0,0,0
10378780_15,1,short,repaired+q+boundary_on,repaired,q,1,0,nan,nan,0,0.0,0,0,0
10378780_15,2,short,original+p+boundary_off,original,p,0,0,nan,nan,0,0.0,0,0,0
10378780_15,2,short,original+p+boundary_on,original,p,1,0,nan,nan,0,0.0,0,0,0
10378780_15,2,short,original+q+boundary_off,original,q,0,0,nan,nan,0,0.0,0,0,0
10378780_15,2,short,original+q+boundary_on,original,q,1,0,nan,nan,0,0.0,0,0,0
10378780_15,2,short,repaired+p+boundary_off,repaired,p,0,1,0.006363027461486981,3511.4654377760853,55041,1679.3253999999997,1,1,1
10378780_15,2,short,repaired+p+boundary_on,repaired,p,1,1,0.0060301507537688925,3512.5365055879506,47746,1527.389600000001,1,1,1
10378780_15,2,short,repaired+q+boundary_off,repaired,q,0,1,0.009045226130653283,3510.8796513384586,53798,1368.1414000000007,1,1,1
10378780_15,2,short,repaired+q+boundary_on,repaired,q,1,1,0.006365159128978171,3512.5365055879506,47329,1222.6769999999992,1,1,1
10378780_15,3,short,original+p+boundary_off,original,p,0,0,nan,nan,0,0.0,0,0,0
10378780_15,3,short,original+p+boundary_on,original,p,1,0,nan,nan,0,0.0,0,0,0
10378780_15,3,short,original+q+boundary_off,original,q,0,0,nan,nan,0,0.0,0,0,0
10378780_15,3,short,original+q+boundary_on,original,q,1,0,nan,nan,0,0.0,0,0,0
10378780_15,3,short,repaired+p+boundary_off,repaired,p,0,1,0.005985463873450225,2697.1231585774235,49283,1203.2877999999982,1,1,1
10378780_15,3,short,repaired+p+boundary_on,repaired,p,1,1,0.00641573994867406,2698.194226389289,45212,1158.5964000000004,1,1,1
10378780_15,3,short,repaired+q+boundary_off,repaired,q,0,1,0.008126603934987209,2696.5373721397964,48945,1142.5382000000006,1,1,1
10378780_15,3,short,repaired+q+boundary_on,repaired,q,1,1,0.006843455945252375,2698.194226389289,44873,1155.805800000003,1,1,1
10378780_15,4,short,original+p+boundary_off,original,p,0,1,0.0,525.6000717875014,6805,160.4075999999992,1,1,1
10378780_15,4,short,original+p+boundary_on,original,p,1,1,0.0,525.6000717875014,6415,164.03259999999875,1,1,1
10378780_15,4,short,original+q+boundary_off,original,q,0,1,0.0,525.6000717875014,6778,161.3824000000008,1,1,1
10378780_15,4,short,original+q+boundary_on,original,q,1,1,0.0,525.6000717875014,6453,170.73480000000174,1,1,1
10378780_15,4,short,repaired+p+boundary_off,repaired,p,0,1,0.0,525.6000717875014,6805,162.93369999999996,1,1,1
10378780_15,4,short,repaired+p+boundary_on,repaired,p,1,1,0.0,525.6000717875014,6415,159.1149999999999,1,1,1
10378780_15,4,short,repaired+q+boundary_off,repaired,q,0,1,0.0,525.6000717875014,6778,155.21389999999968,1,1,1
10378780_15,4,short,repaired+q+boundary_on,repaired,q,1,1,0.0,525.6000717875014,6453,164.26449999999804,1,1,1
10378780_15,5,short,original+p+boundary_off,original,p,0,0,nan,nan,0,0.0,0,0,0
10378780_15,5,short,original+p+boundary_on,original,p,1,0,nan,nan,0,0.0,0,0,0
10378780_15,5,short,original+q+boundary_off,original,q,0,0,nan,nan,0,0.0,0,0,0
10378780_15,5,short,original+q+boundary_on,original,q,1,0,nan,nan,0,0.0,0,0,0
10378780_15,5,short,repaired+p+boundary_off,repaired,p,0,1,0.006224066390041472,2788.4196231336946,55797,1328.5739999999996,1,1,1
10378780_15,5,short,repaired+p+boundary_on,repaired,p,1,1,0.004979253112033177,2790.9049045079328,50871,1278.7998000000016,1,1,1
10378780_15,5,short,repaired+q+boundary_off,repaired,q,0,1,0.0058091286307053736,2788.4196231336946,54885,1363.3383999999999,1,1,1
10378780_15,5,short,repaired+q+boundary_on,repaired,q,1,1,0.004149377593360981,2790.9049045079328,50157,1254.3656000000035,1,1,1
10378780_15,6,medium,original+p+boundary_off,original,p,0,0,nan,nan,0,0.0,0,0,0
10378780_15,6,medium,original+p+boundary_on,original,p,1,0,nan,nan,0,0.0,0,0,0
10378780_15,6,medium,original+q+boundary_off,original,q,0,0,nan,nan,0,0.0,0,0,0
10378780_15,6,medium,original+q+boundary_on,original,q,1,0,nan,nan,0,0.0,0,0,0
10378780_15,6,medium,repaired+p+boundary_off,repaired,p,0,0,nan,nan,0,0.0,0,0,0
10378780_15,6,medium,repaired+p+boundary_on,repaired,p,1,0,nan,nan,0,0.0,0,0,0
10378780_15,6,medium,repaired+q+boundary_off,repaired,q,0,0,nan,nan,0,0.0,0,0,0
10378780_15,6,medium,repaired+q+boundary_on,repaired,q,1,0,nan,nan,0,0.0,0,0,0
10378780_15,7,medium,original+p+boundary_off,original,p,0,0,nan,nan,0,0.0,0,0,0
10378780_15,7,medium,original+p+boundary_on,original,p,1,0,nan,nan,0,0.0,0,0,0
10378780_15,7,medium,original+q+boundary_off,original,q,0,0,nan,nan,0,0.0,0,0,0
10378780_15,7,medium,original+q+boundary_on,original,q,1,0,nan,nan,0,0.0,0,0,0
10378780_15,7,medium,repaired+p+boundary_off,repaired,p,0,1,0.008488964346349714,3416.20346110522,68830,1604.0778999999966,1,1,1
10378780_15,7,medium,repaired+p+boundary_on,repaired,p,1,1,0.00441426146010182,3422.002450978441,65445,1637.402999999999,1,1,1
10378780_15,7,medium,repaired+q+boundary_off,repaired,q,0,1,0.012224108658743682,3417.8603153547115,68035,1632.9036000000024,0,1,1
10378780_15,7,medium,repaired+q+boundary_on,repaired,q,1,1,0.005093378607809895,3422.002450978441,64104,1622.2984000000017,1,1,1
10378780_15,8,medium,original+p+boundary_off,original,p,0,1,0.023228803716608626,1046.8103166302699,13831,336.0528000000045,0,1,1
10378780_15,8,medium,original+p+boundary_on,original,p,1,1,0.0058004640371229765,1049.8813844421354,14453,371.33349999999865,1,1,1
10378780_15,8,medium,original+q+boundary_off,original,q,0,1,0.03596287703016243,1049.0529573173892,14118,336.52989999999505,0,1,1
10378780_15,8,medium,original+q+boundary_on,original,q,1,1,0.008111239860950192,1050.4671708797625,14562,372.90769999999895,1,1,1
10378780_15,8,medium,repaired+p+boundary_off,repaired,p,0,1,0.023228803716608626,1046.8103166302699,13831,324.51489999999694,0,1,1
10378780_15,8,medium,repaired+p+boundary_on,repaired,p,1,1,0.0058004640371229765,1049.8813844421354,14453,364.49369999999703,1,1,1
10378780_15,8,medium,repaired+q+boundary_off,repaired,q,0,1,0.03596287703016243,1049.0529573173892,14118,329.5427999999987,0,1,1
10378780_15,8,medium,repaired+q+boundary_on,repaired,q,1,1,0.008111239860950192,1050.4671708797625,14562,358.4533999999948,1,1,1
10378780_15,9,medium,original+p+boundary_off,original,p,0,1,0.014049586776859524,1441.373808491312,25669,599.0539000000012,0,1,1
10378780_15,9,medium,original+p+boundary_on,original,p,1,1,0.004132231404958664,1445.515944115043,27495,710.8745000000027,1,1,1
10378780_15,9,medium,original+q+boundary_off,original,q,0,1,0.023140495867768562,1443.0306627408045,26755,682.7139999999972,0,1,1
10378780_15,9,medium,original+q+boundary_on,original,q,1,1,0.005785123966942196,1445.515944115043,27348,706.1478999999977,1,1,1
10378780_15,9,medium,repaired+p+boundary_off,repaired,p,0,1,0.014049586776859524,1441.373808491312,25669,671.6413999999986,0,1,1
10378780_15,9,medium,repaired+p+boundary_on,repaired,p,1,1,0.004132231404958664,1445.515944115043,27495,716.6511,1,1,1
10378780_15,9,medium,repaired+q+boundary_off,repaired,q,0,1,0.023140495867768562,1443.0306627408045,26755,635.3567000000027,0,1,1
10378780_15,9,medium,repaired+q+boundary_on,repaired,q,1,1,0.005785123966942196,1445.515944115043,27348,713.7547999999967,1,1,1
10378780_15,10,medium,original+p+boundary_off,original,p,0,0,nan,nan,0,0.0,0,0,0
10378780_15,10,medium,original+p+boundary_on,original,p,1,0,nan,nan,0,0.0,0,0,0
10378780_15,10,medium,original+q+boundary_off,original,q,0,0,nan,nan,0,0.0,0,0,0
10378780_15,10,medium,original+q+boundary_on,original,q,1,0,nan,nan,0,0.0,0,0,0
10378780_15,10,medium,repaired+p+boundary_off,repaired,p,0,0,nan,nan,0,0.0,0,0,0
10378780_15,10,medium,repaired+p+boundary_on,repaired,p,1,0,nan,nan,0,0.0,0,0,0
10378780_15,10,medium,repaired+q+boundary_off,repaired,q,0,0,nan,nan,0,0.0,0,0,0
10378780_15,10,medium,repaired+q+boundary_on,repaired,q,1,0,nan,nan,0,0.0,0,0,0
10378780_15,11,medium,original+p+boundary_off,original,p,0,0,nan,nan,0,0.0,0,0,0
10378780_15,11,medium,original+p+boundary_on,original,p,1,0,nan,nan,0,0.0,0,0,0
10378780_15,11,medium,original+q+boundary_off,original,q,0,0,nan,nan,0,0.0,0,0,0
10378780_15,11,medium,original+q+boundary_on,original,q,1,0,nan,nan,0,0.0,0,0,0
10378780_15,11,medium,repaired+p+boundary_off,repaired,p,0,0,nan,nan,0,0.0,0,0,0
10378780_15,11,medium,repaired+p+boundary_on,repaired,p,1,0,nan,nan,0,0.0,0,0,0
10378780_15,11,medium,repaired+q+boundary_off,repaired,q,0,0,nan,nan,0,0.0,0,0,0
10378780_15,11,medium,repaired+q+boundary_on,repaired,q,1,0,nan,nan,0,0.0,0,0,0
10378780_15,12,medium,original+p+boundary_off,original,p,0,1,0.0,904.4427842621226,13616,324.5020000000025,1,1,1
10378780_15,12,medium,original+p+boundary_on,original,p,1,1,0.0,904.4427842621226,13034,332.5218000000021,1,1,1
10378780_15,12,medium,original+q+boundary_off,original,q,0,1,0.0,904.4427842621226,13186,325.00220000000013,1,1,1
10378780_15,12,medium,original+q+boundary_on,original,q,1,1,0.0,904.4427842621226,12906,327.793800000002,1,1,1
10378780_15,12,medium,repaired+p+boundary_off,repaired,p,0,1,0.0,904.4427842621226,13616,315.41959999999847,1,1,1
10378780_15,12,medium,repaired+p+boundary_on,repaired,p,1,1,0.0,904.4427842621226,13034,329.5598999999996,1,1,1
10378780_15,12,medium,repaired+q+boundary_off,repaired,q,0,1,0.0,904.4427842621226,13186,312.1391999999972,1,1,1
10378780_15,12,medium,repaired+q+boundary_on,repaired,q,1,1,0.0,904.4427842621226,12906,334.2750000000052,1,1,1
10378780_15,13,long,original+p+boundary_off,original,p,0,0,nan,nan,0,0.0,0,0,0
10378780_15,13,long,original+p+boundary_on,original,p,1,0,nan,nan,0,0.0,0,0,0
10378780_15,13,long,original+q+boundary_off,original,q,0,0,nan,nan,0,0.0,0,0,0
10378780_15,13,long,original+q+boundary_on,original,q,1,0,nan,nan,0,0.0,0,0,0
10378780_15,13,long,repaired+p+boundary_off,repaired,p,0,0,nan,nan,0,0.0,0,0,0
10378780_15,13,long,repaired+p+boundary_on,repaired,p,1,0,nan,nan,0,0.0,0,0,0
10378780_15,13,long,repaired+q+boundary_off,repaired,q,0,0,nan,nan,0,0.0,0,0,0
10378780_15,13,long,repaired+q+boundary_on,repaired,q,1,0,nan,nan,0,0.0,0,0,0
10378780_15,14,long,original+p+boundary_off,original,p,0,0,nan,nan,0,0.0,0,0,0
10378780_15,14,long,original+p+boundary_on,original,p,1,0,nan,nan,0,0.0,0,0,0
10378780_15,14,long,original+q+boundary_off,original,q,0,0,nan,nan,0,0.0,0,0,0
10378780_15,14,long,original+q+boundary_on,original,q,1,0,nan,nan,0,0.0,0,0,0
10378780_15,14,long,repaired+p+boundary_off,repaired,p,0,0,nan,nan,0,0.0,0,0,0
10378780_15,14,long,repaired+p+boundary_on,repaired,p,1,0,nan,nan,0,0.0,0,0,0
10378780_15,14,long,repaired+q+boundary_off,repaired,q,0,0,nan,nan,0,0.0,0,0,0
10378780_15,14,long,repaired+q+boundary_on,repaired,q,1,0,nan,nan,0,0.0,0,0,0
10378780_15,15,long,original+p+boundary_off,original,p,0,0,nan,nan,0,0.0,0,0,0
10378780_15,15,long,original+p+boundary_on,original,p,1,0,nan,nan,0,0.0,0,0,0
10378780_15,15,long,original+q+boundary_off,original,q,0,0,nan,nan,0,0.0,0,0,0
10378780_15,15,long,original+q+boundary_on,original,q,1,0,nan,nan,0,0.0,0,0,0
10378780_15,15,long,repaired+p+boundary_off,repaired,p,0,0,nan,nan,0,0.0,0,0,0
10378780_15,15,long,repaired+p+boundary_on,repaired,p,1,0,nan,nan,0,0.0,0,0,0
10378780_15,15,long,repaired+q+boundary_off,repaired,q,0,0,nan,nan,0,0.0,0,0,0
10378780_15,15,long,repaired+q+boundary_on,repaired,q,1,0,nan,nan,0,0.0,0,0,0
10378780_15,16,long,original+p+boundary_off,original,p,0,1,0.0096426545660806,2095.8561312727193,37669,921.6157999999979,1,1,1
10378780_15,16,long,original+p+boundary_on,original,p,1,1,0.0028360748723765816,2099.99826689645,35231,929.6799000000035,1,1,1
10378780_15,16,long,original+q+boundary_off,original,q,0,1,0.01588201928530908,2097.5129855222112,37892,907.8960999999949,0,1,1
10378780_15,16,long,original+q+boundary_on,original,q,1,1,0.003970504821327325,2099.99826689645,34608,898.3831000000038,1,1,1
10378780_15,16,long,repaired+p+boundary_off,repaired,p,0,1,0.0096426545660806,2095.8561312727193,42214,998.6151999999961,1,1,1
10378780_15,16,long,repaired+p+boundary_on,repaired,p,1,1,0.0028360748723765816,2099.99826689645,48054,1235.6483999999953,1,1,1
10378780_15,16,long,repaired+q+boundary_off,repaired,q,0,1,0.01588201928530908,2097.5129855222112,45112,1125.4665999999957,0,1,1
10378780_15,16,long,repaired+q+boundary_on,repaired,q,1,1,0.003970504821327325,2099.99826689645,48143,1289.4434000000033,1,1,1
10378780_15,17,long,original+p+boundary_off,original,p,0,0,nan,nan,0,0.0,0,0,0
10378780_15,17,long,original+p+boundary_on,original,p,1,0,nan,nan,0,0.0,0,0,0
10378780_15,17,long,original+q+boundary_off,original,q,0,0,nan,nan,0,0.0,0,0,0
10378780_15,17,long,original+q+boundary_on,original,q,1,0,nan,nan,0,0.0,0,0,0
10378780_15,17,long,repaired+p+boundary_off,repaired,p,0,1,0.008102456874019892,4491.883835420568,72235,1753.5991000000024,1,1,1
10378780_15,17,long,repaired+p+boundary_on,repaired,p,1,1,0.005228758169934622,4497.0970388561645,67052,1669.7837000000036,1,1,1
10378780_15,17,long,repaired+q+boundary_off,repaired,q,0,1,0.012287581699346406,4492.954903232432,71353,1668.7066000000002,0,1,1
10378780_15,17,long,repaired+q+boundary_on,repaired,q,1,1,0.006013071895424882,4497.0970388561645,65611,1670.0915999999993,1,1,1
10378780_15,18,long,original+p+boundary_off,original,p,0,0,nan,nan,0,0.0,0,0,0
10378780_15,18,long,original+p+boundary_on,original,p,1,0,nan,nan,0,0.0,0,0,0
10378780_15,18,long,original+q+boundary_off,original,q,0,0,nan,nan,0,0.0,0,0,0
10378780_15,18,long,original+q+boundary_on,original,q,1,0,nan,nan,0,0.0,0,0,0
10378780_15,18,long,repaired+p+boundary_off,repaired,p,0,0,nan,nan,0,0.0,0,0,0
10378780_15,18,long,repaired+p+boundary_on,repaired,p,1,0,nan,nan,0,0.0,0,0,0
10378780_15,18,long,repaired+q+boundary_off,repaired,q,0,0,nan,nan,0,0.0,0,0,0
10378780_15,18,long,repaired+q+boundary_on,repaired,q,1,0,nan,nan,0,0.0,0,0,0
10378780_15,19,long,original+p+boundary_off,original,p,0,0,nan,nan,0,0.0,0,0,0
10378780_15,19,long,original+p+boundary_on,original,p,1,0,nan,nan,0,0.0,0,0,0
10378780_15,19,long,original+q+boundary_off,original,q,0,0,nan,nan,0,0.0,0,0,0
10378780_15,19,long,original+q+boundary_on,original,q,1,0,nan,nan,0,0.0,0,0,0
10378780_15,19,long,repaired+p+boundary_off,repaired,p,0,0,nan,nan,0,0.0,0,0,0
10378780_15,19,long,repaired+p+boundary_on,repaired,p,1,0,nan,nan,0,0.0,0,0,0
10378780_15,19,long,repaired+q+boundary_off,repaired,q,0,0,nan,nan,0,0.0,0,0,0
10378780_15,19,long,repaired+q+boundary_on,repaired,q,1,0,nan,nan,0,0.0,0,0,0
10828720_15,20,short,original+p+boundary_off,original,p,0,0,nan,nan,0,0.0,0,0,0
10828720_15,20,short,original+p+boundary_on,original,p,1,0,nan,nan,0,0.0,0,0,0
10828720_15,20,short,original+q+boundary_off,original,q,0,0,nan,nan,0,0.0,0,0,0
10828720_15,20,short,original+q+boundary_on,original,q,1,0,nan,nan,0,0.0,0,0,0
10828720_15,20,short,repaired+p+boundary_off,repaired,p,0,0,nan,nan,0,0.0,0,0,0
10828720_15,20,short,repaired+p+boundary_on,repaired,p,1,0,nan,nan,0,0.0,0,0,0
10828720_15,20,short,repaired+q+boundary_off,repaired,q,0,0,nan,nan,0,0.0,0,0,0
10828720_15,20,short,repaired+q+boundary_on,repaired,q,1,0,nan,nan,0,0.0,0,0,0
10828720_15,21,short,original+p+boundary_off,original,p,0,1,0.0,63.284271247461895,957,21.485300000001928,1,1,1
10828720_15,21,short,original+p+boundary_on,original,p,1,1,0.0,63.284271247461895,1179,31.191200000002084,1,1,1
10828720_15,21,short,original+q+boundary_off,original,q,0,1,0.0,63.284271247461895,1055,22.997600000000062,1,1,1
10828720_15,21,short,original+q+boundary_on,original,q,1,1,0.0,63.284271247461895,1255,32.36910000000037,1,1,1
10828720_15,21,short,repaired+p+boundary_off,repaired,p,0,1,0.0,63.284271247461895,957,21.465599999999085,1,1,1
10828720_15,21,short,repaired+p+boundary_on,repaired,p,1,1,0.0,63.284271247461895,1179,26.514399999999938,1,1,1
10828720_15,21,short,repaired+q+boundary_off,repaired,q,0,1,0.0,63.284271247461895,1055,26.607100000003214,1,1,1
10828720_15,21,short,repaired+q+boundary_on,repaired,q,1,1,0.0,63.284271247461895,1255,32.343099999998515,1,1,1
10828720_15,22,short,original+p+boundary_off,original,p,0,1,0.01650943396226412,1092.6286424872515,56022,1404.3898000000006,0,1,1
10828720_15,22,short,original+p+boundary_on,original,p,1,1,0.008206330597889777,1100.5281374238632,59182,1497.5179999999996,1,1,1
10828720_15,22,short,original+q+boundary_off,original,q,0,1,0.009356725146198785,1101.699710299117,53905,1281.402,1,1,1
10828720_15,22,short,original+q+boundary_on,original,q,1,1,0.007001166861143493,1105.3565645486094,57006,1450.5492999999988,1,1,1
10828720_15,22,short,repaired+p+boundary_off,repaired,p,0,1,0.01650943396226412,1092.6286424872515,58794,1431.595299999998,0,1,1
10828720_15,22,short,repaired+p+boundary_on,repaired,p,1,1,0.008206330597889777,1100.5281374238632,61790,1567.1011999999998,1,1,1
10828720_15,22,short,repaired+q+boundary_off,repaired,q,0,1,0.009356725146198785,1101.699710299117,56489,1396.7413000000022,1,1,1
10828720_15,22,short,repaired+q+boundary_on,repaired,q,1,1,0.007001166861143493,1105.3565645486094,59567,1558.8306000000002,1,1,1
10828720_15,23,short,original+p+boundary_off,original,p,0,0,nan,nan,0,0.0,0,0,0
10828720_15,23,short,original+p+boundary_on,original,p,1,0,nan,nan,0,0.0,0,0,0
10828720_15,23,short,original+q+boundary_off,original,q,0,0,nan,nan,0,0.0,0,0,0
10828720_15,23,short,original+q+boundary_on,original,q,1,0,nan,nan,0,0.0,0,0,0
10828720_15,23,short,repaired+p+boundary_off,repaired,p,0,0,nan,nan,0,0.0,0,0,0
10828720_15,23,short,repaired+p+boundary_on,repaired,p,1,0,nan,nan,0,0.0,0,0,0
10828720_15,23,short,repaired+q+boundary_off,repaired,q,0,0,nan,nan,0,0.0,0,0,0
10828720_15,23,short,repaired+q+boundary_on,repaired,q,1,0,nan,nan,0,0.0,0,0,0
10828720_15,24,short,original+p+boundary_off,original,p,0,1,0.051724137931034475,387.1787155501909,10028,282.85319999999814,0,0,1
10828720_15,24,short,original+p+boundary_on,original,p,1,1,0.025787965616045794,387.7645019878177,11782,307.6168999999993,0,1,1
10828720_15,24,short,original+q+boundary_off,original,q,0,1,0.04597701149425293,387.1787155501908,9632,234.98019999999542,0,1,1
10828720_15,24,short,original+q+boundary_on,original,q,1,1,0.025787965616045794,387.7645019878177,11312,285.9465999999955,0,1,1
10828720_15,24,short,repaired+p+boundary_off,repaired,p,0,1,0.051724137931034475,387.1787155501909,10028,238.49599999999782,0,0,1
10828720_15,24,short,repaired+p+boundary_on,repaired,p,1,1,0.025787965616045794,387.7645019878177,11782,322.5078000000039,0,1,1
10828720_15,24,short,repaired+q+boundary_off,repaired,q,0,1,0.04597701149425293,387.1787155501908,9632,233.67449999999934,0,1,1
10828720_15,24,short,repaired+q+boundary_on,repaired,q,1,1,0.025787965616045794,387.7645019878177,11312,320.628499999998,0,1,1
10828720_15,25,short,original+p+boundary_off,original,p,0,1,0.03512014787430684,605.0315292925773,25386,641.0391000000004,0,1,1
10828720_15,25,short,original+p+boundary_on,original,p,1,1,0.020295202952029467,606.4457428549504,27969,748.2049000000046,0,1,1
10828720_15,25,short,original+q+boundary_off,original,q,0,1,0.029520295202952074,605.6173157302042,27187,694.5434000000006,0,1,1
10828720_15,25,short,original+q+boundary_on,original,q,1,1,0.020295202952029467,606.4457428549504,28691,755.2464999999984,0,1,1
10828720_15,25,short,repaired+p+boundary_off,repaired,p,0,1,0.03512014787430684,605.0315292925773,27408,677.0393000000041,0,1,1
10828720_15,25,short,repaired+p+boundary_on,repaired,p,1,1,0.020295202952029467,606.4457428549504,30365,783.4434999999971,0,1,1
10828720_15,25,short,repaired+q+boundary_off,repaired,q,0,1,0.029520295202952074,605.6173157302042,29313,723.2698999999982,0,1,1
10828720_15,25,short,repaired+q+boundary_on,repaired,q,1,1,0.020295202952029467,606.4457428549504,31077,798.7678999999944,0,1,1
10828720_15,26,medium,original+p+boundary_off,original,p,0,0,nan,nan,0,0.0,0,0,0
10828720_15,26,medium,original+p+boundary_on,original,p,1,0,nan,nan,0,0.0,0,0,0
10828720_15,26,medium,original+q+boundary_off,original,q,0,0,nan,nan,0,0.0,0,0,0
10828720_15,26,medium,original+q+boundary_on,original,q,1,0,nan,nan,0,0.0,0,0,0
10828720_15,26,medium,repaired+p+boundary_off,repaired,p,0,0,nan,nan,0,0.0,0,0,0
10828720_15,26,medium,repaired+p+boundary_on,repaired,p,1,0,nan,nan,0,0.0,0,0,0
10828720_15,26,medium,repaired+q+boundary_off,repaired,q,0,0,nan,nan,0,0.0,0,0,0
10828720_15,26,medium,repaired+q+boundary_on,repaired,q,1,0,nan,nan,0,0.0,0,0,0
10828720_15,27,medium,original+p+boundary_off,original,p,0,1,0.006925207756232732,813.3696244092023,36827,934.3027999999975,1,1,1
10828720_15,27,medium,original+p+boundary_on,original,p,1,1,0.004149377593360981,816.4406922210678,43156,1164.2533999999998,1,1,1
10828720_15,27,medium,original+q+boundary_off,original,q,0,1,0.0055172413793103114,816.7838379715754,36007,898.3316000000059,1,1,1
10828720_15,27,medium,original+q+boundary_on,original,q,1,1,0.004137931034482789,817.6122650963216,42404,1133.099599999994,1,1,1
10828720_15,27,medium,repaired+p+boundary_off,repaired,p,0,1,0.006925207756232732,813.3696244092023,37549,916.8281999999977,1,1,1
10828720_15,27,medium,repaired+p+boundary_on,repaired,p,1,1,0.004149377593360981,816.4406922210678,45459,1193.8898000000008,1,1,1
10828720_15,27,medium,repaired+q+boundary_off,repaired,q,0,1,0.0055172413793103114,816.7838379715754,36654,914.3691999999959,1,1,1
10828720_15,27,medium,repaired+q+boundary_on,repaired,q,1,1,0.004137931034482789,817.6122650963216,44424,1215.2871000000048,1,1,1
10828720_15,28,medium,original+p+boundary_off,original,p,0,1,0.005662514156285381,1001.2935059634542,28529,664.8380000000031,1,1,1
10828720_15,28,medium,original+p+boundary_on,original,p,1,1,0.006795016987542479,1001.2935059634542,40502,1082.9240999999997,1,1,1
10828720_15,28,medium,original+q+boundary_off,original,q,0,1,0.013590033975084959,1001.2935059634542,29300,716.2545999999992,0,1,1
10828720_15,28,medium,original+q+boundary_on,original,q,1,1,0.007927519818799578,1001.2935059634542,40678,1077.7652000000016,1,1,1
10828720_15,28,medium,repaired+p+boundary_off,repaired,p,0,1,0.005662514156285381,1001.2935059634542,29345,704.2773000000011,1,1,1
10828720_15,28,medium,repaired+p+boundary_on,repaired,p,1,1,0.006795016987542479,1001.2935059634542,42447,1079.1375000000016,1,1,1
10828720_15,28,medium,repaired+q+boundary_off,repaired,q,0,1,0.013590033975084959,1001.2935059634542,30375,726.9232000000017,0,1,1
10828720_15,28,medium,repaired+q+boundary_on,repaired,q,1,1,0.007927519818799578,1001.2935059634542,42721,1114.248400000001,1,1,1
10828720_15,29,medium,original+p+boundary_off,original,p,0,0,nan,nan,0,0.0,0,0,0
10828720_15,29,medium,original+p+boundary_on,original,p,1,0,nan,nan,0,0.0,0,0,0
10828720_15,29,medium,original+q+boundary_off,original,q,0,0,nan,nan,0,0.0,0,0,0
10828720_15,29,medium,original+q+boundary_on,original,q,1,0,nan,nan,0,0.0,0,0,0
10828720_15,29,medium,repaired+p+boundary_off,repaired,p,0,0,nan,nan,0,0.0,0,0,0
10828720_15,29,medium,repaired+p+boundary_on,repaired,p,1,0,nan,nan,0,0.0,0,0,0
10828720_15,29,medium,repaired+q+boundary_off,repaired,q,0,0,nan,nan,0,0.0,0,0,0
10828720_15,29,medium,repaired+q+boundary_on,repaired,q,1,0,nan,nan,0,0.0,0,0,0
10828720_15,30,medium,original+p+boundary_off,original,p,0,0,nan,nan,0,0.0,0,0,0
10828720_15,30,medium,original+p+boundary_on,original,p,1,0,nan,nan,0,0.0,0,0,0
10828720_15,30,medium,original+q+boundary_off,original,q,0,0,nan,nan,0,0.0,0,0,0
10828720_15,30,medium,original+q+boundary_on,original,q,1,0,nan,nan,0,0.0,0,0,0
10828720_15,30,medium,repaired+p+boundary_off,repaired,p,0,1,0.020765736534717694,1914.449060385287,78817,2115.667699999996,0,1,1
10828720_15,30,medium,repaired+p+boundary_on,repaired,p,1,1,0.014886731391585806,1920.9343417595258,80668,2058.9426000000017,0,1,1
10828720_15,30,medium,repaired+q+boundary_off,repaired,q,0,1,0.02009073233959824,1917.2774875100333,76396,1857.6524000000063,0,1,1
10828720_15,30,medium,repaired+q+boundary_on,repaired,q,1,1,0.01487710219922378,1922.3485553218989,78801,2100.5990999999967,0,1,1
10828720_15,31,medium,original+p+boundary_off,original,p,0,0,nan,nan,0,0.0,0,0,0
10828720_15,31,medium,original+p+boundary_on,original,p,1,0,nan,nan,0,0.0,0,0,0
10828720_15,31,medium,original+q+boundary_off,original,q,0,0,nan,nan,0,0.0,0,0,0
10828720_15,31,medium,original+q+boundary_on,original,q,1,0,nan,nan,0,0.0,0,0,0
10828720_15,31,medium,repaired+p+boundary_off,repaired,p,0,0,nan,nan,0,0.0,0,0,0
10828720_15,31,medium,repaired+p+boundary_on,repaired,p,1,0,nan,nan,0,0.0,0,0,0
10828720_15,31,medium,repaired+q+boundary_off,repaired,q,0,0,nan,nan,0,0.0,0,0,0
10828720_15,31,medium,repaired+q+boundary_on,repaired,q,1,0,nan,nan,0,0.0,0,0,0
10828720_15,32,medium,original+p+boundary_off,original,p,0,0,nan,nan,0,0.0,0,0,0
10828720_15,32,medium,original+p+boundary_on,original,p,1,0,nan,nan,0,0.0,0,0,0
10828720_15,32,medium,original+q+boundary_off,original,q,0,0,nan,nan,0,0.0,0,0,0
10828720_15,32,medium,original+q+boundary_on,original,q,1,0,nan,nan,0,0.0,0,0,0
10828720_15,32,medium,repaired+p+boundary_off,repaired,p,0,0,nan,nan,0,0.0,0,0,0
10828720_15,32,medium,repaired+p+boundary_on,repaired,p,1,0,nan,nan,0,0.0,0,0,0
10828720_15,32,medium,repaired+q+boundary_off,repaired,q,0,0,nan,nan,0,0.0,0,0,0
10828720_15,32,medium,repaired+q+boundary_on,repaired,q,1,0,nan,nan,0,0.0,0,0,0
10828720_15,33,long,original+p+boundary_off,original,p,0,1,0.059201141226818854,1582.0113267570468,46169,1133.0469000000107,0,0,1
10828720_15,33,long,original+p+boundary_on,original,p,1,1,0.012838801711840264,1582.0113267570468,49108,1306.0520000000083,0,1,1
10828720_15,33,long,original+q+boundary_off,original,q,0,1,0.06562054208273893,1582.8397538817933,48005,1217.4625999999903,0,0,1
10828720_15,33,long,original+q+boundary_on,original,q,1,1,0.01925820256776034,1582.839753881793,50474,1343.3009999999967,0,1,1
10828720_15,33,long,repaired+p+boundary_off,repaired,p,0,1,0.059201141226818854,1582.0113267570468,46246,1124.524699999995,0,0,1
10828720_15,33,long,repaired+p+boundary_on,repaired,p,1,1,0.012838801711840264,1582.0113267570468,50917,1299.911399999999,0,1,1
10828720_15,33,long,repaired+q+boundary_off,repaired,q,0,1,0.06562054208273893,1582.8397538817933,48196,1163.0990000000024,0,0,1
10828720_15,33,long,repaired+q+boundary_on,repaired,q,1,1,0.01925820256776034,1582.839753881793,52446,1353.7599,0,1,1
10828720_15,34,long,original+p+boundary_off,original,p,0,0,nan,nan,0,0.0,0,0,0
10828720_15,34,long,original+p+boundary_on,original,p,1,0,nan,nan,0,0.0,0,0,0
10828720_15,34,long,original+q+boundary_off,original,q,0,0,nan,nan,0,0.0,0,0,0
10828720_15,34,long,original+q+boundary_on,original,q,1,0,nan,nan,0,0.0,0,0,0
10828720_15,34,long,repaired+p+boundary_off,repaired,p,0,0,nan,nan,0,0.0,0,0,0
10828720_15,34,long,repaired+p+boundary_on,repaired,p,1,0,nan,nan,0,0.0,0,0,0
10828720_15,34,long,repaired+q+boundary_off,repaired,q,0,0,nan,nan,0,0.0,0,0,0
10828720_15,34,long,repaired+q+boundary_on,repaired,q,1,0,nan,nan,0,0.0,0,0,0
10828720_15,35,long,original+p+boundary_off,original,p,0,0,nan,nan,0,0.0,0,0,0
10828720_15,35,long,original+p+boundary_on,original,p,1,0,nan,nan,0,0.0,0,0,0
10828720_15,35,long,original+q+boundary_off,original,q,0,0,nan,nan,0,0.0,0,0,0
10828720_15,35,long,original+q+boundary_on,original,q,1,0,nan,nan,0,0.0,0,0,0
10828720_15,35,long,repaired+p+boundary_off,repaired,p,0,0,nan,nan,0,0.0,0,0,0
10828720_15,35,long,repaired+p+boundary_on,repaired,p,1,0,nan,nan,0,0.0,0,0,0
10828720_15,35,long,repaired+q+boundary_off,repaired,q,0,0,nan,nan,0,0.0,0,0,0
10828720_15,35,long,repaired+q+boundary_on,repaired,q,1,0,nan,nan,0,0.0,0,0,0
10828720_15,36,long,original+p+boundary_off,original,p,0,0,nan,nan,0,0.0,0,0,0
10828720_15,36,long,original+p+boundary_on,original,p,1,0,nan,nan,0,0.0,0,0,0
10828720_15,36,long,original+q+boundary_off,original,q,0,0,nan,nan,0,0.0,0,0,0
10828720_15,36,long,original+q+boundary_on,original,q,1,0,nan,nan,0,0.0,0,0,0
10828720_15,36,long,repaired+p+boundary_off,repaired,p,0,0,nan,nan,0,0.0,0,0,0
10828720_15,36,long,repaired+p+boundary_on,repaired,p,1,0,nan,nan,0,0.0,0,0,0
10828720_15,36,long,repaired+q+boundary_off,repaired,q,0,0,nan,nan,0,0.0,0,0,0
10828720_15,36,long,repaired+q+boundary_on,repaired,q,1,0,nan,nan,0,0.0,0,0,0
10828720_15,37,long,original+p+boundary_off,original,p,0,0,nan,nan,0,0.0,0,0,0
10828720_15,37,long,original+p+boundary_on,original,p,1,0,nan,nan,0,0.0,0,0,0
10828720_15,37,long,original+q+boundary_off,original,q,0,0,nan,nan,0,0.0,0,0,0
10828720_15,37,long,original+q+boundary_on,original,q,1,0,nan,nan,0,0.0,0,0,0
10828720_15,37,long,repaired+p+boundary_off,repaired,p,0,0,nan,nan,0,0.0,0,0,0
10828720_15,37,long,repaired+p+boundary_on,repaired,p,1,0,nan,nan,0,0.0,0,0,0
10828720_15,37,long,repaired+q+boundary_off,repaired,q,0,0,nan,nan,0,0.0,0,0,0
10828720_15,37,long,repaired+q+boundary_on,repaired,q,1,0,nan,nan,0,0.0,0,0,0
10828720_15,38,long,original+p+boundary_off,original,p,0,0,nan,nan,0,0.0,0,0,0
10828720_15,38,long,original+p+boundary_on,original,p,1,0,nan,nan,0,0.0,0,0,0
10828720_15,38,long,original+q+boundary_off,original,q,0,0,nan,nan,0,0.0,0,0,0
10828720_15,38,long,original+q+boundary_on,original,q,1,0,nan,nan,0,0.0,0,0,0
10828720_15,38,long,repaired+p+boundary_off,repaired,p,0,0,nan,nan,0,0.0,0,0,0
10828720_15,38,long,repaired+p+boundary_on,repaired,p,1,0,nan,nan,0,0.0,0,0,0
10828720_15,38,long,repaired+q+boundary_off,repaired,q,0,0,nan,nan,0,0.0,0,0,0
10828720_15,38,long,repaired+q+boundary_on,repaired,q,1,0,nan,nan,0,0.0,0,0,0
10828720_15,39,long,original+p+boundary_off,original,p,0,0,nan,nan,0,0.0,0,0,0
10828720_15,39,long,original+p+boundary_on,original,p,1,0,nan,nan,0,0.0,0,0,0
10828720_15,39,long,original+q+boundary_off,original,q,0,0,nan,nan,0,0.0,0,0,0
10828720_15,39,long,original+q+boundary_on,original,q,1,0,nan,nan,0,0.0,0,0,0
10828720_15,39,long,repaired+p+boundary_off,repaired,p,0,0,nan,nan,0,0.0,0,0,0
10828720_15,39,long,repaired+p+boundary_on,repaired,p,1,0,nan,nan,0,0.0,0,0,0
10828720_15,39,long,repaired+q+boundary_off,repaired,q,0,0,nan,nan,0,0.0,0,0,0
10828720_15,39,long,repaired+q+boundary_on,repaired,q,1,0,nan,nan,0,0.0,0,0,0
11128870_15,40,short,original+p+boundary_off,original,p,0,0,nan,nan,0,0.0,0,0,0
11128870_15,40,short,original+p+boundary_on,original,p,1,0,nan,nan,0,0.0,0,0,0
11128870_15,40,short,original+q+boundary_off,original,q,0,0,nan,nan,0,0.0,0,0,0
11128870_15,40,short,original+q+boundary_on,original,q,1,0,nan,nan,0,0.0,0,0,0
11128870_15,40,short,repaired+p+boundary_off,repaired,p,0,0,nan,nan,0,0.0,0,0,0
11128870_15,40,short,repaired+p+boundary_on,repaired,p,1,0,nan,nan,0,0.0,0,0,0
11128870_15,40,short,repaired+q+boundary_off,repaired,q,0,0,nan,nan,0,0.0,0,0,0
11128870_15,40,short,repaired+q+boundary_on,repaired,q,1,0,nan,nan,0,0.0,0,0,0
11128870_15,41,short,original+p+boundary_off,original,p,0,1,0.015025041736227096,640.6639969244297,13306,319.8863000000003,0,1,1
11128870_15,41,short,original+p+boundary_on,original,p,1,1,0.008319467554076532,646.8061325481608,15284,386.1664999999981,1,1,1
11128870_15,41,short,original+q+boundary_off,original,q,0,1,0.01331114808652245,641.8355697996835,13096,313.8523999999983,0,1,1
11128870_15,41,short,original+q+boundary_on,original,q,1,1,0.008319467554076532,646.8061325481608,15122,403.09710000000007,1,1,1
11128870_15,41,short,repaired+p+boundary_off,repaired,p,0,1,0.015025041736227096,640.6639969244297,13306,337.1034000000002,0,1,1
11128870_15,41,short,repaired+p+boundary_on,repaired,p,1,1,0.008319467554076532,646.8061325481608,15523,405.83540000000085,1,1,1
11128870_15,41,short,repaired+q+boundary_off,repaired,q,0,1,0.01331114808652245,641.8355697996835,13096,336.4885999999991,0,1,1
11128870_15,41,short,repaired+q+boundary_on,repaired,q,1,1,0.008319467554076532,646.8061325481608,15348,395.04670000000175,1,1,1
11128870_15,42,short,original+p+boundary_off,original,p,0,1,0.006369426751592355,177.53910524340094,2448,58.191099999998386,1,1,1
11128870_15,42,short,original+p+boundary_on,original,p,1,1,0.006369426751592355,179.19595949289334,3977,110.03749999999712,1,1,1
11128870_15,42,short,original+q+boundary_off,original,q,0,1,0.006369426751592355,177.53910524340097,2448,55.08040000000136,1,1,1
11128870_15,42,short,original+q+boundary_on,original,q,1,1,0.0,179.78174593052023,3946,100.52830000000057,1,1,1
11128870_15,42,short,repaired+p+boundary_off,repaired,p,0,1,0.006369426751592355,177.53910524340094,2448,63.16439999999801,1,1,1
11128870_15,42,short,repaired+p+boundary_on,repaired,p,1,1,0.006369426751592355,179.19595949289334,3977,107.63100000000136,1,1,1
11128870_15,42,short,repaired+q+boundary_off,repaired,q,0,1,0.006369426751592355,177.53910524340097,2448,63.37740000000025,1,1,1
11128870_15,42,short,repaired+q+boundary_on,repaired,q,1,1,0.0,179.78174593052023,3946,112.05409999999816,1,1,1
11128870_15,43,short,original+p+boundary_off,original,p,0,0,nan,nan,0,0.0,0,0,0
11128870_15,43,short,original+p+boundary_on,original,p,1,0,nan,nan,0,0.0,0,0,0
11128870_15,43,short,original+q+boundary_off,original,q,0,0,nan,nan,0,0.0,0,0,0
11128870_15,43,short,original+q+boundary_on,original,q,1,0,nan,nan,0,0.0,0,0,0
11128870_15,43,short,repaired+p+boundary_off,repaired,p,0,0,nan,nan,0,0.0,0,0,0
11128870_15,43,short,repaired+p+boundary_on,repaired,p,1,0,nan,nan,0,0.0,0,0,0
11128870_15,43,short,repaired+q+boundary_off,repaired,q,0,0,nan,nan,0,0.0,0,0,0
11128870_15,43,short,repaired+q+boundary_on,repaired,q,1,0,nan,nan,0,0.0,0,0,0
11128870_15,44,short,original+p+boundary_off,original,p,0,1,0.02088554720133673,1353.8153672641527,57699,1465.2683999999995,0,1,1
11128870_15,44,short,original+p+boundary_on,original,p,1,1,0.00918196994991649,1359.3717164502568,60363,1542.8920000000019,1,1,1
11128870_15,44,short,original+q+boundary_off,original,q,0,1,0.011666666666666714,1358.8864350760182,57221,1398.1104000000003,0,1,1
11128870_15,44,short,original+q+boundary_on,original,q,1,1,0.004163197335553703,1364.4427842621224,59877,1570.2881000000027,1,1,1
11128870_15,44,short,repaired+p+boundary_off,repaired,p,0,1,0.02088554720133673,1353.8153672641527,57728,1374.3508999999997,0,1,1
11128870_15,44,short,repaired+p+boundary_on,repaired,p,1,1,0.00918196994991649,1359.3717164502568,63965,1607.6854999999987,1,1,1
11128870_15,44,short,repaired+q+boundary_off,repaired,q,0,1,0.011666666666666714,1358.8864350760182,57256,1382.2867000000017,0,1,1
11128870_15,44,short,repaired+q+boundary_on,repaired,q,1,1,0.004163197335553703,1364.4427842621224,63395,1627.9484999999986,1,1,1
11128870_15,45,short,original+p+boundary_off,original,p,0,0,nan,nan,0,0.0,0,0,0
11128870_15,45,short,original+p+boundary_on,original,p,1,0,nan,nan,0,0.0,0,0,0
11128870_15,45,short,original+q+boundary_off,original,q,0,0,nan,nan,0,0.0,0,0,0
11128870_15,45,short,original+q+boundary_on,original,q,1,0,nan,nan,0,0.0,0,0,0
11128870_15,45,short,repaired+p+boundary_off,repaired,p,0,1,0.01005025125628145,502.2102448427679,9556,217.98259999999914,0,1,1
11128870_15,45,short,repaired+p+boundary_on,repaired,p,1,1,0.004987531172069848,505.624458405141,10539,261.09459999999984,1,1,1
11128870_15,45,short,repaired+q+boundary_off,repaired,q,0,1,0.032745591939546626,501.624458405141,9513,223.99229999999903,0,1,1
11128870_15,45,short,repaired+q+boundary_on,repaired,q,1,1,0.007499999999999951,505.0386719675141,10680,269.9418999999992,1,1,1
11128870_15,46,medium,original+p+boundary_off,original,p,0,0,nan,nan,0,0.0,0,0,0
11128870_15,46,medium,original+p+boundary_on,original,p,1,0,nan,nan,0,0.0,0,0,0
11128870_15,46,medium,original+q+boundary_off,original,q,0,0,nan,nan,0,0.0,0,0,0
11128870_15,46,medium,original+q+boundary_on,original,q,1,0,nan,nan,0,0.0,0,0,0
11128870_15,46,medium,repaired+p+boundary_off,repaired,p,0,0,nan,nan,0,0.0,0,0,0
11128870_15,46,medium,repaired+p+boundary_on,repaired,p,1,0,nan,nan,0,0.0,0,0,0
11128870_15,46,medium,repaired+q+boundary_off,repaired,q,0,0,nan,nan,0,0.0,0,0,0
11128870_15,46,medium,repaired+q+boundary_on,repaired,q,1,0,nan,nan,0,0.0,0,0,0
11128870_15,47,medium,original+p+boundary_off,original,p,0,1,0.17325428194993409,1863.2825381439168,70652,1740.6136999999972,0,0,0
11128870_15,47,medium,original+p+boundary_on,original,p,1,1,0.16162943495400783,1867.2825381439168,75580,1997.8747999999982,0,0,0
11128870_15,47,medium,original+q+boundary_off,original,q,0,1,0.17105263157894735,1866.110965268663,69659,1736.6025000000036,0,0,0
11128870_15,47,medium,original+q+boundary_on,original,q,1,1,0.15944881889763785,1870.1109652686632,75135,2033.7412999999956,0,0,0
11128870_15,47,medium,repaired+p+boundary_off,repaired,p,0,1,0.17325428194993409,1863.2825381439168,70652,1721.533799999996,0,0,0
11128870_15,47,medium,repaired+p+boundary_on,repaired,p,1,1,0.16162943495400783,1867.2825381439168,75580,1940.7858000000006,0,0,0
11128870_15,47,medium,repaired+q+boundary_off,repaired,q,0,1,0.17105263157894735,1866.110965268663,69659,1753.2883000000013,0,0,0
11128870_15,47,medium,repaired+q+boundary_on,repaired,q,1,1,0.15944881889763785,1870.1109652686632,75135,1980.044300000003,0,0,0
11128870_15,48,medium,original+p+boundary_off,original,p,0,0,nan,nan,0,0.0,0,0,0
11128870_15,48,medium,original+p+boundary_on,original,p,1,0,nan,nan,0,0.0,0,0,0
11128870_15,48,medium,original+q+boundary_off,original,q,0,0,nan,nan,0,0.0,0,0,0
11128870_15,48,medium,original+q+boundary_on,original,q,1,0,nan,nan,0,0.0,0,0,0
11128870_15,48,medium,repaired+p+boundary_off,repaired,p,0,0,nan,nan,0,0.0,0,0,0
11128870_15,48,medium,repaired+p+boundary_on,repaired,p,1,0,nan,nan,0,0.0,0,0,0
11128870_15,48,medium,repaired+q+boundary_off,repaired,q,0,0,nan,nan,0,0.0,0,0,0
11128870_15,48,medium,repaired+q+boundary_on,repaired,q,1,0,nan,nan,0,0.0,0,0,0
11128870_15,49,medium,original+p+boundary_off,original,p,0,1,0.358814352574103,1435.5016587651683,53101,1276.4012999999964,0,0,0
11128870_15,49,medium,original+p+boundary_on,original,p,1,1,0.3470817120622568,1445.5432893255108,69303,1786.8268,0,0,0
11128870_15,49,medium,original+q+boundary_off,original,q,0,1,0.3652647975077882,1441.643794388899,52260,1335.9233000000045,0,0,0
11128870_15,49,medium,original+q+boundary_on,original,q,1,1,0.34498834498834496,1448.371716450257,68615,1790.2586000000015,0,0,0
11128870_15,49,medium,repaired+p+boundary_off,repaired,p,0,1,0.358814352574103,1435.5016587651683,53245,1298.020700000002,0,0,0
11128870_15,49,medium,repaired+p+boundary_on,repaired,p,1,1,0.3470817120622568,1445.5432893255108,69730,1779.6160999999984,0,0,0
11128870_15,49,medium,repaired+q+boundary_off,repaired,q,0,1,0.3652647975077882,1441.643794388899,52391,1287.4185999999952,0,0,0
11128870_15,49,medium,repaired+q+boundary_on,repaired,q,1,1,0.34498834498834496,1448.371716450257,68984,1889.9806000000012,0,0,0
11128870_15,50,medium,original+p+boundary_off,original,p,0,0,nan,nan,0,0.0,0,0,0
11128870_15,50,medium,original+p+boundary_on,original,p,1,0,nan,nan,0,0.0,0,0,0
11128870_15,50,medium,original+q+boundary_off,original,q,0,0,nan,nan,0,0.0,0,0,0
11128870_15,50,medium,original+q+boundary_on,original,q,1,0,nan,nan,0,0.0,0,0,0
11128870_15,50,medium,repaired+p+boundary_off,repaired,p,0,0,nan,nan,0,0.0,0,0,0
11128870_15,50,medium,repaired+p+boundary_on,repaired,p,1,0,nan,nan,0,0.0,0,0,0
11128870_15,50,medium,repaired+q+boundary_off,repaired,q,0,0,nan,nan,0,0.0,0,0,0
11128870_15,50,medium,repaired+q+boundary_on,repaired,q,1,0,nan,nan,0,0.0,0,0,0
11128870_15,51,medium,original+p+boundary_off,original,p,0,0,nan,nan,0,0.0,0,0,0
11128870_15,51,medium,original+p+boundary_on,original,p,1,0,nan,nan,0,0.0,0,0,0
11128870_15,51,medium,original+q+boundary_off,original,q,0,0,nan,nan,0,0.0,0,0,0
11128870_15,51,medium,original+q+boundary_on,original,q,1,0,nan,nan,0,0.0,0,0,0
11128870_15,51,medium,repaired+p+boundary_off,repaired,p,0,0,nan,nan,0,0.0,0,0,0
11128870_15,51,medium,repaired+p+boundary_on,repaired,p,1,0,nan,nan,0,0.0,0,0,0
11128870_15,51,medium,repaired+q+boundary_off,repaired,q,0,0,nan,nan,0,0.0,0,0,0
11128870_15,51,medium,repaired+q+boundary_on,repaired,q,1,0,nan,nan,0,0.0,0,0,0
11128870_15,52,medium,original+p+boundary_off,original,p,0,1,0.019721577726218076,1006.38896039296,25906,727.4913999999981,0,1,1
11128870_15,52,medium,original+p+boundary_on,original,p,1,1,0.01041666666666663,1009.2173875177062,39493,1060.9287999999992,0,1,1
11128870_15,52,medium,original+q+boundary_off,original,q,0,1,0.004618937644341847,1013.7026688919449,26241,636.743800000005,1,1,1
11128870_15,52,medium,original+q+boundary_on,original,q,1,1,0.0011534025374856371,1014.2884553295718,39504,969.7255000000027,1,1,1
11128870_15,52,medium,repaired+p+boundary_off,repaired,p,0,1,0.019721577726218076,1006.38896039296,25906,623.5995000000046,0,1,1
11128870_15,52,medium,repaired+p+boundary_on,repaired,p,1,1,0.01041666666666663,1009.2173875177062,39493,1010.3898999999927,0,1,1
11128870_15,52,medium,repaired+q+boundary_off,repaired,q,0,1,0.004618937644341847,1013.7026688919449,26241,657.8784999999954,1,1,1
11128870_15,52,medium,repaired+q+boundary_on,repaired,q,1,1,0.0011534025374856371,1014.2884553295718,39504,1010.0853000000001,1,1,1
11128870_15,53,long,original+p+boundary_off,original,p,0,0,nan,nan,0,0.0,0,0,0
11128870_15,53,long,original+p+boundary_on,original,p,1,0,nan,nan,0,0.0,0,0,0
11128870_15,53,long,original+q+boundary_off,original,q,0,0,nan,nan,0,0.0,0,0,0
11128870_15,53,long,original+q+boundary_on,original,q,1,0,nan,nan,0,0.0,0,0,0
11128870_15,53,long,repaired+p+boundary_off,repaired,p,0,0,nan,nan,0,0.0,0,0,0
11128870_15,53,long,repaired+p+boundary_on,repaired,p,1,0,nan,nan,0,0.0,0,0,0
11128870_15,53,long,repaired+q+boundary_off,repaired,q,0,0,nan,nan,0,0.0,0,0,0
11128870_15,53,long,repaired+q+boundary_on,repaired,q,1,0,nan,nan,0,0.0,0,0,0
11128870_15,54,long,original+p+boundary_off,original,p,0,1,0.14337287261474985,2174.1017305526643,93525,2397.3242,0,0,0
11128870_15,54,long,original+p+boundary_on,original,p,1,1,0.13086038124678,2181.9007204258874,113855,3071.23,0,0,0
11128870_15,54,long,original+q+boundary_off,original,q,0,1,0.13807315816589383,2175.273303427918,91744,2250.9832000000074,0,0,0
11128870_15,54,long,original+q+boundary_on,original,q,1,1,0.12918167781780754,2183.9007204258874,112214,2952.783999999994,0,0,0
11128870_15,54,long,repaired+p+boundary_off,repaired,p,0,1,0.14337287261474985,2174.1017305526643,94307,2356.258099999991,0,0,0
11128870_15,54,long,repaired+p+boundary_on,repaired,p,1,1,0.13086038124678,2181.9007204258874,117042,3124.725499999997,0,0,0
11128870_15,54,long,repaired+q+boundary_off,repaired,q,0,1,0.13807315816589383,2175.273303427918,92338,2328.0403999999917,0,0,0
11128870_15,54,long,repaired+q+boundary_on,repaired,q,1,1,0.12918167781780754,2183.9007204258874,114409,3085.923799999989,0,0,0
11128870_15,55,long,original+p+boundary_off,original,p,0,0,nan,nan,0,0.0,0,0,0
11128870_15,55,long,original+p+boundary_on,original,p,1,0,nan,nan,0,0.0,0,0,0
11128870_15,55,long,original+q+boundary_off,original,q,0,0,nan,nan,0,0.0,0,0,0
11128870_15,55,long,original+q+boundary_on,original,q,1,0,nan,nan,0,0.0,0,0,0
11128870_15,55,long,repaired+p+boundary_off,repaired,p,0,0,nan,nan,0,0.0,0,0,0
11128870_15,55,long,repaired+p+boundary_on,repaired,p,1,0,nan,nan,0,0.0,0,0,0
11128870_15,55,long,repaired+q+boundary_off,repaired,q,0,0,nan,nan,0,0.0,0,0,0
11128870_15,55,long,repaired+q+boundary_on,repaired,q,1,0,nan,nan,0,0.0,0,0,0
11128870_15,56,long,original+p+boundary_off,original,p,0,0,nan,nan,0,0.0,0,0,0
11128870_15,56,long,original+p+boundary_on,original,p,1,0,nan,nan,0,0.0,0,0,0
11128870_15,56,long,original+q+boundary_off,original,q,0,0,nan,nan,0,0.0,0,0,0
11128870_15,56,long,original+q+boundary_on,original,q,1,0,nan,nan,0,0.0,0,0,0
11128870_15,56,long,repaired+p+boundary_off,repaired,p,0,0,nan,nan,0,0.0,0,0,0
11128870_15,56,long,repaired+p+boundary_on,repaired,p,1,0,nan,nan,0,0.0,0,0,0
11128870_15,56,long,repaired+q+boundary_off,repaired,q,0,0,nan,nan,0,0.0,0,0,0
11128870_15,56,long,repaired+q+boundary_on,repaired,q,1,0,nan,nan,0,0.0,0,0,0
11128870_15,57,long,original+p+boundary_off,original,p,0,1,0.1544333529066354,2131.9536777432777,85169,2065.0016000000023,0,0,0
11128870_15,57,long,original+p+boundary_on,original,p,1,1,0.14586994727592262,2140.0958133670083,116619,3028.0733000000027,0,0,0
11128870_15,57,long,original+q+boundary_off,original,q,0,1,0.14847417840375587,2132.539464180905,85196,2103.4977000000054,0,0,0
11128870_15,57,long,original+q+boundary_on,original,q,1,1,0.1452841241944932,2140.0958133670083,115909,3042.580799999996,0,0,0
11128870_15,57,long,repaired+p+boundary_off,repaired,p,0,1,0.1544333529066354,2131.9536777432777,93966,2348.2113999999965,0,0,0
11128870_15,57,long,repaired+p+boundary_on,repaired,p,1,1,0.14586994727592262,2140.0958133670083,124041,3344.7056000000116,0,0,0
11128870_15,57,long,repaired+q+boundary_off,repaired,q,0,1,0.14847417840375587,2132.539464180905,93076,2315.1440999999977,0,0,0
11128870_15,57,long,repaired+q+boundary_on,repaired,q,1,1,0.1452841241944932,2140.0958133670083,123042,3284.2483000000016,0,0,0
11128870_15,58,long,original+p+boundary_off,original,p,0,1,0.14144050104384132,2166.427632360468,95070,2427.2287000000006,0,0,0
11128870_15,58,long,original+p+boundary_on,original,p,1,1,0.12982273201251304,2173.398195108945,110978,2950.0096000000012,0,0,0
11128870_15,58,long,original+q+boundary_off,original,q,0,1,0.13607924921793535,2167.599205235722,94134,2374.8365999999946,0,0,0
11128870_15,58,long,original+q+boundary_on,original,q,1,1,0.12923397602918185,2174.812408671318,110142,2940.738100000004,0,0,0
11128870_15,58,long,repaired+p+boundary_off,repaired,p,0,1,0.14144050104384132,2166.427632360468,98659,2464.6596999999983,0,0,0
11128870_15,58,long,repaired+p+boundary_on,repaired,p,1,1,0.12982273201251304,2173.398195108945,117056,3044.470099999998,0,0,0
11128870_15,58,long,repaired+q+boundary_off,repaired,q,0,1,0.13607924921793535,2167.599205235722,97276,2546.2573999999877,0,0,0
11128870_15,58,long,repaired+q+boundary_on,repaired,q,1,1,0.12923397602918185,2174.812408671318,116042,3262.724300000002,0,0,0
11128870_15,59,long,original+p+boundary_off,original,p,0,0,nan,nan,0,0.0,0,0,0
11128870_15,59,long,original+p+boundary_on,original,p,1,0,nan,nan,0,0.0,0,0,0
11128870_15,59,long,original+q+boundary_off,original,q,0,0,nan,nan,0,0.0,0,0,0
11128870_15,59,long,original+q+boundary_on,original,q,1,0,nan,nan,0,0.0,0,0,0
11128870_15,59,long,repaired+p+boundary_off,repaired,p,0,0,nan,nan,0,0.0,0,0,0
11128870_15,59,long,repaired+p+boundary_on,repaired,p,1,0,nan,nan,0,0.0,0,0,0
11128870_15,59,long,repaired+q+boundary_off,repaired,q,0,0,nan,nan,0,0.0,0,0,0
11128870_15,59,long,repaired+q+boundary_on,repaired,q,1,0,nan,nan,0,0.0,0,0,0
11278840_15,60,short,original+p+boundary_off,original,p,0,0,nan,nan,0,0.0,0,0,0
11278840_15,60,short,original+p+boundary_on,original,p,1,0,nan,nan,0,0.0,0,0,0
11278840_15,60,short,original+q+boundary_off,original,q,0,0,nan,nan,0,0.0,0,0,0
11278840_15,60,short,original+q+boundary_on,original,q,1,0,nan,nan,0,0.0,0,0,0
11278840_15,60,short,repaired+p+boundary_off,repaired,p,0,0,nan,nan,0,0.0,0,0,0
11278840_15,60,short,repaired+p+boundary_on,repaired,p,1,0,nan,nan,0,0.0,0,0,0
11278840_15,60,short,repaired+q+boundary_off,repaired,q,0,0,nan,nan,0,0.0,0,0,0
11278840_15,60,short,repaired+q+boundary_on,repaired,q,1,0,nan,nan,0,0.0,0,0,0
11278840_15,61,short,original+p+boundary_off,original,p,0,0,nan,nan,0,0.0,0,0,0
11278840_15,61,short,original+p+boundary_on,original,p,1,0,nan,nan,0,0.0,0,0,0
11278840_15,61,short,original+q+boundary_off,original,q,0,0,nan,nan,0,0.0,0,0,0
11278840_15,61,short,original+q+boundary_on,original,q,1,0,nan,nan,0,0.0,0,0,0
11278840_15,61,short,repaired+p+boundary_off,repaired,p,0,0,nan,nan,0,0.0,0,0,0
11278840_15,61,short,repaired+p+boundary_on,repaired,p,1,0,nan,nan,0,0.0,0,0,0
11278840_15,61,short,repaired+q+boundary_off,repaired,q,0,0,nan,nan,0,0.0,0,0,0
11278840_15,61,short,repaired+q+boundary_on,repaired,q,1,0,nan,nan,0,0.0,0,0,0
11278840_15,62,short,original+p+boundary_off,original,p,0,0,nan,nan,0,0.0,0,0,0
11278840_15,62,short,original+p+boundary_on,original,p,1,0,nan,nan,0,0.0,0,0,0
11278840_15,62,short,original+q+boundary_off,original,q,0,0,nan,nan,0,0.0,0,0,0
11278840_15,62,short,original+q+boundary_on,original,q,1,0,nan,nan,0,0.0,0,0,0
11278840_15,62,short,repaired+p+boundary_off,repaired,p,0,0,nan,nan,0,0.0,0,0,0
11278840_15,62,short,repaired+p+boundary_on,repaired,p,1,0,nan,nan,0,0.0,0,0,0
11278840_15,62,short,repaired+q+boundary_off,repaired,q,0,0,nan,nan,0,0.0,0,0,0
11278840_15,62,short,repaired+q+boundary_on,repaired,q,1,0,nan,nan,0,0.0,0,0,0
11278840_15,63,short,original+p+boundary_off,original,p,0,1,0.006451612903225823,166.4264068711929,4030,98.24419999999989,1,1,1
11278840_15,63,short,original+p+boundary_on,original,p,1,1,0.006451612903225823,166.4264068711929,4424,115.28209999999817,1,1,1
11278840_15,63,short,original+q+boundary_off,original,q,0,1,0.0,167.01219330881983,4662,118.42429999999737,1,1,1
11278840_15,63,short,original+q+boundary_on,original,q,1,1,0.0,167.0121933088198,4763,118.40820000000107,1,1,1
11278840_15,63,short,repaired+p+boundary_off,repaired,p,0,1,0.006451612903225823,166.4264068711929,4030,97.80280000000019,1,1,1
11278840_15,63,short,repaired+p+boundary_on,repaired,p,1,1,0.006451612903225823,166.4264068711929,4424,109.95840000000001,1,1,1
11278840_15,63,short,repaired+q+boundary_off,repaired,q,0,1,0.0,167.01219330881983,4662,109.25789999999935,1,1,1
11278840_15,63,short,repaired+q+boundary_on,repaired,q,1,1,0.0,167.0121933088198,4798,121.67180000000144,1,1,1
11278840_15,64,short,original+p+boundary_off,original,p,0,0,nan,nan,0,0.0,0,0,0
11278840_15,64,short,original+p+boundary_on,original,p,1,0,nan,nan,0,0.0,0,0,0
11278840_15,64,short,original+q+boundary_off,original,q,0,0,nan,nan,0,0.0,0,0,0
11278840_15,64,short,original+q+boundary_on,original,q,1,0,nan,nan,0,0.0,0,0,0
11278840_15,64,short,repaired+p+boundary_off,repaired,p,0,0,nan,nan,0,0.0,0,0,0
11278840_15,64,short,repaired+p+boundary_on,repaired,p,1,0,nan,nan,0,0.0,0,0,0
11278840_15,64,short,repaired+q+boundary_off,repaired,q,0,0,nan,nan,0,0.0,0,0,0
11278840_15,64,short,repaired+q+boundary_on,repaired,q,1,0,nan,nan,0,0.0,0,0,0
11278840_15,65,short,original+p+boundary_off,original,p,0,0,nan,nan,0,0.0,0,0,0
11278840_15,65,short,original+p+boundary_on,original,p,1,0,nan,nan,0,0.0,0,0,0
11278840_15,65,short,original+q+boundary_off,original,q,0,0,nan,nan,0,0.0,0,0,0
11278840_15,65,short,original+q+boundary_on,original,q,1,0,nan,nan,0,0.0,0,0,0
11278840_15,65,short,repaired+p+boundary_off,repaired,p,0,0,nan,nan,0,0.0,0,0,0
11278840_15,65,short,repaired+p+boundary_on,repaired,p,1,0,nan,nan,0,0.0,0,0,0
11278840_15,65,short,repaired+q+boundary_off,repaired,q,0,0,nan,nan,0,0.0,0,0,0
11278840_15,65,short,repaired+q+boundary_on,repaired,q,1,0,nan,nan,0,0.0,0,0,0
11278840_15,66,medium,original+p+boundary_off,original,p,0,0,nan,nan,0,0.0,0,0,0
11278840_15,66,medium,original+p+boundary_on,original,p,1,0,nan,nan,0,0.0,0,0,0
11278840_15,66,medium,original+q+boundary_off,original,q,0,0,nan,nan,0,0.0,0,0,0
11278840_15,66,medium,original+q+boundary_on,original,q,1,0,nan,nan,0,0.0,0,0,0
11278840_15,66,medium,repaired+p+boundary_off,repaired,p,0,0,nan,nan,0,0.0,0,0,0
11278840_15,66,medium,repaired+p+boundary_on,repaired,p,1,0,nan,nan,0,0.0,0,0,0
11278840_15,66,medium,repaired+q+boundary_off,repaired,q,0,0,nan,nan,0,0.0,0,0,0
11278840_15,66,medium,repaired+q+boundary_on,repaired,q,1,0,nan,nan,0,0.0,0,0,0
11278840_15,67,medium,original+p+boundary_off,original,p,0,0,nan,nan,0,0.0,0,0,0
11278840_15,67,medium,original+p+boundary_on,original,p,1,0,nan,nan,0,0.0,0,0,0
11278840_15,67,medium,original+q+boundary_off,original,q,0,0,nan,nan,0,0.0,0,0,0
11278840_15,67,medium,original+q+boundary_on,original,q,1,0,nan,nan,0,0.0,0,0,0
11278840_15,67,medium,repaired+p+boundary_off,repaired,p,0,0,nan,nan,0,0.0,0,0,0
11278840_15,67,medium,repaired+p+boundary_on,repaired,p,1,0,nan,nan,0,0.0,0,0,0
11278840_15,67,medium,repaired+q+boundary_off,repaired,q,0,0,nan,nan,0,0.0,0,0,0
11278840_15,67,medium,repaired+q+boundary_on,repaired,q,1,0,nan,nan,0,0.0,0,0,0
11278840_15,68,medium,original+p+boundary_off,original,p,0,0,nan,nan,0,0.0,0,0,0
11278840_15,68,medium,original+p+boundary_on,original,p,1,0,nan,nan,0,0.0,0,0,0
11278840_15,68,medium,original+q+boundary_off,original,q,0,0,nan,nan,0,0.0,0,0,0
11278840_15,68,medium,original+q+boundary_on,original,q,1,0,nan,nan,0,0.0,0,0,0
11278840_15,68,medium,repaired+p+boundary_off,repaired,p,0,0,nan,nan,0,0.0,0,0,0
11278840_15,68,medium,repaired+p+boundary_on,repaired,p,1,0,nan,nan,0,0.0,0,0,0
11278840_15,68,medium,repaired+q+boundary_off,repaired,q,0,0,nan,nan,0,0.0,0,0,0
11278840_15,68,medium,repaired+q+boundary_on,repaired,q,1,0,nan,nan,0,0.0,0,0,0
11278840_15,69,medium,original+p+boundary_off,original,p,0,0,nan,nan,0,0.0,0,0,0
11278840_15,69,medium,original+p+boundary_on,original,p,1,0,nan,nan,0,0.0,0,0,0
11278840_15,69,medium,original+q+boundary_off,original,q,0,0,nan,nan,0,0.0,0,0,0
11278840_15,69,medium,original+q+boundary_on,original,q,1,0,nan,nan,0,0.0,0,0,0
11278840_15,69,medium,repaired+p+boundary_off,repaired,p,0,0,nan,nan,0,0.0,0,0,0
11278840_15,69,medium,repaired+p+boundary_on,repaired,p,1,0,nan,nan,0,0.0,0,0,0
11278840_15,69,medium,repaired+q+boundary_off,repaired,q,0,0,nan,nan,0,0.0,0,0,0
11278840_15,69,medium,repaired+q+boundary_on,repaired,q,1,0,nan,nan,0,0.0,0,0,0
11278840_15,70,medium,original+p+boundary_off,original,p,0,0,nan,nan,0,0.0,0,0,0
11278840_15,70,medium,original+p+boundary_on,original,p,1,0,nan,nan,0,0.0,0,0,0
11278840_15,70,medium,original+q+boundary_off,original,q,0,0,nan,nan,0,0.0,0,0,0
11278840_15,70,medium,original+q+boundary_on,original,q,1,0,nan,nan,0,0.0,0,0,0
11278840_15,70,medium,repaired+p+boundary_off,repaired,p,0,0,nan,nan,0,0.0,0,0,0
11278840_15,70,medium,repaired+p+boundary_on,repaired,p,1,0,nan,nan,0,0.0,0,0,0
11278840_15,70,medium,repaired+q+boundary_off,repaired,q,0,0,nan,nan,0,0.0,0,0,0
11278840_15,70,medium,repaired+q+boundary_on,repaired,q,1,0,nan,nan,0,0.0,0,0,0
11278840_15,71,medium,original+p+boundary_off,original,p,0,0,nan,nan,0,0.0,0,0,0
11278840_15,71,medium,original+p+boundary_on,original,p,1,0,nan,nan,0,0.0,0,0,0
11278840_15,71,medium,original+q+boundary_off,original,q,0,0,nan,nan,0,0.0,0,0,0
11278840_15,71,medium,original+q+boundary_on,original,q,1,0,nan,nan,0,0.0,0,0,0
11278840_15,71,medium,repaired+p+boundary_off,repaired,p,0,0,nan,nan,0,0.0,0,0,0
11278840_15,71,medium,repaired+p+boundary_on,repaired,p,1,0,nan,nan,0,0.0,0,0,0
11278840_15,71,medium,repaired+q+boundary_off,repaired,q,0,0,nan,nan,0,0.0,0,0,0
11278840_15,71,medium,repaired+q+boundary_on,repaired,q,1,0,nan,nan,0,0.0,0,0,0
11278840_15,72,medium,original+p+boundary_off,original,p,0,0,nan,nan,0,0.0,0,0,0
11278840_15,72,medium,original+p+boundary_on,original,p,1,0,nan,nan,0,0.0,0,0,0
11278840_15,72,medium,original+q+boundary_off,original,q,0,0,nan,nan,0,0.0,0,0,0
11278840_15,72,medium,original+q+boundary_on,original,q,1,0,nan,nan,0,0.0,0,0,0
11278840_15,72,medium,repaired+p+boundary_off,repaired,p,0,0,nan,nan,0,0.0,0,0,0
11278840_15,72,medium,repaired+p+boundary_on,repaired,p,1,0,nan,nan,0,0.0,0,0,0
11278840_15,72,medium,repaired+q+boundary_off,repaired,q,0,0,nan,nan,0,0.0,0,0,0
11278840_15,72,medium,repaired+q+boundary_on,repaired,q,1,0,nan,nan,0,0.0,0,0,0
11278840_15,73,long,original+p+boundary_off,original,p,0,0,nan,nan,0,0.0,0,0,0
11278840_15,73,long,original+p+boundary_on,original,p,1,0,nan,nan,0,0.0,0,0,0
11278840_15,73,long,original+q+boundary_off,original,q,0,0,nan,nan,0,0.0,0,0,0
11278840_15,73,long,original+q+boundary_on,original,q,1,0,nan,nan,0,0.0,0,0,0
11278840_15,73,long,repaired+p+boundary_off,repaired,p,0,0,nan,nan,0,0.0,0,0,0
11278840_15,73,long,repaired+p+boundary_on,repaired,p,1,0,nan,nan,0,0.0,0,0,0
11278840_15,73,long,repaired+q+boundary_off,repaired,q,0,0,nan,nan,0,0.0,0,0,0
11278840_15,73,long,repaired+q+boundary_on,repaired,q,1,0,nan,nan,0,0.0,0,0,0
11278840_15,74,long,original+p+boundary_off,original,p,0,0,nan,nan,0,0.0,0,0,0
11278840_15,74,long,original+p+boundary_on,original,p,1,0,nan,nan,0,0.0,0,0,0
11278840_15,74,long,original+q+boundary_off,original,q,0,0,nan,nan,0,0.0,0,0,0
11278840_15,74,long,original+q+boundary_on,original,q,1,0,nan,nan,0,0.0,0,0,0
11278840_15,74,long,repaired+p+boundary_off,repaired,p,0,0,nan,nan,0,0.0,0,0,0
11278840_15,74,long,repaired+p+boundary_on,repaired,p,1,0,nan,nan,0,0.0,0,0,0
11278840_15,74,long,repaired+q+boundary_off,repaired,q,0,0,nan,nan,0,0.0,0,0,0
11278840_15,74,long,repaired+q+boundary_on,repaired,q,1,0,nan,nan,0,0.0,0,0,0
11278840_15,75,long,original+p+boundary_off,original,p,0,0,nan,nan,0,0.0,0,0,0
11278840_15,75,long,original+p+boundary_on,original,p,1,0,nan,nan,0,0.0,0,0,0
11278840_15,75,long,original+q+boundary_off,original,q,0,0,nan,nan,0,0.0,0,0,0
11278840_15,75,long,original+q+boundary_on,original,q,1,0,nan,nan,0,0.0,0,0,0
11278840_15,75,long,repaired+p+boundary_off,repaired,p,0,0,nan,nan,0,0.0,0,0,0
11278840_15,75,long,repaired+p+boundary_on,repaired,p,1,0,nan,nan,0,0.0,0,0,0
11278840_15,75,long,repaired+q+boundary_off,repaired,q,0,0,nan,nan,0,0.0,0,0,0
11278840_15,75,long,repaired+q+boundary_on,repaired,q,1,0,nan,nan,0,0.0,0,0,0
11278840_15,76,long,original+p+boundary_off,original,p,0,0,nan,nan,0,0.0,0,0,0
11278840_15,76,long,original+p+boundary_on,original,p,1,0,nan,nan,0,0.0,0,0,0
11278840_15,76,long,original+q+boundary_off,original,q,0,0,nan,nan,0,0.0,0,0,0
11278840_15,76,long,original+q+boundary_on,original,q,1,0,nan,nan,0,0.0,0,0,0
11278840_15,76,long,repaired+p+boundary_off,repaired,p,0,0,nan,nan,0,0.0,0,0,0
11278840_15,76,long,repaired+p+boundary_on,repaired,p,1,0,nan,nan,0,0.0,0,0,0
11278840_15,76,long,repaired+q+boundary_off,repaired,q,0,0,nan,nan,0,0.0,0,0,0
11278840_15,76,long,repaired+q+boundary_on,repaired,q,1,0,nan,nan,0,0.0,0,0,0
11278840_15,77,long,original+p+boundary_off,original,p,0,0,nan,nan,0,0.0,0,0,0
11278840_15,77,long,original+p+boundary_on,original,p,1,0,nan,nan,0,0.0,0,0,0
11278840_15,77,long,original+q+boundary_off,original,q,0,0,nan,nan,0,0.0,0,0,0
11278840_15,77,long,original+q+boundary_on,original,q,1,0,nan,nan,0,0.0,0,0,0
11278840_15,77,long,repaired+p+boundary_off,repaired,p,0,0,nan,nan,0,0.0,0,0,0
11278840_15,77,long,repaired+p+boundary_on,repaired,p,1,0,nan,nan,0,0.0,0,0,0
11278840_15,77,long,repaired+q+boundary_off,repaired,q,0,0,nan,nan,0,0.0,0,0,0
11278840_15,77,long,repaired+q+boundary_on,repaired,q,1,0,nan,nan,0,0.0,0,0,0
11278840_15,78,long,original+p+boundary_off,original,p,0,0,nan,nan,0,0.0,0,0,0
11278840_15,78,long,original+p+boundary_on,original,p,1,0,nan,nan,0,0.0,0,0,0
11278840_15,78,long,original+q+boundary_off,original,q,0,0,nan,nan,0,0.0,0,0,0
11278840_15,78,long,original+q+boundary_on,original,q,1,0,nan,nan,0,0.0,0,0,0
11278840_15,78,long,repaired+p+boundary_off,repaired,p,0,0,nan,nan,0,0.0,0,0,0
11278840_15,78,long,repaired+p+boundary_on,repaired,p,1,0,nan,nan,0,0.0,0,0,0
11278840_15,78,long,repaired+q+boundary_off,repaired,q,0,0,nan,nan,0,0.0,0,0,0
11278840_15,78,long,repaired+q+boundary_on,repaired,q,1,0,nan,nan,0,0.0,0,0,0
11278840_15,79,long,original+p+boundary_off,original,p,0,0,nan,nan,0,0.0,0,0,0
11278840_15,79,long,original+p+boundary_on,original,p,1,0,nan,nan,0,0.0,0,0,0
11278840_15,79,long,original+q+boundary_off,original,q,0,0,nan,nan,0,0.0,0,0,0
11278840_15,79,long,original+q+boundary_on,original,q,1,0,nan,nan,0,0.0,0,0,0
11278840_15,79,long,repaired+p+boundary_off,repaired,p,0,0,nan,nan,0,0.0,0,0,0
11278840_15,79,long,repaired+p+boundary_on,repaired,p,1,0,nan,nan,0,0.0,0,0,0
11278840_15,79,long,repaired+q+boundary_off,repaired,q,0,0,nan,nan,0,0.0,0,0,0
11278840_15,79,long,repaired+q+boundary_on,repaired,q,1,0,nan,nan,0,0.0,0,0,0
11728825_15,80,short,original+p+boundary_off,original,p,0,1,0.0,64.48528137423855,541,15.47389999999993,1,1,1
11728825_15,80,short,original+p+boundary_on,original,p,1,1,0.0,65.31370849898475,889,24.533200000000477,1,1,1
11728825_15,80,short,original+q+boundary_off,original,q,0,1,0.0,64.48528137423855,554,16.86140000000158,1,1,1
11728825_15,80,short,original+q+boundary_on,original,q,1,1,0.0,65.31370849898475,876,27.04340000000016,1,1,1
11728825_15,80,short,repaired+p+boundary_off,repaired,p,0,1,0.0,64.48528137423855,541,15.369799999998435,1,1,1
11728825_15,80,short,repaired+p+boundary_on,repaired,p,1,1,0.0,65.31370849898475,889,26.365900000000053,1,1,1
11728825_15,80,short,repaired+q+boundary_off,repaired,q,0,1,0.0,64.48528137423855,554,16.97209999999849,1,1,1
11728825_15,80,short,repaired+q+boundary_on,repaired,q,1,1,0.0,65.31370849898475,876,26.836100000000584,1,1,1
11728825_15,81,short,original+p+boundary_off,original,p,0,1,0.012443438914027105,1020.5189027078703,27474,855.7235999999992,0,1,1
11728825_15,81,short,original+p+boundary_on,original,p,1,1,0.011261261261261257,1030.317892581094,34391,937.8299999999999,0,1,1
11728825_15,81,short,original+q+boundary_off,original,q,0,1,0.01016949152542368,1022.7615433949898,27181,686.1373000000004,0,1,1
11728825_15,81,short,original+q+boundary_on,original,q,1,1,0.008988764044943864,1032.317892581094,34110,901.7661000000014,1,1,1
11728825_15,81,short,repaired+p+boundary_off,repaired,p,0,1,0.012443438914027105,1020.5189027078703,27791,670.9294000000003,0,1,1
11728825_15,81,short,repaired+p+boundary_on,repaired,p,1,1,0.011261261261261257,1030.317892581094,35877,948.4851000000027,0,1,1
11728825_15,81,short,repaired+q+boundary_off,repaired,q,0,1,0.01016949152542368,1022.7615433949898,27499,682.8262999999986,0,1,1
11728825_15,81,short,repaired+q+boundary_on,repaired,q,1,1,0.008988764044943864,1032.317892581094,35544,914.4638,1,1,1
11728825_15,82,short,original+p+boundary_off,original,p,0,1,0.04149377593360992,1038.386868351905,41640,1016.2216999999991,0,1,1
11728825_15,82,short,original+p+boundary_on,original,p,1,1,0.038302277432712195,1042.0437226013973,47782,1247.2230999999992,0,1,1
11728825_15,82,short,original+q+boundary_off,original,q,0,1,0.040414507772020714,1038.972654789532,41188,1008.5867999999998,0,1,1
11728825_15,82,short,original+q+boundary_on,original,q,1,1,0.03412616339193386,1041.8010819142783,47263,1236.8693999999998,0,1,1
11728825_15,82,short,repaired+p+boundary_off,repaired,p,0,1,0.04149377593360992,1038.386868351905,41736,1040.7438000000013,0,1,1
11728825_15,82,short,repaired+p+boundary_on,repaired,p,1,1,0.038302277432712195,1042.0437226013973,47871,1253.1701999999996,0,1,1
11728825_15,82,short,repaired+q+boundary_off,repaired,q,0,1,0.040414507772020714,1038.972654789532,41283,1002.0474000000022,0,1,1
11728825_15,82,short,repaired+q+boundary_on,repaired,q,1,1,0.03412616339193386,1041.8010819142783,47355,1213.8965000000005,0,1,1
11728825_15,83,short,original+p+boundary_off,original,p,0,1,0.0625,525.6518036156098,8815,208.20069999999902,0,0,1
11728825_15,83,short,original+p+boundary_on,original,p,1,1,0.06036217303822933,530.3797256769677,9668,241.15440000000277,0,0,1
11728825_15,83,short,original+q+boundary_off,original,q,0,1,0.06451612903225812,525.6518036156098,8674,201.1782999999987,0,0,1
11728825_15,83,short,original+q+boundary_on,original,q,1,1,0.05633802816901412,529.5512985522215,9612,235.5938000000002,0,0,1
11728825_15,83,short,repaired+p+boundary_off,repaired,p,0,1,0.0625,525.6518036156098,8815,208.29589999999953,0,0,1
11728825_15,83,short,repaired+p+boundary_on,repaired,p,1,1,0.06036217303822933,530.3797256769677,9669,261.91890000000126,0,0,1
11728825_15,83,short,repaired+q+boundary_off,repaired,q,0,1,0.06451612903225812,525.6518036156098,8674,201.29839999999888,0,0,1
11728825_15,83,short,repaired+q+boundary_on,repaired,q,1,1,0.05633802816901412,529.5512985522215,9612,253.65249999999762,0,0,1
11728825_15,84,short,original+p+boundary_off,original,p,0,0,nan,nan,0,0.0,0,0,0
11728825_15,84,short,original+p+boundary_on,original,p,1,0,nan,nan,0,0.0,0,0,0
11728825_15,84,short,original+q+boundary_off,original,q,0,0,nan,nan,0,0.0,0,0,0
11728825_15,84,short,original+q+boundary_on,original,q,1,0,nan,nan,0,0.0,0,0,0
11728825_15,84,short,repaired+p+boundary_off,repaired,p,0,0,nan,nan,0,0.0,0,0,0
11728825_15,84,short,repaired+p+boundary_on,repaired,p,1,0,nan,nan,0,0.0,0,0,0
11728825_15,84,short,repaired+q+boundary_off,repaired,q,0,0,nan,nan,0,0.0,0,0,0
11728825_15,84,short,repaired+q+boundary_on,repaired,q,1,0,nan,nan,0,0.0,0,0,0
11728825_15,85,short,original+p+boundary_off,original,p,0,1,0.024163568773234223,655.4650788387075,18576,452.3900999999988,0,1,1
11728825_15,85,short,original+p+boundary_on,original,p,1,1,0.018416206261510082,660.8792924010805,21729,550.2736000000006,0,1,1
11728825_15,85,short,original+q+boundary_off,original,q,0,1,0.022304832713754608,656.2935059634538,18297,434.66489999999783,0,1,1
11728825_15,85,short,original+q+boundary_on,original,q,1,1,0.016574585635359074,661.7077195258269,21446,562.0928000000021,0,1,1
11728825_15,85,short,repaired+p+boundary_off,repaired,p,0,1,0.024163568773234223,655.4650788387075,18576,447.0403999999952,0,1,1
11728825_15,85,short,repaired+p+boundary_on,repaired,p,1,1,0.018416206261510082,660.8792924010805,21940,557.2312000000039,0,1,1
11728825_15,85,short,repaired+q+boundary_off,repaired,q,0,1,0.022304832713754608,656.2935059634538,18297,459.16679999999843,0,1,1
11728825_15,85,short,repaired+q+boundary_on,repaired,q,1,1,0.016574585635359074,661.7077195258269,21575,573.3446000000058,0,1,1
11728825_15,86,medium,original+p+boundary_off,original,p,0,1,0.023592085235920823,1493.1828996323009,46834,1167.9277,0,1,1
11728825_15,86,medium,original+p+boundary_on,original,p,1,1,0.022761760242792084,1501.3250352560317,51930,1336.8912000000037,0,1,1
11728825_15,86,medium,original+q+boundary_off,original,q,0,1,0.0243531202435312,1493.1828996323009,45878,1137.6551999999974,0,1,1
11728825_15,86,medium,original+q+boundary_on,original,q,1,1,0.02124430955993928,1500.4966081312855,51313,1379.8266999999953,0,1,1
11728825_15,86,medium,repaired+p+boundary_off,repaired,p,0,1,0.023592085235920823,1493.1828996323009,46834,1192.0671999999968,0,1,1
11728825_15,86,medium,repaired+p+boundary_on,repaired,p,1,1,0.022761760242792084,1501.3250352560317,55621,1423.7247000000011,0,1,1
11728825_15,86,medium,repaired+q+boundary_off,repaired,q,0,1,0.0243531202435312,1493.1828996323009,45878,1123.139799999997,0,1,1
11728825_15,86,medium,repaired+q+boundary_on,repaired,q,1,1,0.02124430955993928,1500.4966081312855,54632,1384.3344999999943,0,1,1
11728825_15,87,medium,original+p+boundary_off,original,p,0,1,0.016149068322981353,953.1168824543173,35526,904.9805000000006,0,1,1
11728825_15,87,medium,original+p+boundary_on,original,p,1,1,0.012345679012345734,958.5310960166904,35937,938.7852999999993,0,1,1
11728825_15,87,medium,original+q+boundary_off,original,q,0,1,0.014906832298136607,953.9453095790635,35096,843.9501000000007,0,1,1
11728825_15,87,medium,original+q+boundary_on,original,q,1,1,0.011111111111111072,959.3595231414366,35671,932.6081000000031,0,1,1
11728825_15,87,medium,repaired+p+boundary_off,repaired,p,0,1,0.016149068322981353,953.1168824543173,36704,884.7446999999988,0,1,1
11728825_15,87,medium,repaired+p+boundary_on,repaired,p,1,1,0.012345679012345734,958.5310960166904,37527,951.7468999999962,0,1,1
11728825_15,87,medium,repaired+q+boundary_off,repaired,q,0,1,0.014906832298136607,953.9453095790635,36171,896.6633000000002,0,1,1
11728825_15,87,medium,repaired+q+boundary_on,repaired,q,1,1,0.011111111111111072,959.3595231414366,37333,991.731399999999,0,1,1
11728825_15,88,medium,original+p+boundary_off,original,p,0,0,nan,nan,0,0.0,0,0,0
11728825_15,88,medium,original+p+boundary_on,original,p,1,0,nan,nan,0,0.0,0,0,0
11728825_15,88,medium,original+q+boundary_off,original,q,0,0,nan,nan,0,0.0,0,0,0
11728825_15,88,medium,original+q+boundary_on,original,q,1,0,nan,nan,0,0.0,0,0,0
11728825_15,88,medium,repaired+p+boundary_off,repaired,p,0,1,0.033069734004313456,1489.8254685319184,46860,1177.1296000000007,0,1,1
11728825_15,88,medium,repaired+p+boundary_on,repaired,p,1,1,0.030890804597701105,1497.8670990922612,67168,1764.9486999999979,0,1,1
11728825_15,88,medium,repaired+q+boundary_off,repaired,q,0,1,0.03378864126527681,1490.6538956566646,46314,1151.9938999999936,0,1,1
11728825_15,88,medium,repaired+q+boundary_on,repaired,q,1,1,0.027977044476327095,1498.2102448427688,66606,1697.542900000002,0,1,1
11728825_15,89,medium,original+p+boundary_off,original,p,0,1,0.000888888888888939,1314.1240251292556,21868,511.9688999999994,1,1,1
11728825_15,89,medium,original+p+boundary_on,original,p,1,1,0.0026548672566372167,1317.8813844421363,24532,620.4588000000015,1,1,1
11728825_15,89,medium,original+q+boundary_off,original,q,0,1,0.000888888888888939,1314.1240251292556,21621,550.8946999999935,1,1,1
11728825_15,89,medium,original+q+boundary_on,original,q,1,1,0.0008841732979664174,1319.2955980045094,24307,610.3218000000013,1,1,1
11728825_15,89,medium,repaired+p+boundary_off,repaired,p,0,1,0.000888888888888939,1314.1240251292556,21868,564.9280000000019,1,1,1
11728825_15,89,medium,repaired+p+boundary_on,repaired,p,1,1,0.0026548672566372167,1317.8813844421363,25323,667.1198000000018,1,1,1
11728825_15,89,medium,repaired+q+boundary_off,repaired,q,0,1,0.000888888888888939,1314.1240251292556,21621,570.8136000000011,1,1,1
11728825_15,89,medium,repaired+q+boundary_on,repaired,q,1,1,0.0008841732979664174,1319.2955980045094,25031,667.4889000000021,1,1,1
11728825_15,90,medium,original+p+boundary_off,original,p,0,0,nan,nan,0,0.0,0,0,0
11728825_15,90,medium,original+p+boundary_on,original,p,1,0,nan,nan,0,0.0,0,0,0
11728825_15,90,medium,original+q+boundary_off,original,q,0,0,nan,nan,0,0.0,0,0,0
11728825_15,90,medium,original+q+boundary_on,original,q,1,0,nan,nan,0,0.0,0,0,0
11728825_15,90,medium,repaired+p+boundary_off,repaired,p,0,0,nan,nan,0,0.0,0,0,0
11728825_15,90,medium,repaired+p+boundary_on,repaired,p,1,0,nan,nan,0,0.0,0,0,0
11728825_15,90,medium,repaired+q+boundary_off,repaired,q,0,0,nan,nan,0,0.0,0,0,0
11728825_15,90,medium,repaired+q+boundary_on,repaired,q,1,0,nan,nan,0,0.0,0,0,0
11728825_15,91,medium,original+p+boundary_off,original,p,0,0,nan,nan,0,0.0,0,0,0
11728825_15,91,medium,original+p+boundary_on,original,p,1,0,nan,nan,0,0.0,0,0,0
11728825_15,91,medium,original+q+boundary_off,original,q,0,0,nan,nan,0,0.0,0,0,0
11728825_15,91,medium,original+q+boundary_on,original,q,1,0,nan,nan,0,0.0,0,0,0
11728825_15,91,medium,repaired+p+boundary_off,repaired,p,0,0,nan,nan,0,0.0,0,0,0
11728825_15,91,medium,repaired+p+boundary_on,repaired,p,1,0,nan,nan,0,0.0,0,0,0
11728825_15,91,medium,repaired+q+boundary_off,repaired,q,0,0,nan,nan,0,0.0,0,0,0
11728825_15,91,medium,repaired+q+boundary_on,repaired,q,1,0,nan,nan,0,0.0,0,0,0
11728825_15,92,medium,original+p+boundary_off,original,p,0,0,nan,nan,0,0.0,0,0,0
11728825_15,92,medium,original+p+boundary_on,original,p,1,0,nan,nan,0,0.0,0,0,0
11728825_15,92,medium,original+q+boundary_off,original,q,0,0,nan,nan,0,0.0,0,0,0
11728825_15,92,medium,original+q+boundary_on,original,q,1,0,nan,nan,0,0.0,0,0,0
11728825_15,92,medium,repaired+p+boundary_off,repaired,p,0,0,nan,nan,0,0.0,0,0,0
11728825_15,92,medium,repaired+p+boundary_on,repaired,p,1,0,nan,nan,0,0.0,0,0,0
11728825_15,92,medium,repaired+q+boundary_off,repaired,q,0,0,nan,nan,0,0.0,0,0,0
11728825_15,92,medium,repaired+q+boundary_on,repaired,q,1,0,nan,nan,0,0.0,0,0,0
11728825_15,93,long,original+p+boundary_off,original,p,0,1,0.018321513002364065,1955.6824663564148,57921,1383.202500000003,0,1,1
11728825_15,93,long,original+p+boundary_on,original,p,1,1,0.017657445556209517,1966.4103884177728,61151,1542.4747000000068,0,1,1
11728825_15,93,long,original+q+boundary_off,original,q,0,1,0.01891252955082745,1955.6824663564148,57403,1424.1595000000018,0,1,1
11728825_15,93,long,original+q+boundary_on,original,q,1,1,0.01648028251912892,1965.5819612930266,60983,1588.827000000009,0,1,1
11728825_15,93,long,repaired+p+boundary_off,repaired,p,0,1,0.018321513002364065,1955.6824663564148,59160,1490.6137999999914,0,1,1
11728825_15,93,long,repaired+p+boundary_on,repaired,p,1,1,0.017657445556209517,1966.4103884177728,62932,1673.1037999999926,0,1,1
11728825_15,93,long,repaired+q+boundary_off,repaired,q,0,1,0.01891252955082745,1955.6824663564148,58512,1469.5269999999994,0,1,1
11728825_15,93,long,repaired+q+boundary_on,repaired,q,1,1,0.01648028251912892,1965.5819612930266,62739,1635.6152999999977,0,1,1
11728825_15,94,long,original+p+boundary_off,original,p,0,1,0.018810679611650505,1905.469262920818,56601,1348.3044000000036,0,1,1
11728825_15,94,long,original+p+boundary_on,original,p,1,1,0.01812688821752262,1913.7119036079373,75784,1966.488499999997,0,1,1
11728825_15,94,long,original+q+boundary_off,original,q,0,1,0.01941747572815533,1905.469262920818,56385,1436.7681000000089,0,1,1
11728825_15,94,long,original+q+boundary_on,original,q,1,1,0.016918429003021096,1912.883476483191,74842,1956.3976000000025,0,1,1
11728825_15,94,long,repaired+p+boundary_off,repaired,p,0,1,0.018810679611650505,1905.469262920818,57158,1428.6068000000114,0,1,1
11728825_15,94,long,repaired+p+boundary_on,repaired,p,1,1,0.01812688821752262,1913.7119036079373,79941,2104.8576000000025,0,1,1
11728825_15,94,long,repaired+q+boundary_off,repaired,q,0,1,0.01941747572815533,1905.469262920818,56477,1479.3276000000048,0,1,1
11728825_15,94,long,repaired+q+boundary_on,repaired,q,1,1,0.016918429003021096,1912.883476483191,79115,2056.6319999999932,0,1,1
11728825_15,95,long,original+p+boundary_off,original,p,0,1,0.0080971659919028,2020.0205614730398,70185,1751.2351000000024,1,1,1
11728825_15,95,long,original+p+boundary_on,original,p,1,1,0.0063327576280943765,2028.8489885977858,85646,2222.7127000000023,1,1,1
11728825_15,95,long,original+q+boundary_off,original,q,0,1,0.007518796992481258,2020.848988597786,68862,1701.9209999999987,1,1,1
11728825_15,95,long,original+q+boundary_on,original,q,1,1,0.005757052389176787,2029.677415722532,84344,2207.798299999993,1,1,1
11728825_15,95,long,repaired+p+boundary_off,repaired,p,0,1,0.0080971659919028,2020.0205614730398,70441,1709.2597000000042,1,1,1
11728825_15,95,long,repaired+p+boundary_on,repaired,p,1,1,0.0063327576280943765,2028.8489885977858,90305,2364.4390000000044,1,1,1
11728825_15,95,long,repaired+q+boundary_off,repaired,q,0,1,0.007518796992481258,2020.848988597786,69037,1734.3244000000054,1,1,1
11728825_15,95,long,repaired+q+boundary_on,repaired,q,1,1,0.005757052389176787,2029.677415722532,88881,2412.9690000000037,1,1,1
11728825_15,96,long,original+p+boundary_off,original,p,0,1,0.01842256764536554,2039.2043276571137,72300,1771.842300000003,0,1,1
11728825_15,96,long,original+p+boundary_on,original,p,1,1,0.013745704467353903,2050.2753954689792,76160,2033.4062999999958,0,1,1
11728825_15,96,long,original+q+boundary_off,original,q,0,1,0.016676250718803964,2041.2043276571137,71585,1811.2251999999955,0,1,1
11728825_15,96,long,original+q+boundary_on,original,q,1,1,0.01258581235697942,2052.275395468979,75461,1983.8002999999985,0,1,1
11728825_15,96,long,repaired+p+boundary_off,repaired,p,0,1,0.01842256764536554,2039.2043276571137,73964,1825.3516000000047,0,1,1
11728825_15,96,long,repaired+p+boundary_on,repaired,p,1,1,0.013745704467353903,2050.2753954689792,78371,2077.218099999996,0,1,1
11728825_15,96,long,repaired+q+boundary_off,repaired,q,0,1,0.016676250718803964,2041.2043276571137,73189,1827.3970999999988,0,1,1
11728825_15,96,long,repaired+q+boundary_on,repaired,q,1,1,0.01258581235697942,2052.275395468979,77529,2080.020399999995,0,1,1
11728825_15,97,long,original+p+boundary_off,original,p,0,1,0.0,1632.7585848021629,22891,560.5335999999994,1,1,1
11728825_15,97,long,original+p+boundary_on,original,p,1,1,0.0,1637.9301576774167,27716,700.1135000000005,1,1,1
11728825_15,97,long,original+q+boundary_off,original,q,0,1,0.0,1632.7585848021629,22666,549.244299999998,1,1,1
11728825_15,97,long,original+q+boundary_on,original,q,1,1,0.0,1637.9301576774167,27511,704.203899999996,1,1,1
11728825_15,97,long,repaired+p+boundary_off,repaired,p,0,1,0.0,1632.7585848021629,22891,540.2838999999915,1,1,1
11728825_15,97,long,repaired+p+boundary_on,repaired,p,1,1,0.0,1637.9301576774167,28231,742.8880000000078,1,1,1
11728825_15,97,long,repaired+q+boundary_off,repaired,q,0,1,0.0,1632.7585848021629,22666,528.716199999991,1,1,1
11728825_15,97,long,repaired+q+boundary_on,repaired,q,1,1,0.0,1637.9301576774167,27926,724.8105999999979,1,1,1
11728825_15,98,long,original+p+boundary_off,original,p,0,1,0.020598006644518274,1753.3565645486099,45275,1106.2286000000086,0,1,1
11728825_15,98,long,original+p+boundary_on,original,p,1,1,0.019841269841269882,1761.599205235729,48952,1279.4965000000075,0,1,1
11728825_15,98,long,original+q+boundary_off,original,q,0,1,0.02126245847176078,1753.3565645486096,44823,1176.9947999999886,0,1,1
11728825_15,98,long,original+q+boundary_on,original,q,1,1,0.01851851851851849,1760.7707781109827,48762,1425.8037000000172,0,1,1
11728825_15,98,long,repaired+p+boundary_off,repaired,p,0,1,0.020598006644518274,1753.3565645486099,46280,1231.0181,0,1,1
11728825_15,98,long,repaired+p+boundary_on,repaired,p,1,1,0.019841269841269882,1761.599205235729,50462,1307.032200000009,0,1,1
11728825_15,98,long,repaired+q+boundary_off,repaired,q,0,1,0.02126245847176078,1753.3565645486096,45684,1149.0908000000104,0,1,1
11728825_15,98,long,repaired+q+boundary_on,repaired,q,1,1,0.01851851851851849,1760.7707781109827,50309,1288.2362999999941,0,1,1
11728825_15,99,long,original+p+boundary_off,original,p,0,1,0.01793981481481477,1994.1677477306532,48090,1296.0343000000023,0,1,1
11728825_15,99,long,original+p+boundary_on,original,p,1,1,0.01729106628242072,2002.4103884177725,50544,1381.6194000000053,0,1,1
11728825_15,99,long,original+q+boundary_off,original,q,0,1,0.01851851851851849,1994.1677477306532,47637,1174.3345999999804,0,1,1
11728825_15,99,long,original+q+boundary_on,original,q,1,1,0.016138328530259316,2001.5819612930263,50336,1297.9645000000062,0,1,1
11728825_15,99,long,repaired+p+boundary_off,repaired,p,0,1,0.01793981481481477,1994.1677477306532,49126,1206.129400000009,0,1,1
11728825_15,99,long,repaired+p+boundary_on,repaired,p,1,1,0.01729106628242072,2002.4103884177725,52064,1333.522099999982,0,1,1
11728825_15,99,long,repaired+q+boundary_off,repaired,q,0,1,0.01851851851851849,1994.1677477306532,48533,1470.3636999999787,0,1,1
11728825_15,99,long,repaired+q+boundary_on,repaired,q,1,1,0.016138328530259316,2001.5819612930263,51898,1748.5775000000103,0,1,1
12328750_15,100,short,original+p+boundary_off,original,p,0,1,0.009852216748768461,432.7523086789979,7206,185.72729999999993,1,1,1
12328750_15,100,short,original+p+boundary_on,original,p,1,1,0.004914004914004955,433.3380951166248,8152,231.47510000000082,1,1,1
12328750_15,100,short,original+q+boundary_off,original,q,0,1,0.004914004914004955,433.3380951166248,7042,191.70159999999825,1,1,1
12328750_15,100,short,original+q+boundary_on,original,q,1,1,0.004914004914004955,433.3380951166248,7969,225.7556999999988,1,1,1
12328750_15,100,short,repaired+p+boundary_off,repaired,p,0,1,0.009852216748768461,432.7523086789979,7206,184.15000000000072,1,1,1
12328750_15,100,short,repaired+p+boundary_on,repaired,p,1,1,0.004914004914004955,433.3380951166248,8152,214.83510000000018,1,1,1
12328750_15,100,short,repaired+q+boundary_off,repaired,q,0,1,0.004914004914004955,433.3380951166248,7042,171.65670000000154,1,1,1
12328750_15,100,short,repaired+q+boundary_on,repaired,q,1,1,0.004914004914004955,433.3380951166248,7969,215.56769999999938,1,1,1
12328750_15,101,short,original+p+boundary_off,original,p,0,1,0.0017241379310344307,725.2173875177061,17841,451.6685999999996,1,1,1
12328750_15,101,short,original+p+boundary_on,original,p,1,1,0.0,726.6316010800792,17863,467.45389999999884,1,1,1
12328750_15,101,short,original+q+boundary_off,original,q,0,1,0.0,726.6316010800792,17631,433.6687000000019,1,1,1
12328750_15,101,short,original+q+boundary_on,original,q,1,1,0.0,726.6316010800792,17716,457.94869999999935,1,1,1
12328750_15,101,short,repaired+p+boundary_off,repaired,p,0,1,0.0017241379310344307,725.2173875177061,17957,437.71950000000004,1,1,1
12328750_15,101,short,repaired+p+boundary_on,repaired,p,1,1,0.0,726.6316010800792,17972,485.5514999999997,1,1,1
12328750_15,101,short,repaired+q+boundary_off,repaired,q,0,1,0.0,726.6316010800792,17726,439.8617000000016,1,1,1
12328750_15,101,short,repaired+q+boundary_on,repaired,q,1,1,0.0,726.6316010800792,17836,466.0395999999985,1,1,1
12328750_15,102,short,original+p+boundary_off,original,p,0,1,0.0,65.31370849898475,595,13.502500000001305,1,1,1
12328750_15,102,short,original+p+boundary_on,original,p,1,1,0.0,65.31370849898475,748,16.7546999999999,1,1,1
12328750_15,102,short,original+q+boundary_off,original,q,0,1,0.0,65.31370849898475,601,13.189300000000515,1,1,1
12328750_15,102,short,original+q+boundary_on,original,q,1,1,0.0,65.31370849898475,750,18.994700000000364,1,1,1
12328750_15,102,short,repaired+p+boundary_off,repaired,p,0,1,0.0,65.31370849898475,595,14.719399999997052,1,1,1
12328750_15,102,short,repaired+p+boundary_on,repaired,p,1,1,0.0,65.31370849898475,748,18.789899999998028,1,1,1
12328750_15,102,short,repaired+q+boundary_off,repaired,q,0,1,0.0,65.31370849898475,601,12.990600000001962,1,1,1
12328750_15,102,short,repaired+q+boundary_on,repaired,q,1,1,0.0,65.31370849898475,750,18.47839999999934,1,1,1
12328750_15,103,short,original+p+boundary_off,original,p,0,1,0.11838006230529596,376.33304448274197,10095,253.4423999999973,0,0,0
12328750_15,103,short,original+p+boundary_on,original,p,1,1,0.09202453987730064,381.747258045115,10950,286.3344999999988,0,0,1
12328750_15,103,short,original+q+boundary_off,original,q,0,1,0.09597523219814241,379.9898987322344,10339,256.6446999999989,0,0,1
12328750_15,103,short,original+q+boundary_on,original,q,1,1,0.08562691131498468,383.1614716074881,10830,291.40669999999955,0,0,1
12328750_15,103,short,repaired+p+boundary_off,repaired,p,0,1,0.11838006230529596,376.33304448274197,10095,246.67230000000018,0,0,0
12328750_15,103,short,repaired+p+boundary_on,repaired,p,1,1,0.09202453987730064,381.747258045115,10950,289.205599999999,0,0,1
12328750_15,103,short,repaired+q+boundary_off,repaired,q,0,1,0.09597523219814241,379.9898987322344,10339,255.36470000000122,0,0,1
12328750_15,103,short,repaired+q+boundary_on,repaired,q,1,1,0.08562691131498468,383.1614716074881,10830,299.79009999999914,0,0,1
12328750_15,104,short,original+p+boundary_off,original,p,0,0,nan,nan,0,0.0,0,0,0
12328750_15,104,short,original+p+boundary_on,original,p,1,0,nan,nan,0,0.0,0,0,0
12328750_15,104,short,original+q+boundary_off,original,q,0,0,nan,nan,0,0.0,0,0,0
12328750_15,104,short,original+q+boundary_on,original,q,1,0,nan,nan,0,0.0,0,0,0
12328750_15,104,short,repaired+p+boundary_off,repaired,p,0,0,nan,nan,0,0.0,0,0,0
12328750_15,104,short,repaired+p+boundary_on,repaired,p,1,0,nan,nan,0,0.0,0,0,0
12328750_15,104,short,repaired+q+boundary_off,repaired,q,0,0,nan,nan,0,0.0,0,0,0
12328750_15,104,short,repaired+q+boundary_on,repaired,q,1,0,nan,nan,0,0.0,0,0,0
12328750_15,105,short,original+p+boundary_off,original,p,0,1,0.011042944785276121,876.960461480712,23321,579.2206000000028,0,1,1
12328750_15,105,short,original+p+boundary_on,original,p,1,1,0.006134969325153339,879.4457428549506,28842,751.5865000000019,1,1,1
12328750_15,105,short,original+q+boundary_off,original,q,0,1,0.004901960784313708,878.3746750430851,22661,565.5329000000008,1,1,1
12328750_15,105,short,original+q+boundary_on,original,q,1,1,0.004901960784313708,880.0315292925775,28474,751.8101000000001,1,1,1
12328750_15,105,short,repaired+p+boundary_off,repaired,p,0,1,0.011042944785276121,876.960461480712,23321,601.5030999999987,0,1,1
12328750_15,105,short,repaired+p+boundary_on,repaired,p,1,1,0.006134969325153339,879.4457428549506,28842,748.7241999999981,1,1,1
12328750_15,105,short,repaired+q+boundary_off,repaired,q,0,1,0.004901960784313708,878.3746750430851,22661,549.3793000000018,1,1,1
12328750_15,105,short,repaired+q+boundary_on,repaired,q,1,1,0.004901960784313708,880.0315292925775,28474,734.2768,1,1,1
12328750_15,106,medium,original+p+boundary_off,original,p,0,1,0.0027472527472527375,1189.582827844799,32105,760.5250000000012,1,1,1
12328750_15,106,medium,original+p+boundary_on,original,p,1,1,0.0018298261665141702,1195.1391770309033,46054,1196.3322000000005,1,1,1
12328750_15,106,medium,original+q+boundary_off,original,q,0,1,0.0018298261665141702,1190.168614282426,31902,778.0094999999995,1,1,1
12328750_15,106,medium,original+q+boundary_on,original,q,1,1,0.0018298261665141702,1195.1391770309033,45697,1200.382600000001,1,1,1
12328750_15,106,medium,repaired+p+boundary_off,repaired,p,0,1,0.0027472527472527375,1189.582827844799,32194,786.5023999999999,1,1,1
12328750_15,106,medium,repaired+p+boundary_on,repaired,p,1,1,0.0018298261665141702,1195.1391770309033,46252,1194.3959999999975,1,1,1
12328750_15,106,medium,repaired+q+boundary_off,repaired,q,0,1,0.0018298261665141702,1190.168614282426,31957,784.7908000000032,1,1,1
12328750_15,106,medium,repaired+q+boundary_on,repaired,q,1,1,0.0018298261665141702,1195.1391770309033,45900,1208.3762999999976,1,1,1
12328750_15,107,medium,original+p+boundary_off,original,p,0,0,nan,nan,0,0.0,0,0,0
12328750_15,107,medium,original+p+boundary_on,original,p,1,0,nan,nan,0,0.0,0,0,0
12328750_15,107,medium,original+q+boundary_off,original,q,0,0,nan,nan,0,0.0,0,0,0
12328750_15,107,medium,original+q+boundary_on,original,q,1,0,nan,nan,0,0.0,0,0,0
12328750_15,107,medium,repaired+p+boundary_off,repaired,p,0,0,nan,nan,0,0.0,0,0,0
12328750_15,107,medium,repaired+p+boundary_on,repaired,p,1,0,nan,nan,0,0.0,0,0,0
12328750_15,107,medium,repaired+q+boundary_off,repaired,q,0,0,nan,nan,0,0.0,0,0,0
12328750_15,107,medium,repaired+q+boundary_on,repaired,q,1,0,nan,nan,0,0.0,0,0,0
12328750_15,108,medium,original+p+boundary_off,original,p,0,1,0.032624814631735055,2268.457069611971,65519,1578.5515999999973,0,1,1
12328750_15,108,medium,original+p+boundary_on,original,p,1,1,0.027133695115934886,2275.7707781109552,83983,2231.4194,0,1,1
12328750_15,108,medium,original+q+boundary_off,original,q,0,1,0.03063241106719372,2269.8712831743437,63512,1623.7534000000053,0,1,1
12328750_15,108,medium,original+q+boundary_on,original,q,1,1,0.026627218934911268,2276.356564548582,82814,2127.3222999999957,0,1,1
12328750_15,108,medium,repaired+p+boundary_off,repaired,p,0,1,0.032624814631735055,2268.457069611971,66282,1577.8879000000004,0,1,1
12328750_15,108,medium,repaired+p+boundary_on,repaired,p,1,1,0.027133695115934886,2275.7707781109552,86182,2278.1719999999978,0,1,1
12328750_15,108,medium,repaired+q+boundary_off,repaired,q,0,1,0.03063241106719372,2269.8712831743437,64099,1562.2529999999983,0,1,1
12328750_15,108,medium,repaired+q+boundary_on,repaired,q,1,1,0.026627218934911268,2276.356564548582,84916,2231.621199999999,0,1,1
12328750_15,109,medium,original+p+boundary_off,original,p,0,1,0.05830094392004437,1969.8275605729734,94023,2342.084100000001,0,0,1
12328750_15,109,medium,original+p+boundary_on,original,p,1,1,0.050913115661317065,1980.7981233214507,106201,2777.717199999998,0,0,1
12328750_15,109,medium,original+q+boundary_off,original,q,0,1,0.052719200887902384,1972.898628384839,92857,2246.037700000002,0,0,1
12328750_15,109,medium,original+q+boundary_on,original,q,1,1,0.050331858407079655,1981.3839097590776,105171,2772.9327999999996,0,0,1
12328750_15,109,medium,repaired+p+boundary_off,repaired,p,0,1,0.05830094392004437,1969.8275605729734,97023,2471.823400000005,0,0,1
12328750_15,109,medium,repaired+p+boundary_on,repaired,p,1,1,0.050913115661317065,1980.7981233214507,109106,2796.3998000000033,0,0,1
12328750_15,109,medium,repaired+q+boundary_off,repaired,q,0,1,0.052719200887902384,1972.898628384839,95545,2381.7932999999985,0,0,1
12328750_15,109,medium,repaired+q+boundary_on,repaired,q,1,1,0.050331858407079655,1981.3839097590776,108133,2872.081300000005,0,0,1
12328750_15,110,medium,original+p+boundary_off,original,p,0,0,nan,nan,0,0.0,0,0,0
12328750_15,110,medium,original+p+boundary_on,original,p,1,0,nan,nan,0,0.0,0,0,0
12328750_15,110,medium,original+q+boundary_off,original,q,0,0,nan,nan,0,0.0,0,0,0
12328750_15,110,medium,original+q+boundary_on,original,q,1,0,nan,nan,0,0.0,0,0,0
12328750_15,110,medium,repaired+p+boundary_off,repaired,p,0,0,nan,nan,0,0.0,0,0,0
12328750_15,110,medium,repaired+p+boundary_on,repaired,p,1,0,nan,nan,0,0.0,0,0,0
12328750_15,110,medium,repaired+q+boundary_off,repaired,q,0,0,nan,nan,0,0.0,0,0,0
12328750_15,110,medium,repaired+q+boundary_on,repaired,q,1,0,nan,nan,0,0.0,0,0,0
12328750_15,111,medium,original+p+boundary_off,original,p,0,1,0.0015105740181269312,704.492424049176,9236,214.73089999999218,1,1,1
12328750_15,111,medium,original+p+boundary_on,original,p,1,1,0.0015105740181269312,704.492424049176,13290,350.5617000000001,1,1,1
12328750_15,111,medium,original+q+boundary_off,original,q,0,1,0.0015082956259426794,705.0782104868028,9136,218.39399999998932,1,1,1
12328750_15,111,medium,original+q+boundary_on,original,q,1,1,0.0015082956259426794,705.0782104868028,13065,337.48429999999985,1,1,1
12328750_15,111,medium,repaired+p+boundary_off,repaired,p,0,1,0.0015105740181269312,704.492424049176,9236,235.89520000000164,1,1,1
12328750_15,111,medium,repaired+p+boundary_on,repaired,p,1,1,0.0015105740181269312,704.492424049176,13290,361.48160000000473,1,1,1
12328750_15,111,medium,repaired+q+boundary_off,repaired,q,0,1,0.0015082956259426794,705.0782104868028,9136,214.73439999999755,1,1,1
12328750_15,111,medium,repaired+q+boundary_on,repaired,q,1,1,0.0015082956259426794,705.0782104868028,13065,350.3999999999934,1,1,1
12328750_15,112,medium,original+p+boundary_off,original,p,0,1,0.042659974905897124,1707.322943214977,48643,1184.2240999999945,0,1,1
12328750_15,112,medium,original+p+boundary_on,original,p,1,1,0.03508771929824561,1716.7787873376928,57887,1538.1572999999946,0,1,1
12328750_15,112,medium,original+q+boundary_off,original,q,0,1,0.03699059561128526,1709.5655839020963,47712,1139.2184999999984,0,1,1
12328750_15,112,medium,original+q+boundary_on,original,q,1,1,0.03443957420162802,1717.3645737753197,57004,1477.8871999999978,0,1,1
12328750_15,112,medium,repaired+p+boundary_off,repaired,p,0,1,0.042659974905897124,1707.322943214977,48980,1263.374200000001,0,1,1
12328750_15,112,medium,repaired+p+boundary_on,repaired,p,1,1,0.03508771929824561,1716.7787873376928,58466,1531.762399999991,0,1,1
12328750_15,112,medium,repaired+q+boundary_off,repaired,q,0,1,0.03699059561128526,1709.5655839020963,47895,1165.9100999999907,0,1,1
12328750_15,112,medium,repaired+q+boundary_on,repaired,q,1,1,0.03443957420162802,1717.3645737753197,57661,1536.637099999993,0,1,1
12328750_15,113,long,original+p+boundary_off,original,p,0,0,nan,nan,0,0.0,0,0,0
12328750_15,113,long,original+p+boundary_on,original,p,1,0,nan,nan,0,0.0,0,0,0
12328750_15,113,long,original+q+boundary_off,original,q,0,0,nan,nan,0,0.0,0,0,0
12328750_15,113,long,original+q+boundary_on,original,q,1,0,nan,nan,0,0.0,0,0,0
12328750_15,113,long,repaired+p+boundary_off,repaired,p,0,1,0.0501426824296779,2649.16565568955,126291,3133.80939999999,0,0,1
12328750_15,113,long,repaired+p+boundary_on,repaired,p,1,1,0.04349593495934956,2669.0062761231156,125280,3255.4290000000065,0,1,1
12328750_15,113,long,repaired+q+boundary_off,repaired,q,0,1,0.04885993485342022,2653.4082963766687,127440,3030.1012999999984,0,1,1
12328750_15,113,long,repaired+q+boundary_on,repaired,q,1,1,0.04384896467722288,2670.763635435996,126152,3303.6519000000053,0,1,1
12328750_15,114,long,original+p+boundary_off,original,p,0,1,0.01084875558391829,1819.084486609967,30250,725.1756,0,1,1
12328750_15,114,long,original+p+boundary_on,original,p,1,1,0.005098789037603524,1823.5697679842056,32690,841.1585000000059,1,1,1
12328750_15,114,long,original+q+boundary_off,original,q,0,1,0.007015306122448939,1820.49870017234,29779,713.7256000000036,1,1,1
12328750_15,114,long,original+q+boundary_on,original,q,1,1,0.004458598726114649,1824.1555544218324,32287,865.4068999999964,1,1,1
12328750_15,114,long,repaired+p+boundary_off,repaired,p,0,1,0.01084875558391829,1819.084486609967,31278,752.396399999995,0,1,1
12328750_15,114,long,repaired+p+boundary_on,repaired,p,1,1,0.005098789037603524,1823.5697679842056,33879,881.5800999999936,1,1,1
12328750_15,114,long,repaired+q+boundary_off,repaired,q,0,1,0.007015306122448939,1820.49870017234,30615,742.1494000000024,1,1,1
12328750_15,114,long,repaired+q+boundary_on,repaired,q,1,1,0.004458598726114649,1824.1555544218324,33457,920.2674999999942,1,1,1
12328750_15,115,long,original+p+boundary_off,original,p,0,0,nan,nan,0,0.0,0,0,0
12328750_15,115,long,original+p+boundary_on,original,p,1,0,nan,nan,0,0.0,0,0,0
12328750_15,115,long,original+q+boundary_off,original,q,0,0,nan,nan,0,0.0,0,0,0
12328750_15,115,long,original+q+boundary_on,original,q,1,0,nan,nan,0,0.0,0,0,0
12328750_15,115,long,repaired+p+boundary_off,repaired,p,0,0,nan,nan,0,0.0,0,0,0
12328750_15,115,long,repaired+p+boundary_on,repaired,p,1,0,nan,nan,0,0.0,0,0,0
12328750_15,115,long,repaired+q+boundary_off,repaired,q,0,0,nan,nan,0,0.0,0,0,0
12328750_15,115,long,repaired+q+boundary_on,repaired,q,1,0,nan,nan,0,0.0,0,0,0
12328750_15,116,long,original+p+boundary_off,original,p,0,1,0.018489984591679498,2069.4356415871844,65243,1594.1617999999949,0,1,1
12328750_15,116,long,original+p+boundary_on,original,p,1,1,0.024653312788906034,2081.033621333631,81710,2186.9491000000066,0,1,1
12328750_15,116,long,original+q+boundary_off,original,q,0,1,0.02001026167265263,2071.4356415871844,65997,1603.4492,0,1,1
12328750_15,116,long,original+q+boundary_on,original,q,1,1,0.020523345305284768,2082.2051942088847,80952,2208.9366000000014,0,1,1
12328750_15,116,long,repaired+p+boundary_off,repaired,p,0,1,0.018489984591679498,2069.4356415871844,65377,1625.5895000000037,0,1,1
12328750_15,116,long,repaired+p+boundary_on,repaired,p,1,1,0.024653312788906034,2081.033621333631,82112,2181.5292,0,1,1
12328750_15,116,long,repaired+q+boundary_off,repaired,q,0,1,0.02001026167265263,2071.4356415871844,66115,1633.7282000000073,0,1,1
12328750_15,116,long,repaired+q+boundary_on,repaired,q,1,1,0.020523345305284768,2082.2051942088847,81359,2121.149900000006,0,1,1
12328750_15,117,long,original+p+boundary_off,original,p,0,1,0.0037998733375553817,1824.8712831743703,39564,969.8648999999904,1,1,1
12328750_15,117,long,original+p+boundary_on,original,p,1,1,0.0012650221378873727,1826.8712831743703,42281,1137.2168999999985,1,1,1
12328750_15,117,long,original+q+boundary_off,original,q,0,1,0.0037974683544304,1825.4570696119972,38934,962.9462999999987,1,1,1
12328750_15,117,long,original+q+boundary_on,original,q,1,1,0.0012642225031606058,1827.4570696119972,42091,1105.0478000000085,1,1,1
12328750_15,117,long,repaired+p+boundary_off,repaired,p,0,1,0.0037998733375553817,1824.8712831743703,40694,1007.2201999999919,1,1,1
12328750_15,117,long,repaired+p+boundary_on,repaired,p,1,1,0.0012650221378873727,1826.8712831743703,43493,1140.1970999999946,1,1,1
12328750_15,117,long,repaired+q+boundary_off,repaired,q,0,1,0.0037974683544304,1825.4570696119972,39859,959.1405999999978,1,1,1
12328750_15,117,long,repaired+q+boundary_on,repaired,q,1,1,0.0012642225031606058,1827.4570696119972,43296,1164.2153000000094,1,1,1
12328750_15,118,long,original+p+boundary_off,original,p,0,0,nan,nan,0,0.0,0,0,0
12328750_15,118,long,original+p+boundary_on,original,p,1,0,nan,nan,0,0.0,0,0,0
12328750_15,118,long,original+q+boundary_off,original,q,0,0,nan,nan,0,0.0,0,0,0
12328750_15,118,long,original+q+boundary_on,original,q,1,0,nan,nan,0,0.0,0,0,0
12328750_15,118,long,repaired+p+boundary_off,repaired,p,0,0,nan,nan,0,0.0,0,0,0
12328750_15,118,long,repaired+p+boundary_on,repaired,p,1,0,nan,nan,0,0.0,0,0,0
12328750_15,118,long,repaired+q+boundary_off,repaired,q,0,0,nan,nan,0,0.0,0,0,0
12328750_15,118,long,repaired+q+boundary_on,repaired,q,1,0,nan,nan,0,0.0,0,0,0
12328750_15,119,long,original+p+boundary_off,original,p,0,1,0.0012180267965895553,1855.1484117468958,70759,1851.652299999998,1,1,1
12328750_15,119,long,original+p+boundary_on,original,p,1,1,0.001217285453438799,1855.7341981845227,87582,2543.3007999999973,1,1,1
12328750_15,119,long,original+q+boundary_off,original,q,0,1,0.0012180267965895553,1855.1484117468958,68768,1726.9655000000057,1,1,1
12328750_15,119,long,original+q+boundary_on,original,q,1,1,0.0012165450121655041,1856.3199846221496,86521,2346.028899999993,1,1,1
12328750_15,119,long,repaired+p+boundary_off,repaired,p,0,1,0.0012180267965895553,1855.1484117468958,71202,1910.5023999999844,1,1,1
12328750_15,119,long,repaired+p+boundary_on,repaired,p,1,1,0.001217285453438799,1855.7341981845227,89433,2349.0546999999824,1,1,1
12328750_15,119,long,repaired+q+boundary_off,repaired,q,0,1,0.0012180267965895553,1855.1484117468958,69000,1729.6019999999999,1,1,1
12328750_15,119,long,repaired+q+boundary_on,repaired,q,1,1,0.0012165450121655041,1856.3199846221496,88210,2531.698599999999,1,1,1
15928855_15,120,short,original+p+boundary_off,original,p,0,0,nan,nan,0,0.0,0,0,0
15928855_15,120,short,original+p+boundary_on,original,p,1,0,nan,nan,0,0.0,0,0,0
15928855_15,120,short,original+q+boundary_off,original,q,0,0,nan,nan,0,0.0,0,0,0
15928855_15,120,short,original+q+boundary_on,original,q,1,0,nan,nan,0,0.0,0,0,0
15928855_15,120,short,repaired+p+boundary_off,repaired,p,0,0,nan,nan,0,0.0,0,0,0
15928855_15,120,short,repaired+p+boundary_on,repaired,p,1,0,nan,nan,0,0.0,0,0,0
15928855_15,120,short,repaired+q+boundary_off,repaired,q,0,0,nan,nan,0,0.0,0,0,0
15928855_15,120,short,repaired+q+boundary_on,repaired,q,1,0,nan,nan,0,0.0,0,0,0
15928855_15,121,short,original+p+boundary_off,original,p,0,1,0.0,360.0782104868023,4356,125.25400000000175,1,1,1
15928855_15,121,short,original+p+boundary_on,original,p,1,1,0.0,363.7350647362947,4889,127.27900000000147,1,1,1
15928855_15,121,short,original+q+boundary_off,original,q,0,1,0.0,360.66399692442917,4334,106.89400000000049,1,1,1
15928855_15,121,short,original+q+boundary_on,original,q,1,1,0.0,363.7350647362947,4848,125.19580000000019,1,1,1
15928855_15,121,short,repaired+p+boundary_off,repaired,p,0,1,0.0,360.0782104868023,4356,95.27890000000028,1,1,1
15928855_15,121,short,repaired+p+boundary_on,repaired,p,1,1,0.0,363.7350647362947,4889,119.98069999999927,1,1,1
15928855_15,121,short,repaired+q+boundary_off,repaired,q,0,1,0.0,360.66399692442917,4334,102.4712000000001,1,1,1
15928855_15,121,short,repaired+q+boundary_on,repaired,q,1,1,0.0,363.7350647362947,4848,118.95080000000036,1,1,1
15928855_15,122,short,original+p+boundary_off,original,p,0,0,nan,nan,0,0.0,0,0,0
15928855_15,122,short,original+p+boundary_on,original,p,1,0,nan,nan,0,0.0,0,0,0
15928855_15,122,short,original+q+boundary_off,original,q,0,0,nan,nan,0,0.0,0,0,0
15928855_15,122,short,original+q+boundary_on,original,q,1,0,nan,nan,0,0.0,0,0,0
15928855_15,122,short,repaired+p+boundary_off,repaired,p,0,0,nan,nan,0,0.0,0,0,0
15928855_15,122,short,repaired+p+boundary_on,repaired,p,1,0,nan,nan,0,0.0,0,0,0
15928855_15,122,short,repaired+q+boundary_off,repaired,q,0,0,nan,nan,0,0.0,0,0,0
15928855_15,122,short,repaired+q+boundary_on,repaired,q,1,0,nan,nan,0,0.0,0,0,0
15928855_15,123,short,original+p+boundary_off,original,p,0,1,0.007005253940455369,696.7493500861699,10885,251.90879999999893,1,1,1
15928855_15,123,short,original+p+boundary_on,original,p,1,1,0.0,697.9209229614237,10167,254.21470000000213,1,1,1
15928855_15,123,short,original+q+boundary_off,original,q,0,1,0.007005253940455369,696.7493500861699,11070,246.22610000000122,1,1,1
15928855_15,123,short,original+q+boundary_on,original,q,1,1,0.0,697.9209229614237,10276,251.70239999999922,1,1,1
15928855_15,123,short,repaired+p+boundary_off,repaired,p,0,1,0.007005253940455369,696.7493500861699,10885,260.8053999999988,1,1,1
15928855_15,123,short,repaired+p+boundary_on,repaired,p,1,1,0.0,697.9209229614237,10167,266.2011999999976,1,1,1
15928855_15,123,short,repaired+q+boundary_off,repaired,q,0,1,0.007005253940455369,696.7493500861699,11070,255.341099999999,1,1,1
15928855_15,123,short,repaired+q+boundary_on,repaired,q,1,1,0.0,697.9209229614237,10276,259.33729999999855,1,1,1
15928855_15,124,short,original+p+boundary_off,original,p,0,0,nan,nan,0,0.0,0,0,0
15928855_15,124,short,original+p+boundary_on,original,p,1,0,nan,nan,0,0.0,0,0,0
15928855_15,124,short,original+q+boundary_off,original,q,0,0,nan,nan,0,0.0,0,0,0
15928855_15,124,short,original+q+boundary_on,original,q,1,0,nan,nan,0,0.0,0,0,0
15928855_15,124,short,repaired+p+boundary_off,repaired,p,0,0,nan,nan,0,0.0,0,0,0
15928855_15,124,short,repaired+p+boundary_on,repaired,p,1,0,nan,nan,0,0.0,0,0,0
15928855_15,124,short,repaired+q+boundary_off,repaired,q,0,0,nan,nan,0,0.0,0,0,0
15928855_15,124,short,repaired+q+boundary_on,repaired,q,1,0,nan,nan,0,0.0,0,0,0
15928855_15,125,short,original+p+boundary_off,original,p,0,0,nan,nan,0,0.0,0,0,0
15928855_15,125,short,original+p+boundary_on,original,p,1,0,nan,nan,0,0.0,0,0,0
15928855_15,125,short,original+q+boundary_off,original,q,0,0,nan,nan,0,0.0,0,0,0
15928855_15,125,short,original+q+boundary_on,original,q,1,0,nan,nan,0,0.0,0,0,0
15928855_15,125,short,repaired+p+boundary_off,repaired,p,0,1,0.06271777003484325,346.8893936688461,6221,146.13390000000237,0,0,1
15928855_15,125,short,repaired+p+boundary_on,repaired,p,1,1,0.05902777777777779,349.13203435596535,7050,183.92230000000254,0,0,1
15928855_15,125,short,repaired+q+boundary_off,repaired,q,0,1,0.0625,347.475180106473,6429,156.0081000000011,0,0,1
15928855_15,125,short,repaired+q+boundary_on,repaired,q,1,1,0.05555555555555558,349.13203435596535,7084,181.1942000000002,0,0,1
15928855_15,126,medium,original+p+boundary_off,original,p,0,1,0.016544117647058876,1241.501658765168,21443,496.9979000000002,0,1,1
15928855_15,126,medium,original+p+boundary_on,original,p,1,1,0.015582034830430747,1249.8864350760182,21217,535.3989999999982,0,1,1
15928855_15,126,medium,original+q+boundary_off,original,q,0,1,0.016513761467889854,1242.6732316404216,21477,521.4446000000023,0,1,1
15928855_15,126,medium,original+q+boundary_on,original,q,1,1,0.01466544454628782,1249.8864350760182,21252,550.0973000000009,0,1,1
15928855_15,126,medium,repaired+p+boundary_off,repaired,p,0,1,0.016544117647058876,1241.501658765168,21443,487.5406999999967,0,1,1
15928855_15,126,medium,repaired+p+boundary_on,repaired,p,1,1,0.015582034830430747,1249.8864350760182,21217,540.5225999999992,0,1,1
15928855_15,126,medium,repaired+q+boundary_off,repaired,q,0,1,0.016513761467889854,1242.6732316404216,21477,516.3638000000005,0,1,1
15928855_15,126,medium,repaired+q+boundary_on,repaired,q,1,1,0.01466544454628782,1249.8864350760182,21252,531.990399999998,0,1,1
15928855_15,127,medium,original+p+boundary_off,original,p,0,1,0.01740812379110257,1170.104689145498,19049,438.09050000000127,0,1,1
15928855_15,127,medium,original+p+boundary_on,original,p,1,1,0.016393442622950838,1178.4894654563484,17444,440.5289000000039,0,1,1
15928855_15,127,medium,original+q+boundary_off,original,q,0,1,0.01737451737451734,1171.2762620207518,18840,467.51550000000464,0,1,1
15928855_15,127,medium,original+q+boundary_on,original,q,1,1,0.015429122468659573,1178.4894654563484,17347,440.41599999999903,0,1,1
15928855_15,127,medium,repaired+p+boundary_off,repaired,p,0,1,0.01740812379110257,1170.104689145498,21603,540.9705000000002,0,1,1
15928855_15,127,medium,repaired+p+boundary_on,repaired,p,1,1,0.016393442622950838,1178.4894654563484,20822,546.3524000000035,0,1,1
15928855_15,127,medium,repaired+q+boundary_off,repaired,q,0,1,0.01737451737451734,1171.2762620207518,21296,505.2566999999968,0,1,1
15928855_15,127,medium,repaired+q+boundary_on,repaired,q,1,1,0.015429122468659573,1178.4894654563484,20452,536.8138000000044,0,1,1
15928855_15,128,medium,original+p+boundary_off,original,p,0,0,nan,nan,0,0.0,0,0,0
15928855_15,128,medium,original+p+boundary_on,original,p,1,0,nan,nan,0,0.0,0,0,0
15928855_15,128,medium,original+q+boundary_off,original,q,0,0,nan,nan,0,0.0,0,0,0
15928855_15,128,medium,original+q+boundary_on,original,q,1,0,nan,nan,0,0.0,0,0,0
15928855_15,128,medium,repaired+p+boundary_off,repaired,p,0,0,nan,nan,0,0.0,0,0,0
15928855_15,128,medium,repaired+p+boundary_on,repaired,p,1,0,nan,nan,0,0.0,0,0,0
15928855_15,128,medium,repaired+q+boundary_off,repaired,q,0,0,nan,nan,0,0.0,0,0,0
15928855_15,128,medium,repaired+q+boundary_on,repaired,q,1,0,nan,nan,0,0.0,0,0,0
15928855_15,129,medium,original+p+boundary_off,original,p,0,1,0.0,1109.5310960166908,17478,409.37040000000025,1,1,1
15928855_15,129,medium,original+p+boundary_on,original,p,1,1,0.0,1115.6732316404216,18214,451.88920000000365,1,1,1
15928855_15,129,medium,original+q+boundary_off,original,q,0,1,0.0,1110.1168824543176,17366,424.1102000000012,1,1,1
15928855_15,129,medium,original+q+boundary_on,original,q,1,1,0.0,1115.6732316404216,18117,479.01230000000083,1,1,1
15928855_15,129,medium,repaired+p+boundary_off,repaired,p,0,1,0.0,1109.5310960166908,17478,434.29220000000157,1,1,1
15928855_15,129,medium,repaired+p+boundary_on,repaired,p,1,1,0.0,1115.6732316404216,18214,459.82560000000205,1,1,1
15928855_15,129,medium,repaired+q+boundary_off,repaired,q,0,1,0.0,1110.1168824543176,17366,428.87420000000276,1,1,1
15928855_15,129,medium,repaired+q+boundary_on,repaired,q,1,1,0.0,1115.6732316404216,18117,508.336000000007,1,1,1
15928855_15,130,medium,original+p+boundary_off,original,p,0,1,0.021505376344086002,966.0630585851544,17372,406.31179999999745,0,1,1
15928855_15,130,medium,original+p+boundary_on,original,p,1,1,0.020238095238095277,973.6194077712586,17292,447.7283000000014,0,1,1
15928855_15,130,medium,original+q+boundary_off,original,q,0,1,0.021454112038140627,967.2346314604082,17427,408.72879999999867,0,1,1
15928855_15,130,medium,original+q+boundary_on,original,q,1,1,0.01904761904761909,973.6194077712586,17295,442.6528999999988,0,1,1
15928855_15,130,medium,repaired+p+boundary_off,repaired,p,0,1,0.021505376344086002,966.0630585851544,17372,419.8088999999996,0,1,1
15928855_15,130,medium,repaired+p+boundary_on,repaired,p,1,1,0.020238095238095277,973.6194077712586,17292,437.2863000000038,0,1,1
15928855_15,130,medium,repaired+q+boundary_off,repaired,q,0,1,0.021454112038140627,967.2346314604082,17427,419.09569999999974,0,1,1
15928855_15,130,medium,repaired+q+boundary_on,repaired,q,1,1,0.01904761904761909,973.6194077712586,17295,447.6031999999961,0,1,1
15928855_15,131,medium,original+p+boundary_off,original,p,0,0,nan,nan,0,0.0,0,0,0
15928855_15,131,medium,original+p+boundary_on,original,p,1,0,nan,nan,0,0.0,0,0,0
15928855_15,131,medium,original+q+boundary_off,original,q,0,0,nan,nan,0,0.0,0,0,0
15928855_15,131,medium,original+q+boundary_on,original,q,1,0,nan,nan,0,0.0,0,0,0
15928855_15,131,medium,repaired+p+boundary_off,repaired,p,0,0,nan,nan,0,0.0,0,0,0
15928855_15,131,medium,repaired+p+boundary_on,repaired,p,1,0,nan,nan,0,0.0,0,0,0
15928855_15,131,medium,repaired+q+boundary_off,repaired,q,0,0,nan,nan,0,0.0,0,0,0
15928855_15,131,medium,repaired+q+boundary_on,repaired,q,1,0,nan,nan,0,0.0,0,0,0
15928855_15,132,medium,original+p+boundary_off,original,p,0,1,0.019607843137254943,1062.8031739553328,16849,389.79840000000365,0,1,1
15928855_15,132,medium,original+p+boundary_on,original,p,1,1,0.018458197611292082,1070.359523141437,17457,452.4001000000055,0,1,1
15928855_15,132,medium,original+q+boundary_off,original,q,0,1,0.019565217391304346,1063.9747468305866,16835,424.42820000000125,0,1,1
15928855_15,132,medium,original+q+boundary_on,original,q,1,1,0.017372421281216077,1070.359523141437,17426,465.17359999999996,0,1,1
15928855_15,132,medium,repaired+p+boundary_off,repaired,p,0,1,0.019607843137254943,1062.8031739553328,19876,483.4887999999964,0,1,1
15928855_15,132,medium,repaired+p+boundary_on,repaired,p,1,1,0.018458197611292082,1070.359523141437,21203,562.7613999999994,0,1,1
15928855_15,132,medium,repaired+q+boundary_off,repaired,q,0,1,0.019565217391304346,1063.9747468305866,19637,472.0002999999977,0,1,1
15928855_15,132,medium,repaired+q+boundary_on,repaired,q,1,1,0.017372421281216077,1070.359523141437,20808,545.2176000000009,0,1,1
15928855_15,133,long,original+p+boundary_off,original,p,0,1,0.011627906976744207,1805.4692629208184,29330,697.3638999999991,0,1,1
15928855_15,133,long,original+p+boundary_on,original,p,1,1,0.010960670535138606,1813.8540392316686,25929,697.4603999999971,0,1,1
15928855_15,133,long,original+q+boundary_off,original,q,0,1,0.011612903225806437,1806.640835796072,28707,684.3407,0,1,1
15928855_15,133,long,original+q+boundary_on,original,q,1,1,0.010315925209542276,1813.8540392316686,25579,642.6748000000018,0,1,1
15928855_15,133,long,repaired+p+boundary_off,repaired,p,0,1,0.011627906976744207,1805.4692629208184,31651,773.2404000000059,0,1,1
15928855_15,133,long,repaired+p+boundary_on,repaired,p,1,1,0.010960670535138606,1813.8540392316686,29556,768.8267000000053,0,1,1
15928855_15,133,long,repaired+q+boundary_off,repaired,q,0,1,0.011612903225806437,1806.640835796072,30915,807.0729999999955,0,1,1
15928855_15,133,long,repaired+q+boundary_on,repaired,q,1,1,0.010315925209542276,1813.8540392316686,28867,711.5101999999993,0,1,1
15928855_15,134,long,original+p+boundary_off,original,p,0,1,0.011428571428571455,1828.7413408594603,28442,692.9814000000008,0,1,1
15928855_15,134,long,original+p+boundary_on,original,p,1,1,0.010773130544993625,1837.1261171703106,25495,653.0144000000035,0,1,1
15928855_15,134,long,original+q+boundary_off,original,q,0,1,0.011414077362079889,1829.912913734714,27842,658.4971999999993,0,1,1
15928855_15,134,long,original+q+boundary_on,original,q,1,1,0.010139416983523497,1837.1261171703106,25125,667.2112999999981,0,1,1
15928855_15,134,long,repaired+p+boundary_off,repaired,p,0,1,0.011428571428571455,1828.7413408594603,30725,723.3179999999991,0,1,1
15928855_15,134,long,repaired+p+boundary_on,repaired,p,1,1,0.010773130544993625,1837.1261171703106,29108,748.7741999999997,0,1,1
15928855_15,134,long,repaired+q+boundary_off,repaired,q,0,1,0.011414077362079889,1829.912913734714,30026,714.4147000000061,0,1,1
15928855_15,134,long,repaired+q+boundary_on,repaired,q,1,1,0.010139416983523497,1837.1261171703106,28383,733.805899999993,0,1,1
15928855_15,135,long,original+p+boundary_off,original,p,0,1,0.012622720897615736,1667.7291475506397,27413,662.0129000000006,0,1,1
15928855_15,135,long,original+p+boundary_on,original,p,1,1,0.011896431070678837,1676.11392386149,23786,603.6424999999995,0,1,1
15928855_15,135,long,original+q+boundary_off,original,q,0,1,0.012605042016806678,1668.9007204258935,27168,725.4964000000043,0,1,1
15928855_15,135,long,original+q+boundary_on,original,q,1,1,0.011196641007697683,1676.11392386149,23626,666.2584999999979,0,1,1
15928855_15,135,long,repaired+p+boundary_off,repaired,p,0,1,0.012622720897615736,1667.7291475506397,27413,683.0663000000002,0,1,1
15928855_15,135,long,repaired+p+boundary_on,repaired,p,1,1,0.011896431070678837,1676.11392386149,23786,625.6891999999965,0,1,1
15928855_15,135,long,repaired+q+boundary_off,repaired,q,0,1,0.012605042016806678,1668.9007204258935,27168,648.4835999999987,0,1,1
15928855_15,135,long,repaired+q+boundary_on,repaired,q,1,1,0.011196641007697683,1676.11392386149,23626,586.0820999999987,0,1,1
15928855_15,136,long,original+p+boundary_off,original,p,0,1,0.01143583227445999,1837.6824663564141,28807,669.015899999998,0,1,1
15928855_15,136,long,original+p+boundary_on,original,p,1,1,0.010779961953075512,1846.0672426672645,24655,619.9285999999944,0,1,1
15928855_15,136,long,original+q+boundary_off,original,q,0,1,0.011421319796954266,1838.854039231668,28500,730.6862999999879,0,1,1
15928855_15,136,long,original+q+boundary_on,original,q,1,1,0.010145846544071024,1846.0672426672645,24500,633.3520000000021,0,1,1
15928855_15,136,long,repaired+p+boundary_off,repaired,p,0,1,0.01143583227445999,1837.6824663564141,28807,668.2784999999996,0,1,1
15928855_15,136,long,repaired+p+boundary_on,repaired,p,1,1,0.010779961953075512,1846.0672426672645,24655,655.2817000000033,0,1,1
15928855_15,136,long,repaired+q+boundary_off,repaired,q,0,1,0.011421319796954266,1838.854039231668,28500,663.427200000001,0,1,1
15928855_15,136,long,repaired+q+boundary_on,repaired,q,1,1,0.010145846544071024,1846.0672426672645,24500,650.4153000000059,0,1,1
15928855_15,137,long,original+p+boundary_off,original,p,0,1,0.011734028683181186,1786.0844866099674,28639,697.0079000000027,0,1,1
15928855_15,137,long,original+p+boundary_on,original,p,1,1,0.011060507482107962,1794.4692629208178,24651,642.1887999999996,0,1,1
15928855_15,137,long,original+q+boundary_off,original,q,0,1,0.01171875,1787.2560594852212,28354,696.1342999999971,0,1,1
15928855_15,137,long,original+q+boundary_on,original,q,1,1,0.010409889394925154,1794.4692629208178,24488,633.5777999999976,0,1,1
15928855_15,137,long,repaired+p+boundary_off,repaired,p,0,1,0.011734028683181186,1786.0844866099674,28639,711.0856999999982,0,1,1
15928855_15,137,long,repaired+p+boundary_on,repaired,p,1,1,0.011060507482107962,1794.4692629208178,24651,628.7887000000012,0,1,1
15928855_15,137,long,repaired+q+boundary_off,repaired,q,0,1,0.01171875,1787.2560594852212,28354,686.5944000000042,0,1,1
15928855_15,137,long,repaired+q+boundary_on,repaired,q,1,1,0.010409889394925154,1794.4692629208178,24488,625.6664000000001,0,1,1
15928855_15,138,long,original+p+boundary_off,original,p,0,1,0.012186865267433955,1719.557574675386,28228,681.3061000000005,0,1,1
15928855_15,138,long,original+p+boundary_on,original,p,1,1,0.011486486486486536,1727.9423509862363,24391,630.0648999999936,0,1,1
15928855_15,138,long,original+q+boundary_off,original,q,0,1,0.012170385395537497,1720.7291475506397,27954,681.5883000000014,0,1,1
15928855_15,138,long,original+q+boundary_on,original,q,1,1,0.010810810810810811,1727.9423509862363,24223,595.2867999999967,0,1,1
15928855_15,138,long,repaired+p+boundary_off,repaired,p,0,1,0.012186865267433955,1719.557574675386,28228,661.8567000000013,0,1,1
15928855_15,138,long,repaired+p+boundary_on,repaired,p,1,1,0.011486486486486536,1727.9423509862363,24391,663.2762000000128,0,1,1
15928855_15,138,long,repaired+q+boundary_off,repaired,q,0,1,0.012170385395537497,1720.7291475506397,27954,731.1301999999955,0,1,1
15928855_15,138,long,repaired+q+boundary_on,repaired,q,1,1,0.010810810810810811,1727.9423509862363,24223,628.5001000000108,0,1,1
15928855_15,139,long,original+p+boundary_off,original,p,0,1,0.012430939226519389,1683.9301576774167,27189,643.6254999999989,0,1,1
15928855_15,139,long,original+p+boundary_on,original,p,1,1,0.011716057891109632,1692.314933988267,24713,633.5466999999966,0,1,1
15928855_15,139,long,original+q+boundary_off,original,q,0,1,0.012413793103448256,1685.1017305526705,26700,632.3376999999937,0,1,1
15928855_15,139,long,original+q+boundary_on,original,q,1,1,0.011026878015162,1692.314933988267,24350,620.5081000000092,0,1,1
15928855_15,139,long,repaired+p+boundary_off,repaired,p,0,1,0.012430939226519389,1683.9301576774167,29397,729.5866999999987,0,1,1
15928855_15,139,long,repaired+p+boundary_on,repaired,p,1,1,0.011716057891109632,1692.314933988267,28274,727.5258000000093,0,1,1
15928855_15,139,long,repaired+q+boundary_off,repaired,q,0,1,0.012413793103448256,1685.1017305526705,28832,673.569999999998,0,1,1
15928855_15,139,long,repaired+q+boundary_on,repaired,q,1,1,0.011026878015162,1692.314933988267,27557,712.9872000000006,0,1,1
16078870_15,140,short,original+p+boundary_off,original,p,0,1,0.0,711.3523804664997,10641,260.6192999999948,1,1,1
16078870_15,140,short,original+p+boundary_on,original,p,1,1,0.0,717.2518754031114,12898,340.1265000000038,1,1,1
16078870_15,140,short,original+q+boundary_off,original,q,0,1,0.0,711.9381669041265,10563,268.22040000000413,1,1,1
16078870_15,140,short,original+q+boundary_on,original,q,1,1,0.0,717.2518754031114,12756,341.8195000000068,1,1,1
16078870_15,140,short,repaired+p+boundary_off,repaired,p,0,1,0.0,711.3523804664997,10641,250.50980000000322,1,1,1
16078870_15,140,short,repaired+p+boundary_on,repaired,p,1,1,0.0,717.2518754031114,12898,338.9918000000023,1,1,1
16078870_15,140,short,repaired+q+boundary_off,repaired,q,0,1,0.0,711.9381669041265,10563,248.6360999999988,1,1,1
16078870_15,140,short,repaired+q+boundary_on,repaired,q,1,1,0.0,717.2518754031114,12756,304.3517999999992,1,1,1
16078870_15,141,short,original+p+boundary_off,original,p,0,1,0.01591511936339518,442.27416997969635,5258,117.89000000000271,0,1,1
16078870_15,141,short,original+p+boundary_on,original,p,1,1,0.0053050397877983935,443.9310242291888,6087,144.8943999999983,1,1,1
16078870_15,141,short,original+q+boundary_off,original,q,0,1,0.01326259946949604,443.10259710444257,5227,112.00649999999968,0,1,1
16078870_15,141,short,original+q+boundary_on,original,q,1,1,0.0053050397877983935,443.9310242291888,6020,155.294099999999,1,1,1
16078870_15,141,short,repaired+p+boundary_off,repaired,p,0,1,0.01591511936339518,442.27416997969635,5258,110.14529999999922,0,1,1
16078870_15,141,short,repaired+p+boundary_on,repaired,p,1,1,0.0053050397877983935,443.9310242291888,6087,146.12439999999793,1,1,1
16078870_15,141,short,repaired+q+boundary_off,repaired,q,0,1,0.01326259946949604,443.10259710444257,5227,114.32199999999426,0,1,1
16078870_15,141,short,repaired+q+boundary_on,repaired,q,1,1,0.0053050397877983935,443.9310242291888,6020,161.2183000000016,1,1,1
16078870_15,142,short,original+p+boundary_off,original,p,0,1,0.0,572.6833329081868,8538,191.7078000000032,1,1,1
16078870_15,142,short,original+p+boundary_on,original,p,1,1,0.0,575.0264786586945,8662,219.84989999999982,1,1,1
16078870_15,142,short,original+q+boundary_off,original,q,0,1,0.0,573.2691193458137,8402,215.489699999992,1,1,1
16078870_15,142,short,original+q+boundary_on,original,q,1,1,0.0,575.0264786586945,8584,227.21429999999998,1,1,1
16078870_15,142,short,repaired+p+boundary_off,repaired,p,0,1,0.0,572.6833329081868,8538,202.801000000008,1,1,1
16078870_15,142,short,repaired+p+boundary_on,repaired,p,1,1,0.0,575.0264786586945,8662,232.76060000000598,1,1,1
16078870_15,142,short,repaired+q+boundary_off,repaired,q,0,1,0.0,573.2691193458137,8402,208.06949999999347,1,1,1
16078870_15,142,short,repaired+q+boundary_on,repaired,q,1,1,0.0,575.0264786586945,8584,220.58959999999672,1,1,1
16078870_15,143,short,original+p+boundary_off,original,p,0,1,0.0,220.66399692442917,3356,83.22530000000938,1,1,1
16078870_15,143,short,original+p+boundary_on,original,p,1,1,0.0,221.835569799683,3199,83.46260000000427,1,1,1
16078870_15,143,short,original+q+boundary_off,original,q,0,1,0.0,220.66399692442917,3289,85.03910000000303,1,1,1
16078870_15,143,short,original+q+boundary_on,original,q,1,1,0.0,221.835569799683,3169,88.93930000000694,1,1,1
16078870_15,143,short,repaired+p+boundary_off,repaired,p,0,1,0.0,220.66399692442917,3356,78.14740000000597,1,1,1
16078870_15,143,short,repaired+p+boundary_on,repaired,p,1,1,0.0,221.835569799683,3199,85.04100000000392,1,1,1
16078870_15,143,short,repaired+q+boundary_off,repaired,q,0,1,0.0,220.66399692442917,3289,80.52250000000072,1,1,1
16078870_15,143,short,repaired+q+boundary_on,repaired,q,1,1,0.0,221.835569799683,3169,78.27009999999746,1,1,1
16078870_15,144,short,original+p+boundary_off,original,p,0,0,nan,nan,0,0.0,0,0,0
16078870_15,144,short,original+p+boundary_on,original,p,1,0,nan,nan,0,0.0,0,0,0
16078870_15,144,short,original+q+boundary_off,original,q,0,0,nan,nan,0,0.0,0,0,0
16078870_15,144,short,original+q+boundary_on,original,q,1,0,nan,nan,0,0.0,0,0,0
16078870_15,144,short,repaired+p+boundary_off,repaired,p,0,0,nan,nan,0,0.0,0,0,0
16078870_15,144,short,repaired+p+boundary_on,repaired,p,1,0,nan,nan,0,0.0,0,0,0
16078870_15,144,short,repaired+q+boundary_off,repaired,q,0,0,nan,nan,0,0.0,0,0,0
16078870_15,144,short,repaired+q+boundary_on,repaired,q,1,0,nan,nan,0,0.0,0,0,0
16078870_15,145,short,original+p+boundary_off,original,p,0,1,0.0,145.78174593052026,1617,37.627999999997996,1,1,1
16078870_15,145,short,original+p+boundary_on,original,p,1,1,0.0,145.78174593052026,1814,49.80569999999318,1,1,1
16078870_15,145,short,original+q+boundary_off,original,q,0,1,0.0,145.78174593052026,1599,40.62110000000985,1,1,1
16078870_15,145,short,original+q+boundary_on,original,q,1,1,0.0,145.78174593052026,1811,42.944000000005644,1,1,1
16078870_15,145,short,repaired+p+boundary_off,repaired,p,0,1,0.0,145.78174593052026,1617,38.82029999999759,1,1,1
16078870_15,145,short,repaired+p+boundary_on,repaired,p,1,1,0.0,145.78174593052026,1814,52.194300000010685,1,1,1
16078870_15,145,short,repaired+q+boundary_off,repaired,q,0,1,0.0,145.78174593052026,1599,36.141299999997045,1,1,1
16078870_15,145,short,repaired+q+boundary_on,repaired,q,1,1,0.0,145.78174593052026,1811,61.310100000000034,1,1,1
16078870_15,146,medium,original+p+boundary_off,original,p,0,1,0.0,1235.9352083112992,20744,502.5461999999976,1,1,1
16078870_15,146,medium,original+p+boundary_on,original,p,1,1,0.0,1243.3494218736723,25275,664.9977000000007,1,1,1
16078870_15,146,medium,original+q+boundary_off,original,q,0,1,0.0,1236.5209947489261,20390,517.4184999999909,1,1,1
16078870_15,146,medium,original+q+boundary_on,original,q,1,1,0.0,1243.3494218736723,25045,653.6786000000063,1,1,1
16078870_15,146,medium,repaired+p+boundary_off,repaired,p,0,1,0.0,1235.9352083112992,20744,513.1595000000004,1,1,1
16078870_15,146,medium,repaired+p+boundary_on,repaired,p,1,1,0.0,1243.3494218736723,25275,680.9063999999978,1,1,1
16078870_15,146,medium,repaired+q+boundary_off,repaired,q,0,1,0.0,1236.5209947489261,20390,490.1630000000097,1,1,1
16078870_15,146,medium,repaired+q+boundary_on,repaired,q,1,1,0.0,1243.3494218736723,25045,662.436900000003,1,1,1
16078870_15,147,medium,original+p+boundary_off,original,p,0,0,nan,nan,0,0.0,0,0,0
16078870_15,147,medium,original+p+boundary_on,original,p,1,0,nan,nan,0,0.0,0,0,0
16078870_15,147,medium,original+q+boundary_off,original,q,0,0,nan,nan,0,0.0,0,0,0
16078870_15,147,medium,original+q+boundary_on,original,q,1,0,nan,nan,0,0.0,0,0,0
16078870_15,147,medium,repaired+p+boundary_off,repaired,p,0,0,nan,nan,0,0.0,0,0,0
16078870_15,147,medium,repaired+p+boundary_on,repaired,p,1,0,nan,nan,0,0.0,0,0,0
16078870_15,147,medium,repaired+q+boundary_off,repaired,q,0,0,nan,nan,0,0.0,0,0,0
16078870_15,147,medium,repaired+q+boundary_on,repaired,q,1,0,nan,nan,0,0.0,0,0,0
16078870_15,148,medium,original+p+boundary_off,original,p,0,1,0.008196721311475419,894.6143571373759,13836,347.4225000000075,1,1,1
16078870_15,148,medium,original+p+boundary_on,original,p,1,1,0.0027063599458727605,902.028570699749,15209,380.0575000000066,1,1,1
16078870_15,148,medium,original+q+boundary_off,original,q,0,1,0.006830601092896127,896.2712113868683,13735,338.1619000000029,1,1,1
16078870_15,148,medium,original+q+boundary_on,original,q,1,1,0.0027063599458727605,902.028570699749,15097,375.6805999999955,1,1,1
16078870_15,148,medium,repaired+p+boundary_off,repaired,p,0,1,0.008196721311475419,894.6143571373759,13836,321.67660000000353,1,1,1
16078870_15,148,medium,repaired+p+boundary_on,repaired,p,1,1,0.0027063599458727605,902.028570699749,15209,407.9012999999918,1,1,1
16078870_15,148,medium,repaired+q+boundary_off,repaired,q,0,1,0.006830601092896127,896.2712113868683,13735,334.9434000000002,1,1,1
16078870_15,148,medium,repaired+q+boundary_on,repaired,q,1,1,0.0027063599458727605,902.028570699749,15097,369.00100000001146,1,1,1
16078870_15,149,medium,original+p+boundary_off,original,p,0,1,0.019512195121951237,1203.3544725075546,19142,453.7276999999875,0,1,1
16078870_15,149,medium,original+p+boundary_on,original,p,1,1,0.0029041626331074433,1212.1828996323009,19415,522.2854999999953,1,1,1
16078870_15,149,medium,original+q+boundary_off,original,q,0,1,0.019512195121951237,1203.3544725075546,19068,437.0021999999949,0,1,1
16078870_15,149,medium,original+q+boundary_on,original,q,1,1,0.0029041626331074433,1212.1828996323009,19317,481.78550000000087,1,1,1
16078870_15,149,medium,repaired+p+boundary_off,repaired,p,0,1,0.019512195121951237,1203.3544725075546,19142,458.9997000000068,0,1,1
16078870_15,149,medium,repaired+p+boundary_on,repaired,p,1,1,0.0029041626331074433,1212.1828996323009,19415,486.7334999999997,1,1,1
16078870_15,149,medium,repaired+q+boundary_off,repaired,q,0,1,0.019512195121951237,1203.3544725075546,19068,472.8353999999939,0,1,1
16078870_15,149,medium,repaired+q+boundary_on,repaired,q,1,1,0.0029041626331074433,1212.1828996323009,19317,533.8033000000024,1,1,1
16078870_15,150,medium,original+p+boundary_off,original,p,0,1,0.0,1421.574818618088,24707,627.8381999999993,1,1,1
16078870_15,150,medium,original+p+boundary_on,original,p,1,1,0.0,1430.6458864299536,25623,666.0863999999975,1,1,1
16078870_15,150,medium,original+q+boundary_off,original,q,0,1,0.0,1422.160605055715,24195,561.5542000000033,1,1,1
16078870_15,150,medium,original+q+boundary_on,original,q,1,1,0.0,1430.6458864299536,25375,637.4968000000081,1,1,1
16078870_15,150,medium,repaired+p+boundary_off,repaired,p,0,1,0.0,1421.574818618088,24707,582.020700000001,1,1,1
16078870_15,150,medium,repaired+p+boundary_on,repaired,p,1,1,0.0,1430.6458864299536,25623,658.5563000000008,1,1,1
16078870_15,150,medium,repaired+q+boundary_off,repaired,q,0,1,0.0,1422.160605055715,24195,601.7616999999973,1,1,1
16078870_15,150,medium,repaired+q+boundary_on,repaired,q,1,1,0.0,1430.6458864299536,25375,664.6205000000123,1,1,1
16078870_15,151,medium,original+p+boundary_off,original,p,0,1,0.0,1351.6753236814773,23448,556.3684000000109,1,1,1
16078870_15,151,medium,original+p+boundary_on,original,p,1,1,0.0,1359.6753236814773,28816,749.7162000000088,1,1,1
16078870_15,151,medium,original+q+boundary_off,original,q,0,1,0.0,1352.2611101191042,22950,596.5944999999948,1,1,1
16078870_15,151,medium,original+q+boundary_on,original,q,1,1,0.0,1359.6753236814773,28633,760.6606000000085,1,1,1
16078870_15,151,medium,repaired+p+boundary_off,repaired,p,0,1,0.0,1351.6753236814773,23448,561.6648000000026,1,1,1
16078870_15,151,medium,repaired+p+boundary_on,repaired,p,1,1,0.0,1359.6753236814773,28816,741.9635999999912,1,1,1
16078870_15,151,medium,repaired+q+boundary_off,repaired,q,0,1,0.0,1352.2611101191042,22950,532.0176999999973,1,1,1
16078870_15,151,medium,repaired+q+boundary_on,repaired,q,1,1,0.0,1359.6753236814773,28633,743.1471999999957,1,1,1
16078870_15,152,medium,original+p+boundary_off,original,p,0,1,0.0,1515.3271272970862,25835,624.48160000001,1,1,1
16078870_15,152,medium,original+p+boundary_on,original,p,1,1,0.0,1525.5697679842056,27425,683.3082999999931,1,1,1
16078870_15,152,medium,original+q+boundary_off,original,q,0,1,0.0,1515.9129137347131,25384,593.5782999999901,1,1,1
16078870_15,152,medium,original+q+boundary_on,original,q,1,1,0.0,1525.5697679842056,27144,679.7188000000034,1,1,1
16078870_15,152,medium,repaired+p+boundary_off,repaired,p,0,1,0.0,1515.3271272970862,25835,604.3961999999965,1,1,1
16078870_15,152,medium,repaired+p+boundary_on,repaired,p,1,1,0.0,1525.5697679842056,27425,713.9245999999986,1,1,1
16078870_15,152,medium,repaired+q+boundary_off,repaired,q,0,1,0.0,1515.9129137347131,25384,630.7931999999994,1,1,1
16078870_15,152,medium,repaired+q+boundary_on,repaired,q,1,1,0.0,1525.5697679842056,27144,693.1591999999966,1,1,1
16078870_15,153,long,original+p+boundary_off,original,p,0,1,0.009139784946236573,2218.53737213985,36792,887.0014999999967,1,1,1
16078870_15,153,long,original+p+boundary_on,original,p,1,1,0.0,2232.1942263893416,37255,949.8841000000056,1,1,1
16078870_15,153,long,original+q+boundary_off,original,q,0,1,0.009134873723804393,2219.1231585774767,36296,864.6854999999931,1,1,1
16078870_15,153,long,original+q+boundary_on,original,q,1,1,0.0,2232.1942263893416,36975,944.2102999999946,1,1,1
16078870_15,153,long,repaired+p+boundary_off,repaired,p,0,1,0.009139784946236573,2218.53737213985,36792,889.1324999999881,1,1,1
16078870_15,153,long,repaired+p+boundary_on,repaired,p,1,1,0.0,2232.1942263893416,37255,954.1100999999941,1,1,1
16078870_15,153,long,repaired+q+boundary_off,repaired,q,0,1,0.009134873723804393,2219.1231585774767,36296,865.142899999995,1,1,1
16078870_15,153,long,repaired+q+boundary_on,repaired,q,1,1,0.0,2232.1942263893416,36975,962.2310999999968,1,1,1
16078870_15,154,long,original+p+boundary_off,original,p,0,1,0.00914962325080737,2261.272436876137,36052,900.7481000000013,1,1,1
16078870_15,154,long,original+p+boundary_on,original,p,1,1,0.0,2276.1008640008804,35775,987.573299999994,1,1,1
16078870_15,154,long,original+q+boundary_off,original,q,0,1,0.009144701452393766,2261.858223313764,35449,849.3892000000045,1,1,1
16078870_15,154,long,original+q+boundary_on,original,q,1,1,0.0,2276.1008640008804,35489,904.3852999999871,1,1,1
16078870_15,154,long,repaired+p+boundary_off,repaired,p,0,1,0.00914962325080737,2261.272436876137,36052,880.7601000000034,1,1,1
16078870_15,154,long,repaired+p+boundary_on,repaired,p,1,1,0.0,2276.1008640008804,35775,942.9360999999972,1,1,1
16078870_15,154,long,repaired+q+boundary_off,repaired,q,0,1,0.009144701452393766,2261.858223313764,35449,853.9583000000022,1,1,1
16078870_15,154,long,repaired+q+boundary_on,repaired,q,1,1,0.0,2276.1008640008804,35489,905.2559000000002,1,1,1
16078870_15,155,long,original+p+boundary_off,original,p,0,1,0.009444444444444478,2180.9049045079846,41687,1097.689100000011,1,1,1
16078870_15,155,long,original+p+boundary_on,original,p,1,1,0.0,2194.5617587574748,42093,1088.0244000000089,1,1,1
16078870_15,155,long,original+q+boundary_off,original,q,0,1,0.00943920044419766,2181.4906909456113,41105,989.3891999999909,1,1,1
16078870_15,155,long,original+q+boundary_on,original,q,1,1,0.0,2194.5617587574748,41649,1095.6110999999992,1,1,1
16078870_15,155,long,repaired+p+boundary_off,repaired,p,0,1,0.009444444444444478,2180.9049045079846,41687,1010.0965999999971,1,1,1
16078870_15,155,long,repaired+p+boundary_on,repaired,p,1,1,0.0,2194.5617587574748,42093,1085.9094999999998,1,1,1
16078870_15,155,long,repaired+q+boundary_off,repaired,q,0,1,0.00943920044419766,2181.4906909456113,41105,1023.331099999993,1,1,1
16078870_15,155,long,repaired+q+boundary_on,repaired,q,1,1,0.0,2194.5617587574748,41649,1085.0100999999909,1,1,1
16078870_15,156,long,original+p+boundary_off,original,p,0,1,0.00792910447761197,2543.9587283771407,44167,1058.110499999998,1,1,1
16078870_15,156,long,original+p+boundary_on,original,p,1,1,0.0,2559.858223313751,41446,1048.3980999999999,1,1,1
16078870_15,156,long,original+q+boundary_off,original,q,0,1,0.007925407925407968,2544.544514814768,43598,1054.7740999999887,1,1,1
16078870_15,156,long,original+q+boundary_on,original,q,1,1,0.0,2559.858223313751,41068,1040.2327999999984,1,1,1
16078870_15,156,long,repaired+p+boundary_off,repaired,p,0,1,0.00792910447761197,2543.9587283771407,44167,1037.832299999991,1,1,1
16078870_15,156,long,repaired+p+boundary_on,repaired,p,1,1,0.0,2559.858223313751,41446,1064.351599999995,1,1,1
16078870_15,156,long,repaired+q+boundary_off,repaired,q,0,1,0.007925407925407968,2544.544514814768,43598,1015.8543000000009,1,1,1
16078870_15,156,long,repaired+q+boundary_on,repaired,q,1,1,0.0,2559.858223313751,41068,1017.1982000000099,1,1,1
16078870_15,157,long,original+p+boundary_off,original,p,0,1,0.011124121779859442,2049.1404025201846,35929,871.1153999999937,0,1,1
16078870_15,157,long,original+p+boundary_on,original,p,1,1,0.0011627906976744429,2062.797256769676,35893,914.8196999999954,1,1,1
16078870_15,157,long,original+q+boundary_off,original,q,0,1,0.011117612638970154,2049.7261889578117,35336,920.0372000000101,0,1,1
16078870_15,157,long,original+q+boundary_on,original,q,1,1,0.0011627906976744429,2062.797256769676,35628,1006.8668000000116,1,1,1
16078870_15,157,long,repaired+p+boundary_off,repaired,p,0,1,0.011124121779859442,2049.1404025201846,35929,970.1907999999833,0,1,1
16078870_15,157,long,repaired+p+boundary_on,repaired,p,1,1,0.0011627906976744429,2062.797256769676,35893,958.2658000000208,1,1,1
16078870_15,157,long,repaired+q+boundary_off,repaired,q,0,1,0.011117612638970154,2049.7261889578117,35336,850.0958999999852,0,1,1
16078870_15,157,long,repaired+q+boundary_on,repaired,q,1,1,0.0011627906976744429,2062.797256769676,35628,928.1105999999966,1,1,1
16078870_15,158,long,original+p+boundary_off,original,p,0,1,0.00896624472573837,2259.093721325928,38888,1016.9721000000038,1,1,1
16078870_15,158,long,original+p+boundary_on,original,p,1,1,0.0,2273.579002700165,39708,1064.9648999999783,1,1,1
16078870_15,158,long,original+q+boundary_off,original,q,0,1,0.008961518186610395,2259.679507763555,38435,986.2173999999868,1,1,1
16078870_15,158,long,original+q+boundary_on,original,q,1,1,0.0,2273.579002700165,39298,1075.0684000000206,1,1,1
16078870_15,158,long,repaired+p+boundary_off,repaired,p,0,1,0.00896624472573837,2259.093721325928,38888,937.8216000000066,1,1,1
16078870_15,158,long,repaired+p+boundary_on,repaired,p,1,1,0.0,2273.579002700165,39708,1043.2003999999893,1,1,1
16078870_15,158,long,repaired+q+boundary_off,repaired,q,0,1,0.008961518186610395,2259.679507763555,38435,956.771300000014,1,1,1
16078870_15,158,long,repaired+q+boundary_on,repaired,q,1,1,0.0,2273.579002700165,39298,1008.1897999999967,1,1,1
16078870_15,159,long,original+p+boundary_off,original,p,0,0,nan,nan,0,0.0,0,0,0
16078870_15,159,long,original+p+boundary_on,original,p,1,0,nan,nan,0,0.0,0,0,0
16078870_15,159,long,original+q+boundary_off,original,q,0,0,nan,nan,0,0.0,0,0,0
16078870_15,159,long,original+q+boundary_on,original,q,1,0,nan,nan,0,0.0,0,0,0
16078870_15,159,long,repaired+p+boundary_off,repaired,p,0,0,nan,nan,0,0.0,0,0,0
16078870_15,159,long,repaired+p+boundary_on,repaired,p,1,0,nan,nan,0,0.0,0,0,0
16078870_15,159,long,repaired+q+boundary_off,repaired,q,0,0,nan,nan,0,0.0,0,0,0
16078870_15,159,long,repaired+q+boundary_on,repaired,q,1,0,nan,nan,0,0.0,0,0,0
17878735_15,160,short,original+p+boundary_off,original,p,0,0,nan,nan,0,0.0,0,0,0
17878735_15,160,short,original+p+boundary_on,original,p,1,0,nan,nan,0,0.0,0,0,0
17878735_15,160,short,original+q+boundary_off,original,q,0,0,nan,nan,0,0.0,0,0,0
17878735_15,160,short,original+q+boundary_on,original,q,1,0,nan,nan,0,0.0,0,0,0
17878735_15,160,short,repaired+p+boundary_off,repaired,p,0,0,nan,nan,0,0.0,0,0,0
17878735_15,160,short,repaired+p+boundary_on,repaired,p,1,0,nan,nan,0,0.0,0,0,0
17878735_15,160,short,repaired+q+boundary_off,repaired,q,0,0,nan,nan,0,0.0,0,0,0
17878735_15,160,short,repaired+q+boundary_on,repaired,q,1,0,nan,nan,0,0.0,0,0,0
17878735_15,161,short,original+p+boundary_off,original,p,0,0,nan,nan,0,0.0,0,0,0
17878735_15,161,short,original+p+boundary_on,original,p,1,0,nan,nan,0,0.0,0,0,0
17878735_15,161,short,original+q+boundary_off,original,q,0,0,nan,nan,0,0.0,0,0,0
17878735_15,161,short,original+q+boundary_on,original,q,1,0,nan,nan,0,0.0,0,0,0
17878735_15,161,short,repaired+p+boundary_off,repaired,p,0,0,nan,nan,0,0.0,0,0,0
17878735_15,161,short,repaired+p+boundary_on,repaired,p,1,0,nan,nan,0,0.0,0,0,0
17878735_15,161,short,repaired+q+boundary_off,repaired,q,0,0,nan,nan,0,0.0,0,0,0
17878735_15,161,short,repaired+q+boundary_on,repaired,q,1,0,nan,nan,0,0.0,0,0,0
17878735_15,162,short,original+p+boundary_off,original,p,0,1,0.0,331.88939366884597,4815,117.03970000000652,1,1,1
17878735_15,162,short,original+p+boundary_on,original,p,1,1,0.0,331.88939366884597,5121,134.4676000000078,1,1,1
17878735_15,162,short,original+q+boundary_off,original,q,0,1,0.0,331.88939366884597,4653,110.65549999999291,1,1,1
17878735_15,162,short,original+q+boundary_on,original,q,1,1,0.0,333.3036072312191,5034,127.65799999999672,1,1,1
17878735_15,162,short,repaired+p+boundary_off,repaired,p,0,1,0.0,331.88939366884597,4815,116.18690000000242,1,1,1
17878735_15,162,short,repaired+p+boundary_on,repaired,p,1,1,0.0,331.88939366884597,5121,128.4907000000004,1,1,1
17878735_15,162,short,repaired+q+boundary_off,repaired,q,0,1,0.0,331.88939366884597,4653,102.78719999999453,1,1,1
17878735_15,162,short,repaired+q+boundary_on,repaired,q,1,1,0.0,333.3036072312191,5034,122.3017000000084,1,1,1
17878735_15,163,short,original+p+boundary_off,original,p,0,1,0.0,419.91378028648575,5778,129.47859999999878,1,1,1
17878735_15,163,short,original+p+boundary_on,original,p,1,1,0.0,419.91378028648575,5987,147.4850000000032,1,1,1
17878735_15,163,short,original+q+boundary_off,original,q,0,1,0.0,419.91378028648575,5721,134.22639999998864,1,1,1
17878735_15,163,short,original+q+boundary_on,original,q,1,1,0.0,419.91378028648575,5886,143.25060000000178,1,1,1
17878735_15,163,short,repaired+p+boundary_off,repaired,p,0,1,0.0,419.91378028648575,5778,137.4244999999945,1,1,1
17878735_15,163,short,repaired+p+boundary_on,repaired,p,1,1,0.0,419.91378028648575,5989,151.19760000000326,1,1,1
17878735_15,163,short,repaired+q+boundary_off,repaired,q,0,1,0.0,419.91378028648575,5721,150.38690000000088,1,1,1
17878735_15,163,short,repaired+q+boundary_on,repaired,q,1,1,0.0,419.91378028648575,5886,149.34689999999762,1,1,1
17878735_15,164,short,original+p+boundary_off,original,p,0,1,0.0,113.2375900532358,1384,39.384400000002984,1,1,1
17878735_15,164,short,original+p+boundary_on,original,p,1,1,0.0,113.2375900532358,1661,46.923499999991236,1,1,1
17878735_15,164,short,original+q+boundary_off,original,q,0,1,0.0,113.2375900532358,1408,36.87209999999652,1,1,1
17878735_15,164,short,original+q+boundary_on,original,q,1,1,0.0,113.2375900532358,1641,41.933699999987084,1,1,1
17878735_15,164,short,repaired+p+boundary_off,repaired,p,0,1,0.0,113.2375900532358,1384,31.94050000000459,1,1,1
17878735_15,164,short,repaired+p+boundary_on,repaired,p,1,1,0.0,113.2375900532358,1661,44.17820000000461,1,1,1
17878735_15,164,short,repaired+q+boundary_off,repaired,q,0,1,0.0,113.2375900532358,1408,34.80730000001131,1,1,1
17878735_15,164,short,repaired+q+boundary_on,repaired,q,1,1,0.0,113.2375900532358,1641,46.75629999999842,1,1,1
17878735_15,165,short,original+p+boundary_off,original,p,0,1,0.0,594.2346314604083,9385,226.51650000000245,1,1,1
17878735_15,165,short,original+p+boundary_on,original,p,1,1,0.0,595.991990773289,9783,261.1229999999978,1,1,1
17878735_15,165,short,original+q+boundary_off,original,q,0,1,0.0,594.2346314604083,9217,234.4094000000041,1,1,1
17878735_15,165,short,original+q+boundary_on,original,q,1,1,0.0,595.991990773289,9578,247.4823000000015,1,1,1
17878735_15,165,short,repaired+p+boundary_off,repaired,p,0,1,0.0,594.2346314604083,9385,232.42680000001315,1,1,1
17878735_15,165,short,repaired+p+boundary_on,repaired,p,1,1,0.0,595.991990773289,9946,242.3353000000077,1,1,1
17878735_15,165,short,repaired+q+boundary_off,repaired,q,0,1,0.0,594.2346314604083,9217,211.87030000000107,1,1,1
17878735_15,165,short,repaired+q+boundary_on,repaired,q,1,1,0.0,595.991990773289,9753,258.3266999999978,1,1,1
17878735_15,166,medium,original+p+boundary_off,original,p,0,1,0.0,849.9524522540013,13600,356.57549999999105,1,1,1
17878735_15,166,medium,original+p+boundary_on,original,p,1,1,0.0,851.709811566882,13536,360.11300000001256,1,1,1
17878735_15,166,medium,original+q+boundary_off,original,q,0,1,0.0,849.9524522540013,13457,341.23119999999574,1,1,1
17878735_15,166,medium,original+q+boundary_on,original,q,1,1,0.0,851.709811566882,13328,350.4068000000018,1,1,1
17878735_15,166,medium,repaired+p+boundary_off,repaired,p,0,1,0.0,849.9524522540013,13600,328.1958999999972,1,1,1
17878735_15,166,medium,repaired+p+boundary_on,repaired,p,1,1,0.0,851.709811566882,13654,336.30250000000217,1,1,1
17878735_15,166,medium,repaired+q+boundary_off,repaired,q,0,1,0.0,849.9524522540013,13457,326.65470000000596,1,1,1
17878735_15,166,medium,repaired+q+boundary_on,repaired,q,1,1,0.0,851.709811566882,13420,354.02950000001,1,1,1
17878735_15,167,medium,original+p+boundary_off,original,p,0,1,0.0,1163.8540392316677,18451,427.78630000000817,1,1,1
17878735_15,167,medium,original+p+boundary_on,original,p,1,1,0.0,1165.6113985445484,18845,499.5054000000039,1,1,1
17878735_15,167,medium,original+q+boundary_off,original,q,0,1,0.0,1163.8540392316677,18222,481.96639999999036,1,1,1
17878735_15,167,medium,original+q+boundary_on,original,q,1,1,0.0,1165.6113985445484,18210,474.0642999999949,1,1,1
17878735_15,167,medium,repaired+p+boundary_off,repaired,p,0,1,0.0,1163.8540392316677,18451,432.7827000000042,1,1,1
17878735_15,167,medium,repaired+p+boundary_on,repaired,p,1,1,0.0,1165.6113985445484,19005,470.73629999999866,1,1,1
17878735_15,167,medium,repaired+q+boundary_off,repaired,q,0,1,0.0,1163.8540392316677,18222,424.79720000000043,1,1,1
17878735_15,167,medium,repaired+q+boundary_on,repaired,q,1,1,0.0,1165.6113985445484,18383,468.0553000000032,1,1,1
17878735_15,168,medium,original+p+boundary_off,original,p,0,1,0.0,1182.7535341682797,18889,454.44290000000365,1,1,1
17878735_15,168,medium,original+p+boundary_on,original,p,1,1,0.0,1184.5108934811603,17020,415.2895000000001,1,1,1
17878735_15,168,medium,original+q+boundary_off,original,q,0,1,0.0,1182.7535341682797,18622,466.5780000000126,1,1,1
17878735_15,168,medium,original+q+boundary_on,original,q,1,1,0.0,1184.5108934811603,16650,438.1261000000052,1,1,1
17878735_15,168,medium,repaired+p+boundary_off,repaired,p,0,1,0.0,1182.7535341682797,18889,459.0450999999973,1,1,1
17878735_15,168,medium,repaired+p+boundary_on,repaired,p,1,1,0.0,1184.5108934811603,17181,443.06500000000426,1,1,1
17878735_15,168,medium,repaired+q+boundary_off,repaired,q,0,1,0.0,1182.7535341682797,18622,435.24670000000754,1,1,1
17878735_15,168,medium,repaired+q+boundary_on,repaired,q,1,1,0.0,1184.5108934811603,16823,443.7736000000001,1,1,1
17878735_15,169,medium,original+p+boundary_off,original,p,0,1,0.0,695.0874452027947,11100,271.8557999999973,1,1,1
17878735_15,169,medium,original+p+boundary_on,original,p,1,1,0.0,695.0874452027947,11634,299.46290000000886,1,1,1
17878735_15,169,medium,original+q+boundary_off,original,q,0,1,0.0,695.0874452027947,10975,269.05890000000454,1,1,1
17878735_15,169,medium,original+q+boundary_on,original,q,1,1,0.0,695.0874452027947,11359,307.36609999999587,1,1,1
17878735_15,169,medium,repaired+p+boundary_off,repaired,p,0,1,0.0,695.0874452027947,11100,272.31230000001005,1,1,1
17878735_15,169,medium,repaired+p+boundary_on,repaired,p,1,1,0.0,695.0874452027947,11795,305.5356000000131,1,1,1
17878735_15,169,medium,repaired+q+boundary_off,repaired,q,0,1,0.0,695.0874452027947,10975,266.492999999997,1,1,1
17878735_15,169,medium,repaired+q+boundary_on,repaired,q,1,1,0.0,695.0874452027947,11532,291.99390000000847,1,1,1
17878735_15,170,medium,original+p+boundary_off,original,p,0,1,0.0,1303.5474734076204,20523,507.64159999999947,1,1,1
17878735_15,170,medium,original+p+boundary_on,original,p,1,1,0.0,1305.890619158128,18717,457.17340000000206,1,1,1
17878735_15,170,medium,original+q+boundary_off,original,q,0,1,0.0,1303.5474734076204,20179,478.1491000000102,1,1,1
17878735_15,170,medium,original+q+boundary_on,original,q,1,1,0.0,1305.890619158128,18081,477.7136000000013,1,1,1
17878735_15,170,medium,repaired+p+boundary_off,repaired,p,0,1,0.0,1303.5474734076204,20523,515.743999999998,1,1,1
17878735_15,170,medium,repaired+p+boundary_on,repaired,p,1,1,0.0,1305.890619158128,18879,486.2075000000061,1,1,1
17878735_15,170,medium,repaired+q+boundary_off,repaired,q,0,1,0.0,1303.5474734076204,20179,479.95140000000447,1,1,1
17878735_15,170,medium,repaired+q+boundary_on,repaired,q,1,1,0.0,1305.890619158128,18254,485.6053000000031,1,1,1
17878735_15,171,medium,original+p+boundary_off,original,p,0,1,0.0,714.4011537017797,11189,259.2523,1,1,1
17878735_15,171,medium,original+p+boundary_on,original,p,1,1,0.0,716.1585130146603,11272,302.6368000000019,1,1,1
17878735_15,171,medium,original+q+boundary_off,original,q,0,1,0.0,714.4011537017797,11001,265.3468000000032,1,1,1
17878735_15,171,medium,original+q+boundary_on,original,q,1,1,0.0,716.1585130146603,11113,286.8904999999984,1,1,1
17878735_15,171,medium,repaired+p+boundary_off,repaired,p,0,1,0.0,714.4011537017797,11189,276.87569999999084,1,1,1
17878735_15,171,medium,repaired+p+boundary_on,repaired,p,1,1,0.0,716.1585130146603,11272,318.0995999999965,1,1,1
17878735_15,171,medium,repaired+q+boundary_off,repaired,q,0,1,0.0,714.4011537017797,11001,282.12310000000684,1,1,1
17878735_15,171,medium,repaired+q+boundary_on,repaired,q,1,1,0.0,716.1585130146603,11113,305.4513000000014,1,1,1
17878735_15,172,medium,original+p+boundary_off,original,p,0,1,0.0,744.2295808265259,11918,283.166499999993,1,1,1
17878735_15,172,medium,original+p+boundary_on,original,p,1,1,0.0,745.9869401394066,12705,312.0314000000093,1,1,1
17878735_15,172,medium,original+q+boundary_off,original,q,0,1,0.0,744.2295808265259,11705,285.51780000000804,1,1,1
17878735_15,172,medium,original+q+boundary_on,original,q,1,1,0.0,745.9869401394066,12298,308.7610999999981,1,1,1
17878735_15,172,medium,repaired+p+boundary_off,repaired,p,0,1,0.0,744.2295808265259,11918,279.510099999996,1,1,1
17878735_15,172,medium,repaired+p+boundary_on,repaired,p,1,1,0.0,745.9869401394066,12874,336.14430000000084,1,1,1
17878735_15,172,medium,repaired+q+boundary_off,repaired,q,0,1,0.0,744.2295808265259,11705,279.28939999999614,1,1,1
17878735_15,172,medium,repaired+q+boundary_on,repaired,q,1,1,0.0,745.9869401394066,12471,316.5938000000068,1,1,1
17878780_15,173,short,original+p+boundary_off,original,p,0,0,nan,nan,0,0.0,0,0,0
17878780_15,173,short,original+p+boundary_on,original,p,1,0,nan,nan,0,0.0,0,0,0
17878780_15,173,short,original+q+boundary_off,original,q,0,0,nan,nan,0,0.0,0,0,0
17878780_15,173,short,original+q+boundary_on,original,q,1,0,nan,nan,0,0.0,0,0,0
17878780_15,173,short,repaired+p+boundary_off,repaired,p,0,0,nan,nan,0,0.0,0,0,0
17878780_15,173,short,repaired+p+boundary_on,repaired,p,1,0,nan,nan,0,0.0,0,0,0
17878780_15,173,short,repaired+q+boundary_off,repaired,q,0,0,nan,nan,0,0.0,0,0,0
17878780_15,173,short,repaired+q+boundary_on,repaired,q,1,0,nan,nan,0,0.0,0,0,0
17878780_15,174,short,original+p+boundary_off,original,p,0,0,nan,nan,0,0.0,0,0,0
17878780_15,174,short,original+p+boundary_on,original,p,1,0,nan,nan,0,0.0,0,0,0
17878780_15,174,short,original+q+boundary_off,original,q,0,0,nan,nan,0,0.0,0,0,0
17878780_15,174,short,original+q+boundary_on,original,q,1,0,nan,nan,0,0.0,0,0,0
17878780_15,174,short,repaired+p+boundary_off,repaired,p,0,0,nan,nan,0,0.0,0,0,0
17878780_15,174,short,repaired+p+boundary_on,repaired,p,1,0,nan,nan,0,0.0,0,0,0
17878780_15,174,short,repaired+q+boundary_off,repaired,q,0,0,nan,nan,0,0.0,0,0,0
17878780_15,174,short,repaired+q+boundary_on,repaired,q,1,0,nan,nan,0,0.0,0,0,0
17878780_15,175,short,original+p+boundary_off,original,p,0,0,nan,nan,0,0.0,0,0,0
17878780_15,175,short,original+p+boundary_on,original,p,1,0,nan,nan,0,0.0,0,0,0
17878780_15,175,short,original+q+boundary_off,original,q,0,0,nan,nan,0,0.0,0,0,0
17878780_15,175,short,original+q+boundary_on,original,q,1,0,nan,nan,0,0.0,0,0,0
17878780_15,175,short,repaired+p+boundary_off,repaired,p,0,0,nan,nan,0,0.0,0,0,0
17878780_15,175,short,repaired+p+boundary_on,repaired,p,1,0,nan,nan,0,0.0,0,0,0
17878780_15,175,short,repaired+q+boundary_off,repaired,q,0,0,nan,nan,0,0.0,0,0,0
17878780_15,175,short,repaired+q+boundary_on,repaired,q,1,0,nan,nan,0,0.0,0,0,0
17878780_15,176,short,original+p+boundary_off,original,p,0,0,nan,nan,0,0.0,0,0,0
17878780_15,176,short,original+p+boundary_on,original,p,1,0,nan,nan,0,0.0,0,0,0
17878780_15,176,short,original+q+boundary_off,original,q,0,0,nan,nan,0,0.0,0,0,0
17878780_15,176,short,original+q+boundary_on,original,q,1,0,nan,nan,0,0.0,0,0,0
17878780_15,176,short,repaired+p+boundary_off,repaired,p,0,0,nan,nan,0,0.0,0,0,0
17878780_15,176,short,repaired+p+boundary_on,repaired,p,1,0,nan,nan,0,0.0,0,0,0
17878780_15,176,short,repaired+q+boundary_off,repaired,q,0,0,nan,nan,0,0.0,0,0,0
17878780_15,176,short,repaired+q+boundary_on,repaired,q,1,0,nan,nan,0,0.0,0,0,0
17878780_15,177,short,original+p+boundary_off,original,p,0,0,nan,nan,0,0.0,0,0,0
17878780_15,177,short,original+p+boundary_on,original,p,1,0,nan,nan,0,0.0,0,0,0
17878780_15,177,short,original+q+boundary_off,original,q,0,0,nan,nan,0,0.0,0,0,0
17878780_15,177,short,original+q+boundary_on,original,q,1,0,nan,nan,0,0.0,0,0,0
17878780_15,177,short,repaired+p+boundary_off,repaired,p,0,0,nan,nan,0,0.0,0,0,0
17878780_15,177,short,repaired+p+boundary_on,repaired,p,1,0,nan,nan,0,0.0,0,0,0
17878780_15,177,short,repaired+q+boundary_off,repaired,q,0,0,nan,nan,0,0.0,0,0,0
17878780_15,177,short,repaired+q+boundary_on,repaired,q,1,0,nan,nan,0,0.0,0,0,0
17878780_15,178,short,original+p+boundary_off,original,p,0,0,nan,nan,0,0.0,0,0,0
17878780_15,178,short,original+p+boundary_on,original,p,1,0,nan,nan,0,0.0,0,0,0
17878780_15,178,short,original+q+boundary_off,original,q,0,0,nan,nan,0,0.0,0,0,0
17878780_15,178,short,original+q+boundary_on,original,q,1,0,nan,nan,0,0.0,0,0,0
17878780_15,178,short,repaired+p+boundary_off,repaired,p,0,0,nan,nan,0,0.0,0,0,0
17878780_15,178,short,repaired+p+boundary_on,repaired,p,1,0,nan,nan,0,0.0,0,0,0
17878780_15,178,short,repaired+q+boundary_off,repaired,q,0,0,nan,nan,0,0.0,0,0,0
17878780_15,178,short,repaired+q+boundary_on,repaired,q,1,0,nan,nan,0,0.0,0,0,0
17878780_15,179,medium,original+p+boundary_off,original,p,0,0,nan,nan,0,0.0,0,0,0
17878780_15,179,medium,original+p+boundary_on,original,p,1,0,nan,nan,0,0.0,0,0,0
17878780_15,179,medium,original+q+boundary_off,original,q,0,0,nan,nan,0,0.0,0,0,0
17878780_15,179,medium,original+q+boundary_on,original,q,1,0,nan,nan,0,0.0,0,0,0
17878780_15,179,medium,repaired+p+boundary_off,repaired,p,0,0,nan,nan,0,0.0,0,0,0
17878780_15,179,medium,repaired+p+boundary_on,repaired,p,1,0,nan,nan,0,0.0,0,0,0
17878780_15,179,medium,repaired+q+boundary_off,repaired,q,0,0,nan,nan,0,0.0,0,0,0
17878780_15,179,medium,repaired+q+boundary_on,repaired,q,1,0,nan,nan,0,0.0,0,0,0
17878780_15,180,medium,original+p+boundary_off,original,p,0,0,nan,nan,0,0.0,0,0,0
17878780_15,180,medium,original+p+boundary_on,original,p,1,0,nan,nan,0,0.0,0,0,0
17878780_15,180,medium,original+q+boundary_off,original,q,0,0,nan,nan,0,0.0,0,0,0
17878780_15,180,medium,original+q+boundary_on,original,q,1,0,nan,nan,0,0.0,0,0,0
17878780_15,180,medium,repaired+p+boundary_off,repaired,p,0,0,nan,nan,0,0.0,0,0,0
17878780_15,180,medium,repaired+p+boundary_on,repaired,p,1,0,nan,nan,0,0.0,0,0,0
17878780_15,180,medium,repaired+q+boundary_off,repaired,q,0,0,nan,nan,0,0.0,0,0,0
17878780_15,180,medium,repaired+q+boundary_on,repaired,q,1,0,nan,nan,0,0.0,0,0,0
17878780_15,181,medium,original+p+boundary_off,original,p,0,1,0.0009560229445506607,2494.4440097513607,40391,980.5743000000007,1,1,1
17878780_15,181,medium,original+p+boundary_on,original,p,1,1,0.0009551098376313627,2500.5861453750917,40809,1056.9770000000035,1,1,1
17878780_15,181,medium,original+q+boundary_off,original,q,0,1,0.0009546539379474694,2498.6866504384802,40042,921.3577000000015,1,1,1
17878780_15,181,medium,original+q+boundary_on,original,q,1,1,0.000954198473282486,2503.414572499838,40540,985.1547999999895,1,1,1
17878780_15,181,medium,repaired+p+boundary_off,repaired,p,0,1,0.0009560229445506607,2494.4440097513607,40391,951.4606000000043,1,1,1
17878780_15,181,medium,repaired+p+boundary_on,repaired,p,1,1,0.0009551098376313627,2500.5861453750917,40809,1039.5297000000028,1,1,1
17878780_15,181,medium,repaired+q+boundary_off,repaired,q,0,1,0.0009546539379474694,2498.6866504384802,40042,956.790600000005,1,1,1
17878780_15,181,medium,repaired+q+boundary_on,repaired,q,1,1,0.000954198473282486,2503.414572499838,40540,1056.4832999999965,1,1,1
17878780_15,182,medium,original+p+boundary_off,original,p,0,1,0.00580130529369105,1632.3271272970867,43774,1084.2453000000064,1,1,1
17878780_15,182,medium,original+p+boundary_on,original,p,1,1,0.003620564808110016,1639.297690045564,48090,1211.6020999999932,1,1,1
17878780_15,182,medium,original+q+boundary_off,original,q,0,1,0.00434467776973213,1635.9839815465791,43409,1084.315399999994,1,1,1
17878780_15,182,medium,original+q+boundary_on,original,q,1,1,0.00361794500723589,1640.711903607937,47716,1255.2511000000095,1,1,1
17878780_15,182,medium,repaired+p+boundary_off,repaired,p,0,1,0.00580130529369105,1632.3271272970867,43774,1075.7262999999994,1,1,1
17878780_15,182,medium,repaired+p+boundary_on,repaired,p,1,1,0.003620564808110016,1639.297690045564,48090,1256.8893999999914,1,1,1
17878780_15,182,medium,repaired+q+boundary_off,repaired,q,0,1,0.00434467776973213,1635.9839815465791,43409,1109.6106999999904,1,1,1
17878780_15,182,medium,repaired+q+boundary_on,repaired,q,1,1,0.00361794500723589,1640.711903607937,47716,1215.2794,1,1,1
17878780_15,183,medium,original+p+boundary_off,original,p,0,0,nan,nan,0,0.0,0,0,0
17878780_15,183,medium,original+p+boundary_on,original,p,1,0,nan,nan,0,0.0,0,0,0
17878780_15,183,medium,original+q+boundary_off,original,q,0,0,nan,nan,0,0.0,0,0,0
17878780_15,183,medium,original+q+boundary_on,original,q,1,0,nan,nan,0,0.0,0,0,0
17878780_15,183,medium,repaired+p+boundary_off,repaired,p,0,0,nan,nan,0,0.0,0,0,0
17878780_15,183,medium,repaired+p+boundary_on,repaired,p,1,0,nan,nan,0,0.0,0,0,0
17878780_15,183,medium,repaired+q+boundary_off,repaired,q,0,0,nan,nan,0,0.0,0,0,0
17878780_15,183,medium,repaired+q+boundary_on,repaired,q,1,0,nan,nan,0,0.0,0,0,0
17878780_15,184,medium,original+p+boundary_off,original,p,0,1,0.0,758.8204178980358,12145,289.53040000000385,1,1,1
17878780_15,184,medium,original+p+boundary_on,original,p,1,1,0.0,759.9919907732896,11294,288.8249000000087,1,1,1
17878780_15,184,medium,original+q+boundary_off,original,q,0,1,0.0,758.8204178980358,11886,284.6758999999963,1,1,1
17878780_15,184,medium,original+q+boundary_on,original,q,1,1,0.0,759.9919907732896,11143,288.29420000000994,1,1,1
17878780_15,184,medium,repaired+p+boundary_off,repaired,p,0,1,0.0,758.8204178980358,12145,306.17110000000025,1,1,1
17878780_15,184,medium,repaired+p+boundary_on,repaired,p,1,1,0.0,759.9919907732896,11294,283.30789999999695,1,1,1
17878780_15,184,medium,repaired+q+boundary_off,repaired,q,0,1,0.0,758.8204178980358,11886,306.93500000000995,1,1,1
17878780_15,184,medium,repaired+q+boundary_on,repaired,q,1,1,0.0,759.9919907732896,11143,306.86209999998937,1,1,1
17878780_15,185,medium,original+p+boundary_off,original,p,0,0,nan,nan,0,0.0,0,0,0
17878780_15,185,medium,original+p+boundary_on,original,p,1,0,nan,nan,0,0.0,0,0,0
17878780_15,185,medium,original+q+boundary_off,original,q,0,0,nan,nan,0,0.0,0,0,0
17878780_15,185,medium,original+q+boundary_on,original,q,1,0,nan,nan,0,0.0,0,0,0
17878780_15,185,medium,repaired+p+boundary_off,repaired,p,0,0,nan,nan,0,0.0,0,0,0
17878780_15,185,medium,repaired+p+boundary_on,repaired,p,1,0,nan,nan,0,0.0,0,0,0
17878780_15,185,medium,repaired+q+boundary_off,repaired,q,0,0,nan,nan,0,0.0,0,0,0
17878780_15,185,medium,repaired+q+boundary_on,repaired,q,1,0,nan,nan,0,0.0,0,0,0
17878780_15,186,long,original+p+boundary_off,original,p,0,1,0.0007320644216690653,1604.8296526140282,28582,687.9538999999966,1,1,1
17878780_15,186,long,original+p+boundary_on,original,p,1,1,0.0,1608.143361113013,33260,835.9832999999952,1,1,1
17878780_15,186,long,original+q+boundary_off,original,q,0,1,0.0007320644216690653,1605.6580797387744,28199,655.609400000003,1,1,1
17878780_15,186,long,original+q+boundary_on,original,q,1,1,0.0,1608.143361113013,33072,897.3425000000077,1,1,1
17878780_15,186,long,repaired+p+boundary_off,repaired,p,0,1,0.0007320644216690653,1604.8296526140282,28582,700.7181999999972,1,1,1
17878780_15,186,long,repaired+p+boundary_on,repaired,p,1,1,0.0,1608.143361113013,33260,847.3223000000019,1,1,1
17878780_15,186,long,repaired+q+boundary_off,repaired,q,0,1,0.0007320644216690653,1605.6580797387744,28199,690.3271000000046,1,1,1
17878780_15,186,long,repaired+q+boundary_on,repaired,q,1,1,0.0,1608.143361113013,33072,837.374099999991,1,1,1
17878780_15,187,long,original+p+boundary_off,original,p,0,1,0.002953337271116352,1983.1921343482927,45155,1108.9617999999887,1,1,1
17878780_15,187,long,original+p+boundary_on,original,p,1,1,0.0,1988.5058428472776,43948,1120.2930000000038,1,1,1
17878780_15,187,long,original+q+boundary_off,original,q,0,1,0.0005899705014749124,1986.020561473039,44736,1102.9635000000012,1,1,1
17878780_15,187,long,original+q+boundary_on,original,q,1,1,0.0,1989.9200564096507,43608,1131.6066999999919,1,1,1
17878780_15,187,long,repaired+p+boundary_off,repaired,p,0,1,0.002953337271116352,1983.1921343482927,45155,1079.695799999996,1,1,1
17878780_15,187,long,repaired+p+boundary_on,repaired,p,1,1,0.0,1988.5058428472776,43948,1151.1435999999976,1,1,1
17878780_15,187,long,repaired+q+boundary_off,repaired,q,0,1,0.0005899705014749124,1986.020561473039,44736,1085.9190999999983,1,1,1
17878780_15,187,long,repaired+q+boundary_on,repaired,q,1,1,0.0,1989.9200564096507,43608,1124.7570999999966,1,1,1
17878780_15,188,long,original+p+boundary_off,original,p,0,1,0.0,2010.221571599816,45359,1089.728699999995,1,1,1
17878780_15,188,long,original+p+boundary_on,original,p,1,1,0.0,2013.5352800988007,44339,1088.3895000000052,1,1,1
17878780_15,188,long,original+q+boundary_off,original,q,0,1,0.0,2012.4642122869352,44941,1090.9156000000025,1,1,1
17878780_15,188,long,original+q+boundary_on,original,q,1,1,0.0,2014.9494936611738,43977,1121.8680000000063,1,1,1
17878780_15,188,long,repaired+p+boundary_off,repaired,p,0,1,0.0,2010.221571599816,45359,1099.6217000000001,1,1,1
17878780_15,188,long,repaired+p+boundary_on,repaired,p,1,1,0.0,2013.5352800988007,44339,1236.541399999993,1,1,1
17878780_15,188,long,repaired+q+boundary_off,repaired,q,0,1,0.0,2012.4642122869352,44941,1208.8864000000115,1,1,1
17878780_15,188,long,repaired+q+boundary_on,repaired,q,1,1,0.0,2014.9494936611738,43977,1193.8624999999945,1,1,1
17878780_15,189,long,original+p+boundary_off,original,p,0,1,0.0014306151645206988,1664.581961293026,27687,666.2209000000132,1,1,1
17878780_15,189,long,original+p+boundary_on,original,p,1,1,0.0,1665.7535341682799,27109,697.8681000000222,1,1,1
17878780_15,189,long,original+q+boundary_off,original,q,0,1,0.0014306151645206988,1664.581961293026,27305,701.067299999977,1,1,1
17878780_15,189,long,original+q+boundary_on,original,q,1,1,0.0,1665.7535341682799,26868,691.6017000000068,1,1,1
17878780_15,189,long,repaired+p+boundary_off,repaired,p,0,1,0.0014306151645206988,1664.581961293026,27687,667.7275000000122,1,1,1
17878780_15,189,long,repaired+p+boundary_on,repaired,p,1,1,0.0,1665.7535341682799,27109,771.3186000000007,1,1,1
17878780_15,189,long,repaired+q+boundary_off,repaired,q,0,1,0.0014306151645206988,1664.581961293026,27305,677.511399999986,1,1,1
17878780_15,189,long,repaired+q+boundary_on,repaired,q,1,1,0.0,1665.7535341682799,26868,721.0356000000218,1,1,1
17878780_15,190,long,original+p+boundary_off,original,p,0,1,0.0007385524372230945,1588.6875169902964,22935,576.0871999999893,1,1,1
17878780_15,190,long,original+p+boundary_on,original,p,1,1,0.0,1592.0012254892813,29686,762.627899999984,1,1,1
17878780_15,190,long,original+q+boundary_off,original,q,0,1,0.0007385524372230945,1589.5159441150427,22995,550.6782999999871,1,1,1
17878780_15,190,long,original+q+boundary_on,original,q,1,1,0.0,1592.0012254892813,29515,727.4127000000021,1,1,1
17878780_15,190,long,repaired+p+boundary_off,repaired,p,0,1,0.0007385524372230945,1588.6875169902964,22935,522.4120999999968,1,1,1
17878780_15,190,long,repaired+p+boundary_on,repaired,p,1,1,0.0,1592.0012254892813,29686,813.2214999999974,1,1,1
17878780_15,190,long,repaired+q+boundary_off,repaired,q,0,1,0.0007385524372230945,1589.5159441150427,22995,524.1485000000239,1,1,1
17878780_15,190,long,repaired+q+boundary_on,repaired,q,1,1,0.0,1592.0012254892813,29515,747.1870999999908,1,1,1
17878780_15,191,long,original+p+boundary_off,original,p,0,0,nan,nan,0,0.0,0,0,0
17878780_15,191,long,original+p+boundary_on,original,p,1,0,nan,nan,0,0.0,0,0,0
17878780_15,191,long,original+q+boundary_off,original,q,0,0,nan,nan,0,0.0,0,0,0
17878780_15,191,long,original+q+boundary_on,original,q,1,0,nan,nan,0,0.0,0,0,0
17878780_15,191,long,repaired+p+boundary_off,repaired,p,0,0,nan,nan,0,0.0,0,0,0
17878780_15,191,long,repaired+p+boundary_on,repaired,p,1,0,nan,nan,0,0.0,0,0,0
17878780_15,191,long,repaired+q+boundary_off,repaired,q,0,0,nan,nan,0,0.0,0,0,0
17878780_15,191,long,repaired+q+boundary_on,repaired,q,1,0,nan,nan,0,0.0,0,0,0
17878780_15,192,long,original+p+boundary_off,original,p,0,1,0.00361794500723589,1630.356564548609,28669,694.8218999999938,1,1,1
17878780_15,192,long,original+p+boundary_on,original,p,1,1,0.0,1634.8418459228478,32243,1003.127400000011,1,1,1
17878780_15,192,long,original+q+boundary_off,original,q,0,1,0.000723065798987732,1631.7707781109823,28389,864.6278999999879,1,1,1
17878780_15,192,long,original+q+boundary_on,original,q,1,1,0.0,1634.8418459228478,32068,1071.8781999999862,1,1,1
17878780_15,192,long,repaired+p+boundary_off,repaired,p,0,1,0.00361794500723589,1630.356564548609,28669,904.2990000000088,1,1,1
17878780_15,192,long,repaired+p+boundary_on,repaired,p,1,1,0.0,1634.8418459228478,32243,1056.8750000000193,1,1,1
17878780_15,192,long,repaired+q+boundary_off,repaired,q,0,1,0.000723065798987732,1631.7707781109823,28389,875.5780000000186,1,1,1
17878780_15,192,long,repaired+q+boundary_on,repaired,q,1,1,0.0,1634.8418459228478,32068,1027.243900000002,1,1,1
17878885_15,193,short,original+p+boundary_off,original,p,0,1,0.08782742681047762,792.5605332682131,30452,761.277800000002,0,0,1
17878885_15,193,short,original+p+boundary_on,original,p,1,1,0.016793893129770976,802.7026688919443,41065,1047.6203000000055,0,1,1
17878885_15,193,short,original+q+boundary_off,original,q,0,1,0.05521472392638038,795.1463197058401,30390,734.3872000000005,0,0,1
17878885_15,193,short,original+q+boundary_on,original,q,1,1,0.018292682926829285,803.2884553295712,40550,1062.1428999999978,0,1,1
17878885_15,193,short,repaired+p+boundary_off,repaired,p,0,1,0.08782742681047762,792.5605332682131,30665,741.2325000000095,0,0,1
17878885_15,193,short,repaired+p+boundary_on,repaired,p,1,1,0.016793893129770976,802.7026688919443,41737,1095.5840999999964,0,1,1
17878885_15,193,short,repaired+q+boundary_off,repaired,q,0,1,0.05521472392638038,795.1463197058401,30590,773.628599999995,0,0,1
17878885_15,193,short,repaired+q+boundary_on,repaired,q,1,1,0.018292682926829285,803.2884553295712,41204,1085.8601999999992,0,1,1
17878885_15,194,short,original+p+boundary_off,original,p,0,1,0.04020979020979021,705.2051942088857,24696,670.5041000000023,0,1,1
17878885_15,194,short,original+p+boundary_on,original,p,1,1,0.02422145328719727,715.3473298326168,29169,867.9105999999877,0,1,1
17878885_15,194,short,original+q+boundary_off,original,q,0,1,0.03812824956672445,710.6194077712588,24112,663.7545000000102,0,1,1
17878885_15,194,short,original+q+boundary_on,original,q,1,1,0.02076124567474047,716.175756957363,28395,850.4338000000189,0,1,1
17878885_15,194,short,repaired+p+boundary_off,repaired,p,0,1,0.04020979020979021,705.2051942088857,24696,624.8107000000118,0,1,1
17878885_15,194,short,repaired+p+boundary_on,repaired,p,1,1,0.02422145328719727,715.3473298326168,29169,776.501799999977,0,1,1
17878885_15,194,short,repaired+q+boundary_off,repaired,q,0,1,0.03812824956672445,710.6194077712588,24112,591.8403999999953,0,1,1
17878885_15,194,short,repaired+q+boundary_on,repaired,q,1,1,0.02076124567474047,716.175756957363,28395,785.0648999999805,0,1,1
17878885_15,195,short,original+p+boundary_off,original,p,0,1,0.049180327868852514,281.1076477383252,4475,107.71909999999707,0,1,1
17878885_15,195,short,original+p+boundary_on,original,p,1,1,0.05327868852459017,283.59292911256387,4539,114.8264999999924,0,0,1
17878885_15,195,short,original+q+boundary_off,original,q,0,1,0.049180327868852514,281.93607486307144,4385,104.48310000001015,0,1,1
17878885_15,195,short,original+q+boundary_on,original,q,1,1,0.061224489795918324,284.17871555019076,4433,111.0637999999824,0,0,1
17878885_15,195,short,repaired+p+boundary_off,repaired,p,0,1,0.049180327868852514,281.1076477383252,4475,114.99909999997726,0,1,1
17878885_15,195,short,repaired+p+boundary_on,repaired,p,1,1,0.05327868852459017,283.59292911256387,4539,118.76780000000053,0,0,1
17878885_15,195,short,repaired+q+boundary_off,repaired,q,0,1,0.049180327868852514,281.93607486307144,4385,110.21080000000438,0,1,1
17878885_15,195,short,repaired+q+boundary_on,repaired,q,1,1,0.061224489795918324,284.17871555019076,4433,112.00650000000678,0,0,1
17878885_15,196,short,original+p+boundary_off,original,p,0,0,nan,nan,0,0.0,0,0,0
17878885_15,196,short,original+p+boundary_on,original,p,1,0,nan,nan,0,0.0,0,0,0
17878885_15,196,short,original+q+boundary_off,original,q,0,0,nan,nan,0,0.0,0,0,0
17878885_15,196,short,original+q+boundary_on,original,q,1,0,nan,nan,0,0.0,0,0,0
17878885_15,196,short,repaired+p+boundary_off,repaired,p,0,0,nan,nan,0,0.0,0,0,0
17878885_15,196,short,repaired+p+boundary_on,repaired,p,1,0,nan,nan,0,0.0,0,0,0
17878885_15,196,short,repaired+q+boundary_off,repaired,q,0,0,nan,nan,0,0.0,0,0,0
17878885_15,196,short,repaired+q+boundary_on,repaired,q,1,0,nan,nan,0,0.0,0,0,0
17878885_15,197,short,original+p+boundary_off,original,p,0,0,nan,nan,0,0.0,0,0,0
17878885_15,197,short,original+p+boundary_on,original,p,1,0,nan,nan,0,0.0,0,0,0
17878885_15,197,short,original+q+boundary_off,original,q,0,0,nan,nan,0,0.0,0,0,0
17878885_15,197,short,original+q+boundary_on,original,q,1,0,nan,nan,0,0.0,0,0,0
17878885_15,197,short,repaired+p+boundary_off,repaired,p,0,0,nan,nan,0,0.0,0,0,0
17878885_15,197,short,repaired+p+boundary_on,repaired,p,1,0,nan,nan,0,0.0,0,0,0
17878885_15,197,short,repaired+q+boundary_off,repaired,q,0,0,nan,nan,0,0.0,0,0,0
17878885_15,197,short,repaired+q+boundary_on,repaired,q,1,0,nan,nan,0,0.0,0,0,0
17878885_15,198,short,original+p+boundary_off,original,p,0,0,nan,nan,0,0.0,0,0,0
17878885_15,198,short,original+p+boundary_on,original,p,1,0,nan,nan,0,0.0,0,0,0
17878885_15,198,short,original+q+boundary_off,original,q,0,0,nan,nan,0,0.0,0,0,0
17878885_15,198,short,original+q+boundary_on,original,q,1,0,nan,nan,0,0.0,0,0,0
17878885_15,198,short,repaired+p+boundary_off,repaired,p,0,0,nan,nan,0,0.0,0,0,0
17878885_15,198,short,repaired+p+boundary_on,repaired,p,1,0,nan,nan,0,0.0,0,0,0
17878885_15,198,short,repaired+q+boundary_off,repaired,q,0,0,nan,nan,0,0.0,0,0,0
17878885_15,198,short,repaired+q+boundary_on,repaired,q,1,0,nan,nan,0,0.0,0,0,0
17878885_15,199,medium,original+p+boundary_off,original,p,0,1,0.006451612903225823,999.746391493342,36833,950.2454999999941,1,1,1
17878885_15,199,medium,original+p+boundary_on,original,p,1,1,0.005148005148005175,1004.2316728675806,53435,1463.6758999999984,1,1,1
17878885_15,199,medium,original+q+boundary_off,original,q,0,1,0.005161290322580614,1001.4032457428344,38710,959.7366999999792,1,1,1
17878885_15,199,medium,original+q+boundary_on,original,q,1,1,0.005148005148005175,1005.0600999923269,54131,1434.9752999999907,1,1,1
17878885_15,199,medium,repaired+p+boundary_off,repaired,p,0,1,0.006451612903225823,999.746391493342,37141,897.2793000000081,1,1,1
17878885_15,199,medium,repaired+p+boundary_on,repaired,p,1,1,0.005148005148005175,1004.2316728675806,54341,1419.509799999986,1,1,1
17878885_15,199,medium,repaired+q+boundary_off,repaired,q,0,1,0.005161290322580614,1001.4032457428344,39005,933.8478999999893,1,1,1
17878885_15,199,medium,repaired+q+boundary_on,repaired,q,1,1,0.005148005148005175,1005.0600999923269,55059,1751.4779999999917,1,1,1
17878885_15,200,medium,original+p+boundary_off,original,p,0,1,0.12698412698412698,1187.9717882377586,68058,2164.741699999979,0,0,0
17878885_15,200,medium,original+p+boundary_on,original,p,1,1,0.12552301255230125,1196.900720425893,75211,2475.82109999999,0,0,0
17878885_15,200,medium,original+q+boundary_off,original,q,0,1,0.11087645195353746,1189.9717882377586,68795,2133.73660000002,0,0,0
17878885_15,200,medium,original+q+boundary_on,original,q,1,1,0.12029288702928875,1198.5575746753857,75559,2499.441900000022,0,0,0
17878885_15,200,medium,repaired+p+boundary_off,repaired,p,0,1,0.12698412698412698,1187.9717882377586,70526,2195.2478999999985,0,0,0
17878885_15,200,medium,repaired+p+boundary_on,repaired,p,1,1,0.12552301255230125,1196.900720425893,79588,2610.928400000006,0,0,0
17878885_15,200,medium,repaired+q+boundary_off,repaired,q,0,1,0.11087645195353746,1189.9717882377586,71371,2221.220299999999,0,0,0
17878885_15,200,medium,repaired+q+boundary_on,repaired,q,1,1,0.12029288702928875,1198.5575746753857,80068,2644.9878999999896,0,0,0
17878885_15,201,medium,original+p+boundary_off,original,p,0,0,nan,nan,0,0.0,0,0,0
17878885_15,201,medium,original+p+boundary_on,original,p,1,0,nan,nan,0,0.0,0,0,0
17878885_15,201,medium,original+q+boundary_off,original,q,0,0,nan,nan,0,0.0,0,0,0
17878885_15,201,medium,original+q+boundary_on,original,q,1,0,nan,nan,0,0.0,0,0,0
17878885_15,201,medium,repaired+p+boundary_off,repaired,p,0,1,0.027966742252456545,1658.7556262093347,59740,1845.5337999999983,0,1,1
17878885_15,201,medium,repaired+p+boundary_on,repaired,p,1,1,0.013564431047475511,1665.2409075835735,70733,2260.14840000002,0,1,1
17878885_15,201,medium,repaired+q+boundary_off,repaired,q,0,1,0.04081632653061229,1662.8977618330657,59220,1800.3530000000012,0,1,1
17878885_15,201,medium,repaired+q+boundary_on,repaired,q,1,1,0.016566265060240948,1666.6551211459466,69716,2002.7417999999955,0,1,1
17878885_15,202,medium,original+p+boundary_off,original,p,0,1,0.008867667121418843,1758.263202160159,100962,2454.878700000023,1,1,1
17878885_15,202,medium,original+p+boundary_on,original,p,1,1,0.0,1773.4347750354127,131913,3569.6224000000143,1,1,1
17878885_15,202,medium,original+q+boundary_off,original,q,0,1,0.0,1760.0205614730396,101282,2467.088100000012,1,1,1
17878885_15,202,medium,original+q+boundary_on,original,q,1,1,0.0,1774.0205614730396,131411,3487.8945000000103,1,1,1
17878885_15,202,medium,repaired+p+boundary_off,repaired,p,0,1,0.008867667121418843,1758.263202160159,112171,2713.424599999996,1,1,1
17878885_15,202,medium,repaired+p+boundary_on,repaired,p,1,1,0.0,1773.4347750354127,144901,3683.1774999999993,1,1,1
17878885_15,202,medium,repaired+q+boundary_off,repaired,q,0,1,0.0,1760.0205614730396,112160,2716.288899999995,1,1,1
17878885_15,202,medium,repaired+q+boundary_on,repaired,q,1,1,0.0,1774.0205614730396,144345,3768.90019999999,1,1,1
17878885_15,203,medium,original+p+boundary_off,original,p,0,1,0.025104602510460206,1113.6437943888993,28055,643.8717000000054,0,1,1
17878885_15,203,medium,original+p+boundary_on,original,p,1,1,0.003112033195020736,1123.3006486383915,55188,1483.3238999999878,1,1,1
17878885_15,203,medium,original+q+boundary_off,original,q,0,1,0.01043841336116913,1115.6437943888993,27586,640.2113000000043,0,1,1
17878885_15,203,medium,original+q+boundary_on,original,q,1,1,0.0010351966873706209,1125.3006486383917,54208,1361.541200000005,1,1,1
17878885_15,203,medium,repaired+p+boundary_off,repaired,p,0,1,0.025104602510460206,1113.6437943888993,28645,671.59860000001,0,1,1
17878885_15,203,medium,repaired+p+boundary_on,repaired,p,1,1,0.003112033195020736,1123.3006486383915,56418,1451.4923000000124,1,1,1
17878885_15,203,medium,repaired+q+boundary_off,repaired,q,0,1,0.01043841336116913,1115.6437943888993,28132,661.242800000025,0,1,1
17878885_15,203,medium,repaired+q+boundary_on,repaired,q,1,1,0.0010351966873706209,1125.3006486383917,55387,1435.8165000000156,1,1,1
17878885_15,204,medium,original+p+boundary_off,original,p,0,0,nan,nan,0,0.0,0,0,0
17878885_15,204,medium,original+p+boundary_on,original,p,1,0,nan,nan,0,0.0,0,0,0
17878885_15,204,medium,original+q+boundary_off,original,q,0,0,nan,nan,0,0.0,0,0,0
17878885_15,204,medium,original+q+boundary_on,original,q,1,0,nan,nan,0,0.0,0,0,0
17878885_15,204,medium,repaired+p+boundary_off,repaired,p,0,1,0.01965065502183405,1778.1008640008972,154644,3867.4080000000117,0,1,1
17878885_15,204,medium,repaired+p+boundary_on,repaired,p,1,1,0.00942712110224797,1786.0003589375087,164401,4383.989900000017,1,1,1
17878885_15,204,medium,repaired+q+boundary_off,repaired,q,0,1,0.03420669577874813,1778.1008640008972,160672,3949.5220999999956,0,1,1
17878885_15,204,medium,repaired+q+boundary_on,repaired,q,1,1,0.008701957940536631,1786.0003589375087,167932,4381.643799999978,1,1,1
17878885_15,205,medium,original+p+boundary_off,original,p,0,1,0.02061122956645345,1787.4906909456308,71596,1788.852200000008,0,1,1
17878885_15,205,medium,original+p+boundary_on,original,p,1,1,0.008498583569405138,1792.904904508004,128269,3415.2226999999866,1,1,1
17878885_15,205,medium,original+q+boundary_off,original,q,0,1,0.023404255319148914,1790.0764773832577,73268,1823.6613999999918,0,1,1
17878885_15,205,medium,original+q+boundary_on,original,q,1,1,0.009193776520509234,1795.7333316327502,127965,3477.0752000000016,1,1,1
17878885_15,205,medium,repaired+p+boundary_off,repaired,p,0,1,0.02061122956645345,1787.4906909456308,75357,1929.854199999994,0,1,1
17878885_15,205,medium,repaired+p+boundary_on,repaired,p,1,1,0.008498583569405138,1792.904904508004,134526,3612.5734999999963,1,1,1
17878885_15,205,medium,repaired+q+boundary_off,repaired,q,0,1,0.023404255319148914,1790.0764773832577,76718,1933.6554000000206,0,1,1
17878885_15,205,medium,repaired+q+boundary_on,repaired,q,1,1,0.009193776520509234,1795.7333316327502,133950,3865.8803999999805,1,1,1
17878885_15,206,long,original+p+boundary_off,original,p,0,1,0.018503620273531807,1611.4784976368105,54528,1747.8271000000234,0,1,1
17878885_15,206,long,original+p+boundary_on,original,p,1,1,0.006405124099279402,1614.9932162625719,97782,3300.26509999999,1,1,1
17878885_15,206,long,original+q+boundary_off,original,q,0,1,0.02168674698795181,1612.650070512064,58138,1829.8346999999922,0,1,1
17878885_15,206,long,original+q+boundary_on,original,q,1,1,0.007194244604316502,1617.8216433873179,97074,3295.1630000000023,1,1,1
17878885_15,206,long,repaired+p+boundary_off,repaired,p,0,1,0.018503620273531807,1611.4784976368105,56804,1779.071799999997,0,1,1
17878885_15,206,long,repaired+p+boundary_on,repaired,p,1,1,0.006405124099279402,1614.9932162625719,102255,3494.822900000003,1,1,1
17878885_15,206,long,repaired+q+boundary_off,repaired,q,0,1,0.02168674698795181,1612.650070512064,60105,1921.8417999999815,0,1,1
17878885_15,206,long,repaired+q+boundary_on,repaired,q,1,1,0.007194244604316502,1617.8216433873179,101353,3359.5207999999843,1,1,1
17878885_15,207,long,original+p+boundary_off,original,p,0,1,0.01593901593901592,1825.1475451951233,95108,2950.316600000008,0,1,1
17878885_15,207,long,original+p+boundary_on,original,p,1,1,0.00552104899930983,1831.9759723198695,112858,3630.3330000000074,1,1,1
17878885_15,207,long,original+q+boundary_off,original,q,0,1,0.01868512110726639,1826.319118070377,95169,3106.4011999999934,0,1,1
17878885_15,207,long,original+q+boundary_on,original,q,1,1,0.006206896551724128,1833.3901858822426,112307,3901.8715999999927,1,1,1
17878885_15,207,long,repaired+p+boundary_off,repaired,p,0,1,0.01593901593901592,1825.1475451951233,99044,2908.974799999953,0,1,1
17878885_15,207,long,repaired+p+boundary_on,repaired,p,1,1,0.00552104899930983,1831.9759723198695,118524,3174.8991000000046,1,1,1
17878885_15,207,long,repaired+q+boundary_off,repaired,q,0,1,0.01868512110726639,1826.319118070377,98728,2461.569900000029,0,1,1
17878885_15,207,long,repaired+q+boundary_on,repaired,q,1,1,0.006206896551724128,1833.3901858822426,117767,3152.321000000029,1,1,1
17878885_15,208,long,original+p+boundary_off,original,p,0,0,nan,nan,0,0.0,0,0,0
17878885_15,208,long,original+p+boundary_on,original,p,1,0,nan,nan,0,0.0,0,0,0
17878885_15,208,long,original+q+boundary_off,original,q,0,0,nan,nan,0,0.0,0,0,0
17878885_15,208,long,original+q+boundary_on,original,q,1,0,nan,nan,0,0.0,0,0,0
17878885_15,208,long,repaired+p+boundary_off,repaired,p,0,0,nan,nan,0,0.0,0,0,0
17878885_15,208,long,repaired+p+boundary_on,repaired,p,1,0,nan,nan,0,0.0,0,0,0
17878885_15,208,long,repaired+q+boundary_off,repaired,q,0,0,nan,nan,0,0.0,0,0,0
17878885_15,208,long,repaired+q+boundary_on,repaired,q,1,0,nan,nan,0,0.0,0,0,0
17878885_15,209,long,original+p+boundary_off,original,p,0,1,0.019257221458046758,1834.0764773832577,51880,1373.7480000000346,0,1,1
17878885_15,209,long,original+p+boundary_on,original,p,1,1,0.006849315068493178,1838.4196231337653,90961,2337.2797000000105,1,1,1
17878885_15,209,long,original+q+boundary_off,original,q,0,1,0.022008253094910613,1834.0764773832577,53624,1320.1364999999896,0,1,1
17878885_15,209,long,original+q+boundary_on,original,q,1,1,0.007534246575342518,1838.4196231337653,90299,2421.120099999996,1,1,1
17878885_15,209,long,repaired+p+boundary_off,repaired,p,0,1,0.019257221458046758,1834.0764773832577,52577,1323.061999999993,0,1,1
17878885_15,209,long,repaired+p+boundary_on,repaired,p,1,1,0.006849315068493178,1838.4196231337653,94063,2511.6959000000065,1,1,1
17878885_15,209,long,repaired+q+boundary_off,repaired,q,0,1,0.022008253094910613,1834.0764773832577,54250,1373.8693999999896,0,1,1
17878885_15,209,long,repaired+q+boundary_on,repaired,q,1,1,0.007534246575342518,1838.4196231337653,93220,2545.3615999999784,1,1,1
17878885_15,210,long,original+p+boundary_off,original,p,0,1,0.022408963585434205,1804.3485553218995,53004,1289.576199999999,0,1,1
17878885_15,210,long,original+p+boundary_on,original,p,1,1,0.010474860335195513,1811.6622638208844,92126,2448.2991000000425,0,1,1
17878885_15,210,long,original+q+boundary_off,original,q,0,1,0.025910364145658282,1806.005409571392,54629,1346.7623999999887,0,1,1
17878885_15,210,long,original+q+boundary_on,original,q,1,1,0.00976971388695047,1813.9049045080037,93487,2486.1485999999786,1,1,1
17878885_15,210,long,repaired+p+boundary_off,repaired,p,0,1,0.022408963585434205,1804.3485553218995,54573,1346.2860000000205,0,1,1
17878885_15,210,long,repaired+p+boundary_on,repaired,p,1,1,0.010474860335195513,1811.6622638208844,98204,2612.526100000025,0,1,1
17878885_15,210,long,repaired+q+boundary_off,repaired,q,0,1,0.025910364145658282,1806.005409571392,55995,1497.0933000000173,0,1,1
17878885_15,210,long,repaired+q+boundary_on,repaired,q,1,1,0.00976971388695047,1813.9049045080037,99369,2870.468799999969,1,1,1
17878885_15,211,long,original+p+boundary_off,original,p,0,1,0.018203170874926622,2142.3090168026,109812,2900.828699999977,0,1,1
17878885_15,211,long,original+p+boundary_on,original,p,1,1,0.0052631578947368585,2153.036938863957,130166,3391.9501999999966,1,1,1
17878885_15,211,long,original+q+boundary_off,original,q,0,1,0.018160515524311638,2147.137443927346,112556,2774.7823000000267,0,1,1
17878885_15,211,long,original+q+boundary_on,original,q,1,1,0.005844535359438963,2156.108006675822,129555,3535.489200000029,1,1,1
17878885_15,211,long,repaired+p+boundary_off,repaired,p,0,1,0.018203170874926622,2142.3090168026,118982,3084.7314000000097,0,1,1
17878885_15,211,long,repaired+p+boundary_on,repaired,p,1,1,0.0052631578947368585,2153.036938863957,150182,3912.969700000019,1,1,1
17878885_15,211,long,repaired+q+boundary_off,repaired,q,0,1,0.018160515524311638,2147.137443927346,121050,3071.213300000011,0,1,1
17878885_15,211,long,repaired+q+boundary_on,repaired,q,1,1,0.005844535359438963,2156.108006675822,149254,4057.071599999972,1,1,1
17878885_15,212,long,original+p+boundary_off,original,p,0,1,0.015072083879423381,1894.8927111991839,78882,1960.5999999999995,0,1,1
17878885_15,212,long,original+p+boundary_on,original,p,1,1,0.00588235294117645,1903.863273947661,110176,2954.920099999981,1,1,1
17878885_15,212,long,original+q+boundary_off,original,q,0,1,0.017670157068062853,1899.3779925734225,80395,2028.640399999972,0,1,1
17878885_15,212,long,original+q+boundary_on,original,q,1,1,0.006531678641410799,1906.1059146347802,109117,2939.252799999963,1,1,1
17878885_15,212,long,repaired+p+boundary_off,repaired,p,0,1,0.015072083879423381,1894.8927111991839,83103,2108.7237000000414,0,1,1
17878885_15,212,long,repaired+p+boundary_on,repaired,p,1,1,0.00588235294117645,1903.863273947661,120357,3139.3798999999944,1,1,1
17878885_15,212,long,repaired+q+boundary_off,repaired,q,0,1,0.017670157068062853,1899.3779925734225,84456,2135.11299999999,0,1,1
17878885_15,212,long,repaired+q+boundary_on,repaired,q,1,1,0.006531678641410799,1906.1059146347802,118827,3143.12510000002,1,1,1
18028750_15,213,short,original+p+boundary_off,original,p,0,1,0.0,131.33809511662417,1854,48.56250000000273,1,1,1
18028750_15,213,short,original+p+boundary_on,original,p,1,1,0.0,131.33809511662417,1925,44.00920000000497,1,1,1
18028750_15,213,short,original+q+boundary_off,original,q,0,1,0.0,131.33809511662417,1836,38.46390000001065,1,1,1
18028750_15,213,short,original+q+boundary_on,original,q,1,1,0.0,131.33809511662417,1885,48.64599999999086,1,1,1
18028750_15,213,short,repaired+p+boundary_off,repaired,p,0,1,0.0,131.33809511662417,1854,44.38249999998334,1,1,1
18028750_15,213,short,repaired+p+boundary_on,repaired,p,1,1,0.0,131.33809511662417,1925,47.57789999999318,1,1,1
18028750_15,213,short,repaired+q+boundary_off,repaired,q,0,1,0.0,131.33809511662417,1836,45.85559999998168,1,1,1
18028750_15,213,short,repaired+q+boundary_on,repaired,q,1,1,0.0,131.33809511662417,1885,51.39679999999203,1,1,1
18028750_15,214,short,original+p+boundary_off,original,p,0,1,0.0,534.3675323681476,6997,164.60349999999835,1,1,1
18028750_15,214,short,original+p+boundary_on,original,p,1,1,0.0,536.02438661764,9259,243.10850000000528,1,1,1
18028750_15,214,short,original+q+boundary_off,original,q,0,1,0.0,534.3675323681476,7023,171.08650000000125,1,1,1
18028750_15,214,short,original+q+boundary_on,original,q,1,1,0.0,536.6101730552668,9229,227.61130000000662,1,1,1
18028750_15,214,short,repaired+p+boundary_off,repaired,p,0,1,0.0,534.3675323681476,6997,167.19589999999585,1,1,1
18028750_15,214,short,repaired+p+boundary_on,repaired,p,1,1,0.0,536.02438661764,9259,298.37040000001025,1,1,1
18028750_15,214,short,repaired+q+boundary_off,repaired,q,0,1,0.0,534.3675323681476,7023,195.1880000000017,1,1,1
18028750_15,214,short,repaired+q+boundary_on,repaired,q,1,1,0.0,536.6101730552668,9229,254.41549999999324,1,1,1
18028750_15,215,short,original+p+boundary_off,original,p,0,1,0.00983606557377048,344.1787155501905,4693,124.74670000000287,1,1,1
18028750_15,215,short,original+p+boundary_on,original,p,1,1,0.00983606557377048,344.1787155501905,5117,133.40029999997682,1,1,1
18028750_15,215,short,original+q+boundary_off,original,q,0,1,0.00983606557377048,344.1787155501905,4589,106.9095999999945,1,1,1
18028750_15,215,short,original+q+boundary_on,original,q,1,1,0.00983606557377048,344.1787155501905,5070,128.11239999999202,1,1,1
18028750_15,215,short,repaired+p+boundary_off,repaired,p,0,1,0.00983606557377048,344.1787155501905,4693,109.8852000000079,1,1,1
18028750_15,215,short,repaired+p+boundary_on,repaired,p,1,1,0.00983606557377048,344.1787155501905,5117,145.6720000000189,1,1,1
18028750_15,215,short,repaired+q+boundary_off,repaired,q,0,1,0.00983606557377048,344.1787155501905,4589,112.30350000002431,1,1,1
18028750_15,215,short,repaired+q+boundary_on,repaired,q,1,1,0.00983606557377048,344.1787155501905,5070,136.09280000000012,1,1,1
18028750_15,216,short,original+p+boundary_off,original,p,0,0,nan,nan,0,0.0,0,0,0
18028750_15,216,short,original+p+boundary_on,original,p,1,0,nan,nan,0,0.0,0,0,0
18028750_15,216,short,original+q+boundary_off,original,q,0,0,nan,nan,0,0.0,0,0,0
18028750_15,216,short,original+q+boundary_on,original,q,1,0,nan,nan,0,0.0,0,0,0
18028750_15,216,short,repaired+p+boundary_off,repaired,p,0,0,nan,nan,0,0.0,0,0,0
18028750_15,216,short,repaired+p+boundary_on,repaired,p,1,0,nan,nan,0,0.0,0,0,0
18028750_15,216,short,repaired+q+boundary_off,repaired,q,0,0,nan,nan,0,0.0,0,0,0
18028750_15,216,short,repaired+q+boundary_on,repaired,q,1,0,nan,nan,0,0.0,0,0,0
18028750_15,217,short,original+p+boundary_off,original,p,0,1,0.13465783664459163,553.0681092190376,9423,242.90540000001215,0,0,0
18028750_15,217,short,original+p+boundary_on,original,p,1,1,0.10698689956331875,555.9970414071721,9965,265.75809999999933,0,0,0
18028750_15,217,short,original+q+boundary_off,original,q,0,1,0.11013215859030834,553.6538956566645,9278,235.2078999999776,0,0,0
18028750_15,217,short,original+q+boundary_on,original,q,1,1,0.10239651416122009,556.582827844799,9879,243.95009999997797,0,0,0
18028750_15,217,short,repaired+p+boundary_off,repaired,p,0,1,0.13465783664459163,553.0681092190376,9423,228.10219999999504,0,0,0
18028750_15,217,short,repaired+p+boundary_on,repaired,p,1,1,0.10698689956331875,555.9970414071721,9965,258.3415999999943,0,0,0
18028750_15,217,short,repaired+q+boundary_off,repaired,q,0,1,0.11013215859030834,553.6538956566645,9278,230.06019999999694,0,0,0
18028750_15,217,short,repaired+q+boundary_on,repaired,q,1,1,0.10239651416122009,556.582827844799,9879,271.009499999991,0,0,0
18028750_15,218,short,original+p+boundary_off,original,p,0,1,0.0,82.21320343559641,858,19.66970000000856,1,1,1
18028750_15,218,short,original+p+boundary_on,original,p,1,1,0.0,82.2132034355964,920,24.799500000000307,1,1,1
18028750_15,218,short,original+q+boundary_off,original,q,0,1,0.0,82.2132034355964,848,18.63589999999249,1,1,1
18028750_15,218,short,original+q+boundary_on,original,q,1,1,0.0,82.2132034355964,916,23.278599999997596,1,1,1
18028750_15,218,short,repaired+p+boundary_off,repaired,p,0,1,0.0,82.21320343559641,858,22.424199999989014,1,1,1
18028750_15,218,short,repaired+p+boundary_on,repaired,p,1,1,0.0,82.2132034355964,920,25.880900000004203,1,1,1
18028750_15,218,short,repaired+q+boundary_off,repaired,q,0,1,0.0,82.2132034355964,848,21.502699999984998,1,1,1
18028750_15,218,short,repaired+q+boundary_on,repaired,q,1,1,0.0,82.2132034355964,916,20.455300000008947,1,1,1
18028750_15,219,medium,original+p+boundary_off,original,p,0,0,nan,nan,0,0.0,0,0,0
18028750_15,219,medium,original+p+boundary_on,original,p,1,0,nan,nan,0,0.0,0,0,0
18028750_15,219,medium,original+q+boundary_off,original,q,0,0,nan,nan,0,0.0,0,0,0
18028750_15,219,medium,original+q+boundary_on,original,q,1,0,nan,nan,0,0.0,0,0,0
18028750_15,219,medium,repaired+p+boundary_off,repaired,p,0,0,nan,nan,0,0.0,0,0,0
18028750_15,219,medium,repaired+p+boundary_on,repaired,p,1,0,nan,nan,0,0.0,0,0,0
18028750_15,219,medium,repaired+q+boundary_off,repaired,q,0,0,nan,nan,0,0.0,0,0,0
18028750_15,219,medium,repaired+q+boundary_on,repaired,q,1,0,nan,nan,0,0.0,0,0,0
18028750_15,220,medium,original+p+boundary_off,original,p,0,1,0.0,714.327993848859,9143,211.4631999999972,1,1,1
18028750_15,220,medium,original+p+boundary_on,original,p,1,1,0.0,715.4995667241128,8948,230.2123999999992,1,1,1
18028750_15,220,medium,original+q+boundary_off,original,q,0,1,0.0,714.9137802864859,9127,220.02269999998703,1,1,1
18028750_15,220,medium,original+q+boundary_on,original,q,1,1,0.0,715.4995667241128,8921,229.41750000001093,1,1,1
18028750_15,220,medium,repaired+p+boundary_off,repaired,p,0,1,0.0,714.327993848859,9143,229.9436000000128,1,1,1
18028750_15,220,medium,repaired+p+boundary_on,repaired,p,1,1,0.0,715.4995667241128,8948,229.04849999997623,1,1,1
18028750_15,220,medium,repaired+q+boundary_off,repaired,q,0,1,0.0,714.9137802864859,9127,226.18140000000153,1,1,1
18028750_15,220,medium,repaired+q+boundary_on,repaired,q,1,1,0.0,715.4995667241128,8921,225.6399999999985,1,1,1
18028750_15,221,medium,original+p+boundary_off,original,p,0,1,0.053321678321678334,1355.4915574974034,22402,517.5016999999968,0,0,1
18028750_15,221,medium,original+p+boundary_on,original,p,1,1,0.04249783174327837,1362.4204896855379,28489,741.4210999999966,0,1,1
18028750_15,221,medium,original+q+boundary_off,original,q,0,1,0.04363001745200701,1356.6631303726572,22137,540.8683999999937,0,1,1
18028750_15,221,medium,original+q+boundary_on,original,q,1,1,0.04072790294627382,1363.0062761231648,28225,837.2971999999947,0,1,1
18028750_15,221,medium,repaired+p+boundary_off,repaired,p,0,1,0.053321678321678334,1355.4915574974034,22402,724.545500000005,0,0,1
18028750_15,221,medium,repaired+p+boundary_on,repaired,p,1,1,0.04249783174327837,1362.4204896855379,28489,945.6356000000028,0,1,1
18028750_15,221,medium,repaired+q+boundary_off,repaired,q,0,1,0.04363001745200701,1356.6631303726572,22137,719.333000000006,0,1,1
18028750_15,221,medium,repaired+q+boundary_on,repaired,q,1,1,0.04072790294627382,1363.0062761231648,28225,946.225499999997,0,1,1
18028750_15,222,medium,original+p+boundary_off,original,p,0,1,0.0423023578363384,1670.8885271170739,29920,937.3039000000176,0,1,1
18028750_15,222,medium,original+p+boundary_on,original,p,1,1,0.03376981392143352,1677.8174593052083,29906,980.5226999999945,0,1,1
18028750_15,222,medium,original+q+boundary_off,original,q,0,1,0.03462603878116344,1672.0600999923277,29538,893.0629999999837,0,1,1
18028750_15,222,medium,original+q+boundary_on,original,q,1,1,0.032369146005509664,1678.4032457428352,29574,985.0676000000078,0,1,1
18028750_15,222,medium,repaired+p+boundary_off,repaired,p,0,1,0.0423023578363384,1670.8885271170739,29920,905.8862999999917,0,1,1
18028750_15,222,medium,repaired+p+boundary_on,repaired,p,1,1,0.03376981392143352,1677.8174593052083,29906,975.5804999999782,0,1,1
18028750_15,222,medium,repaired+q+boundary_off,repaired,q,0,1,0.03462603878116344,1672.0600999923277,29538,908.9045000000056,0,1,1
18028750_15,222,medium,repaired+q+boundary_on,repaired,q,1,1,0.032369146005509664,1678.4032457428352,29574,978.0350000000055,0,1,1
18028750_15,223,medium,original+p+boundary_off,original,p,0,1,0.07484662576687118,946.5483399593938,16706,538.2898000000012,0,0,1
18028750_15,223,medium,original+p+boundary_on,original,p,1,1,0.05975609756097566,951.1341263970207,18649,603.1000999999776,0,0,1
18028750_15,223,medium,original+q+boundary_off,original,q,0,1,0.06127450980392157,947.1341263970207,16475,503.8968000000068,0,0,1
18028750_15,223,medium,original+q+boundary_on,original,q,1,1,0.057247259439707654,951.7199128346476,18486,609.5421999999928,0,0,1
18028750_15,223,medium,repaired+p+boundary_off,repaired,p,0,1,0.07484662576687118,946.5483399593938,16706,518.1987999999933,0,0,1
18028750_15,223,medium,repaired+p+boundary_on,repaired,p,1,1,0.05975609756097566,951.1341263970207,18649,616.8483000000151,0,0,1
18028750_15,223,medium,repaired+q+boundary_off,repaired,q,0,1,0.06127450980392157,947.1341263970207,16475,501.8646999999987,0,0,1
18028750_15,223,medium,repaired+q+boundary_on,repaired,q,1,1,0.057247259439707654,951.7199128346476,18486,591.3486000000034,0,0,1
18028750_15,224,medium,original+p+boundary_off,original,p,0,1,0.0,1091.4549775709424,14694,440.25539999998387,1,1,1
18028750_15,224,medium,original+p+boundary_on,original,p,1,1,0.0,1094.9696961967038,14464,470.4734999999971,1,1,1
18028750_15,224,medium,original+q+boundary_off,original,q,0,1,0.0,1092.040764008569,14591,428.0194000000108,1,1,1
18028750_15,224,medium,original+q+boundary_on,original,q,1,1,0.0,1094.9696961967038,14365,495.43209999998794,1,1,1
18028750_15,224,medium,repaired+p+boundary_off,repaired,p,0,1,0.0,1091.4549775709424,14694,449.4175000000098,1,1,1
18028750_15,224,medium,repaired+p+boundary_on,repaired,p,1,1,0.0,1094.9696961967038,14464,457.7319999999929,1,1,1
18028750_15,224,medium,repaired+q+boundary_off,repaired,q,0,1,0.0,1092.040764008569,14591,443.69439999999827,1,1,1
18028750_15,224,medium,repaired+q+boundary_on,repaired,q,1,1,0.0,1094.9696961967038,14365,464.658600000007,1,1,1
18028750_15,225,medium,original+p+boundary_off,original,p,0,1,0.0,966.6854249492424,15283,484.31069999998044,1,1,1
18028750_15,225,medium,original+p+boundary_on,original,p,1,1,0.0,970.2001435750037,13765,443.96679999999833,1,1,1
18028750_15,225,medium,original+q+boundary_off,original,q,0,1,0.0,967.2712113868693,14948,469.3417000000011,1,1,1
18028750_15,225,medium,original+q+boundary_on,original,q,1,1,0.0,970.2001435750037,13649,453.2046000000207,1,1,1
18028750_15,225,medium,repaired+p+boundary_off,repaired,p,0,1,0.0,966.6854249492424,15283,471.4849000000072,1,1,1
18028750_15,225,medium,repaired+p+boundary_on,repaired,p,1,1,0.0,970.2001435750037,13765,444.3638999999848,1,1,1
18028750_15,225,medium,repaired+q+boundary_off,repaired,q,0,1,0.0,967.2712113868693,14948,459.04749999999694,1,1,1
18028750_15,225,medium,repaired+q+boundary_on,repaired,q,1,1,0.0,970.2001435750037,13649,436.8379999999945,1,1,1
18028750_15,226,long,original+p+boundary_off,original,p,0,1,0.03905249679897571,1798.3443712397898,29718,873.312100000021,0,1,1
18028750_15,226,long,original+p+boundary_on,original,p,1,1,0.031190324633991073,1805.2733034279242,30136,988.2269000000008,0,1,1
18028750_15,226,long,original+q+boundary_off,original,q,0,1,0.03196930946291565,1799.5159441150436,29374,876.7349000000024,0,1,1
18028750_15,226,long,original+q+boundary_on,original,q,1,1,0.029898218829516487,1805.8590898655511,29789,991.3784999999962,0,1,1
18028750_15,226,long,repaired+p+boundary_off,repaired,p,0,1,0.03905249679897571,1798.3443712397898,29718,759.2343999999969,0,1,1
18028750_15,226,long,repaired+p+boundary_on,repaired,p,1,1,0.031190324633991073,1805.2733034279242,30136,765.6752999999981,0,1,1
18028750_15,226,long,repaired+q+boundary_off,repaired,q,0,1,0.03196930946291565,1799.5159441150436,29374,702.6951999999937,0,1,1
18028750_15,226,long,repaired+q+boundary_on,repaired,q,1,1,0.029898218829516487,1805.8590898655511,29789,766.6983999999957,0,1,1
18028750_15,227,long,original+p+boundary_off,original,p,0,1,0.03876438522107817,1914.2682527940415,29301,675.5966999999998,0,1,1
18028750_15,227,long,original+p+boundary_on,original,p,1,1,0.031325301204819245,1921.197184982176,25905,693.3453000000043,0,1,1
18028750_15,227,long,original+q+boundary_off,original,q,0,1,0.03206291591046584,1915.4398256692953,28841,795.4876000000013,0,1,1
18028750_15,227,long,original+q+boundary_on,original,q,1,1,0.030102347983142708,1921.7829714198028,25653,656.6490000000158,0,1,1
18028750_15,227,long,repaired+p+boundary_off,repaired,p,0,1,0.03876438522107817,1914.2682527940415,29301,729.875600000014,0,1,1
18028750_15,227,long,repaired+p+boundary_on,repaired,p,1,1,0.031325301204819245,1921.197184982176,25905,665.9951000000035,0,1,1
18028750_15,227,long,repaired+q+boundary_off,repaired,q,0,1,0.03206291591046584,1915.4398256692953,28841,717.4301000000014,0,1,1
18028750_15,227,long,repaired+q+boundary_on,repaired,q,1,1,0.030102347983142708,1921.7829714198028,25653,638.368799999995,0,1,1
18028750_15,228,long,original+p+boundary_off,original,p,0,1,0.041581458759372913,1704.587011926909,29362,700.160899999986,0,1,1
18028750_15,228,long,original+p+boundary_on,original,p,1,1,0.033197831978319825,1711.5159441150436,31235,824.387900000005,0,1,1
18028750_15,228,long,original+q+boundary_off,original,q,0,1,0.03403675970047648,1705.7585848021629,29210,689.9499000000162,0,1,1
18028750_15,228,long,original+q+boundary_on,original,q,1,1,0.03182125930941093,1712.1017305526705,30890,815.593199999995,0,1,1
18028750_15,228,long,repaired+p+boundary_off,repaired,p,0,1,0.041581458759372913,1704.587011926909,29362,715.718900000013,0,1,1
18028750_15,228,long,repaired+p+boundary_on,repaired,p,1,1,0.033197831978319825,1711.5159441150436,31235,795.1094000000012,0,1,1
18028750_15,228,long,repaired+q+boundary_off,repaired,q,0,1,0.03403675970047648,1705.7585848021629,29210,678.2239000000061,0,1,1
18028750_15,228,long,repaired+q+boundary_on,repaired,q,1,1,0.03182125930941093,1712.1017305526705,30890,788.8149000000055,0,1,1
18028750_15,229,long,original+p+boundary_off,original,p,0,1,0.03905249679897571,1803.3149339882666,27929,657.4219999999968,0,1,1
18028750_15,229,long,original+p+boundary_on,original,p,1,1,0.031190324633991073,1810.243866176401,25185,625.9931999999822,0,1,1
18028750_15,229,long,original+q+boundary_off,original,q,0,1,0.03196930946291565,1804.4865068635204,27511,645.0703000000146,0,1,1
18028750_15,229,long,original+q+boundary_on,original,q,1,1,0.029898218829516487,1810.829652614028,24976,623.4430000000089,0,1,1
18028750_15,229,long,repaired+p+boundary_off,repaired,p,0,1,0.03905249679897571,1803.3149339882666,27929,668.2390999999939,0,1,1
18028750_15,229,long,repaired+p+boundary_on,repaired,p,1,1,0.031190324633991073,1810.243866176401,25185,652.9023999999879,0,1,1
18028750_15,229,long,repaired+q+boundary_off,repaired,q,0,1,0.03196930946291565,1804.4865068635204,27511,646.2975000000029,0,1,1
18028750_15,229,long,repaired+q+boundary_on,repaired,q,1,1,0.029898218829516487,1810.829652614028,24976,625.9130999999911,0,1,1
18028750_15,230,long,original+p+boundary_off,original,p,0,1,0.036260623229461775,2068.8611819066036,34391,814.4545000000107,0,1,1
18028750_15,230,long,original+p+boundary_on,original,p,1,1,0.02931228861330326,2075.7901140947374,32077,836.6187000000025,0,1,1
18028750_15,230,long,original+q+boundary_off,original,q,0,1,0.029994340690435717,2070.0327547818574,33810,807.8123999999889,0,1,1
18028750_15,230,long,original+q+boundary_on,original,q,1,1,0.028169014084507005,2076.375900532364,31643,796.5989999999863,0,1,1
18028750_15,230,long,repaired+p+boundary_off,repaired,p,0,1,0.036260623229461775,2068.8611819066036,34391,807.1886000000177,0,1,1
18028750_15,230,long,repaired+p+boundary_on,repaired,p,1,1,0.02931228861330326,2075.7901140947374,32077,821.6357999999957,0,1,1
18028750_15,230,long,repaired+q+boundary_off,repaired,q,0,1,0.029994340690435717,2070.0327547818574,33810,796.7856999999867,0,1,1
18028750_15,230,long,repaired+q+boundary_on,repaired,q,1,1,0.028169014084507005,2076.375900532364,31643,793.8803000000121,0,1,1
18028750_15,231,long,original+p+boundary_off,original,p,0,1,0.042988019732205784,1665.6997102991172,25409,592.1174000000065,0,1,1
18028750_15,231,long,original+p+boundary_on,original,p,1,1,0.03431372549019607,1672.6286424872517,20984,536.2414999999885,0,1,1
18028750_15,231,long,original+q+boundary_off,original,q,0,1,0.035186488388458836,1666.871283174371,25009,624.0525999999988,0,1,1
18028750_15,231,long,original+q+boundary_on,original,q,1,1,0.032890132960112006,1673.2144289248786,20812,527.9041000000007,0,1,1
18028750_15,231,long,repaired+p+boundary_off,repaired,p,0,1,0.042988019732205784,1665.6997102991172,25409,595.167900000007,0,1,1
18028750_15,231,long,repaired+p+boundary_on,repaired,p,1,1,0.03431372549019607,1672.6286424872517,20984,521.7247000000214,0,1,1
18028750_15,231,long,repaired+q+boundary_off,repaired,q,0,1,0.035186488388458836,1666.871283174371,25009,595.7315999999935,0,1,1
18028750_15,231,long,repaired+q+boundary_on,repaired,q,1,1,0.032890132960112006,1673.2144289248786,20812,534.8162999999886,0,1,1
18028750_15,232,long,original+p+boundary_off,original,p,0,1,0.03483941208492103,2154.1160159025326,35289,877.5833999999918,0,1,1
18028750_15,232,long,original+p+boundary_on,original,p,1,1,0.028169014084507005,2161.0449480906664,33133,832.3512999999991,0,1,1
18028750_15,232,long,original+q+boundary_off,original,q,0,1,0.02882001087547581,2155.2875887777864,34697,830.1225000000159,0,1,1
18028750_15,232,long,original+q+boundary_on,original,q,1,1,0.027070925825663283,2161.6307345282935,32675,806.839999999994,0,1,1
18028750_15,232,long,repaired+p+boundary_off,repaired,p,0,1,0.03483941208492103,2154.1160159025326,35289,866.4679000000035,0,1,1
18028750_15,232,long,repaired+p+boundary_on,repaired,p,1,1,0.028169014084507005,2161.0449480906664,33133,869.6834999999794,0,1,1
18028750_15,232,long,repaired+q+boundary_off,repaired,q,0,1,0.02882001087547581,2155.2875887777864,34697,839.8977999999886,0,1,1
18028750_15,232,long,repaired+q+boundary_on,repaired,q,1,1,0.027070925825663283,2161.6307345282935,32675,853.8949000000002,0,1,1
18178780_15,233,short,original+p+boundary_off,original,p,0,1,0.003875968992248069,327.41630560342725,8512,265.6107999999904,1,1,1
18178780_15,233,short,original+p+boundary_on,original,p,1,1,0.0038461538461538325,330.24473272817346,12127,413.55560000002356,1,1,1
18178780_15,233,short,original+q+boundary_off,original,q,0,1,0.003875968992248069,327.41630560342725,8478,272.7397000000167,1,1,1
18178780_15,233,short,original+q+boundary_on,original,q,1,1,0.0038461538461538325,330.24473272817346,11944,396.1458999999934,1,1,1
18178780_15,233,short,repaired+p+boundary_off,repaired,p,0,1,0.003875968992248069,327.41630560342725,8512,250.49459999999613,1,1,1
18178780_15,233,short,repaired+p+boundary_on,repaired,p,1,1,0.0038461538461538325,330.24473272817346,12127,391.58599999998955,1,1,1
18178780_15,233,short,repaired+q+boundary_off,repaired,q,0,1,0.003875968992248069,327.41630560342725,8478,262.08250000001954,1,1,1
18178780_15,233,short,repaired+q+boundary_on,repaired,q,1,1,0.0038461538461538325,330.24473272817346,11944,390.8808999999849,1,1,1
18178780_15,234,short,original+p+boundary_off,original,p,0,1,0.03125,85.78174593052016,1036,28.930900000005977,0,1,1
18178780_15,234,short,original+p+boundary_on,original,p,1,1,0.078125,85.78174593052015,1713,51.8848000000105,0,0,1
18178780_15,234,short,original+q+boundary_off,original,q,0,1,0.03125,85.78174593052016,1090,32.28200000000925,0,1,1
18178780_15,234,short,original+q+boundary_on,original,q,1,1,0.078125,85.78174593052015,1695,49.09729999999968,0,0,1
18178780_15,234,short,repaired+p+boundary_off,repaired,p,0,1,0.03125,85.78174593052016,1036,33.572200000008934,0,1,1
18178780_15,234,short,repaired+p+boundary_on,repaired,p,1,1,0.078125,85.78174593052015,1713,58.33459999999491,0,0,1
18178780_15,234,short,repaired+q+boundary_off,repaired,q,0,1,0.03125,85.78174593052016,1090,36.42310000000748,0,1,1
18178780_15,234,short,repaired+q+boundary_on,repaired,q,1,1,0.078125,85.78174593052015,1695,54.75369999999202,0,0,1
18178780_15,235,short,original+p+boundary_off,original,p,0,1,0.0,52.31370849898475,447,13.086299999997664,1,1,1
18178780_15,235,short,original+p+boundary_on,original,p,1,1,0.0,52.31370849898475,572,17.267400000008593,1,1,1
18178780_15,235,short,original+q+boundary_off,original,q,0,1,0.0,52.31370849898475,446,14.897799999999961,1,1,1
18178780_15,235,short,original+q+boundary_on,original,q,1,1,0.0,52.31370849898475,571,18.51980000000708,1,1,1
18178780_15,235,short,repaired+p+boundary_off,repaired,p,0,1,0.0,52.31370849898475,447,14.224499999983209,1,1,1
18178780_15,235,short,repaired+p+boundary_on,repaired,p,1,1,0.0,52.31370849898475,572,18.84950000001595,1,1,1
18178780_15,235,short,repaired+q+boundary_off,repaired,q,0,1,0.0,52.31370849898475,446,13.661100000007309,1,1,1
18178780_15,235,short,repaired+q+boundary_on,repaired,q,1,1,0.0,52.31370849898475,571,18.125599999990527,1,1,1
18178780_15,236,short,original+p+boundary_off,original,p,0,1,0.0018331805682859637,2630.8359287371172,76542,2357.303999999999,1,1,1
18178780_15,236,short,original+p+boundary_on,original,p,1,1,0.0022831050228310223,2638.835928737116,90687,2981.783000000007,1,1,1
18178780_15,236,short,original+q+boundary_off,original,q,0,1,0.0009165902841430373,2630.8359287371172,75691,2332.3877999999922,1,1,1
18178780_15,236,short,original+q+boundary_on,original,q,1,1,0.0022831050228310223,2638.835928737116,90107,2908.44869999998,1,1,1
18178780_15,236,short,repaired+p+boundary_off,repaired,p,0,1,0.0018331805682859637,2630.8359287371172,76652,2358.8985000000093,1,1,1
18178780_15,236,short,repaired+p+boundary_on,repaired,p,1,1,0.0022831050228310223,2638.835928737116,90891,2967.0115000000123,1,1,1
18178780_15,236,short,repaired+q+boundary_off,repaired,q,0,1,0.0009165902841430373,2630.8359287371172,75765,2268.7873000000136,1,1,1
18178780_15,236,short,repaired+q+boundary_on,repaired,q,1,1,0.0022831050228310223,2638.835928737116,90309,2835.228099999995,1,1,1
18178780_15,237,short,original+p+boundary_off,original,p,0,1,0.003754693366708417,1008.006276123164,31024,768.028500000014,1,1,1
18178780_15,237,short,original+p+boundary_on,original,p,1,1,0.0037453183520599342,1010.006276123164,33533,843.2839999999828,1,1,1
18178780_15,237,short,original+q+boundary_off,original,q,0,1,0.003750000000000031,1008.5920625607909,32541,807.3076000000015,1,1,1
18178780_15,237,short,original+q+boundary_on,original,q,1,1,0.0037453183520599342,1010.006276123164,35917,892.3124000000087,1,1,1
18178780_15,237,short,repaired+p+boundary_off,repaired,p,0,1,0.003754693366708417,1008.006276123164,31024,769.9543999999889,1,1,1
18178780_15,237,short,repaired+p+boundary_on,repaired,p,1,1,0.0037453183520599342,1010.006276123164,33533,935.4710000000068,1,1,1
18178780_15,237,short,repaired+q+boundary_off,repaired,q,0,1,0.003750000000000031,1008.5920625607909,32541,805.3007999999977,1,1,1
18178780_15,237,short,repaired+q+boundary_on,repaired,q,1,1,0.0037453183520599342,1010.006276123164,35917,907.8416000000118,1,1,1
18178780_15,238,short,original+p+boundary_off,original,p,0,1,0.009448818897637823,831.1656556895977,21697,535.9004000000027,1,1,1
18178780_15,238,short,original+p+boundary_on,original,p,1,1,0.0031397174254317317,833.9940828143439,38248,969.2531000000031,1,1,1
18178780_15,238,short,original+q+boundary_off,original,q,0,1,0.0062893081761006275,832.5798692519708,21700,510.5924000000073,1,1,1
18178780_15,238,short,original+q+boundary_on,original,q,1,1,0.0031397174254317317,833.9940828143439,38781,991.3712999999973,1,1,1
18178780_15,238,short,repaired+p+boundary_off,repaired,p,0,1,0.009448818897637823,831.1656556895977,21697,516.895599999998,1,1,1
18178780_15,238,short,repaired+p+boundary_on,repaired,p,1,1,0.0031397174254317317,833.9940828143439,38248,990.5983000000163,1,1,1
18178780_15,238,short,repaired+q+boundary_off,repaired,q,0,1,0.0062893081761006275,832.5798692519708,21700,512.7939000000197,1,1,1
18178780_15,238,short,repaired+q+boundary_on,repaired,q,1,1,0.0031397174254317317,833.9940828143439,38781,979.5147999999756,1,1,1
18178780_15,239,medium,original+p+boundary_off,original,p,0,1,0.011811023622047223,1272.6408357960715,62406,1490.258099999977,0,1,1
18178780_15,239,medium,original+p+boundary_on,original,p,1,1,0.003925417075564264,1277.711903607937,76164,1912.3341000000096,1,1,1
18178780_15,239,medium,original+q+boundary_off,original,q,0,1,0.006882989183874089,1274.0550493584446,61334,1474.4818000000066,1,1,1
18178780_15,239,medium,original+q+boundary_on,original,q,1,1,0.001962708537782132,1278.5403307326833,74959,1849.1506000000015,1,1,1
18178780_15,239,medium,repaired+p+boundary_off,repaired,p,0,1,0.011811023622047223,1272.6408357960715,62406,1487.1448999999757,0,1,1
18178780_15,239,medium,repaired+p+boundary_on,repaired,p,1,1,0.003925417075564264,1277.711903607937,76241,1892.0712000000037,1,1,1
18178780_15,239,medium,repaired+q+boundary_off,repaired,q,0,1,0.006882989183874089,1274.0550493584446,61334,1444.2531999999915,1,1,1
18178780_15,239,medium,repaired+q+boundary_on,repaired,q,1,1,0.001962708537782132,1278.5403307326833,75031,1869.0155999999831,1,1,1
18178780_15,240,medium,original+p+boundary_off,original,p,0,1,0.008474576271186418,979.5016587651684,37397,894.4277999999883,1,1,1
18178780_15,240,medium,original+p+boundary_on,original,p,1,1,0.006031363088057851,982.9158723275415,41014,1034.4580000000008,1,1,1
18178780_15,240,medium,original+q+boundary_off,original,q,0,1,0.007263922518159771,981.1585130146607,36446,860.5822000000103,1,1,1
18178780_15,240,medium,original+q+boundary_on,original,q,1,1,0.004825090470446325,983.7442994522877,40143,1023.9062000000274,1,1,1
18178780_15,240,medium,repaired+p+boundary_off,repaired,p,0,1,0.008474576271186418,979.5016587651684,37506,880.0574999999924,1,1,1
18178780_15,240,medium,repaired+p+boundary_on,repaired,p,1,1,0.006031363088057851,982.9158723275415,41115,1029.7917999999981,1,1,1
18178780_15,240,medium,repaired+q+boundary_off,repaired,q,0,1,0.007263922518159771,981.1585130146607,36532,876.4936000000034,1,1,1
18178780_15,240,medium,repaired+q+boundary_on,repaired,q,1,1,0.004825090470446325,983.7442994522877,40261,1011.1529000000132,1,1,1
18178780_15,241,medium,original+p+boundary_off,original,p,0,1,0.0,2070.3170260293205,94943,2296.9294000000104,1,1,1
18178780_15,241,medium,original+p+boundary_on,original,p,1,1,0.002259887005649719,2080.902812466948,113323,2971.537699999999,1,1,1
18178780_15,241,medium,original+q+boundary_off,original,q,0,1,0.0011344299489506326,2072.6601717798285,93778,2309.1235999999926,1,1,1
18178780_15,241,medium,original+q+boundary_on,original,q,1,1,0.0011293054771315258,2081.488598904575,111728,2915.025899999989,1,1,1
18178780_15,241,medium,repaired+p+boundary_off,repaired,p,0,1,0.0,2070.3170260293205,94943,2268.7162,1,1,1
18178780_15,241,medium,repaired+p+boundary_on,repaired,p,1,1,0.002259887005649719,2080.902812466948,113518,2915.4680000000044,1,1,1
18178780_15,241,medium,repaired+q+boundary_off,repaired,q,0,1,0.0011344299489506326,2072.6601717798285,93778,2261.7589999999836,1,1,1
18178780_15,241,medium,repaired+q+boundary_on,repaired,q,1,1,0.0011293054771315258,2081.488598904575,111940,2855.4488000000047,1,1,1
18178780_15,242,medium,original+p+boundary_off,original,p,0,1,0.016949152542372836,889.668181006539,24342,595.2371999999855,0,1,1
18178780_15,242,medium,original+p+boundary_on,original,p,1,1,0.01412429378531077,892.1534623807777,38560,975.1474999999914,0,1,1
18178780_15,242,medium,original+q+boundary_off,original,q,0,1,0.016949152542372836,889.668181006539,24146,582.0627000000229,0,1,1
18178780_15,242,medium,original+q+boundary_on,original,q,1,1,0.01412429378531077,892.1534623807777,38028,971.983100000017,0,1,1
18178780_15,242,medium,repaired+p+boundary_off,repaired,p,0,1,0.016949152542372836,889.668181006539,24342,584.1698000000122,0,1,1
18178780_15,242,medium,repaired+p+boundary_on,repaired,p,1,1,0.01412429378531077,892.1534623807777,38560,1019.2688999999859,0,1,1
18178780_15,242,medium,repaired+q+boundary_off,repaired,q,0,1,0.016949152542372836,889.668181006539,24146,590.4933000000199,0,1,1
18178780_15,242,medium,repaired+q+boundary_on,repaired,q,1,1,0.01412429378531077,892.1534623807777,38028,973.8169000000028,0,1,1
18178780_15,243,medium,original+p+boundary_off,original,p,0,0,nan,nan,0,0.0,0,0,0
18178780_15,243,medium,original+p+boundary_on,original,p,1,0,nan,nan,0,0.0,0,0,0
18178780_15,243,medium,original+q+boundary_off,original,q,0,0,nan,nan,0,0.0,0,0,0
18178780_15,243,medium,original+q+boundary_on,original,q,1,0,nan,nan,0,0.0,0,0,0
18178780_15,243,medium,repaired+p+boundary_off,repaired,p,0,0,nan,nan,0,0.0,0,0,0
18178780_15,243,medium,repaired+p+boundary_on,repaired,p,1,0,nan,nan,0,0.0,0,0,0
18178780_15,243,medium,repaired+q+boundary_off,repaired,q,0,0,nan,nan,0,0.0,0,0,0
18178780_15,243,medium,repaired+q+boundary_on,repaired,q,1,0,nan,nan,0,0.0,0,0,0
18178780_15,244,medium,original+p+boundary_off,original,p,0,1,0.0,1105.592062560791,61210,1482.9005999999936,1,1,1
18178780_15,244,medium,original+p+boundary_on,original,p,1,1,0.0011098779134295356,1110.4204896855372,69452,1833.222200000023,1,1,1
18178780_15,244,medium,original+q+boundary_off,original,q,0,1,0.00222717149220486,1106.1778489984179,60382,1556.636300000008,1,1,1
18178780_15,244,medium,original+q+boundary_on,original,q,1,1,0.0011098779134295356,1110.4204896855372,68642,1795.767000000012,1,1,1
18178780_15,244,medium,repaired+p+boundary_off,repaired,p,0,1,0.0,1105.592062560791,61210,1494.6108000000038,1,1,1
18178780_15,244,medium,repaired+p+boundary_on,repaired,p,1,1,0.0011098779134295356,1110.4204896855372,69452,1829.7599999999932,1,1,1
18178780_15,244,medium,repaired+q+boundary_off,repaired,q,0,1,0.00222717149220486,1106.1778489984179,60382,1810.017700000003,1,1,1
18178780_15,244,medium,repaired+q+boundary_on,repaired,q,1,1,0.0011098779134295356,1110.4204896855372,68642,2283.619299999998,1,1,1
18178780_15,245,medium,original+p+boundary_off,original,p,0,0,nan,nan,0,0.0,0,0,0
18178780_15,245,medium,original+p+boundary_on,original,p,1,0,nan,nan,0,0.0,0,0,0
18178780_15,245,medium,original+q+boundary_off,original,q,0,0,nan,nan,0,0.0,0,0,0
18178780_15,245,medium,original+q+boundary_on,original,q,1,0,nan,nan,0,0.0,0,0,0
18178780_15,245,medium,repaired+p+boundary_off,repaired,p,0,0,nan,nan,0,0.0,0,0,0
18178780_15,245,medium,repaired+p+boundary_on,repaired,p,1,0,nan,nan,0,0.0,0,0,0
18178780_15,245,medium,repaired+q+boundary_off,repaired,q,0,0,nan,nan,0,0.0,0,0,0
18178780_15,245,medium,repaired+q+boundary_on,repaired,q,1,0,nan,nan,0,0.0,0,0,0
18178780_15,246,long,original+p+boundary_off,original,p,0,1,0.007421150278293154,1976.7800128269753,60764,1900.2480999999989,1,1,1
18178780_15,246,long,original+p+boundary_on,original,p,1,1,0.005535055350553542,1986.1942263893484,81589,2666.029199999997,1,1,1
18178780_15,246,long,original+q+boundary_off,original,q,0,1,0.008631319358816225,1979.7089450151097,60473,1886.7965999999967,1,1,1
18178780_15,246,long,original+q+boundary_on,original,q,1,1,0.004302397049784856,1986.7800128269753,81342,2695.011500000021,1,1,1
18178780_15,246,long,repaired+p+boundary_off,repaired,p,0,1,0.007421150278293154,1976.7800128269753,60764,1884.8127999999917,1,1,1
18178780_15,246,long,repaired+p+boundary_on,repaired,p,1,1,0.005535055350553542,1986.1942263893484,81791,2678.472900000031,1,1,1
18178780_15,246,long,repaired+q+boundary_off,repaired,q,0,1,0.008631319358816225,1979.7089450151097,60473,1861.1402999999882,1,1,1
18178780_15,246,long,repaired+q+boundary_on,repaired,q,1,1,0.004302397049784856,1986.7800128269753,81544,2669.2798000000266,1,1,1
18178780_15,247,long,original+p+boundary_off,original,p,0,1,0.0,2171.613490585603,107960,3225.3915999999663,1,1,1
18178780_15,247,long,original+p+boundary_on,original,p,1,1,0.0,2178.199277023229,117036,3722.9611000000205,1,1,1
18178780_15,247,long,original+q+boundary_off,original,q,0,1,0.0,2171.6134905856034,106147,3349.5394999999917,1,1,1
18178780_15,247,long,original+q+boundary_on,original,q,1,1,0.0,2178.199277023229,115476,3905.2962000000093,1,1,1
18178780_15,247,long,repaired+p+boundary_off,repaired,p,0,1,0.0,2171.613490585603,107960,2901.4999999999986,1,1,1
18178780_15,247,long,repaired+p+boundary_on,repaired,p,1,1,0.0,2178.199277023229,117231,3109.4132999999715,1,1,1
18178780_15,247,long,repaired+q+boundary_off,repaired,q,0,1,0.0,2171.6134905856034,106147,2610.7445999999754,1,1,1
18178780_15,247,long,repaired+q+boundary_on,repaired,q,1,1,0.0,2178.199277023229,115688,3084.278500000039,1,1,1
18178780_15,248,long,original+p+boundary_off,original,p,0,1,0.0,1730.251008851339,49029,1219.7578999999905,1,1,1
18178780_15,248,long,original+p+boundary_on,original,p,1,1,0.0027510316368638543,1735.0794359760855,68947,1776.0337000000277,1,1,1
18178780_15,248,long,original+q+boundary_off,original,q,0,1,0.0013755158184318717,1732.5941546018469,48903,1212.7446999999734,1,1,1
18178780_15,248,long,original+q+boundary_on,original,q,1,1,0.0013745704467353903,1735.6652224137124,69081,1764.3937999999935,1,1,1
18178780_15,248,long,repaired+p+boundary_off,repaired,p,0,1,0.0,1730.251008851339,49029,1249.5911999999976,1,1,1
18178780_15,248,long,repaired+p+boundary_on,repaired,p,1,1,0.0027510316368638543,1735.0794359760855,69150,1789.9693999999613,1,1,1
18178780_15,248,long,repaired+q+boundary_off,repaired,q,0,1,0.0013755158184318717,1732.5941546018469,48903,1213.5123000000476,1,1,1
18178780_15,248,long,repaired+q+boundary_on,repaired,q,1,1,0.0013745704467353903,1735.6652224137124,69283,1760.7929999999783,1,1,1
18178780_15,249,long,original+p+boundary_off,original,p,0,1,0.0,1896.6113985445488,42296,1040.5837000000133,1,1,1
18178780_15,249,long,original+p+boundary_on,original,p,1,1,0.0006105006105006083,1900.8540392316681,71720,1924.585900000011,1,1,1
18178780_15,249,long,original+q+boundary_off,original,q,0,1,0.0024449877750610804,1897.1971849821757,41490,991.3789999999949,1,1,1
18178780_15,249,long,original+q+boundary_on,original,q,1,1,0.0006105006105006083,1900.8540392316681,70154,1846.6549000000327,1,1,1
18178780_15,249,long,repaired+p+boundary_off,repaired,p,0,1,0.0,1896.6113985445488,42296,1018.1635999999799,1,1,1
18178780_15,249,long,repaired+p+boundary_on,repaired,p,1,1,0.0006105006105006083,1900.8540392316681,71720,1926.3347000000408,1,1,1
18178780_15,249,long,repaired+q+boundary_off,repaired,q,0,1,0.0024449877750610804,1897.1971849821757,41490,985.4131000000166,1,1,1
18178780_15,249,long,repaired+q+boundary_on,repaired,q,1,1,0.0006105006105006083,1900.8540392316681,70154,1848.5610999999835,1,1,1
18178780_15,250,long,original+p+boundary_off,original,p,0,0,nan,nan,0,0.0,0,0,0
18178780_15,250,long,original+p+boundary_on,original,p,1,0,nan,nan,0,0.0,0,0,0
18178780_15,250,long,original+q+boundary_off,original,q,0,0,nan,nan,0,0.0,0,0,0
18178780_15,250,long,original+q+boundary_on,original,q,1,0,nan,nan,0,0.0,0,0,0
18178780_15,250,long,repaired+p+boundary_off,repaired,p,0,0,nan,nan,0,0.0,0,0,0
18178780_15,250,long,repaired+p+boundary_on,repaired,p,1,0,nan,nan,0,0.0,0,0,0
18178780_15,250,long,repaired+q+boundary_off,repaired,q,0,0,nan,nan,0,0.0,0,0,0
18178780_15,250,long,repaired+q+boundary_on,repaired,q,1,0,nan,nan,0,0.0,0,0,0
18178780_15,251,long,original+p+boundary_off,original,p,0,1,0.007927519818799578,2141.105914634771,76372,1864.7919000000002,1,1,1
18178780_15,251,long,original+p+boundary_on,original,p,1,1,0.006197183098591519,2154.662263820874,79506,2151.325999999983,1,1,1
18178780_15,251,long,original+q+boundary_off,original,q,0,1,0.00903444381705254,2144.0348468229054,74998,1950.1265000000103,1,1,1
18178780_15,251,long,original+q+boundary_on,original,q,1,1,0.005064715813168252,2157.49069094562,78413,2209.840799999995,1,1,1
18178780_15,251,long,repaired+p+boundary_off,repaired,p,0,1,0.007927519818799578,2141.105914634771,76472,1939.2209000000094,1,1,1
18178780_15,251,long,repaired+p+boundary_on,repaired,p,1,1,0.006197183098591519,2154.662263820874,79593,2036.694299999965,1,1,1
18178780_15,251,long,repaired+q+boundary_off,repaired,q,0,1,0.00903444381705254,2144.0348468229054,75088,1845.8603999999923,1,1,1
18178780_15,251,long,repaired+q+boundary_on,repaired,q,1,1,0.005064715813168252,2157.49069094562,78520,2015.0302000000124,1,1,1
18178780_15,252,long,original+p+boundary_off,original,p,0,1,0.009554140127388533,2286.8582233137463,90858,2226.144599999998,1,1,1
18178780_15,252,long,original+p+boundary_on,original,p,1,1,0.006349206349206327,2297.828786062222,102455,2899.3139000000383,1,1,1
18178780_15,252,long,original+q+boundary_off,original,q,0,1,0.008488063660477496,2287.4440097513734,89639,2194.761000000028,1,1,1
18178780_15,252,long,original+q+boundary_on,original,q,1,1,0.0063458487572712885,2300.0714267493413,101608,2703.357600000004,1,1,1
18178780_15,252,long,repaired+p+boundary_off,repaired,p,0,1,0.009554140127388533,2286.8582233137463,90968,2265.441599999974,1,1,1
18178780_15,252,long,repaired+p+boundary_on,repaired,p,1,1,0.006349206349206327,2297.828786062222,102659,2711.150199999963,1,1,1
18178780_15,252,long,repaired+q+boundary_off,repaired,q,0,1,0.008488063660477496,2287.4440097513734,89713,2287.1473999999807,1,1,1
18178780_15,252,long,repaired+q+boundary_on,repaired,q,1,1,0.0063458487572712885,2300.0714267493413,101810,2682.6897999999915,1,1,1
18328735_15,253,short,original+p+boundary_off,original,p,0,1,0.0072289156626506035,419.79898987322343,4623,138.0286000000126,1,1,1
18328735_15,253,short,original+p+boundary_on,original,p,1,1,0.0072289156626506035,421.45584412271586,5362,174.65930000000185,1,1,1
18328735_15,253,short,original+q+boundary_off,original,q,0,1,0.0072289156626506035,419.79898987322343,4580,144.44069999998987,1,1,1
18328735_15,253,short,original+q+boundary_on,original,q,1,1,0.0072289156626506035,421.45584412271586,5340,177.03409999998598,1,1,1
18328735_15,253,short,repaired+p+boundary_off,repaired,p,0,1,0.0072289156626506035,419.79898987322343,4623,149.05239999998798,1,1,1
18328735_15,253,short,repaired+p+boundary_on,repaired,p,1,1,0.0072289156626506035,421.45584412271586,5362,181.6558000000157,1,1,1
18328735_15,253,short,repaired+q+boundary_off,repaired,q,0,1,0.0072289156626506035,419.79898987322343,4580,147.34770000001163,1,1,1
18328735_15,253,short,repaired+q+boundary_on,repaired,q,1,1,0.0072289156626506035,421.45584412271586,5340,178.04870000000506,1,1,1
18328735_15,254,short,original+p+boundary_off,original,p,0,1,0.0,26.414213562373096,86,2.9135999999994056,1,1,1
18328735_15,254,short,original+p+boundary_on,original,p,1,1,0.0,26.414213562373096,253,8.356300000002648,1,1,1
18328735_15,254,short,original+q+boundary_off,original,q,0,1,0.0,26.414213562373096,102,3.0584000000146716,1,1,1
18328735_15,254,short,original+q+boundary_on,original,q,1,1,0.0,26.414213562373096,248,7.561199999997825,1,1,1
18328735_15,254,short,repaired+p+boundary_off,repaired,p,0,1,0.0,26.414213562373096,86,2.6464000000032684,1,1,1
18328735_15,254,short,repaired+p+boundary_on,repaired,p,1,1,0.0,26.414213562373096,253,8.524600000015425,1,1,1
18328735_15,254,short,repaired+q+boundary_off,repaired,q,0,1,0.0,26.414213562373096,102,3.080100000005359,1,1,1
18328735_15,254,short,repaired+q+boundary_on,repaired,q,1,1,0.0,26.414213562373096,248,8.098499999988462,1,1,1
18328735_15,255,short,original+p+boundary_off,original,p,0,1,0.0,784.2619766708765,19688,613.2235000000037,1,1,1
18328735_15,255,short,original+p+boundary_on,original,p,1,1,0.0,786.7472580451151,20843,686.1992000000043,1,1,1
18328735_15,255,short,original+q+boundary_off,original,q,0,1,0.0,785.0904037956227,19280,610.3506000000039,1,1,1
18328735_15,255,short,original+q+boundary_on,original,q,1,1,0.0,786.7472580451151,20682,692.4984000000052,1,1,1
18328735_15,255,short,repaired+p+boundary_off,repaired,p,0,1,0.0,784.2619766708765,19688,621.8278999999995,1,1,1
18328735_15,255,short,repaired+p+boundary_on,repaired,p,1,1,0.0,786.7472580451151,20843,689.1435000000001,1,1,1
18328735_15,255,short,repaired+q+boundary_off,repaired,q,0,1,0.0,785.0904037956227,19280,614.3635999999901,1,1,1
18328735_15,255,short,repaired+q+boundary_on,repaired,q,1,1,0.0,786.7472580451151,20682,682.8518999999744,1,1,1
18328735_15,256,short,original+p+boundary_off,original,p,0,1,0.03538461538461535,735.1564209736053,12486,384.1963999999791,0,1,1
18328735_15,256,short,original+p+boundary_on,original,p,1,1,0.009202453987730008,741.2985565973364,13453,441.57409999999686,1,1,1
18328735_15,256,short,original+q+boundary_off,original,q,0,1,0.03692307692307695,735.9848480983516,12418,395.2929000000154,0,1,1
18328735_15,256,short,original+q+boundary_on,original,q,1,1,0.006134969325153339,741.2985565973364,13430,442.59049999999434,1,1,1
18328735_15,256,short,repaired+p+boundary_off,repaired,p,0,1,0.03538461538461535,735.1564209736053,12486,376.2035000000026,0,1,1
18328735_15,256,short,repaired+p+boundary_on,repaired,p,1,1,0.009202453987730008,741.2985565973364,13453,443.40550000001144,1,1,1
18328735_15,256,short,repaired+q+boundary_off,repaired,q,0,1,0.03692307692307695,735.9848480983516,12418,374.198100000001,0,1,1
18328735_15,256,short,repaired+q+boundary_on,repaired,q,1,1,0.006134969325153339,741.2985565973364,13430,424.7455000000002,1,1,1
18328735_15,257,short,original+p+boundary_off,original,p,0,1,0.0023474178403756207,2157.9949493661165,24289,743.9387000000011,1,1,1
18328735_15,257,short,original+p+boundary_on,original,p,1,1,0.0014084507042253502,2162.137084989847,34769,1179.3100000000152,1,1,1
18328735_15,257,short,original+q+boundary_off,original,q,0,1,0.0023474178403756207,2157.9949493661165,24424,736.0086999999851,1,1,1
18328735_15,257,short,original+q+boundary_on,original,q,1,1,0.0014084507042253502,2162.1370849898476,34784,1144.7787999999832,1,1,1
18328735_15,257,short,repaired+p+boundary_off,repaired,p,0,1,0.0023474178403756207,2157.9949493661165,24289,742.8461000000084,1,1,1
18328735_15,257,short,repaired+p+boundary_on,repaired,p,1,1,0.0014084507042253502,2162.137084989847,34769,1141.0578999999927,1,1,1
18328735_15,257,short,repaired+q+boundary_off,repaired,q,0,1,0.0023474178403756207,2157.9949493661165,24424,746.342200000015,1,1,1
18328735_15,257,short,repaired+q+boundary_on,repaired,q,1,1,0.0014084507042253502,2162.1370849898476,34784,1084.071300000005,1,1,1
18328735_15,258,short,original+p+boundary_off,original,p,0,1,0.030789825970548912,869.8498551495587,17600,535.6248999999877,0,1,1
18328735_15,258,short,original+p+boundary_on,original,p,1,1,0.008032128514056214,873.1635636485436,18595,612.5841000000207,1,1,1
18328735_15,258,short,original+q+boundary_off,original,q,0,1,0.032128514056224855,869.8498551495587,17243,526.7523999999923,0,1,1
18328735_15,258,short,original+q+boundary_on,original,q,1,1,0.008021390374331583,873.7493500861705,18382,570.239799999996,1,1,1
18328735_15,258,short,repaired+p+boundary_off,repaired,p,0,1,0.030789825970548912,869.8498551495587,17600,533.0927000000258,0,1,1
18328735_15,258,short,repaired+p+boundary_on,repaired,p,1,1,0.008032128514056214,873.1635636485436,18595,569.7785000000124,1,1,1
18328735_15,258,short,repaired+q+boundary_off,repaired,q,0,1,0.032128514056224855,869.8498551495587,17243,449.486300000018,0,1,1
18328735_15,258,short,repaired+q+boundary_on,repaired,q,1,1,0.008021390374331583,873.7493500861705,18382,479.31520000000205,1,1,1
18328735_15,259,medium,original+p+boundary_off,original,p,0,1,0.013559322033898313,1664.1240251292552,40993,986.9246000000089,0,1,1
18328735_15,259,medium,original+p+boundary_on,original,p,1,1,0.002029769959404626,1671.6803743153594,48914,1238.4759999999915,1,1,1
18328735_15,259,medium,original+q+boundary_off,original,q,0,1,0.014237288135593218,1665.7808793787476,40670,1023.6557000000062,0,1,1
18328735_15,259,medium,original+q+boundary_on,original,q,1,1,0.0006765899864682456,1671.6803743153594,48391,1353.2908999999904,1,1,1
18328735_15,259,medium,repaired+p+boundary_off,repaired,p,0,1,0.013559322033898313,1664.1240251292552,40993,1031.413200000003,0,1,1
18328735_15,259,medium,repaired+p+boundary_on,repaired,p,1,1,0.002029769959404626,1671.6803743153594,49110,1287.3224999999877,1,1,1
18328735_15,259,medium,repaired+q+boundary_off,repaired,q,0,1,0.014237288135593218,1665.7808793787476,40670,1003.1683999999927,0,1,1
18328735_15,259,medium,repaired+q+boundary_on,repaired,q,1,1,0.0006765899864682456,1671.6803743153594,48503,1235.7489999999984,1,1,1
18328735_15,260,medium,original+p+boundary_off,original,p,0,1,0.027090694935217874,955.6955262170069,16212,406.18359999999143,0,1,1
18328735_15,260,medium,original+p+boundary_on,original,p,1,1,0.007050528789659172,961.837661840738,17890,464.46120000001656,1,1,1
18328735_15,260,medium,original+q+boundary_off,original,q,0,1,0.028268551236749095,956.5239533417531,16154,393.88790000000995,0,1,1
18328735_15,260,medium,original+q+boundary_on,original,q,1,1,0.004700352526439522,961.837661840738,17864,458.4840999999926,1,1,1
18328735_15,260,medium,repaired+p+boundary_off,repaired,p,0,1,0.027090694935217874,955.6955262170069,16212,394.3286000000228,0,1,1
18328735_15,260,medium,repaired+p+boundary_on,repaired,p,1,1,0.007050528789659172,961.837661840738,17890,445.46259999998483,1,1,1
18328735_15,260,medium,repaired+q+boundary_off,repaired,q,0,1,0.028268551236749095,956.5239533417531,16154,415.0577000000055,0,1,1
18328735_15,260,medium,repaired+q+boundary_on,repaired,q,1,1,0.004700352526439522,961.837661840738,17864,454.8070000000166,1,1,1
18328735_15,261,medium,original+p+boundary_off,original,p,0,0,nan,nan,0,0.0,0,0,0
18328735_15,261,medium,original+p+boundary_on,original,p,1,0,nan,nan,0,0.0,0,0,0
18328735_15,261,medium,original+q+boundary_off,original,q,0,0,nan,nan,0,0.0,0,0,0
18328735_15,261,medium,original+q+boundary_on,original,q,1,0,nan,nan,0,0.0,0,0,0
18328735_15,261,medium,repaired+p+boundary_off,repaired,p,0,0,nan,nan,0,0.0,0,0,0
18328735_15,261,medium,repaired+p+boundary_on,repaired,p,1,0,nan,nan,0,0.0,0,0,0
18328735_15,261,medium,repaired+q+boundary_off,repaired,q,0,0,nan,nan,0,0.0,0,0,0
18328735_15,261,medium,repaired+q+boundary_on,repaired,q,1,0,nan,nan,0,0.0,0,0,0
18328735_15,262,medium,original+p+boundary_off,original,p,0,1,0.018050541516245522,1264.40115370178,25878,635.3824999999915,0,1,1
18328735_15,262,medium,original+p+boundary_on,original,p,1,1,0.002702702702702675,1270.5432893255108,28552,729.3862999999874,1,1,1
18328735_15,262,medium,original+q+boundary_off,original,q,0,1,0.01895306859205781,1265.2295808265262,25794,610.7191000000114,0,1,1
18328735_15,262,medium,original+q+boundary_on,original,q,1,1,0.0009009009009008917,1270.5432893255108,28315,720.7658000000094,1,1,1
18328735_15,262,medium,repaired+p+boundary_off,repaired,p,0,1,0.018050541516245522,1264.40115370178,25878,611.0148000000208,0,1,1
18328735_15,262,medium,repaired+p+boundary_on,repaired,p,1,1,0.002702702702702675,1270.5432893255108,28552,714.9209999999755,1,1,1
18328735_15,262,medium,repaired+q+boundary_off,repaired,q,0,1,0.01895306859205781,1265.2295808265262,25794,630.931199999992,0,1,1
18328735_15,262,medium,repaired+q+boundary_on,repaired,q,1,1,0.0009009009009008917,1270.5432893255108,28315,703.4562000000051,1,1,1
18328735_15,263,medium,original+p+boundary_off,original,p,0,1,0.0168374816983895,1578.3199846221491,31008,735.5128000000093,0,1,1
18328735_15,263,medium,original+p+boundary_on,original,p,1,1,0.0036523009495982306,1585.047906683507,36580,943.1233999999904,1,1,1
18328735_15,263,medium,original+q+boundary_off,original,q,0,1,0.016825164594001518,1578.905771059776,31286,758.7500999999861,0,1,1
18328735_15,263,medium,original+q+boundary_on,original,q,1,1,0.0036496350364964014,1585.633693121134,36361,938.8002999999969,1,1,1
18328735_15,263,medium,repaired+p+boundary_off,repaired,p,0,1,0.0168374816983895,1578.3199846221491,31711,756.3423,0,1,1
18328735_15,263,medium,repaired+p+boundary_on,repaired,p,1,1,0.0036523009495982306,1585.047906683507,37228,956.1726999999962,1,1,1
18328735_15,263,medium,repaired+q+boundary_off,repaired,q,0,1,0.016825164594001518,1578.905771059776,31970,779.2771999999957,0,1,1
18328735_15,263,medium,repaired+q+boundary_on,repaired,q,1,1,0.0036496350364964014,1585.633693121134,37000,934.2895999999996,1,1,1
18328735_15,264,medium,original+p+boundary_off,original,p,0,1,0.01702442635085122,1498.2884553295714,40040,933.2665999999961,0,1,1
18328735_15,264,medium,original+p+boundary_on,original,p,1,1,0.0036927621861152504,1507.5016587651678,54533,1428.4028000000148,1,1,1
18328735_15,264,medium,original+q+boundary_off,original,q,0,1,0.017011834319526575,1499.7026688919443,41037,993.9561999999853,0,1,1
18328735_15,264,medium,original+q+boundary_on,original,q,1,1,0.0022156573116691725,1507.5016587651678,55353,1385.280899999998,1,1,1
18328735_15,264,medium,repaired+p+boundary_off,repaired,p,0,1,0.01702442635085122,1498.2884553295714,40040,950.6386000000191,0,1,1
18328735_15,264,medium,repaired+p+boundary_on,repaired,p,1,1,0.0036927621861152504,1507.5016587651678,54533,1408.850799999982,1,1,1
18328735_15,264,medium,repaired+q+boundary_off,repaired,q,0,1,0.017011834319526575,1499.7026688919443,41037,973.292100000009,0,1,1
18328735_15,264,medium,repaired+q+boundary_on,repaired,q,1,1,0.0022156573116691725,1507.5016587651678,55353,1440.6280999999979,1,1,1
18328735_15,265,medium,original+p+boundary_off,original,p,0,1,0.0,1127.3330444827423,18325,439.80880000000866,1,1,1
18328735_15,265,medium,original+p+boundary_on,original,p,1,1,0.0,1128.989898732235,23787,618.4477999999842,1,1,1
18328735_15,265,medium,original+q+boundary_off,original,q,0,1,0.0,1127.3330444827425,18237,451.26840000000357,1,1,1
18328735_15,265,medium,original+q+boundary_on,original,q,1,1,0.0,1128.989898732235,23365,602.8900000000021,1,1,1
18328735_15,265,medium,repaired+p+boundary_off,repaired,p,0,1,0.0,1127.3330444827423,18325,451.27840000000674,1,1,1
18328735_15,265,medium,repaired+p+boundary_on,repaired,p,1,1,0.0,1128.989898732235,23787,624.0464999999915,1,1,1
18328735_15,265,medium,repaired+q+boundary_off,repaired,q,0,1,0.0,1127.3330444827425,18237,457.16909999998734,1,1,1
18328735_15,265,medium,repaired+q+boundary_on,repaired,q,1,1,0.0,1128.989898732235,23365,631.7198000000133,1,1,1
18328735_15,266,long,original+p+boundary_off,original,p,0,1,0.011956001912960312,2268.940258945181,52187,1276.5876999999932,0,1,1
18328735_15,266,long,original+p+boundary_on,original,p,1,1,0.002866698518872446,2278.3961030678965,69560,1872.9100999999844,1,1,1
18328735_15,266,long,original+q+boundary_off,original,q,0,1,0.012434241989478734,2269.768686069927,55248,1315.726699999999,0,1,1
18328735_15,266,long,original+q+boundary_on,original,q,1,1,0.002865329512893977,2278.981889505523,69413,1826.6852000000142,1,1,1
18328735_15,266,long,repaired+p+boundary_off,repaired,p,0,1,0.011956001912960312,2268.940258945181,52983,1270.9537000000068,0,1,1
18328735_15,266,long,repaired+p+boundary_on,repaired,p,1,1,0.002866698518872446,2278.3961030678965,70361,1832.729900000004,1,1,1
18328735_15,266,long,repaired+q+boundary_off,repaired,q,0,1,0.012434241989478734,2269.768686069927,56027,1366.6877,0,1,1
18328735_15,266,long,repaired+q+boundary_on,repaired,q,1,1,0.002865329512893977,2278.981889505523,70205,1807.5561999999934,1,1,1
18328735_15,267,long,original+p+boundary_off,original,p,0,1,0.012247071352502692,2052.6265504461967,44263,1096.9452999999874,0,1,1
18328735_15,267,long,original+p+boundary_on,original,p,1,1,0.0031914893617021045,2060.42554031942,54089,1402.6619999999923,1,1,1
18328735_15,267,long,original+q+boundary_off,original,q,0,1,0.012779552715655007,2052.6265504461967,43261,1041.5959000000043,0,1,1
18328735_15,267,long,original+q+boundary_on,original,q,1,1,0.0031897926634768536,2061.011326757047,53077,1414.9397000000192,1,1,1
18328735_15,267,long,repaired+p+boundary_off,repaired,p,0,1,0.012247071352502692,2052.6265504461967,44263,1085.1327999999967,0,1,1
18328735_15,267,long,repaired+p+boundary_on,repaired,p,1,1,0.0031914893617021045,2060.42554031942,54089,1461.5200000000073,1,1,1
18328735_15,267,long,repaired+q+boundary_off,repaired,q,0,1,0.012779552715655007,2052.6265504461967,43261,1099.9572999999998,0,1,1
18328735_15,267,long,repaired+q+boundary_on,repaired,q,1,1,0.0031897926634768536,2061.011326757047,53077,1395.3381000000036,1,1,1
18328735_15,268,long,original+p+boundary_off,original,p,0,1,0.01382743362831862,1985.1118318204349,47092,1193.2065000000023,0,1,1
18328735_15,268,long,original+p+boundary_on,original,p,1,1,0.0033149171270717703,1992.0823945689122,58346,1495.4714000000138,1,1,1
18328735_15,268,long,original+q+boundary_off,original,q,0,1,0.014380530973451378,1985.1118318204349,47206,1208.81159999999,0,1,1
18328735_15,268,long,original+q+boundary_on,original,q,1,1,0.00331308669243513,1992.668181006539,58574,1504.6633999999983,1,1,1
18328735_15,268,long,repaired+p+boundary_off,repaired,p,0,1,0.01382743362831862,1985.1118318204349,47886,1204.9618000000066,0,1,1
18328735_15,268,long,repaired+p+boundary_on,repaired,p,1,1,0.0033149171270717703,1992.0823945689122,59141,1576.8573999999944,1,1,1
18328735_15,268,long,repaired+q+boundary_off,repaired,q,0,1,0.014380530973451378,1985.1118318204349,47983,1206.9640999999933,0,1,1
18328735_15,268,long,repaired+q+boundary_on,repaired,q,1,1,0.00331308669243513,1992.668181006539,59361,1968.2516999999962,1,1,1
18328735_15,269,long,original+p+boundary_off,original,p,0,1,0.0,1465.6934341759525,16301,493.010599999991,1,1,1
18328735_15,269,long,original+p+boundary_on,original,p,1,1,0.0,1467.350288425445,31821,1069.894000000005,1,1,1
18328735_15,269,long,original+q+boundary_off,original,q,0,1,0.0,1465.6934341759525,16477,523.5641000000157,1,1,1
18328735_15,269,long,original+q+boundary_on,original,q,1,1,0.0,1467.350288425445,31769,1041.9098000000133,1,1,1
18328735_15,269,long,repaired+p+boundary_off,repaired,p,0,1,0.0,1465.6934341759525,16301,506.8266000000108,1,1,1
18328735_15,269,long,repaired+p+boundary_on,repaired,p,1,1,0.0,1467.350288425445,31821,1038.399599999991,1,1,1
18328735_15,269,long,repaired+q+boundary_off,repaired,q,0,1,0.0,1465.6934341759525,16477,503.9920000000109,1,1,1
18328735_15,269,long,repaired+q+boundary_on,repaired,q,1,1,0.0,1467.350288425445,31769,1021.339399999988,1,1,1
18328735_15,270,long,original+p+boundary_off,original,p,0,1,0.01631419939577039,1868.9768388716418,34915,1085.0571999999943,0,1,1
18328735_15,270,long,original+p+boundary_on,original,p,1,1,0.0042219541616405065,1877.3616151824922,46742,1557.7699999999766,1,1,1
18328735_15,270,long,original+q+boundary_off,original,q,0,1,0.016304347826086918,1870.391052434015,34987,1086.274000000003,0,1,1
18328735_15,270,long,original+q+boundary_on,original,q,1,1,0.003015681544028981,1877.3616151824922,46116,1527.4833999999942,1,1,1
18328735_15,270,long,repaired+p+boundary_off,repaired,p,0,1,0.01631419939577039,1868.9768388716418,34915,1103.8019999999733,0,1,1
18328735_15,270,long,repaired+p+boundary_on,repaired,p,1,1,0.0042219541616405065,1877.3616151824922,46742,1539.8825999999985,1,1,1
18328735_15,270,long,repaired+q+boundary_off,repaired,q,0,1,0.016304347826086918,1870.391052434015,34987,1089.1022000000135,0,1,1
18328735_15,270,long,repaired+q+boundary_on,repaired,q,1,1,0.003015681544028981,1877.3616151824922,46116,1555.8290999999826,1,1,1
18328735_15,271,long,original+p+boundary_off,original,p,0,0,nan,nan,0,0.0,0,0,0
18328735_15,271,long,original+p+boundary_on,original,p,1,0,nan,nan,0,0.0,0,0,0
18328735_15,271,long,original+q+boundary_off,original,q,0,0,nan,nan,0,0.0,0,0,0
18328735_15,271,long,original+q+boundary_on,original,q,1,0,nan,nan,0,0.0,0,0,0
18328735_15,271,long,repaired+p+boundary_off,repaired,p,0,0,nan,nan,0,0.0,0,0,0
18328735_15,271,long,repaired+p+boundary_on,repaired,p,1,0,nan,nan,0,0.0,0,0,0
18328735_15,271,long,repaired+q+boundary_off,repaired,q,0,0,nan,nan,0,0.0,0,0,0
18328735_15,271,long,repaired+q+boundary_on,repaired,q,1,0,nan,nan,0,0.0,0,0,0
18328735_15,272,long,original+p+boundary_off,original,p,0,1,0.012679162072767314,1986.5554826343316,43102,1331.648199999961,0,1,1
18328735_15,272,long,original+p+boundary_on,original,p,1,1,0.0033039647577092213,1994.354472507555,52540,1742.9149000000166,1,1,1
18328735_15,272,long,original+q+boundary_off,original,q,0,1,0.013230429988974612,1987.3839097590778,42114,1291.9641000000297,0,1,1
18328735_15,272,long,original+q+boundary_on,original,q,1,1,0.003302146395156802,1994.940258945182,51558,1669.1600999999991,1,1,1
18328735_15,272,long,repaired+p+boundary_off,repaired,p,0,1,0.012679162072767314,1986.5554826343316,43102,1313.471800000002,0,1,1
18328735_15,272,long,repaired+p+boundary_on,repaired,p,1,1,0.0033039647577092213,1994.354472507555,52540,1653.3097000000225,1,1,1
18328735_15,272,long,repaired+q+boundary_off,repaired,q,0,1,0.013230429988974612,1987.3839097590778,42114,1322.9072999999971,0,1,1
18328735_15,272,long,repaired+q+boundary_on,repaired,q,1,1,0.003302146395156802,1994.940258945182,51558,1748.7965999999915,1,1,1
18328780_15,273,short,original+p+boundary_off,original,p,0,1,0.010507880910682998,699.2346314604084,13259,403.05440000000203,0,1,1
18328780_15,273,short,original+p+boundary_on,original,p,1,1,0.00865051903114189,704.1635636485429,14822,462.31389999999806,1,1,1
18328780_15,273,short,original+q+boundary_off,original,q,0,1,0.008756567425569184,700.0630585851546,13111,388.85799999999904,1,1,1
18328780_15,273,short,original+q+boundary_on,original,q,1,1,0.00865051903114189,704.1635636485429,14736,488.22950000001697,1,1,1
18328780_15,273,short,repaired+p+boundary_off,repaired,p,0,1,0.010507880910682998,699.2346314604084,13259,414.83709999999974,0,1,1
18328780_15,273,short,repaired+p+boundary_on,repaired,p,1,1,0.00865051903114189,704.1635636485429,14822,501.20140000001356,1,1,1
18328780_15,273,short,repaired+q+boundary_off,repaired,q,0,1,0.008756567425569184,700.0630585851546,13111,398.8470000000177,1,1,1
18328780_15,273,short,repaired+q+boundary_on,repaired,q,1,1,0.00865051903114189,704.1635636485429,14736,481.5809000000115,1,1,1
18328780_15,274,short,original+p+boundary_off,original,p,0,1,0.0,24.07106781186548,121,4.454000000009728,1,1,1
18328780_15,274,short,original+p+boundary_on,original,p,1,1,0.0,24.07106781186548,243,7.560699999999088,1,1,1
18328780_15,274,short,original+q+boundary_off,original,q,0,1,0.0,24.07106781186548,116,3.906599999993432,1,1,1
18328780_15,274,short,original+q+boundary_on,original,q,1,1,0.0,24.07106781186548,237,8.417899999983547,1,1,1
18328780_15,274,short,repaired+p+boundary_off,repaired,p,0,1,0.0,24.07106781186548,121,4.107899999979736,1,1,1
18328780_15,274,short,repaired+p+boundary_on,repaired,p,1,1,0.0,24.07106781186548,243,8.478199999984781,1,1,1
18328780_15,274,short,repaired+q+boundary_off,repaired,q,0,1,0.0,24.07106781186548,116,3.8860000000227046,1,1,1
18328780_15,274,short,repaired+q+boundary_on,repaired,q,1,1,0.0,24.07106781186548,237,7.713300000006029,1,1,1
18328780_15,275,short,original+p+boundary_off,original,p,0,1,0.0,108.07106781186546,876,27.15789999999174,1,1,1
18328780_15,275,short,original+p+boundary_on,original,p,1,1,0.0,108.07106781186546,1121,38.15860000000271,1,1,1
18328780_15,275,short,original+q+boundary_off,original,q,0,1,0.0,108.07106781186546,868,27.051200000016706,1,1,1
18328780_15,275,short,original+q+boundary_on,original,q,1,1,0.0,108.07106781186546,1111,34.651299999978846,1,1,1
18328780_15,275,short,repaired+p+boundary_off,repaired,p,0,1,0.0,108.07106781186546,876,27.762300000006235,1,1,1
18328780_15,275,short,repaired+p+boundary_on,repaired,p,1,1,0.0,108.07106781186546,1121,36.341599999985874,1,1,1
18328780_15,275,short,repaired+q+boundary_off,repaired,q,0,1,0.0,108.07106781186546,868,27.082199999995282,1,1,1
18328780_15,275,short,repaired+q+boundary_on,repaired,q,1,1,0.0,108.07106781186546,1111,35.025899999993726,1,1,1
18328780_15,276,short,original+p+boundary_off,original,p,0,1,0.018823529411764683,531.2813126546337,9727,296.4416000000085,0,1,1
18328780_15,276,short,original+p+boundary_on,original,p,1,1,0.011655011655011704,534.4528855298875,11520,369.51470000002473,0,1,1
18328780_15,276,short,original+q+boundary_off,original,q,0,1,0.016470588235294126,532.1097397793799,9841,304.30699999999433,0,1,1
18328780_15,276,short,original+q+boundary_on,original,q,1,1,0.011655011655011704,534.4528855298875,11548,381.78800000000024,0,1,1
18328780_15,276,short,repaired+p+boundary_off,repaired,p,0,1,0.018823529411764683,531.2813126546337,9727,306.4263999999923,0,1,1
18328780_15,276,short,repaired+p+boundary_on,repaired,p,1,1,0.011655011655011704,534.4528855298875,11520,372.99170000000004,0,1,1
18328780_15,276,short,repaired+q+boundary_off,repaired,q,0,1,0.016470588235294126,532.1097397793799,9841,300.4946000000075,0,1,1
18328780_15,276,short,repaired+q+boundary_on,repaired,q,1,1,0.011655011655011704,534.4528855298875,11548,393.2451999999955,0,1,1
18328780_15,277,short,original+p+boundary_off,original,p,0,0,nan,nan,0,0.0,0,0,0
18328780_15,277,short,original+p+boundary_on,original,p,1,0,nan,nan,0,0.0,0,0,0
18328780_15,277,short,original+q+boundary_off,original,q,0,0,nan,nan,0,0.0,0,0,0
18328780_15,277,short,original+q+boundary_on,original,q,1,0,nan,nan,0,0.0,0,0,0
18328780_15,277,short,repaired+p+boundary_off,repaired,p,0,0,nan,nan,0,0.0,0,0,0
18328780_15,277,short,repaired+p+boundary_on,repaired,p,1,0,nan,nan,0,0.0,0,0,0
18328780_15,277,short,repaired+q+boundary_off,repaired,q,0,0,nan,nan,0,0.0,0,0,0
18328780_15,277,short,repaired+q+boundary_on,repaired,q,1,0,nan,nan,0,0.0,0,0,0
18328780_15,278,short,original+p+boundary_off,original,p,0,0,nan,nan,0,0.0,0,0,0
18328780_15,278,short,original+p+boundary_on,original,p,1,0,nan,nan,0,0.0,0,0,0
18328780_15,278,short,original+q+boundary_off,original,q,0,0,nan,nan,0,0.0,0,0,0
18328780_15,278,short,original+q+boundary_on,original,q,1,0,nan,nan,0,0.0,0,0,0
18328780_15,278,short,repaired+p+boundary_off,repaired,p,0,0,nan,nan,0,0.0,0,0,0
18328780_15,278,short,repaired+p+boundary_on,repaired,p,1,0,nan,nan,0,0.0,0,0,0
18328780_15,278,short,repaired+q+boundary_off,repaired,q,0,0,nan,nan,0,0.0,0,0,0
18328780_15,278,short,repaired+q+boundary_on,repaired,q,1,0,nan,nan,0,0.0,0,0,0
18328780_15,279,medium,original+p+boundary_off,original,p,0,1,0.0,1309.0702012600925,32717,997.2108000000048,1,1,1
18328780_15,279,medium,original+p+boundary_on,original,p,1,1,0.0,1310.727055509585,31428,1037.432100000018,1,1,1
18328780_15,279,medium,original+q+boundary_off,original,q,0,1,0.0,1310.4844148224656,32430,985.4229999999973,1,1,1
18328780_15,279,medium,original+q+boundary_on,original,q,1,1,0.0,1310.727055509585,31157,1005.2102999999875,1,1,1
18328780_15,279,medium,repaired+p+boundary_off,repaired,p,0,1,0.0,1309.0702012600925,32717,999.1814999999917,1,1,1
18328780_15,279,medium,repaired+p+boundary_on,repaired,p,1,1,0.0,1310.727055509585,31428,1055.575800000014,1,1,1
18328780_15,279,medium,repaired+q+boundary_off,repaired,q,0,1,0.0,1310.4844148224656,32430,979.808300000002,1,1,1
18328780_15,279,medium,repaired+q+boundary_on,repaired,q,1,1,0.0,1310.727055509585,31157,1021.5328999999826,1,1,1
18328780_15,280,medium,original+p+boundary_off,original,p,0,1,0.004273504273504258,836.862048458378,14197,433.7342999999976,1,1,1
18328780_15,280,medium,original+p+boundary_on,original,p,1,1,0.004255319148936176,838.6194077712588,14637,466.75749999999994,1,1,1
18328780_15,280,medium,original+q+boundary_off,original,q,0,1,0.004273504273504258,836.862048458378,13990,426.1109999999917,1,1,1
18328780_15,280,medium,original+q+boundary_on,original,q,1,1,0.004255319148936176,838.6194077712588,14354,471.9378000000063,1,1,1
18328780_15,280,medium,repaired+p+boundary_off,repaired,p,0,1,0.004273504273504258,836.862048458378,14197,428.75650000001997,1,1,1
18328780_15,280,medium,repaired+p+boundary_on,repaired,p,1,1,0.004255319148936176,838.6194077712588,14637,472.61600000001636,1,1,1
18328780_15,280,medium,repaired+q+boundary_off,repaired,q,0,1,0.004273504273504258,836.862048458378,13990,418.39679999998225,1,1,1
18328780_15,280,medium,repaired+q+boundary_on,repaired,q,1,1,0.004255319148936176,838.6194077712588,14354,453.320500000018,1,1,1
18328780_15,281,medium,original+p+boundary_off,original,p,0,1,0.005813953488372103,1668.2632021601585,54712,1675.4395000000102,1,1,1
18328780_15,281,medium,original+p+boundary_on,original,p,1,1,0.0036127167630057855,1675.4347750354123,57880,1862.8852999999879,1,1,1
18328780_15,281,medium,original+q+boundary_off,original,q,0,1,0.005087209302325535,1669.920056409651,54275,1364.063200000004,1,1,1
18328780_15,281,medium,original+q+boundary_on,original,q,1,1,0.0036127167630057855,1675.4347750354123,57230,1448.6432999999863,1,1,1
18328780_15,281,medium,repaired+p+boundary_off,repaired,p,0,1,0.005813953488372103,1668.2632021601585,54924,1359.5894000000044,1,1,1
18328780_15,281,medium,repaired+p+boundary_on,repaired,p,1,1,0.0036127167630057855,1675.4347750354123,58123,1558.5173999999995,1,1,1
18328780_15,281,medium,repaired+q+boundary_off,repaired,q,0,1,0.005087209302325535,1669.920056409651,54463,1344.2739000000188,1,1,1
18328780_15,281,medium,repaired+q+boundary_on,repaired,q,1,1,0.0036127167630057855,1675.4347750354123,57477,1476.3601000000222,1,1,1
18328780_15,282,medium,original+p+boundary_off,original,p,0,1,0.043076923076923124,1577.3515139147275,46500,1121.16180000001,0,1,1
18328780_15,282,medium,original+p+boundary_on,original,p,1,1,0.040488922841864006,1586.7657274771004,45743,1193.828300000007,0,1,1
18328780_15,282,medium,original+q+boundary_off,original,q,0,1,0.04150653343581856,1580.4225817265929,46477,1142.9595000000177,0,1,1
18328780_15,282,medium,original+q+boundary_on,original,q,1,1,0.04045801526717552,1587.3515139147273,45617,1162.3643000000072,0,1,1
18328780_15,282,medium,repaired+p+boundary_off,repaired,p,0,1,0.043076923076923124,1577.3515139147275,46712,1124.8949000000152,0,1,1
18328780_15,282,medium,repaired+p+boundary_on,repaired,p,1,1,0.040488922841864006,1586.7657274771004,45993,1153.5424999999861,0,1,1
18328780_15,282,medium,repaired+q+boundary_off,repaired,q,0,1,0.04150653343581856,1580.4225817265929,46665,1101.227100000017,0,1,1
18328780_15,282,medium,repaired+q+boundary_on,repaired,q,1,1,0.04045801526717552,1587.3515139147273,45864,1144.2175999999904,0,1,1
18328780_15,283,medium,original+p+boundary_off,original,p,0,1,0.0026109660574412663,1360.491557497403,34704,835.4025999999806,1,1,1
18328780_15,283,medium,original+p+boundary_on,original,p,1,1,0.0025996533795493715,1365.0773439350298,36876,921.7920000000106,1,1,1
18328780_15,283,medium,original+q+boundary_off,original,q,0,1,0.00260869565217392,1361.905771059776,34596,811.6309000000115,1,1,1
18328780_15,283,medium,original+q+boundary_on,original,q,1,1,0.0025974025974025983,1365.6631303726567,36399,955.107599999991,1,1,1
18328780_15,283,medium,repaired+p+boundary_off,repaired,p,0,1,0.0026109660574412663,1360.491557497403,34704,833.6236000000099,1,1,1
18328780_15,283,medium,repaired+p+boundary_on,repaired,p,1,1,0.0025996533795493715,1365.0773439350298,36876,943.9327999999989,1,1,1
18328780_15,283,medium,repaired+q+boundary_off,repaired,q,0,1,0.00260869565217392,1361.905771059776,34596,839.2331000000013,1,1,1
18328780_15,283,medium,repaired+q+boundary_on,repaired,q,1,1,0.0025974025974025983,1365.6631303726567,36399,917.9857000000027,1,1,1
18328780_15,284,medium,original+p+boundary_off,original,p,0,1,0.002238805970149249,1476.1046891454978,24206,567.7710000000218,1,1,1
18328780_15,284,medium,original+p+boundary_on,original,p,1,1,0.0014925373134327957,1476.933116270244,31252,803.5587999999905,1,1,1
18328780_15,284,medium,original+q+boundary_off,original,q,0,1,0.0014925373134327957,1476.933116270244,23784,545.0384000000099,1,1,1
18328780_15,284,medium,original+q+boundary_on,original,q,1,1,0.001491424310216205,1477.518902707871,30978,810.8402000000012,1,1,1
18328780_15,284,medium,repaired+p+boundary_off,repaired,p,0,1,0.002238805970149249,1476.1046891454978,24206,584.7203999999806,1,1,1
18328780_15,284,medium,repaired+p+boundary_on,repaired,p,1,1,0.0014925373134327957,1476.933116270244,31252,801.4101999999923,1,1,1
18328780_15,284,medium,repaired+q+boundary_off,repaired,q,0,1,0.0014925373134327957,1476.933116270244,23784,535.2332000000217,1,1,1
18328780_15,284,medium,repaired+q+boundary_on,repaired,q,1,1,0.001491424310216205,1477.518902707871,30978,797.8493999999898,1,1,1
18328780_15,285,medium,original+p+boundary_off,original,p,0,1,0.025803310613437214,2317.268252794031,60825,1457.854900000001,0,1,1
18328780_15,285,medium,original+p+boundary_on,original,p,1,1,0.024295432458697808,2324.581961293015,69677,1769.6702000000073,0,1,1
18328780_15,285,medium,original+q+boundary_off,original,q,0,1,0.02481751824817513,2319.5108934811497,60005,1452.2514999999885,0,1,1
18328780_15,285,medium,original+q+boundary_on,original,q,1,1,0.024283632831471613,2325.167747730641,69011,1772.0410999999956,0,1,1
18328780_15,285,medium,repaired+p+boundary_off,repaired,p,0,1,0.025803310613437214,2317.268252794031,60825,1502.7153000000055,0,1,1
18328780_15,285,medium,repaired+p+boundary_on,repaired,p,1,1,0.024295432458697808,2324.581961293015,69866,1809.9445999999944,0,1,1
18328780_15,285,medium,repaired+q+boundary_off,repaired,q,0,1,0.02481751824817513,2319.5108934811497,60005,1470.0665999999956,0,1,1
18328780_15,285,medium,repaired+q+boundary_on,repaired,q,1,1,0.024283632831471613,2325.167747730641,69201,1826.664500000021,0,1,1
18328780_15,286,long,original+p+boundary_off,original,p,0,1,0.028009828009827986,2391.466304327978,62678,1542.6386000000036,0,1,1
18328780_15,286,long,original+p+boundary_on,original,p,1,1,0.026418786692759322,2402.5373721398423,71964,1884.572200000008,0,1,1
18328780_15,286,long,original+q+boundary_off,original,q,0,1,0.027013752455795625,2393.708945015097,62169,1539.9247000000003,0,1,1
18328780_15,286,long,original+q+boundary_on,original,q,1,1,0.026405867970660135,2403.123158577469,71210,1857.6905000000181,0,1,1
18328780_15,286,long,repaired+p+boundary_off,repaired,p,0,1,0.028009828009827986,2391.466304327978,62678,1509.2976999999905,0,1,1
18328780_15,286,long,repaired+p+boundary_on,repaired,p,1,1,0.026418786692759322,2402.5373721398423,72161,1869.1255999999896,0,1,1
18328780_15,286,long,repaired+q+boundary_off,repaired,q,0,1,0.027013752455795625,2393.708945015097,62169,1524.973100000011,0,1,1
18328780_15,286,long,repaired+q+boundary_on,repaired,q,1,1,0.026405867970660135,2403.123158577469,71407,1869.8338999999748,0,1,1
18328780_15,287,long,original+p+boundary_off,original,p,0,1,0.02417674030846184,2700.375900532335,45553,1104.7862000000066,0,1,1
18328780_15,287,long,original+p+boundary_on,original,p,1,1,0.024552642530170643,2707.68960903132,55579,1502.9462999999907,0,1,1
18328780_15,287,long,original+q+boundary_off,original,q,0,1,0.023333333333333317,2703.4469683442003,45013,1117.3746999999992,0,1,1
18328780_15,287,long,original+q+boundary_on,original,q,1,1,0.02454242928452577,2708.2753954689465,54705,1425.134899999989,0,1,1
18328780_15,287,long,repaired+p+boundary_off,repaired,p,0,1,0.02417674030846184,2700.375900532335,45755,1142.261899999994,0,1,1
18328780_15,287,long,repaired+p+boundary_on,repaired,p,1,1,0.024552642530170643,2707.68960903132,55801,1428.0588999999964,0,1,1
18328780_15,287,long,repaired+q+boundary_off,repaired,q,0,1,0.023333333333333317,2703.4469683442003,45201,1150.4982000000155,0,1,1
18328780_15,287,long,repaired+q+boundary_on,repaired,q,1,1,0.02454242928452577,2708.2753954689465,54935,1416.553399999998,0,1,1
18328780_15,288,long,original+p+boundary_off,original,p,0,1,0.00387382401770886,1995.709811566882,53322,1331.157200000007,1,1,1
18328780_15,288,long,original+p+boundary_on,original,p,1,1,0.0022123893805309214,1998.7808793787476,62798,1647.539800000004,1,1,1
18328780_15,288,long,original+q+boundary_off,original,q,0,1,0.0022099447513812542,1999.1240251292554,52194,1323.3297000000164,1,1,1
18328780_15,288,long,original+q+boundary_on,original,q,1,1,0.002211166390270858,1999.3666658163745,62053,2066.6589000000213,1,1,1
18328780_15,288,long,repaired+p+boundary_off,repaired,p,0,1,0.00387382401770886,1995.709811566882,53322,1669.1529000000003,1,1,1
18328780_15,288,long,repaired+p+boundary_on,repaired,p,1,1,0.0022123893805309214,1998.7808793787476,63028,2098.7082000000046,1,1,1
18328780_15,288,long,repaired+q+boundary_off,repaired,q,0,1,0.0022099447513812542,1999.1240251292554,52194,1610.9012000000007,1,1,1
18328780_15,288,long,repaired+q+boundary_on,repaired,q,1,1,0.002211166390270858,1999.3666658163745,62294,2083.2421000000068,1,1,1
18328780_15,289,long,original+p+boundary_off,original,p,0,1,0.028700906344410915,2332.5251788310266,61594,1928.585499999997,0,1,1
18328780_15,289,long,original+p+boundary_on,original,p,1,1,0.02706766917293235,2341.9393923933985,62849,2072.280000000006,0,1,1
18328780_15,289,long,original+q+boundary_off,original,q,0,1,0.02767991947659787,2334.7678195181456,60587,1914.9139000000162,0,1,1
18328780_15,289,long,original+q+boundary_on,original,q,1,1,0.027054108216432837,2342.525178831025,62110,2051.089999999988,0,1,1
18328780_15,289,long,repaired+p+boundary_off,repaired,p,0,1,0.028700906344410915,2332.5251788310266,61806,1910.188000000005,0,1,1
18328780_15,289,long,repaired+p+boundary_on,repaired,p,1,1,0.02706766917293235,2341.9393923933985,63099,2088.361299999974,0,1,1
18328780_15,289,long,repaired+q+boundary_off,repaired,q,0,1,0.02767991947659787,2334.7678195181456,60775,1831.110200000012,0,1,1
18328780_15,289,long,repaired+q+boundary_on,repaired,q,1,1,0.027054108216432837,2342.525178831025,62357,1976.0042999999996,0,1,1
18328780_15,290,long,original+p+boundary_off,original,p,0,1,0.02688679245283021,2480.608439951702,63473,1888.5424000000057,0,1,1
18328780_15,290,long,original+p+boundary_on,original,p,1,1,0.025364020666979847,2490.022653514075,64142,2089.316399999973,0,1,1
18328780_15,290,long,original+q+boundary_off,original,q,0,1,0.025931164545025975,2482.8510806388217,62493,1969.4218999999862,0,1,1
18328780_15,290,long,original+q+boundary_on,original,q,1,1,0.025352112676056304,2490.608439951702,63307,2185.6374999999844,0,1,1
18328780_15,290,long,repaired+p+boundary_off,repaired,p,0,1,0.02688679245283021,2480.608439951702,63685,2001.5925999999808,0,1,1
18328780_15,290,long,repaired+p+boundary_on,repaired,p,1,1,0.025364020666979847,2490.022653514075,64392,2021.1540999999897,0,1,1
18328780_15,290,long,repaired+q+boundary_off,repaired,q,0,1,0.025931164545025975,2482.8510806388217,62681,1634.9816000000033,0,1,1
18328780_15,290,long,repaired+q+boundary_on,repaired,q,1,1,0.025352112676056304,2490.608439951702,63554,1684.2145999999616,0,1,1
18328780_15,291,long,original+p+boundary_off,original,p,0,0,nan,nan,0,0.0,0,0,0
18328780_15,291,long,original+p+boundary_on,original,p,1,0,nan,nan,0,0.0,0,0,0
18328780_15,291,long,original+q+boundary_off,original,q,0,0,nan,nan,0,0.0,0,0,0
18328780_15,291,long,original+q+boundary_on,original,q,1,0,nan,nan,0,0.0,0,0,0
18328780_15,291,long,repaired+p+boundary_off,repaired,p,0,0,nan,nan,0,0.0,0,0,0
18328780_15,291,long,repaired+p+boundary_on,repaired,p,1,0,nan,nan,0,0.0,0,0,0
18328780_15,291,long,repaired+q+boundary_off,repaired,q,0,0,nan,nan,0,0.0,0,0,0
18328780_15,291,long,repaired+q+boundary_on,repaired,q,1,0,nan,nan,0,0.0,0,0,0
18328780_15,292,long,original+p+boundary_off,original,p,0,1,0.02493765586034913,2712.34646328081,66607,1620.3824000000395,0,1,1
18328780_15,292,long,original+p+boundary_on,original,p,1,1,0.022397345499792665,2721.0743853421664,71941,1842.254099999991,0,1,1
18328780_15,292,long,original+q+boundary_off,original,q,0,1,0.022831050228310557,2716.589103967929,65164,1621.5265000000159,0,1,1
18328780_15,292,long,original+q+boundary_on,original,q,1,1,0.02238805970149249,2721.6601717797935,71017,1889.588099999969,0,1,1
18328780_15,292,long,repaired+p+boundary_off,repaired,p,0,1,0.02493765586034913,2712.34646328081,66811,1645.1759000000266,0,1,1
18328780_15,292,long,repaired+p+boundary_on,repaired,p,1,1,0.022397345499792665,2721.0743853421664,72171,1857.0429000000104,0,1,1
18328780_15,292,long,repaired+q+boundary_off,repaired,q,0,1,0.022831050228310557,2716.589103967929,65352,1551.2437000000432,0,1,1
18328780_15,292,long,repaired+q+boundary_on,repaired,q,1,1,0.02238805970149249,2721.6601717797935,71258,1904.3729999999641,0,1,1
18328960_15,293,short,original+p+boundary_off,original,p,0,1,0.033333333333333326,544.2081528017136,6821,204.01949999998692,0,1,1
18328960_15,293,short,original+p+boundary_on,original,p,1,1,0.007827788649706457,549.7645019878178,7706,246.33319999998093,1,1,1
18328960_15,293,short,original+q+boundary_off,original,q,0,1,0.033333333333333326,545.0365799264598,6811,208.9194000000134,0,1,1
18328960_15,293,short,original+q+boundary_on,original,q,1,1,0.0078125,551.1787155501909,7714,251.034599999997,1,1,1
18328960_15,293,short,repaired+p+boundary_off,repaired,p,0,1,0.033333333333333326,544.2081528017136,6821,206.48760000000266,0,1,1
18328960_15,293,short,repaired+p+boundary_on,repaired,p,1,1,0.007827788649706457,549.7645019878178,7706,251.31439999998406,1,1,1
18328960_15,293,short,repaired+q+boundary_off,repaired,q,0,1,0.033333333333333326,545.0365799264598,6811,207.09399999998368,0,1,1
18328960_15,293,short,repaired+q+boundary_on,repaired,q,1,1,0.0078125,551.1787155501909,7714,255.72220000000812,1,1,1
18328960_15,294,short,original+p+boundary_off,original,p,0,1,0.04132231404958675,535.1909088590105,12691,398.2889000000114,0,1,1
18328960_15,294,short,original+p+boundary_on,original,p,1,1,0.008196721311475419,541.6761902332491,11755,386.38849999998115,1,1,1
18328960_15,294,short,original+q+boundary_off,original,q,0,1,0.04338842975206614,535.1909088590105,12634,375.4579000000149,0,1,1
18328960_15,294,short,original+q+boundary_on,original,q,1,1,0.008196721311475419,541.6761902332491,11729,382.4163000000169,1,1,1
18328960_15,294,short,repaired+p+boundary_off,repaired,p,0,1,0.04132231404958675,535.1909088590105,12691,379.9555999999882,0,1,1
18328960_15,294,short,repaired+p+boundary_on,repaired,p,1,1,0.008196721311475419,541.6761902332491,11755,378.20400000001086,1,1,1
18328960_15,294,short,repaired+q+boundary_off,repaired,q,0,1,0.04338842975206614,535.1909088590105,12634,394.04979999997636,0,1,1
18328960_15,294,short,repaired+q+boundary_on,repaired,q,1,1,0.008196721311475419,541.6761902332491,11729,388.8629000000208,1,1,1
18328960_15,295,short,original+p+boundary_off,original,p,0,1,0.16239316239316237,803.3107499061568,17353,548.4739000000047,0,0,0
18328960_15,295,short,original+p+boundary_on,original,p,1,1,0.12305516265912309,810.3818177180223,23628,786.3589000000104,0,0,0
18328960_15,295,short,original+q+boundary_off,original,q,0,1,0.170697012802276,803.8965363437836,17380,529.0379999999857,0,0,0
18328960_15,295,short,original+q+boundary_on,original,q,1,1,0.12146892655367236,810.9676041556492,23480,770.444800000007,0,0,0
18328960_15,295,short,repaired+p+boundary_off,repaired,p,0,1,0.16239316239316237,803.3107499061568,17353,542.7753000000166,0,0,0
18328960_15,295,short,repaired+p+boundary_on,repaired,p,1,1,0.12305516265912309,810.3818177180223,23628,765.2045000000101,0,0,0
18328960_15,295,short,repaired+q+boundary_off,repaired,q,0,1,0.170697012802276,803.8965363437836,17380,533.1606999999963,0,0,0
18328960_15,295,short,repaired+q+boundary_on,repaired,q,1,1,0.12146892655367236,810.9676041556492,23480,763.7416999999971,0,0,0
18328960_15,296,short,original+p+boundary_off,original,p,0,1,0.02257636122177953,936.739248818405,26269,782.039999999995,0,1,1
18328960_15,296,short,original+p+boundary_on,original,p,1,1,0.015789473684210575,946.6387437550168,35857,1131.0568000000103,0,1,1
18328960_15,296,short,original+q+boundary_off,original,q,0,1,0.023872679045092826,938.9818895055244,26113,799.0077000000042,0,1,1
18328960_15,296,short,original+q+boundary_on,original,q,1,1,0.011811023622047223,948.6387437550168,35604,1136.704199999997,0,1,1
18328960_15,296,short,repaired+p+boundary_off,repaired,p,0,1,0.02257636122177953,936.739248818405,26269,822.7157000000034,0,1,1
18328960_15,296,short,repaired+p+boundary_on,repaired,p,1,1,0.015789473684210575,946.6387437550168,35857,971.9525000000147,0,1,1
18328960_15,296,short,repaired+q+boundary_off,repaired,q,0,1,0.023872679045092826,938.9818895055244,26113,632.8938999999991,0,1,1
18328960_15,296,short,repaired+q+boundary_on,repaired,q,1,1,0.011811023622047223,948.6387437550168,35604,913.722899999982,0,1,1
18328960_15,297,short,original+p+boundary_off,original,p,0,1,0.04975124378109452,459.40411229460796,7179,178.7386999999967,0,1,1
18328960_15,297,short,original+p+boundary_on,original,p,1,1,0.026960784313725505,464.57568516986174,8536,210.13419999999883,0,1,1
18328960_15,297,short,original+q+boundary_off,original,q,0,1,0.05955334987593053,459.98989873223485,7154,171.5165999999897,0,0,1
18328960_15,297,short,original+q+boundary_on,original,q,1,1,0.026960784313725505,464.57568516986174,8512,213.31319999998755,0,1,1
18328960_15,297,short,repaired+p+boundary_off,repaired,p,0,1,0.04975124378109452,459.40411229460796,7179,171.81869999998867,0,1,1
18328960_15,297,short,repaired+p+boundary_on,repaired,p,1,1,0.026960784313725505,464.57568516986174,8536,203.94970000000967,0,1,1
18328960_15,297,short,repaired+q+boundary_off,repaired,q,0,1,0.05955334987593053,459.98989873223485,7154,180.33250000002,0,0,1
18328960_15,297,short,repaired+q+boundary_on,repaired,q,1,1,0.026960784313725505,464.57568516986174,8512,228.84720000001835,0,1,1
18328960_15,298,short,original+p+boundary_off,original,p,0,1,0.014864864864864824,932.023520065867,33734,906.5760000000012,0,1,1
18328960_15,298,short,original+p+boundary_on,original,p,1,1,0.010752688172043001,939.3372285648519,37086,957.6492000000201,0,1,1
18328960_15,298,short,original+q+boundary_off,original,q,0,1,0.014844804318488558,932.6093065034939,33245,819.494700000007,0,1,1
18328960_15,298,short,original+q+boundary_on,original,q,1,1,0.010738255033557076,939.9230150024788,36681,987.5354999999786,0,1,1
18328960_15,298,short,repaired+p+boundary_off,repaired,p,0,1,0.014864864864864824,932.023520065867,33859,802.4432999999931,0,1,1
18328960_15,298,short,repaired+p+boundary_on,repaired,p,1,1,0.010752688172043001,939.3372285648519,37206,969.5415000000196,0,1,1
18328960_15,298,short,repaired+q+boundary_off,repaired,q,0,1,0.014844804318488558,932.6093065034939,33360,807.0175000000006,0,1,1
18328960_15,298,short,repaired+q+boundary_on,repaired,q,1,1,0.010738255033557076,939.9230150024788,36804,983.6930999999822,0,1,1
18328960_15,299,medium,original+p+boundary_off,original,p,0,1,0.0056022408963585235,1250.5971131946737,33091,797.6901000000112,1,1,1
18328960_15,299,medium,original+p+boundary_on,original,p,1,1,0.004659832246039164,1260.8813844421359,51551,1318.2573999999931,1,1,1
18328960_15,299,medium,original+q+boundary_off,original,q,0,1,0.005597014925373123,1251.1828996323006,32525,785.873400000014,1,1,1
18328960_15,299,medium,original+q+boundary_on,original,q,1,1,0.004655493482309092,1261.4671708797628,50983,1326.1299000000122,1,1,1
18328960_15,299,medium,repaired+p+boundary_off,repaired,p,0,1,0.0056022408963585235,1250.5971131946737,33091,766.763200000014,1,1,1
18328960_15,299,medium,repaired+p+boundary_on,repaired,p,1,1,0.004659832246039164,1260.8813844421359,51671,1327.4556000000075,1,1,1
18328960_15,299,medium,repaired+q+boundary_off,repaired,q,0,1,0.005597014925373123,1251.1828996323006,32525,794.7369000000037,1,1,1
18328960_15,299,medium,repaired+q+boundary_on,repaired,q,1,1,0.004655493482309092,1261.4671708797628,51106,1256.5424000000007,1,1,1
18328960_15,300,medium,original+p+boundary_off,original,p,0,1,0.0,711.565583902096,11392,269.66350000000716,1,1,1
18328960_15,300,medium,original+p+boundary_on,original,p,1,1,0.0,711.565583902096,19138,475.63030000000595,1,1,1
18328960_15,300,medium,original+q+boundary_off,original,q,0,1,0.0,711.565583902096,11321,266.317000000015,1,1,1
18328960_15,300,medium,original+q+boundary_on,original,q,1,1,0.0,712.3940110268422,19035,501.56319999999255,1,1,1
18328960_15,300,medium,repaired+p+boundary_off,repaired,p,0,1,0.0,711.565583902096,11392,273.8647000000185,1,1,1
18328960_15,300,medium,repaired+p+boundary_on,repaired,p,1,1,0.0,711.565583902096,19138,478.9987999999994,1,1,1
18328960_15,300,medium,repaired+q+boundary_off,repaired,q,0,1,0.0,711.565583902096,11321,262.5883999999985,1,1,1
18328960_15,300,medium,repaired+q+boundary_on,repaired,q,1,1,0.0,712.3940110268422,19035,464.4767999999999,1,1,1
18328960_15,301,medium,original+p+boundary_off,original,p,0,1,0.07574391343552755,1289.8397538817935,52479,1251.4140000000111,0,0,1
18328960_15,301,medium,original+p+boundary_on,original,p,1,1,0.06104129263913827,1296.910821693659,68372,1758.0715999999939,0,0,1
18328960_15,301,medium,original+q+boundary_off,original,q,0,1,0.06744604316546765,1292.4255403194204,52664,1282.8337999999917,0,0,1
18328960_15,301,medium,original+q+boundary_on,original,q,1,1,0.06008968609865473,1298.3250352560322,68221,1765.0581999999986,0,0,1
18328960_15,301,medium,repaired+p+boundary_off,repaired,p,0,1,0.07574391343552755,1289.8397538817935,52479,1246.3847000000214,0,0,1
18328960_15,301,medium,repaired+p+boundary_on,repaired,p,1,1,0.06104129263913827,1296.910821693659,68372,1718.8250000000096,0,0,1
18328960_15,301,medium,repaired+q+boundary_off,repaired,q,0,1,0.06744604316546765,1292.4255403194204,52664,1247.108400000002,0,0,1
18328960_15,301,medium,repaired+q+boundary_on,repaired,q,1,1,0.06008968609865473,1298.3250352560322,68221,1736.5868999999918,0,0,1
18328960_15,302,medium,original+p+boundary_off,original,p,0,1,0.011611030478954953,1597.775828744865,45514,1103.2036000000005,0,1,1
18328960_15,302,medium,original+p+boundary_on,original,p,1,1,0.0072202166064981865,1607.6753236814766,76794,1953.3473000000185,1,1,1
18328960_15,302,medium,original+q+boundary_off,original,q,0,1,0.011611030478954953,1598.6042558696113,45322,1112.131699999992,0,1,1
18328960_15,302,medium,original+q+boundary_on,original,q,1,1,0.00721500721500723,1608.2611101191035,76137,1990.7163000000025,1,1,1
18328960_15,302,medium,repaired+p+boundary_off,repaired,p,0,1,0.011611030478954953,1597.775828744865,45514,1156.969900000007,0,1,1
18328960_15,302,medium,repaired+p+boundary_on,repaired,p,1,1,0.0072202166064981865,1607.6753236814766,76794,2006.8330999999944,1,1,1
18328960_15,302,medium,repaired+q+boundary_off,repaired,q,0,1,0.011611030478954953,1598.6042558696113,45322,1115.4002000000105,0,1,1
18328960_15,302,medium,repaired+q+boundary_on,repaired,q,1,1,0.00721500721500723,1608.2611101191035,76137,1963.509500000015,1,1,1
18328960_15,303,medium,original+p+boundary_off,original,p,0,1,0.07940663176265272,1458.5596667164407,52208,1321.9847999999956,0,0,1
18328960_15,303,medium,original+p+boundary_on,original,p,1,1,0.07167530224525043,1471.388093841187,69768,1803.4253999999805,0,0,1
18328960_15,303,medium,original+q+boundary_off,original,q,0,1,0.07752613240418116,1460.5596667164407,51340,1218.6775000000125,0,0,1
18328960_15,303,medium,original+q+boundary_on,original,q,1,1,0.07167530224525043,1471.388093841187,69078,1819.3324000000075,0,0,1
18328960_15,303,medium,repaired+p+boundary_off,repaired,p,0,1,0.07940663176265272,1458.5596667164407,52208,1282.3541999999861,0,0,1
18328960_15,303,medium,repaired+p+boundary_on,repaired,p,1,1,0.07167530224525043,1471.388093841187,69768,1811.2437999999997,0,0,1
18328960_15,303,medium,repaired+q+boundary_off,repaired,q,0,1,0.07752613240418116,1460.5596667164407,51340,1277.0575000000122,0,0,1
18328960_15,303,medium,repaired+q+boundary_on,repaired,q,1,1,0.07167530224525043,1471.388093841187,69078,1827.6511999999911,0,0,1
18328960_15,304,medium,original+p+boundary_off,original,p,0,1,0.09900990099009899,1281.552524041504,42934,1078.7830000000156,0,0,1
18328960_15,304,medium,original+p+boundary_on,original,p,1,1,0.08187134502923976,1295.8956697920114,64782,1705.911800000024,0,0,1
18328960_15,304,medium,original+q+boundary_off,original,q,0,1,0.1016781836130306,1283.3098833543847,42603,1062.3252000000036,0,0,0
18328960_15,304,medium,original+q+boundary_on,original,q,1,1,0.08187134502923976,1295.8956697920114,64257,1660.5069000000015,0,0,1
18328960_15,304,medium,repaired+p+boundary_off,repaired,p,0,1,0.09900990099009899,1281.552524041504,42934,1108.2863999999972,0,0,1
18328960_15,304,medium,repaired+p+boundary_on,repaired,p,1,1,0.08187134502923976,1295.8956697920114,64782,1689.8440999999877,0,0,1
18328960_15,304,medium,repaired+q+boundary_off,repaired,q,0,1,0.1016781836130306,1283.3098833543847,42603,1033.8819000000115,0,0,0
18328960_15,304,medium,repaired+q+boundary_on,repaired,q,1,1,0.08187134502923976,1295.8956697920114,64257,1699.1840999999965,0,0,1
18328960_15,305,medium,original+p+boundary_off,original,p,0,1,0.03431839847473783,1233.9818895055246,33165,828.5444999999925,0,1,1
18328960_15,305,medium,original+p+boundary_on,original,p,1,1,0.020774315391879128,1245.638743755017,45179,1449.96230000001,0,1,1
18328960_15,305,medium,original+q+boundary_off,original,q,0,1,0.03241182078169691,1235.638743755017,32937,1012.2514999999908,0,1,1
18328960_15,305,medium,original+q+boundary_on,original,q,1,1,0.018867924528301883,1246.224530192644,44844,1499.8951999999974,0,1,1
18328960_15,305,medium,repaired+p+boundary_off,repaired,p,0,1,0.03431839847473783,1233.9818895055246,33165,1025.5835000000104,0,1,1
18328960_15,305,medium,repaired+p+boundary_on,repaired,p,1,1,0.020774315391879128,1245.638743755017,45179,1489.219200000008,0,1,1
18328960_15,305,medium,repaired+q+boundary_off,repaired,q,0,1,0.03241182078169691,1235.638743755017,32937,1007.1532999999988,0,1,1
18328960_15,305,medium,repaired+q+boundary_on,repaired,q,1,1,0.018867924528301883,1246.224530192644,44844,1499.6556000000112,0,1,1
18328960_15,306,long,original+p+boundary_off,original,p,0,1,0.01465457083042565,1786.152595829006,68034,2163.239699999991,0,1,1
18328960_15,306,long,original+p+boundary_on,original,p,1,1,0.011126564673157202,1794.0520907656175,108694,3603.902500000004,0,1,1
18328960_15,306,long,original+q+boundary_off,original,q,0,1,0.013947001394700176,1787.566809391379,67947,2149.879100000021,0,1,1
18328960_15,306,long,original+q+boundary_on,original,q,1,1,0.011126564673157202,1794.0520907656175,107612,3596.8335000000025,0,1,1
18328960_15,306,long,repaired+p+boundary_off,repaired,p,0,1,0.01465457083042565,1786.152595829006,68034,2131.6335999999865,0,1,1
18328960_15,306,long,repaired+p+boundary_on,repaired,p,1,1,0.011126564673157202,1794.0520907656175,108717,3490.463900000009,0,1,1
18328960_15,306,long,repaired+q+boundary_off,repaired,q,0,1,0.013947001394700176,1787.566809391379,67947,2045.0827999999888,0,1,1
18328960_15,306,long,repaired+q+boundary_on,repaired,q,1,1,0.011126564673157202,1794.0520907656175,107616,3616.4324999999735,0,1,1
18328960_15,307,long,original+p+boundary_off,original,p,0,1,0.013513513513513487,2055.8367952889653,91576,3000.4883999999947,0,1,1
18328960_15,307,long,original+p+boundary_on,original,p,1,1,0.004494382022471877,2068.9494936611727,111994,3544.169199999999,1,1,1
18328960_15,307,long,original+q+boundary_off,original,q,0,1,0.006749156355455588,2057.008368164219,90020,2296.56209999996,1,1,1
18328960_15,307,long,original+q+boundary_on,original,q,1,1,0.004494382022471877,2068.9494936611727,110759,2894.1839999999956,1,1,1
18328960_15,307,long,repaired+p+boundary_off,repaired,p,0,1,0.013513513513513487,2055.8367952889653,91576,2282.1792999999957,0,1,1
18328960_15,307,long,repaired+p+boundary_on,repaired,p,1,1,0.004494382022471877,2068.9494936611727,112027,3000.371800000039,1,1,1
18328960_15,307,long,repaired+q+boundary_off,repaired,q,0,1,0.006749156355455588,2057.008368164219,90020,2189.5328999999606,1,1,1
18328960_15,307,long,repaired+q+boundary_on,repaired,q,1,1,0.004494382022471877,2068.9494936611727,110793,2885.37070000001,1,1,1
18328960_15,308,long,original+p+boundary_off,original,p,0,1,0.02766251728907332,1737.4347750354123,101282,2578.006300000027,0,1,1
18328960_15,308,long,original+p+boundary_on,original,p,1,1,0.01379310344827589,1743.0916292849047,137127,3664.313400000026,0,1,1
18328960_15,308,long,original+q+boundary_off,original,q,0,1,0.024187975120939842,1738.8489885977856,99877,2495.6267000000025,0,1,1
18328960_15,308,long,original+q+boundary_on,original,q,1,1,0.01379310344827589,1743.091629284905,135827,3606.455600000004,0,1,1
18328960_15,308,long,repaired+p+boundary_off,repaired,p,0,1,0.02766251728907332,1737.4347750354123,101282,2546.08520000005,0,1,1
18328960_15,308,long,repaired+p+boundary_on,repaired,p,1,1,0.01379310344827589,1743.0916292849047,137164,3639.00289999998,0,1,1
18328960_15,308,long,repaired+q+boundary_off,repaired,q,0,1,0.024187975120939842,1738.8489885977856,99877,2466.9967000000383,0,1,1
18328960_15,308,long,repaired+q+boundary_on,repaired,q,1,1,0.01379310344827589,1743.091629284905,135867,3894.200500000011,0,1,1
18328960_15,309,long,original+p+boundary_off,original,p,0,1,0.06407185628742518,2060.431816442584,105561,2824.282100000005,0,0,1
18328960_15,309,long,original+p+boundary_on,original,p,1,1,0.053941908713692976,2078.6744571297013,123874,3270.411299999978,0,0,1
18328960_15,309,long,original+q+boundary_off,original,q,0,1,0.06571087216248506,2063.6033893178374,104552,2599.600099999975,0,0,1
18328960_15,309,long,original+q+boundary_on,original,q,1,1,0.05328596802841923,2079.846030004955,122543,3325.562200000036,0,0,1
18328960_15,309,long,repaired+p+boundary_off,repaired,p,0,1,0.06407185628742518,2060.431816442584,105561,2876.2519999999654,0,0,1
18328960_15,309,long,repaired+p+boundary_on,repaired,p,1,1,0.053941908713692976,2078.6744571297013,123874,3214.0754999999785,0,0,1
18328960_15,309,long,repaired+q+boundary_off,repaired,q,0,1,0.06571087216248506,2063.6033893178374,104552,2626.0423999999603,0,0,1
18328960_15,309,long,repaired+q+boundary_on,repaired,q,1,1,0.05328596802841923,2079.846030004955,122543,3218.6719999999696,0,0,1
18328960_15,310,long,original+p+boundary_off,original,p,0,1,0.027529249827942137,1741.5352800988014,89799,2354.3986000000245,0,1,1
18328960_15,310,long,original+p+boundary_on,original,p,1,1,0.013726835964310236,1749.6774157225325,110197,2915.5681999999956,0,1,1
18328960_15,310,long,original+q+boundary_off,original,q,0,1,0.02407152682255842,1742.9494936611745,88687,2259.3903999999725,0,1,1
18328960_15,310,long,original+q+boundary_on,original,q,1,1,0.013726835964310236,1749.6774157225325,109172,2945.8519000000365,0,1,1
18328960_15,310,long,repaired+p+boundary_off,repaired,p,0,1,0.027529249827942137,1741.5352800988014,89799,2315.6563000000006,0,1,1
18328960_15,310,long,repaired+p+boundary_on,repaired,p,1,1,0.013726835964310236,1749.6774157225325,110230,2916.516999999999,0,1,1
18328960_15,310,long,repaired+q+boundary_off,repaired,q,0,1,0.02407152682255842,1742.9494936611745,88687,2182.4151000000143,0,1,1
18328960_15,310,long,repaired+q+boundary_on,repaired,q,1,1,0.013726835964310236,1749.6774157225325,109206,2983.249400000034,0,1,1
18328960_15,311,long,original+p+boundary_off,original,p,0,1,0.012987012987012991,2186.698843747335,115809,2873.04290000003,0,1,1
18328960_15,311,long,original+p+boundary_on,original,p,1,1,0.010135135135135087,2194.598338683946,148191,4024.9160999999845,0,1,1
18328960_15,311,long,original+q+boundary_off,original,q,0,1,0.011844331641285955,2188.698843747335,114312,3122.5340999999958,0,1,1
18328960_15,311,long,original+q+boundary_on,original,q,1,1,0.009566685424873378,2195.1841251215733,146819,4060.8603000000016,1,1,1
18328960_15,311,long,repaired+p+boundary_off,repaired,p,0,1,0.012987012987012991,2186.698843747335,115809,2860.6428999999594,0,1,1
18328960_15,311,long,repaired+p+boundary_on,repaired,p,1,1,0.010135135135135087,2194.598338683946,148224,3934.4061000000465,0,1,1
18328960_15,311,long,repaired+q+boundary_off,repaired,q,0,1,0.011844331641285955,2188.698843747335,114312,2863.418000000024,0,1,1
18328960_15,311,long,repaired+q+boundary_on,repaired,q,1,1,0.009566685424873378,2195.1841251215733,146853,3860.781999999972,1,1,1
18328960_15,312,long,original+p+boundary_off,original,p,0,1,0.017164653528289886,1965.9170978168236,79125,1966.983099999993,0,1,1
18328960_15,312,long,original+p+boundary_on,original,p,1,1,0.012025316455696156,1974.988165628689,101188,2632.5010999999563,0,1,1
18328960_15,312,long,original+q+boundary_off,original,q,0,1,0.015873015873015928,1967.9170978168236,78192,1966.5577000000098,0,1,1
18328960_15,312,long,original+q+boundary_on,original,q,1,1,0.011378002528445008,1976.159738503943,100459,2692.640900000015,0,1,1
18328960_15,312,long,repaired+p+boundary_off,repaired,p,0,1,0.017164653528289886,1965.9170978168236,79125,1932.574099999954,0,1,1
18328960_15,312,long,repaired+p+boundary_on,repaired,p,1,1,0.012025316455696156,1974.988165628689,101188,2677.1352000000093,0,1,1
18328960_15,312,long,repaired+q+boundary_off,repaired,q,0,1,0.015873015873015928,1967.9170978168236,78192,1938.8351999999713,0,1,1
18328960_15,312,long,repaired+q+boundary_on,repaired,q,1,1,0.011378002528445008,1976.159738503943,100459,2613.183900000024,0,1,1
18478735_15,313,short,original+p+boundary_off,original,p,0,1,0.011925042589437829,739.2590180780489,20113,504.36320000000023,0,1,1
18478735_15,313,short,original+p+boundary_on,original,p,1,1,0.01005025125628145,745.9453095790641,27783,733.9422999999954,0,1,1
18478735_15,313,short,original+q+boundary_off,original,q,0,1,0.011904761904761862,739.8448045156758,20162,475.1726000000076,0,1,1
18478735_15,313,short,original+q+boundary_on,original,q,1,1,0.01005025125628145,745.9453095790641,27530,702.234599999997,0,1,1
18478735_15,313,short,repaired+p+boundary_off,repaired,p,0,1,0.011925042589437829,739.2590180780489,20113,477.8306999999984,0,1,1
18478735_15,313,short,repaired+p+boundary_on,repaired,p,1,1,0.01005025125628145,745.9453095790641,27783,728.3991999999841,0,1,1
18478735_15,313,short,repaired+q+boundary_off,repaired,q,0,1,0.011904761904761862,739.8448045156758,20162,498.04530000000113,0,1,1
18478735_15,313,short,repaired+q+boundary_on,repaired,q,1,1,0.01005025125628145,745.9453095790641,27530,711.7584000000079,0,1,1
18478735_15,314,short,original+p+boundary_off,original,p,0,1,0.012626262626262652,966.6265504461968,23925,572.7891999999883,0,1,1
18478735_15,314,short,original+p+boundary_on,original,p,1,1,0.007556675062972307,970.2834046956892,28928,733.4094999999934,1,1,1
18478735_15,314,short,original+q+boundary_off,original,q,0,1,0.010101010101010055,967.454977570943,23171,545.7617000000141,0,1,1
18478735_15,314,short,original+q+boundary_on,original,q,1,1,0.007556675062972307,970.2834046956892,28408,746.6613999999936,1,1,1
18478735_15,314,short,repaired+p+boundary_off,repaired,p,0,1,0.012626262626262652,966.6265504461968,23925,586.3139999999873,0,1,1
18478735_15,314,short,repaired+p+boundary_on,repaired,p,1,1,0.007556675062972307,970.2834046956892,28928,754.1563999999994,1,1,1
18478735_15,314,short,repaired+q+boundary_off,repaired,q,0,1,0.010101010101010055,967.454977570943,23171,552.820099999991,0,1,1
18478735_15,314,short,repaired+q+boundary_on,repaired,q,1,1,0.007556675062972307,970.2834046956892,28408,741.8221000000074,1,1,1
18478735_15,315,short,original+p+boundary_off,original,p,0,1,0.1484375,174.63455967290614,2187,51.6661000000056,0,0,0
18478735_15,315,short,original+p+boundary_on,original,p,1,1,0.03053435114503822,177.2203461105331,3383,82.99139999999738,0,1,1
18478735_15,315,short,original+q+boundary_off,original,q,0,1,0.140625,175.46298679765232,2115,47.50640000000317,0,0,0
18478735_15,315,short,original+q+boundary_on,original,q,1,1,0.022900763358778664,178.04877323527927,3338,89.84179999998787,0,1,1
18478735_15,315,short,repaired+p+boundary_off,repaired,p,0,1,0.1484375,174.63455967290614,2187,54.79569999999967,0,0,0
18478735_15,315,short,repaired+p+boundary_on,repaired,p,1,1,0.03053435114503822,177.2203461105331,3383,91.8117999999879,0,1,1
18478735_15,315,short,repaired+q+boundary_off,repaired,q,0,1,0.140625,175.46298679765232,2115,49.18100000000436,0,0,0
18478735_15,315,short,repaired+q+boundary_on,repaired,q,1,1,0.022900763358778664,178.04877323527927,3338,95.1229000000069,0,1,1
18478735_15,316,short,original+p+boundary_off,original,p,0,1,0.053497942386831254,312.00209204105386,5943,143.48949999998695,0,0,1
18478735_15,316,short,original+p+boundary_on,original,p,1,1,0.028455284552845517,315.41630560342696,6722,173.39430000001244,0,1,1
18478735_15,316,short,original+q+boundary_off,original,q,0,1,0.049180327868852514,313.41630560342696,5888,146.06939999998758,0,1,1
18478735_15,316,short,original+q+boundary_on,original,q,1,1,0.024390243902439046,316.2447327281732,6656,175.6086000000039,0,1,1
18478735_15,316,short,repaired+p+boundary_off,repaired,p,0,1,0.053497942386831254,312.00209204105386,5943,152.2894000000008,0,0,1
18478735_15,316,short,repaired+p+boundary_on,repaired,p,1,1,0.028455284552845517,315.41630560342696,6722,164.00039999999194,0,1,1
18478735_15,316,short,repaired+q+boundary_off,repaired,q,0,1,0.049180327868852514,313.41630560342696,5888,128.18580000001134,0,1,1
18478735_15,316,short,repaired+q+boundary_on,repaired,q,1,1,0.024390243902439046,316.2447327281732,6656,168.58609999999885,0,1,1
18478735_15,317,short,original+p+boundary_off,original,p,0,1,0.032258064516129004,518.8082245892151,15819,392.82360000001404,0,1,1
18478735_15,317,short,original+p+boundary_on,original,p,1,1,0.022058823529411797,524.2224381515882,26183,711.0386999999889,0,1,1
18478735_15,317,short,original+q+boundary_off,original,q,0,1,0.02970297029702973,521.0508652763344,15744,380.4826999999875,0,1,1
18478735_15,317,short,original+q+boundary_on,original,q,1,1,0.022058823529411797,525.0508652763344,25854,658.593599999989,0,1,1
18478735_15,317,short,repaired+p+boundary_off,repaired,p,0,1,0.032258064516129004,518.8082245892151,15819,384.25989999998933,0,1,1
18478735_15,317,short,repaired+p+boundary_on,repaired,p,1,1,0.022058823529411797,524.2224381515882,26192,688.2180000000062,0,1,1
18478735_15,317,short,repaired+q+boundary_off,repaired,q,0,1,0.02970297029702973,521.0508652763344,15744,423.55589999999665,0,1,1
18478735_15,317,short,repaired+q+boundary_on,repaired,q,1,1,0.022058823529411797,525.0508652763344,25861,678.3852000000081,0,1,1
18478735_15,318,short,original+p+boundary_off,original,p,0,1,0.04449648711943799,537.423448278365,15928,399.3942999999831,0,1,1
18478735_15,318,short,original+p+boundary_on,original,p,1,1,0.027649769585253448,545.6660889654843,15771,410.3114000000119,0,1,1
18478735_15,318,short,original+q+boundary_off,original,q,0,1,0.02758620689655178,543.7665940288725,15872,394.71860000000447,0,1,1
18478735_15,318,short,original+q+boundary_on,original,q,1,1,0.025345622119815614,546.4945160902305,15633,423.8103999999794,0,1,1
18478735_15,318,short,repaired+p+boundary_off,repaired,p,0,1,0.04449648711943799,537.423448278365,15928,388.55749999999034,0,1,1
18478735_15,318,short,repaired+p+boundary_on,repaired,p,1,1,0.027649769585253448,545.6660889654843,15771,404.32029999999486,0,1,1
18478735_15,318,short,repaired+q+boundary_off,repaired,q,0,1,0.02758620689655178,543.7665940288725,15872,426.67959999999994,0,1,1
18478735_15,318,short,repaired+q+boundary_on,repaired,q,1,1,0.025345622119815614,546.4945160902305,15633,410.7328000000052,0,1,1
18478735_15,319,medium,original+p+boundary_off,original,p,0,1,0.009247842170160281,1885.6824663564141,49671,1194.437899999997,1,1,1
18478735_15,319,medium,original+p+boundary_on,original,p,1,1,0.004302397049784856,1891.0966799187872,45705,1243.6142999999902,1,1,1
18478735_15,319,medium,original+q+boundary_off,original,q,0,1,0.0067733990147783585,1887.6824663564141,48407,1185.0073999999893,1,1,1
18478735_15,319,medium,original+q+boundary_on,original,q,1,1,0.0030712530712531105,1891.6824663564141,45017,1206.2396000000035,1,1,1
18478735_15,319,medium,repaired+p+boundary_off,repaired,p,0,1,0.009247842170160281,1885.6824663564141,49671,1210.8435999999756,1,1,1
18478735_15,319,medium,repaired+p+boundary_on,repaired,p,1,1,0.004302397049784856,1891.0966799187872,45705,1209.031799999991,1,1,1
18478735_15,319,medium,repaired+q+boundary_off,repaired,q,0,1,0.0067733990147783585,1887.6824663564141,48407,1279.6639000000027,1,1,1
18478735_15,319,medium,repaired+q+boundary_on,repaired,q,1,1,0.0030712530712531105,1891.6824663564141,45017,1505.4223999999863,1,1,1
18478735_15,320,medium,original+p+boundary_off,original,p,0,1,0.01807802093244526,1223.1412690719578,32585,1008.6661999999933,0,1,1
18478735_15,320,medium,original+p+boundary_on,original,p,1,1,0.009460737937559083,1232.4549775709424,30048,997.1695000000125,1,1,1
18478735_15,320,medium,original+q+boundary_off,original,q,0,1,0.013295346628679927,1226.7981233214502,31993,988.4783999999911,0,1,1
18478735_15,320,medium,original+q+boundary_on,original,q,1,1,0.01040681173131508,1234.1118318204349,29634,973.6648999999886,0,1,1
18478735_15,320,medium,repaired+p+boundary_off,repaired,p,0,1,0.01807802093244526,1223.1412690719578,32585,1003.9653999999985,0,1,1
18478735_15,320,medium,repaired+p+boundary_on,repaired,p,1,1,0.009460737937559083,1232.4549775709424,30048,981.4144999999996,1,1,1
18478735_15,320,medium,repaired+q+boundary_off,repaired,q,0,1,0.013295346628679927,1226.7981233214502,31993,1004.3124999999975,0,1,1
18478735_15,320,medium,repaired+q+boundary_on,repaired,q,1,1,0.01040681173131508,1234.1118318204349,29634,984.5875000000035,0,1,1
18478735_15,321,medium,original+p+boundary_off,original,p,0,1,0.013961605584642212,1345.8935777509564,34446,1086.576100000002,0,1,1
18478735_15,321,medium,original+p+boundary_on,original,p,1,1,0.012205754141238034,1348.1362184380757,40311,1331.8730999999957,0,1,1
18478735_15,321,medium,original+q+boundary_off,original,q,0,1,0.01305483028720622,1347.6509370638369,33684,1035.5488999999807,0,1,1
18478735_15,321,medium,original+q+boundary_on,original,q,1,1,0.009565217391304337,1349.8935777509564,39948,1333.5148000000174,1,1,1
18478735_15,321,medium,repaired+p+boundary_off,repaired,p,0,1,0.013961605584642212,1345.8935777509564,34446,1068.8318999999638,0,1,1
18478735_15,321,medium,repaired+p+boundary_on,repaired,p,1,1,0.012205754141238034,1348.1362184380757,40311,1343.0130000000418,0,1,1
18478735_15,321,medium,repaired+q+boundary_off,repaired,q,0,1,0.01305483028720622,1347.6509370638369,33684,1074.7101000000043,0,1,1
18478735_15,321,medium,repaired+q+boundary_on,repaired,q,1,1,0.009565217391304337,1349.8935777509564,39948,1323.573500000009,1,1,1
18478735_15,322,medium,original+p+boundary_off,original,p,0,1,0.010342084327764511,1426.6559876977192,53952,1687.0951999999875,0,1,1
18478735_15,322,medium,original+p+boundary_on,original,p,1,1,0.0055511498810467685,1430.6559876977192,62366,2008.2899000000225,1,1,1
18478735_15,322,medium,original+q+boundary_off,original,q,0,1,0.00714853057982523,1428.6559876977192,53122,1601.1702000000128,1,1,1
18478735_15,322,medium,original+q+boundary_on,original,q,1,1,0.003961965134706813,1431.241774135346,61771,1966.572699999972,1,1,1
18478735_15,322,medium,repaired+p+boundary_off,repaired,p,0,1,0.010342084327764511,1426.6559876977192,54015,1617.9789999999912,0,1,1
18478735_15,322,medium,repaired+p+boundary_on,repaired,p,1,1,0.0055511498810467685,1430.6559876977192,62424,2105.4667000000222,1,1,1
18478735_15,322,medium,repaired+q+boundary_off,repaired,q,0,1,0.00714853057982523,1428.6559876977192,53184,1697.6658000000384,1,1,1
18478735_15,322,medium,repaired+q+boundary_on,repaired,q,1,1,0.003961965134706813,1431.241774135346,61833,2106.463499999961,1,1,1
18478735_15,323,medium,original+p+boundary_off,original,p,0,1,0.014822134387351804,1119.9381669041268,17322,553.531200000009,0,1,1
18478735_15,323,medium,original+p+boundary_on,original,p,1,1,0.013806706114398382,1121.9381669041268,24447,832.6152999999863,0,1,1
18478735_15,323,medium,original+q+boundary_off,original,q,0,1,0.01379310344827589,1122.5239533417537,17192,522.3168999999643,0,1,1
18478735_15,323,medium,original+q+boundary_on,original,q,1,1,0.01379310344827589,1122.5239533417537,24445,797.2932000000128,0,1,1
18478735_15,323,medium,repaired+p+boundary_off,repaired,p,0,1,0.014822134387351804,1119.9381669041268,17322,465.5032999999662,0,1,1
18478735_15,323,medium,repaired+p+boundary_on,repaired,p,1,1,0.013806706114398382,1121.9381669041268,24447,717.6757000000293,0,1,1
18478735_15,323,medium,repaired+q+boundary_off,repaired,q,0,1,0.01379310344827589,1122.5239533417537,17192,469.6264000000383,0,1,1
18478735_15,323,medium,repaired+q+boundary_on,repaired,q,1,1,0.01379310344827589,1122.5239533417537,24445,643.647900000019,0,1,1
18478735_15,324,medium,original+p+boundary_off,original,p,0,1,0.02486910994764402,946.4966081312854,38586,966.0962000000382,0,1,1
18478735_15,324,medium,original+p+boundary_on,original,p,1,1,0.018300653594771288,950.3961030678971,45670,1235.1426000000174,0,1,1
18478735_15,324,medium,original+q+boundary_off,original,q,0,1,0.020860495436766602,949.0823945689123,38216,922.135199999957,0,1,1
18478735_15,324,medium,original+q+boundary_on,original,q,1,1,0.01432291666666663,952.1534623807778,45334,1136.6045999999983,0,1,1
18478735_15,324,medium,repaired+p+boundary_off,repaired,p,0,1,0.02486910994764402,946.4966081312854,38586,937.4472999999739,0,1,1
18478735_15,324,medium,repaired+p+boundary_on,repaired,p,1,1,0.018300653594771288,950.3961030678971,45730,1220.8254999999895,0,1,1
18478735_15,324,medium,repaired+q+boundary_off,repaired,q,0,1,0.020860495436766602,949.0823945689123,38216,937.7888000000212,0,1,1
18478735_15,324,medium,repaired+q+boundary_on,repaired,q,1,1,0.01432291666666663,952.1534623807778,45396,1204.035900000008,0,1,1
18478735_15,325,medium,original+p+boundary_off,original,p,0,1,0.044207317073170715,1577.339320605907,58051,1430.858999999998,0,1,1
18478735_15,325,medium,original+p+boundary_on,original,p,1,1,0.03726235741444872,1584.067242667265,65813,1710.4670999999598,0,1,1
18478735_15,325,medium,original+q+boundary_off,original,q,0,1,0.04103343465045595,1580.5108934811608,57269,1391.053100000022,0,1,1
18478735_15,325,medium,original+q+boundary_on,original,q,1,1,0.03490136570561453,1585.8246019801456,65010,1672.54029999998,0,1,1
18478735_15,325,medium,repaired+p+boundary_off,repaired,p,0,1,0.044207317073170715,1577.339320605907,58051,1464.581399999986,0,1,1
18478735_15,325,medium,repaired+p+boundary_on,repaired,p,1,1,0.03726235741444872,1584.067242667265,65883,1731.8806000000109,0,1,1
18478735_15,325,medium,repaired+q+boundary_off,repaired,q,0,1,0.04103343465045595,1580.5108934811608,57269,1435.0589000000014,0,1,1
18478735_15,325,medium,repaired+q+boundary_on,repaired,q,1,1,0.03490136570561453,1585.8246019801456,65074,1700.232500000027,0,1,1
18478735_15,326,long,original+p+boundary_off,original,p,0,1,0.01663585951940849,3229.6370106513514,94983,2389.02029999997,0,1,1
18478735_15,326,long,original+p+boundary_on,original,p,1,1,0.009569377990430672,3245.7791462750806,94796,2482.428999999968,1,1,1
18478735_15,326,long,original+q+boundary_off,original,q,0,1,0.014016967908520805,3235.637010651352,93332,2334.63949999998,0,1,1
18478735_15,326,long,original+q+boundary_on,original,q,1,1,0.008452774715178246,3249.779146275081,93575,2454.402499999958,1,1,1
18478735_15,326,long,repaired+p+boundary_off,repaired,p,0,1,0.01663585951940849,3229.6370106513514,94983,2356.876599999964,0,1,1
18478735_15,326,long,repaired+p+boundary_on,repaired,p,1,1,0.009569377990430672,3245.7791462750806,94866,2518.8065000000393,1,1,1
18478735_15,326,long,repaired+q+boundary_off,repaired,q,0,1,0.014016967908520805,3235.637010651352,93332,2482.3438000000237,0,1,1
18478735_15,326,long,repaired+q+boundary_on,repaired,q,1,1,0.008452774715178246,3249.779146275081,93639,2632.5151000000346,1,1,1
18478735_15,327,long,original+p+boundary_off,original,p,0,1,0.011216056670602104,1987.920056409651,61162,1545.5289999999877,0,1,1
18478735_15,327,long,original+p+boundary_on,original,p,1,1,0.008259587020648995,1991.8195513462626,72992,1910.929699999997,1,1,1
18478735_15,327,long,original+q+boundary_off,original,q,0,1,0.009428403064230984,1990.5058428472778,60659,1454.5612000000006,1,1,1
18478735_15,327,long,original+q+boundary_on,original,q,1,1,0.006478209658421719,1993.5769106591433,72389,1898.4158000000093,1,1,1
18478735_15,327,long,repaired+p+boundary_off,repaired,p,0,1,0.011216056670602104,1987.920056409651,61224,1477.3355000000379,0,1,1
18478735_15,327,long,repaired+p+boundary_on,repaired,p,1,1,0.008259587020648995,1991.8195513462626,73052,1978.0145999999945,1,1,1
18478735_15,327,long,repaired+q+boundary_off,repaired,q,0,1,0.009428403064230984,1990.5058428472778,60724,1596.2999000000195,1,1,1
18478735_15,327,long,repaired+q+boundary_on,repaired,q,1,1,0.006478209658421719,1993.5769106591433,72449,1986.8023999999878,1,1,1
18478735_15,328,long,original+p+boundary_off,original,p,0,1,0.016322089227421066,2162.98607358762,66065,1625.3939999999716,0,1,1
18478735_15,328,long,original+p+boundary_on,original,p,1,1,0.009224091155724312,2170.0571413994858,78436,2035.5394000000047,1,1,1
18478735_15,328,long,original+q+boundary_off,original,q,0,1,0.01357220412595006,2166.157646462874,64909,1620.4331000000138,0,1,1
18478735_15,328,long,original+q+boundary_on,original,q,1,1,0.008667388949079036,2172.6429278371124,77358,2025.1610999999912,1,1,1
18478735_15,328,long,repaired+p+boundary_off,repaired,p,0,1,0.016322089227421066,2162.98607358762,66065,1666.3940000000252,0,1,1
18478735_15,328,long,repaired+p+boundary_on,repaired,p,1,1,0.009224091155724312,2170.0571413994858,78436,2174.493900000016,1,1,1
18478735_15,328,long,repaired+q+boundary_off,repaired,q,0,1,0.01357220412595006,2166.157646462874,64909,1631.7007000000103,0,1,1
18478735_15,328,long,repaired+q+boundary_on,repaired,q,1,1,0.008667388949079036,2172.6429278371124,77358,2045.9913000000256,1,1,1
18478735_15,329,long,original+p+boundary_off,original,p,0,1,0.01557338367154315,2528.485640311688,102013,2523.8100999999915,0,1,1
18478735_15,329,long,original+p+boundary_on,original,p,1,1,0.010348071495766664,2540.8704166225375,93154,2517.4070000000484,0,1,1
18478735_15,329,long,original+q+boundary_off,original,q,0,1,0.011770244821092235,2534.7282809988064,100604,2545.814699999994,0,1,1
18478735_15,329,long,original+q+boundary_on,original,q,1,1,0.009394081728511083,2544.28463018491,92298,2416.145400000005,1,1,1
18478735_15,329,long,repaired+p+boundary_off,repaired,p,0,1,0.01557338367154315,2528.485640311688,102075,2481.7284000000086,0,1,1
18478735_15,329,long,repaired+p+boundary_on,repaired,p,1,1,0.010348071495766664,2540.8704166225375,93214,2518.1378000000336,0,1,1
18478735_15,329,long,repaired+q+boundary_off,repaired,q,0,1,0.011770244821092235,2534.7282809988064,100661,2512.047499999994,0,1,1
18478735_15,329,long,repaired+q+boundary_on,repaired,q,1,1,0.009394081728511083,2544.28463018491,92358,2438.1261000000336,1,1,1
18478735_15,330,long,original+p+boundary_off,original,p,0,1,0.030360531309297945,2469.8510806388053,94454,2410.236800000007,0,1,1
18478735_15,330,long,original+p+boundary_on,original,p,1,1,0.024597918637653704,2482.478497636773,87038,2577.860800000053,0,1,1
18478735_15,330,long,original+q+boundary_off,original,q,0,1,0.0265026029342168,2475.2652942011778,93004,2441.479300000026,0,1,1
18478735_15,330,long,original+q+boundary_on,original,q,1,1,0.02409069437883793,2485.0642840743994,86235,2237.953399999981,0,1,1
18478735_15,330,long,repaired+p+boundary_off,repaired,p,0,1,0.030360531309297945,2469.8510806388053,94516,2329.7345999999948,0,1,1
18478735_15,330,long,repaired+p+boundary_on,repaired,p,1,1,0.024597918637653704,2482.478497636773,87098,2370.1732000000106,0,1,1
18478735_15,330,long,repaired+q+boundary_off,repaired,q,0,1,0.0265026029342168,2475.2652942011778,93061,2291.268300000013,0,1,1
18478735_15,330,long,repaired+q+boundary_on,repaired,q,1,1,0.02409069437883793,2485.0642840743994,86295,2274.223699999993,0,1,1
18478735_15,331,long,original+p+boundary_off,original,p,0,1,0.015934331240946453,2467.2308063157493,102918,2579.464400000006,0,1,1
18478735_15,331,long,original+p+boundary_on,original,p,1,1,0.010587102983638075,2479.615582626599,93533,2402.175600000021,0,1,1
18478735_15,331,long,original+q+boundary_off,original,q,0,1,0.012042389210019322,2473.473447002868,101416,2494.0055000000143,0,1,1
18478735_15,331,long,original+q+boundary_on,original,q,1,1,0.00961076405574246,2483.0297961889714,92662,2450.7691000000023,1,1,1
18478735_15,331,long,repaired+p+boundary_off,repaired,p,0,1,0.015934331240946453,2467.2308063157493,102980,2602.2859999999923,0,1,1
18478735_15,331,long,repaired+p+boundary_on,repaired,p,1,1,0.010587102983638075,2479.615582626599,93593,2412.5818999999638,0,1,1
18478735_15,331,long,repaired+q+boundary_off,repaired,q,0,1,0.012042389210019322,2473.473447002868,101473,2553.54490000002,0,1,1
18478735_15,331,long,repaired+q+boundary_on,repaired,q,1,1,0.00961076405574246,2483.0297961889714,92722,2439.569400000039,1,1,1
18478735_15,332,long,original+p+boundary_off,original,p,0,1,0.01593202336696764,2225.383043207283,66802,1607.808900000009,0,1,1
18478735_15,332,long,original+p+boundary_on,original,p,1,1,0.011640211640211673,2236.11096526864,62876,1695.9183000000166,0,1,1
18478735_15,332,long,original+q+boundary_off,original,q,0,1,0.012711864406779627,2230.7972567696556,65365,1589.576299999976,0,1,1
18478735_15,332,long,original+q+boundary_on,original,q,1,1,0.010565240359218131,2239.5251788310125,62062,1654.8217999999792,0,1,1
18478735_15,332,long,repaired+p+boundary_off,repaired,p,0,1,0.01593202336696764,2225.383043207283,66802,1634.0036999999938,0,1,1
18478735_15,332,long,repaired+p+boundary_on,repaired,p,1,1,0.011640211640211673,2236.11096526864,62876,1711.1088000000336,0,1,1
18478735_15,332,long,repaired+q+boundary_off,repaired,q,0,1,0.012711864406779627,2230.7972567696556,65365,1628.9371999999958,0,1,1
18478735_15,332,long,repaired+q+boundary_on,repaired,q,1,1,0.010565240359218131,2239.5251788310125,62062,1650.9220999999457,0,1,1
18478900_15,333,short,original+p+boundary_off,original,p,0,1,0.0,154.29646455628162,1879,55.72699999999031,1,1,1
18478900_15,333,short,original+p+boundary_on,original,p,1,1,0.0,155.46803743153544,1988,60.730999999975666,1,1,1
18478900_15,333,short,original+q+boundary_off,original,q,0,1,0.0,154.29646455628162,1879,62.61960000000499,1,1,1
18478900_15,333,short,original+q+boundary_on,original,q,1,1,0.0,155.46803743153544,1978,59.666100000015376,1,1,1
18478900_15,333,short,repaired+p+boundary_off,repaired,p,0,1,0.0,154.29646455628162,1879,54.49950000001991,1,1,1
18478900_15,333,short,repaired+p+boundary_on,repaired,p,1,1,0.0,155.46803743153544,1988,64.56580000002532,1,1,1
18478900_15,333,short,repaired+q+boundary_off,repaired,q,0,1,0.0,154.29646455628162,1879,59.672599999998965,1,1,1
18478900_15,333,short,repaired+q+boundary_on,repaired,q,1,1,0.0,155.46803743153544,1978,60.961200000008375,1,1,1
18478900_15,334,short,original+p+boundary_off,original,p,0,1,0.020618556701030966,347.9898987322347,4611,144.3580000000111,0,1,1
18478900_15,334,short,original+p+boundary_on,original,p,1,1,0.0,349.16147160748847,5283,169.35339999997723,1,1,1
18478900_15,334,short,original+q+boundary_off,original,q,0,1,0.020618556701030966,347.9898987322347,4604,128.05450000001883,0,1,1
18478900_15,334,short,original+q+boundary_on,original,q,1,1,0.0,349.16147160748847,5177,138.4773999999993,1,1,1
18478900_15,334,short,repaired+p+boundary_off,repaired,p,0,1,0.020618556701030966,347.9898987322347,4611,112.87019999997483,0,1,1
18478900_15,334,short,repaired+p+boundary_on,repaired,p,1,1,0.0,349.16147160748847,5283,145.37449999994578,1,1,1
18478900_15,334,short,repaired+q+boundary_off,repaired,q,0,1,0.020618556701030966,347.9898987322347,4604,127.99390000003541,0,1,1
18478900_15,334,short,repaired+q+boundary_on,repaired,q,1,1,0.0,349.16147160748847,5177,152.6241999999911,1,1,1
18478900_15,335,short,original+p+boundary_off,original,p,0,1,0.0,107.36753236814704,1367,35.22159999999985,1,1,1
18478900_15,335,short,original+p+boundary_on,original,p,1,1,0.0,108.53910524340084,1518,45.68629999999985,1,1,1
18478900_15,335,short,original+q+boundary_off,original,q,0,1,0.0,107.36753236814702,1356,38.52080000001479,1,1,1
18478900_15,335,short,original+q+boundary_on,original,q,1,1,0.0,108.53910524340084,1488,38.20059999998193,1,1,1
18478900_15,335,short,repaired+p+boundary_off,repaired,p,0,1,0.0,107.36753236814704,1367,31.255099999953018,1,1,1
18478900_15,335,short,repaired+p+boundary_on,repaired,p,1,1,0.0,108.53910524340084,1518,41.818700000021636,1,1,1
18478900_15,335,short,repaired+q+boundary_off,repaired,q,0,1,0.0,107.36753236814702,1356,36.66759999998703,1,1,1
18478900_15,335,short,repaired+q+boundary_on,repaired,q,1,1,0.0,108.53910524340084,1488,41.4623000000347,1,1,1
18478900_15,336,short,original+p+boundary_off,original,p,0,1,0.010729613733905574,544.9432175380088,8055,234.18159999999943,0,1,1
18478900_15,336,short,original+p+boundary_on,original,p,1,1,0.010638297872340385,547.2863632885163,7548,197.37140000000863,0,1,1
18478900_15,336,short,original+q+boundary_off,original,q,0,1,0.015021459227467782,544.9432175380088,7938,187.81460000002426,0,1,1
18478900_15,336,short,original+q+boundary_on,original,q,1,1,0.012765957446808529,547.2863632885163,7561,213.72140000005402,0,1,1
18478900_15,336,short,repaired+p+boundary_off,repaired,p,0,1,0.010729613733905574,544.9432175380088,8055,207.77580000003582,0,1,1
18478900_15,336,short,repaired+p+boundary_on,repaired,p,1,1,0.010638297872340385,547.2863632885163,7548,219.76260000002412,0,1,1
18478900_15,336,short,repaired+q+boundary_off,repaired,q,0,1,0.015021459227467782,544.9432175380088,7938,201.63980000000947,0,1,1
18478900_15,336,short,repaired+q+boundary_on,repaired,q,1,1,0.012765957446808529,547.2863632885163,7561,186.17249999999785,0,1,1
18478900_15,337,short,original+p+boundary_off,original,p,0,1,0.0,387.58787847868166,5706,137.49510000002374,1,1,1
18478900_15,337,short,original+p+boundary_on,original,p,1,1,0.0,389.93102422918923,5679,149.206300000003,1,1,1
18478900_15,337,short,original+q+boundary_off,original,q,0,1,0.0,387.58787847868166,5677,134.42620000000716,1,1,1
18478900_15,337,short,original+q+boundary_on,original,q,1,1,0.0,389.93102422918923,5621,139.0519999999924,1,1,1
18478900_15,337,short,repaired+p+boundary_off,repaired,p,0,1,0.0,387.58787847868166,5706,150.68459999997685,1,1,1
18478900_15,337,short,repaired+p+boundary_on,repaired,p,1,1,0.0,389.93102422918923,5679,139.30970000001253,1,1,1
18478900_15,337,short,repaired+q+boundary_off,repaired,q,0,1,0.0,387.58787847868166,5677,149.49730000000727,1,1,1
18478900_15,337,short,repaired+q+boundary_on,repaired,q,1,1,0.0,389.93102422918923,5621,146.68009999996912,1,1,1
18478900_15,338,short,original+p+boundary_off,original,p,0,1,0.0,265.5634918610409,3081,78.10779999999795,1,1,1
18478900_15,338,short,original+p+boundary_on,original,p,1,1,0.0,265.5634918610409,3248,83.4929000000102,1,1,1
18478900_15,338,short,original+q+boundary_off,original,q,0,1,0.0,265.5634918610409,3087,71.28219999998464,1,1,1
18478900_15,338,short,original+q+boundary_on,original,q,1,1,0.0,265.5634918610409,3230,81.68940000001612,1,1,1
18478900_15,338,short,repaired+p+boundary_off,repaired,p,0,1,0.0,265.5634918610409,3081,71.21649999999136,1,1,1
18478900_15,338,short,repaired+p+boundary_on,repaired,p,1,1,0.0,265.5634918610409,3248,79.77660000000242,1,1,1
18478900_15,338,short,repaired+q+boundary_off,repaired,q,0,1,0.0,265.5634918610409,3087,69.75609999994958,1,1,1
18478900_15,338,short,repaired+q+boundary_on,repaired,q,1,1,0.0,265.5634918610409,3230,83.26470000002928,1,1,1
18478900_15,339,medium,original+p+boundary_off,original,p,0,1,0.006085192697768749,1181.3372285648518,18438,435.09699999998475,1,1,1
18478900_15,339,medium,original+p+boundary_on,original,p,1,1,0.0,1185.6803743153591,18052,469.17639999998073,1,1,1
18478900_15,339,medium,original+q+boundary_off,original,q,0,1,0.006085192697768749,1181.3372285648518,18354,438.95089999995207,1,1,1
18478900_15,339,medium,original+q+boundary_on,original,q,1,1,0.0,1185.6803743153591,17965,445.4595999999924,1,1,1
18478900_15,339,medium,repaired+p+boundary_off,repaired,p,0,1,0.006085192697768749,1181.3372285648518,18583,441.6334000000006,1,1,1
18478900_15,339,medium,repaired+p+boundary_on,repaired,p,1,1,0.0,1185.6803743153591,18245,480.7835999999952,1,1,1
18478900_15,339,medium,repaired+q+boundary_off,repaired,q,0,1,0.006085192697768749,1181.3372285648518,18480,478.2614999999737,1,1,1
18478900_15,339,medium,repaired+q+boundary_on,repaired,q,1,1,0.0,1185.6803743153591,18177,463.1155000000149,1,1,1
18478900_15,340,medium,original+p+boundary_off,original,p,0,1,0.010869565217391353,1202.366665816374,19176,480.9577000000331,0,1,1
18478900_15,340,medium,original+p+boundary_on,original,p,1,1,0.004901960784313708,1207.8813844421354,18658,469.68239999995376,1,1,1
18478900_15,340,medium,original+q+boundary_off,original,q,0,1,0.012845849802371578,1202.366665816374,19069,471.0569999999734,0,1,1
18478900_15,340,medium,original+q+boundary_on,original,q,1,1,0.00588235294117645,1207.8813844421354,18653,479.97320000001764,1,1,1
18478900_15,340,medium,repaired+p+boundary_off,repaired,p,0,1,0.010869565217391353,1202.366665816374,19392,473.996800000009,0,1,1
18478900_15,340,medium,repaired+p+boundary_on,repaired,p,1,1,0.004901960784313708,1207.8813844421354,18851,536.0701999999833,1,1,1
18478900_15,340,medium,repaired+q+boundary_off,repaired,q,0,1,0.012845849802371578,1202.366665816374,19312,478.91679999997905,0,1,1
18478900_15,340,medium,repaired+q+boundary_on,repaired,q,1,1,0.00588235294117645,1207.8813844421354,18863,472.11980000002995,1,1,1
18478900_15,341,medium,original+p+boundary_off,original,p,0,1,0.005988023952095856,974.00418408211,15401,370.5085000000281,1,1,1
18478900_15,341,medium,original+p+boundary_on,original,p,1,1,0.005945303210463715,978.3473298326174,15103,390.3317999999558,1,1,1
18478900_15,341,medium,original+q+boundary_off,original,q,0,1,0.008383233532934131,974.0041840821099,15270,366.42850000004046,1,1,1
18478900_15,341,medium,original+q+boundary_on,original,q,1,1,0.007134363852556502,978.3473298326174,15143,378.07609999998704,1,1,1
18478900_15,341,medium,repaired+p+boundary_off,repaired,p,0,1,0.005988023952095856,974.00418408211,15617,391.694100000052,1,1,1
18478900_15,341,medium,repaired+p+boundary_on,repaired,p,1,1,0.005945303210463715,978.3473298326174,15296,400.05500000000893,1,1,1
18478900_15,341,medium,repaired+q+boundary_off,repaired,q,0,1,0.008383233532934131,974.0041840821099,15513,364.8345999999947,1,1,1
18478900_15,341,medium,repaired+q+boundary_on,repaired,q,1,1,0.007134363852556502,978.3473298326174,15353,373.7222999999972,1,1,1
18478900_15,342,medium,original+p+boundary_off,original,p,0,1,0.007211538461538436,1025.2661607529863,15384,375.19129999998313,1,1,1
18478900_15,342,medium,original+p+boundary_on,original,p,1,1,0.0,1027.6093065034938,12923,323.16540000005034,1,1,1
18478900_15,342,medium,original+q+boundary_off,original,q,0,1,0.007211538461538436,1025.2661607529863,15286,358.9743999999655,1,1,1
18478900_15,342,medium,original+q+boundary_on,original,q,1,1,0.0,1027.6093065034938,12880,327.2594999999683,1,1,1
18478900_15,342,medium,repaired+p+boundary_off,repaired,p,0,1,0.007211538461538436,1025.2661607529863,15384,373.6786000000052,1,1,1
18478900_15,342,medium,repaired+p+boundary_on,repaired,p,1,1,0.0,1027.6093065034938,12923,322.8368000000046,1,1,1
18478900_15,342,medium,repaired+q+boundary_off,repaired,q,0,1,0.007211538461538436,1025.2661607529863,15286,398.73779999999215,1,1,1
18478900_15,342,medium,repaired+q+boundary_on,repaired,q,1,1,0.0,1027.6093065034938,12880,345.21660000001475,1,1,1
18478900_15,343,medium,original+p+boundary_off,original,p,0,1,0.01066925315227929,1231.3077913133288,17976,456.6289000000552,0,1,1
18478900_15,343,medium,original+p+boundary_on,original,p,1,1,0.003853564547206201,1236.2367235014633,16209,404.3209000000161,1,1,1
18478900_15,343,medium,original+q+boundary_off,original,q,0,1,0.012609117361784716,1231.3077913133288,17633,434.447299999988,0,1,1
18478900_15,343,medium,original+q+boundary_on,original,q,1,1,0.004816955684007751,1236.2367235014633,16125,424.18559999998706,1,1,1
18478900_15,343,medium,repaired+p+boundary_off,repaired,p,0,1,0.01066925315227929,1231.3077913133288,18118,452.4282999999514,0,1,1
18478900_15,343,medium,repaired+p+boundary_on,repaired,p,1,1,0.003853564547206201,1236.2367235014633,16408,412.88780000002134,1,1,1
18478900_15,343,medium,repaired+q+boundary_off,repaired,q,0,1,0.012609117361784716,1231.3077913133288,17723,437.2007000000053,0,1,1
18478900_15,343,medium,repaired+q+boundary_on,repaired,q,1,1,0.004816955684007751,1236.2367235014633,16318,430.680499999994,1,1,1
18478900_15,344,medium,original+p+boundary_off,original,p,0,0,nan,nan,0,0.0,0,0,0
18478900_15,344,medium,original+p+boundary_on,original,p,1,0,nan,nan,0,0.0,0,0,0
18478900_15,344,medium,original+q+boundary_off,original,q,0,0,nan,nan,0,0.0,0,0,0
18478900_15,344,medium,original+q+boundary_on,original,q,1,0,nan,nan,0,0.0,0,0,0
18478900_15,344,medium,repaired+p+boundary_off,repaired,p,0,0,nan,nan,0,0.0,0,0,0
18478900_15,344,medium,repaired+p+boundary_on,repaired,p,1,0,nan,nan,0,0.0,0,0,0
18478900_15,344,medium,repaired+q+boundary_off,repaired,q,0,0,nan,nan,0,0.0,0,0,0
18478900_15,344,medium,repaired+q+boundary_on,repaired,q,1,0,nan,nan,0,0.0,0,0,0
18478900_15,345,medium,original+p+boundary_off,original,p,0,1,0.006072874493927127,1205.2905473706262,17968,419.2610999999715,1,1,1
18478900_15,345,medium,original+p+boundary_on,original,p,1,1,0.0,1209.633693121134,17247,438.249600000006,1,1,1
18478900_15,345,medium,original+q+boundary_off,original,q,0,1,0.006072874493927127,1205.2905473706262,17860,435.96699999994826,1,1,1
18478900_15,345,medium,original+q+boundary_on,original,q,1,1,0.0,1209.633693121134,17128,439.9131000000125,1,1,1
18478900_15,345,medium,repaired+p+boundary_off,repaired,p,0,1,0.006072874493927127,1205.2905473706262,17968,440.84029999999075,1,1,1
18478900_15,345,medium,repaired+p+boundary_on,repaired,p,1,1,0.0,1209.633693121134,17352,464.0690000000518,1,1,1
18478900_15,345,medium,repaired+q+boundary_off,repaired,q,0,1,0.006072874493927127,1205.2905473706262,17860,439.8001999999792,1,1,1
18478900_15,345,medium,repaired+q+boundary_on,repaired,q,1,1,0.0,1209.633693121134,17216,454.09380000000965,1,1,1
18478900_15,346,long,original+p+boundary_off,original,p,0,1,0.006740196078431349,1968.9982668964542,27513,658.2204999999703,1,1,1
18478900_15,346,long,original+p+boundary_on,original,p,1,1,0.0024360535931789995,1975.6845583974693,23285,573.912699999994,1,1,1
18478900_15,346,long,original+q+boundary_off,original,q,0,1,0.007965686274509776,1968.9982668964542,27238,641.0909999999603,1,1,1
18478900_15,346,long,original+q+boundary_on,original,q,1,1,0.003045066991473777,1975.6845583974693,23187,595.7764999999995,1,1,1
18478900_15,346,long,repaired+p+boundary_off,repaired,p,0,1,0.006740196078431349,1968.9982668964542,27731,679.5351000000096,1,1,1
18478900_15,346,long,repaired+p+boundary_on,repaired,p,1,1,0.0024360535931789995,1975.6845583974693,23480,573.0660000000398,1,1,1
18478900_15,346,long,repaired+q+boundary_off,repaired,q,0,1,0.007965686274509776,1968.9982668964542,27481,644.0873000000238,1,1,1
18478900_15,346,long,repaired+q+boundary_on,repaired,q,1,1,0.003045066991473777,1975.6845583974693,23403,639.929699999982,1,1,1
18478900_15,347,long,original+p+boundary_off,original,p,0,1,0.006578947368421018,2007.3414126469618,28553,682.6843000000054,1,1,1
18478900_15,347,long,original+p+boundary_on,original,p,1,1,0.0029726516052318575,2014.027704147977,23982,606.6022999999632,1,1,1
18478900_15,347,long,original+q+boundary_off,original,q,0,1,0.007775119617224879,2008.169839771708,28206,681.2246000000073,1,1,1
18478900_15,347,long,original+q+boundary_on,original,q,1,1,0.003567181926278251,2014.8561312727231,23882,610.7259999999997,1,1,1
18478900_15,347,long,repaired+p+boundary_off,repaired,p,0,1,0.006578947368421018,2007.3414126469618,28769,694.5071999999755,1,1,1
18478900_15,347,long,repaired+p+boundary_on,repaired,p,1,1,0.0029726516052318575,2014.027704147977,24175,634.8997000000054,1,1,1
18478900_15,347,long,repaired+q+boundary_off,repaired,q,0,1,0.007775119617224879,2008.169839771708,28445,700.7950999999935,1,1,1
18478900_15,347,long,repaired+q+boundary_on,repaired,q,1,1,0.003567181926278251,2014.8561312727231,24092,627.6604000000248,1,1,1
18478900_15,348,long,original+p+boundary_off,original,p,0,1,0.006707317073170738,1976.5840533340809,27317,655.5433000000335,1,1,1
18478900_15,348,long,original+p+boundary_on,original,p,1,1,0.00303030303030305,1983.270344835096,23402,607.4722000000179,1,1,1
18478900_15,348,long,original+q+boundary_off,original,q,0,1,0.00792682926829269,1976.5840533340809,26812,643.6742999999865,1,1,1
18478900_15,348,long,original+q+boundary_on,original,q,1,1,0.0036363636363636598,1983.270344835096,23267,640.2012000000354,1,1,1
18478900_15,348,long,repaired+p+boundary_off,repaired,p,0,1,0.006707317073170738,1976.5840533340809,27509,734.2628999999761,1,1,1
18478900_15,348,long,repaired+p+boundary_on,repaired,p,1,1,0.00303030303030305,1983.270344835096,23599,626.459900000043,1,1,1
18478900_15,348,long,repaired+q+boundary_off,repaired,q,0,1,0.00792682926829269,1976.5840533340809,26976,718.8423999999713,1,1,1
18478900_15,348,long,repaired+q+boundary_on,repaired,q,1,1,0.0036363636363636598,1983.270344835096,23460,646.7842000000132,1,1,1
18478900_15,349,long,original+p+boundary_off,original,p,0,1,0.006658595641646503,1984.027704147977,28516,754.1004000000271,1,1,1
18478900_15,349,long,original+p+boundary_on,original,p,1,1,0.0030084235860409203,1990.713995648992,24005,655.2833999999734,1,1,1
18478900_15,349,long,original+q+boundary_off,original,q,0,1,0.00786924939467315,1984.8561312727231,28171,738.6460999999827,1,1,1
18478900_15,349,long,original+q+boundary_on,original,q,1,1,0.0036101083032491488,1991.5424227737383,23891,640.736899999979,1,1,1
18478900_15,349,long,repaired+p+boundary_off,repaired,p,0,1,0.006658595641646503,1984.027704147977,28732,754.9627000000214,1,1,1
18478900_15,349,long,repaired+p+boundary_on,repaired,p,1,1,0.0030084235860409203,1990.713995648992,24198,630.6081000000177,1,1,1
18478900_15,349,long,repaired+q+boundary_off,repaired,q,0,1,0.00786924939467315,1984.8561312727231,28408,689.2170999999507,1,1,1
18478900_15,349,long,repaired+q+boundary_on,repaired,q,1,1,0.0036101083032491488,1991.5424227737383,24099,613.2284999999911,1,1,1
18478900_15,350,long,original+p+boundary_off,original,p,0,1,0.0070739549839228255,1870.0449480906796,25407,597.5396000000046,1,1,1
18478900_15,350,long,original+p+boundary_on,original,p,1,1,0.0025591810620601008,1875.559666716441,21937,561.5379000000189,1,1,1
18478900_15,350,long,original+q+boundary_off,original,q,0,1,0.00836012861736335,1870.0449480906796,25220,615.3816000000347,1,1,1
18478900_15,350,long,original+q+boundary_on,original,q,1,1,0.0031989763275751537,1875.559666716441,21865,582.5451000000044,1,1,1
18478900_15,350,long,repaired+p+boundary_off,repaired,p,0,1,0.0070739549839228255,1870.0449480906796,25629,607.7028999999925,1,1,1
18478900_15,350,long,repaired+p+boundary_on,repaired,p,1,1,0.0025591810620601008,1875.559666716441,22134,573.6449000000334,1,1,1
18478900_15,350,long,repaired+q+boundary_off,repaired,q,0,1,0.00836012861736335,1870.0449480906796,25448,609.9576000000297,1,1,1
18478900_15,350,long,repaired+q+boundary_on,repaired,q,1,1,0.0031989763275751537,1875.559666716441,22085,561.8607000000111,1,1,1
18478900_15,351,long,original+p+boundary_off,original,p,0,1,0.00700190961171232,1887.701802340172,25335,594.9739000000136,1,1,1
18478900_15,351,long,original+p+boundary_on,original,p,1,1,0.0025300442757748565,1894.3880938411871,21892,564.0580999999543,1,1,1
18478900_15,351,long,original+q+boundary_off,original,q,0,1,0.008274984086569015,1887.701802340172,25169,612.8297000000202,1,1,1
18478900_15,351,long,original+q+boundary_on,original,q,1,1,0.003162555344718543,1894.3880938411871,21824,623.8068000000112,1,1,1
18478900_15,351,long,repaired+p+boundary_off,repaired,p,0,1,0.00700190961171232,1887.701802340172,25557,691.2565000000086,1,1,1
18478900_15,351,long,repaired+p+boundary_on,repaired,p,1,1,0.0025300442757748565,1894.3880938411871,22089,610.5464000000325,1,1,1
18478900_15,351,long,repaired+q+boundary_off,repaired,q,0,1,0.008274984086569015,1887.701802340172,25397,673.0686999999875,1,1,1
18478900_15,351,long,repaired+q+boundary_on,repaired,q,1,1,0.003162555344718543,1894.3880938411871,22044,625.243399999988,1,1,1
18478900_15,352,long,original+p+boundary_off,original,p,0,1,0.006962025316455733,1909.9566363361114,27142,672.3791000000006,1,1,1
18478900_15,352,long,original+p+boundary_on,original,p,1,1,0.002515723270440251,1916.6429278371265,23124,578.9039000000002,1,1,1
18478900_15,352,long,original+q+boundary_off,original,q,0,1,0.008227848101265867,1909.9566363361114,26920,642.5858000000062,1,1,1
18478900_15,352,long,original+q+boundary_on,original,q,1,1,0.0031446540880503138,1916.6429278371265,23030,596.4256999999975,1,1,1
18478900_15,352,long,repaired+p+boundary_off,repaired,p,0,1,0.006962025316455733,1909.9566363361114,27360,660.9616000000074,1,1,1
18478900_15,352,long,repaired+p+boundary_on,repaired,p,1,1,0.002515723270440251,1916.6429278371265,23321,569.8196000000166,1,1,1
18478900_15,352,long,repaired+q+boundary_off,repaired,q,0,1,0.008227848101265867,1909.9566363361114,27159,684.9076000000309,1,1,1
18478900_15,352,long,repaired+q+boundary_on,repaired,q,1,1,0.0031446540880503138,1916.6429278371265,23248,598.0843000000391,1,1,1
18478930_15,353,short,original+p+boundary_off,original,p,0,0,nan,nan,0,0.0,0,0,0
18478930_15,353,short,original+p+boundary_on,original,p,1,0,nan,nan,0,0.0,0,0,0
18478930_15,353,short,original+q+boundary_off,original,q,0,0,nan,nan,0,0.0,0,0,0
18478930_15,353,short,original+q+boundary_on,original,q,1,0,nan,nan,0,0.0,0,0,0
18478930_15,353,short,repaired+p+boundary_off,repaired,p,0,0,nan,nan,0,0.0,0,0,0
18478930_15,353,short,repaired+p+boundary_on,repaired,p,1,0,nan,nan,0,0.0,0,0,0
18478930_15,353,short,repaired+q+boundary_off,repaired,q,0,0,nan,nan,0,0.0,0,0,0
18478930_15,353,short,repaired+q+boundary_on,repaired,q,1,0,nan,nan,0,0.0,0,0,0
18478930_15,354,short,original+p+boundary_off,original,p,0,1,0.00877192982456143,143.651803615609,1942,48.23190000001887,1,1,1
18478930_15,354,short,original+p+boundary_on,original,p,1,1,0.00877192982456143,143.65180361560903,1772,42.752500000005966,1,1,1
18478930_15,354,short,original+q+boundary_off,original,q,0,1,0.00877192982456143,143.651803615609,1871,52.833700000007866,1,1,1
18478930_15,354,short,original+q+boundary_on,original,q,1,1,0.00877192982456143,143.65180361560903,1728,42.08080000000791,1,1,1
18478930_15,354,short,repaired+p+boundary_off,repaired,p,0,1,0.00877192982456143,143.651803615609,1942,42.44860000000017,1,1,1
18478930_15,354,short,repaired+p+boundary_on,repaired,p,1,1,0.00877192982456143,143.65180361560903,1772,43.14679999998816,1,1,1
18478930_15,354,short,repaired+q+boundary_off,repaired,q,0,1,0.00877192982456143,143.651803615609,1871,52.22639999999501,1,1,1
18478930_15,354,short,repaired+q+boundary_on,repaired,q,1,1,0.00877192982456143,143.65180361560903,1728,46.893199999999524,1,1,1
18478930_15,355,short,original+p+boundary_off,original,p,0,1,0.04582651391162029,668.8183258569808,12303,320.2774999999747,0,1,1
18478930_15,355,short,original+p+boundary_on,original,p,1,1,0.01620745542949753,678.960461480712,16885,446.73260000001846,0,1,1
18478930_15,355,short,original+q+boundary_off,original,q,0,1,0.04241435562805873,671.6467529817271,12343,319.3062000000282,0,1,1
18478930_15,355,short,original+q+boundary_on,original,q,1,1,0.016181229773462813,679.5462479183388,16811,470.82960000000185,0,1,1
18478930_15,355,short,repaired+p+boundary_off,repaired,p,0,1,0.04582651391162029,668.8183258569808,12303,304.20840000005,0,1,1
18478930_15,355,short,repaired+p+boundary_on,repaired,p,1,1,0.01620745542949753,678.960461480712,16885,428.02789999996094,0,1,1
18478930_15,355,short,repaired+q+boundary_off,repaired,q,0,1,0.04241435562805873,671.6467529817271,12343,292.0184999999833,0,1,1
18478930_15,355,short,repaired+q+boundary_on,repaired,q,1,1,0.016181229773462813,679.5462479183388,16811,420.1367999999661,0,1,1
18478930_15,356,short,original+p+boundary_off,original,p,0,1,0.00917431192660545,563.4680374315358,15188,368.5167999999521,1,1,1
18478930_15,356,short,original+p+boundary_on,original,p,1,1,0.0073260073260073,567.3675323681475,18024,459.6230999999875,1,1,1
18478930_15,356,short,original+q+boundary_off,original,q,0,1,0.007312614259597838,565.4680374315358,14841,379.0222000000085,1,1,1
18478930_15,356,short,original+q+boundary_on,original,q,1,1,0.007312614259597838,567.9533188057744,17654,472.26390000002993,1,1,1
18478930_15,356,short,repaired+p+boundary_off,repaired,p,0,1,0.00917431192660545,563.4680374315358,15188,374.66989999995803,1,1,1
18478930_15,356,short,repaired+p+boundary_on,repaired,p,1,1,0.0073260073260073,567.3675323681475,18024,470.65240000000585,1,1,1
18478930_15,356,short,repaired+q+boundary_off,repaired,q,0,1,0.007312614259597838,565.4680374315358,14841,360.2611999999681,1,1,1
18478930_15,356,short,repaired+q+boundary_on,repaired,q,1,1,0.007312614259597838,567.9533188057744,17654,493.4536000000094,1,1,1
18478930_15,357,short,original+p+boundary_off,original,p,0,1,0.03448275862068961,686.2813126546339,16566,416.5292000000136,0,1,1
18478930_15,357,short,original+p+boundary_on,original,p,1,1,0.010238907849829393,693.1097397793801,19260,505.8775999999625,0,1,1
18478930_15,357,short,original+q+boundary_off,original,q,0,1,0.01718213058419249,688.2813126546339,16351,407.79589999999644,0,1,1
18478930_15,357,short,original+q+boundary_on,original,q,1,1,0.011925042589437829,693.695526217007,19063,500.3029000000083,0,1,1
18478930_15,357,short,repaired+p+boundary_off,repaired,p,0,1,0.03448275862068961,686.2813126546339,16566,410.6772000000092,0,1,1
18478930_15,357,short,repaired+p+boundary_on,repaired,p,1,1,0.010238907849829393,693.1097397793801,19260,486.8208999999979,0,1,1
18478930_15,357,short,repaired+q+boundary_off,repaired,q,0,1,0.01718213058419249,688.2813126546339,16351,391.2421999999651,0,1,1
18478930_15,357,short,repaired+q+boundary_on,repaired,q,1,1,0.011925042589437829,693.695526217007,19063,478.5798999999997,0,1,1
18478930_15,358,short,original+p+boundary_off,original,p,0,1,0.03470588235294114,2003.861181906606,67074,1694.44900000002,0,1,1
18478930_15,358,short,original+p+boundary_on,original,p,1,1,0.029633933759442233,2021.9616869699942,84628,2232.9232999999817,0,1,1
18478930_15,358,short,original+q+boundary_off,original,q,0,1,0.03988269794721411,2008.4469683442328,66582,1757.897000000014,0,1,1
18478930_15,358,short,original+q+boundary_on,original,q,1,1,0.03253922138291687,2022.7901140947404,83973,2361.8108000000007,0,1,1
18478930_15,358,short,repaired+p+boundary_off,repaired,p,0,1,0.03470588235294114,2003.861181906606,67074,1787.3868000000357,0,1,1
18478930_15,358,short,repaired+p+boundary_on,repaired,p,1,1,0.029633933759442233,2021.9616869699942,84733,2268.6537999999814,0,1,1
18478930_15,358,short,repaired+q+boundary_off,repaired,q,0,1,0.03988269794721411,2008.4469683442328,66582,1629.1939000000184,0,1,1
18478930_15,358,short,repaired+q+boundary_on,repaired,q,1,1,0.03253922138291687,2022.7901140947404,84077,2215.2983999999947,0,1,1
18478930_15,359,medium,original+p+boundary_off,original,p,0,1,0.028194361127774403,1911.2144289248788,104773,2557.9652000000124,0,1,1
18478930_15,359,medium,original+p+boundary_on,original,p,1,1,0.013087447947650155,1928.5281374238637,105409,2960.5397999999923,0,1,1
18478930_15,359,medium,original+q+boundary_off,original,q,0,1,0.019138755980861233,1915.8002153625057,103598,2588.920499999972,0,1,1
18478930_15,359,medium,original+q+boundary_on,original,q,1,1,0.013666072489601944,1929.6997102991174,104581,2784.1156999999725,0,1,1
18478930_15,359,medium,repaired+p+boundary_off,repaired,p,0,1,0.028194361127774403,1911.2144289248788,104773,2607.2874000000184,0,1,1
18478930_15,359,medium,repaired+p+boundary_on,repaired,p,1,1,0.013087447947650155,1928.5281374238637,105409,2841.541800000016,0,1,1
18478930_15,359,medium,repaired+q+boundary_off,repaired,q,0,1,0.019138755980861233,1915.8002153625057,103598,2713.3630000000153,0,1,1
18478930_15,359,medium,repaired+q+boundary_on,repaired,q,1,1,0.013666072489601944,1929.6997102991174,104581,2771.8631000000187,0,1,1
18478930_15,360,medium,original+p+boundary_off,original,p,0,1,0.04385964912280704,1566.6509370638369,115999,2909.2281999999727,0,1,1
18478930_15,360,medium,original+p+boundary_on,original,p,1,1,0.007283321194464731,1576.207286249941,116394,3182.8912000000287,1,1,1
18478930_15,360,medium,original+q+boundary_off,original,q,0,1,0.043097151205259365,1568.06515062621,113634,2876.4692999999966,0,1,1
18478930_15,360,medium,original+q+boundary_on,original,q,1,1,0.005090909090909146,1577.3788591251948,114853,3042.3265000000015,1,1,1
18478930_15,360,medium,repaired+p+boundary_off,repaired,p,0,1,0.04385964912280704,1566.6509370638369,115999,2965.828600000009,0,1,1
18478930_15,360,medium,repaired+p+boundary_on,repaired,p,1,1,0.007283321194464731,1576.207286249941,116394,3098.4399000000167,1,1,1
18478930_15,360,medium,repaired+q+boundary_off,repaired,q,0,1,0.043097151205259365,1568.06515062621,113634,2873.779899999988,0,1,1
18478930_15,360,medium,repaired+q+boundary_on,repaired,q,1,1,0.005090909090909146,1577.3788591251948,114853,3273.7734000000387,1,1,1
18478930_15,361,medium,original+p+boundary_off,original,p,0,1,0.07713498622589532,1700.3565645486092,61834,1655.152199999975,0,0,1
18478930_15,361,medium,original+p+boundary_on,original,p,1,1,0.051983584131326976,1716.983981546579,64842,1821.6989999999669,0,0,1
18478930_15,361,medium,original+q+boundary_off,original,q,0,1,0.07898351648351654,1705.1849916733554,61203,1476.5649999999937,0,0,1
18478930_15,361,medium,original+q+boundary_on,original,q,1,1,0.05540355677154585,1716.983981546579,64295,1679.653999999971,0,0,1
18478930_15,361,medium,repaired+p+boundary_off,repaired,p,0,1,0.07713498622589532,1700.3565645486092,61834,1508.9029000000096,0,0,1
18478930_15,361,medium,repaired+p+boundary_on,repaired,p,1,1,0.051983584131326976,1716.983981546579,64842,1686.4214999999945,0,0,1
18478930_15,361,medium,repaired+q+boundary_off,repaired,q,0,1,0.07898351648351654,1705.1849916733554,61203,1559.5570000000407,0,0,1
18478930_15,361,medium,repaired+q+boundary_on,repaired,q,1,1,0.05540355677154585,1716.983981546579,64295,1656.055600000002,0,0,1
18478930_15,362,medium,original+p+boundary_off,original,p,0,1,0.03793626707132014,1526.1778489984183,73036,1831.8636000000197,0,1,1
18478930_15,362,medium,original+p+boundary_on,original,p,1,1,0.03759398496240607,1538.1778489984183,87635,2300.5732999999964,0,1,1
18478930_15,362,medium,original+q+boundary_off,original,q,0,1,0.04383975812547236,1531.5920625607914,72360,1731.8022000000042,0,1,1
18478930_15,362,medium,original+q+boundary_on,original,q,1,1,0.03900975243810956,1540.7636354360452,87102,2361.836500000038,0,1,1
18478930_15,362,medium,repaired+p+boundary_off,repaired,p,0,1,0.03793626707132014,1526.1778489984183,73036,1770.9606000000235,0,1,1
18478930_15,362,medium,repaired+p+boundary_on,repaired,p,1,1,0.03759398496240607,1538.1778489984183,87635,2338.4960000000206,0,1,1
18478930_15,362,medium,repaired+q+boundary_off,repaired,q,0,1,0.04383975812547236,1531.5920625607914,72360,1850.0746999999933,0,1,1
18478930_15,362,medium,repaired+q+boundary_on,repaired,q,1,1,0.03900975243810956,1540.7636354360452,87102,2271.0205999999857,0,1,1
18478930_15,363,medium,original+p+boundary_off,original,p,0,1,0.05591054313099042,2257.2480502584776,87945,2204.0427000000022,0,0,1
18478930_15,363,medium,original+p+boundary_on,original,p,1,1,0.03379091869060191,2275.7333316327145,104066,2785.4939999999715,0,1,1
18478930_15,363,medium,original+q+boundary_off,original,q,0,1,0.057385759829968075,2262.076477383223,86864,2125.399399999992,0,0,1
18478930_15,363,medium,original+q+boundary_on,original,q,1,1,0.036430834213305174,2275.733331632714,102928,2738.8904000000025,0,1,1
18478930_15,363,medium,repaired+p+boundary_off,repaired,p,0,1,0.05591054313099042,2257.2480502584776,87945,2197.975299999996,0,0,1
18478930_15,363,medium,repaired+p+boundary_on,repaired,p,1,1,0.03379091869060191,2275.7333316327145,104066,2763.2664000000204,0,1,1
18478930_15,363,medium,repaired+q+boundary_off,repaired,q,0,1,0.057385759829968075,2262.076477383223,86864,2107.9981999999973,0,0,1
18478930_15,363,medium,repaired+q+boundary_on,repaired,q,1,1,0.036430834213305174,2275.733331632714,102928,2713.586599999985,0,1,1
18478930_15,364,medium,original+p+boundary_off,original,p,0,1,0.04292421193829643,1695.8641404994337,68525,1730.226000000016,0,1,1
18478930_15,364,medium,original+p+boundary_on,original,p,1,1,0.03393213572854292,1710.349421873672,89775,2373.6076999999796,0,1,1
18478930_15,364,medium,original+q+boundary_off,original,q,0,1,0.04809619238476959,1701.8641404994335,68049,1681.9396999999867,0,1,1
18478930_15,364,medium,original+q+boundary_on,original,q,1,1,0.03654485049833889,1713.1778489984183,89223,2340.8560999999963,0,1,1
18478930_15,364,medium,repaired+p+boundary_off,repaired,p,0,1,0.04292421193829643,1695.8641404994337,68525,1733.815199999981,0,1,1
18478930_15,364,medium,repaired+p+boundary_on,repaired,p,1,1,0.03393213572854292,1710.349421873672,89775,2405.1816000000485,0,1,1
18478930_15,364,medium,repaired+q+boundary_off,repaired,q,0,1,0.04809619238476959,1701.8641404994335,68049,1715.405399999952,0,1,1
18478930_15,364,medium,repaired+q+boundary_on,repaired,q,1,1,0.03654485049833889,1713.1778489984183,89223,2326.0234999999625,0,1,1
18478930_15,365,medium,original+p+boundary_off,original,p,0,1,0.041005291005291045,1848.9982668964537,67901,1636.2689999999702,0,1,1
18478930_15,365,medium,original+p+boundary_on,original,p,1,1,0.030698889614630964,1865.927199084588,86438,2286.6280000000074,0,1,1
18478930_15,365,medium,original+q+boundary_off,original,q,0,1,0.04425363276089833,1851.8266940212,67483,1640.7204000000206,0,1,1
18478930_15,365,medium,original+q+boundary_on,original,q,1,1,0.03464052287581698,1865.3414126469613,85710,2226.3538000000267,0,1,1
18478930_15,365,medium,repaired+p+boundary_off,repaired,p,0,1,0.041005291005291045,1848.9982668964537,69160,1722.247799999991,0,1,1
18478930_15,365,medium,repaired+p+boundary_on,repaired,p,1,1,0.030698889614630964,1865.927199084588,87570,2331.8512999999825,0,1,1
18478930_15,365,medium,repaired+q+boundary_off,repaired,q,0,1,0.04425363276089833,1851.8266940212,68669,1663.5033999999678,0,1,1
18478930_15,365,medium,repaired+q+boundary_on,repaired,q,1,1,0.03464052287581698,1865.3414126469613,86831,2294.8853999999983,0,1,1
18478930_15,366,long,original+p+boundary_off,original,p,0,1,0.008701957940536631,1665.8784258493083,46034,1188.7492999999836,1,1,1
18478930_15,366,long,original+p+boundary_on,original,p,1,1,0.0043290043290042934,1670.8073580374428,64846,1815.837600000009,1,1,1
18478930_15,366,long,original+q+boundary_off,original,q,0,1,0.010152284263959421,1665.8784258493083,45006,1161.878999999999,0,1,1
18478930_15,366,long,original+q+boundary_on,original,q,1,1,0.005050505050505083,1671.635785162189,64013,1696.2761999999998,1,1,1
18478930_15,366,long,repaired+p+boundary_off,repaired,p,0,1,0.008701957940536631,1665.8784258493083,46034,1148.1350999999904,1,1,1
18478930_15,366,long,repaired+p+boundary_on,repaired,p,1,1,0.0043290043290042934,1670.8073580374428,64846,1704.5059000000151,1,1,1
18478930_15,366,long,repaired+q+boundary_off,repaired,q,0,1,0.010152284263959421,1665.8784258493083,45006,1097.2026000000028,0,1,1
18478930_15,366,long,repaired+q+boundary_on,repaired,q,1,1,0.005050505050505083,1671.635785162189,64013,1817.5743999999554,1,1,1
18478930_15,367,long,original+p+boundary_off,original,p,0,1,0.01952141057934509,1881.5058428472776,60758,1648.5738000000083,0,1,1
18478930_15,367,long,original+p+boundary_on,original,p,1,1,0.006257822277847325,1892.334269972024,66090,1998.2449999999972,1,1,1
18478930_15,367,long,original+q+boundary_off,original,q,0,1,0.020767778477029597,1882.9200564096507,60440,1580.6072000000313,0,1,1
18478930_15,367,long,original+q+boundary_on,original,q,1,1,0.0056285178236398226,1893.748483534397,65575,1723.108599999989,1,1,1
18478930_15,367,long,repaired+p+boundary_off,repaired,p,0,1,0.01952141057934509,1881.5058428472776,62036,1548.3008999999583,0,1,1
18478930_15,367,long,repaired+p+boundary_on,repaired,p,1,1,0.006257822277847325,1892.334269972024,67240,1761.192699999981,1,1,1
18478930_15,367,long,repaired+q+boundary_off,repaired,q,0,1,0.020767778477029597,1882.9200564096507,61659,1487.1438000000126,0,1,1
18478930_15,367,long,repaired+q+boundary_on,repaired,q,1,1,0.0056285178236398226,1893.748483534397,66716,1724.661000000026,1,1,1
18478930_15,368,long,original+p+boundary_off,original,p,0,1,0.020408163265306145,1990.8174593052086,119845,2940.4033999999797,0,1,1
18478930_15,368,long,original+p+boundary_on,original,p,1,1,0.008450704225352101,2007.202235616059,111662,2927.9313000000116,1,1,1
18478930_15,368,long,original+q+boundary_off,original,q,0,1,0.018696883852691193,1993.0600999923279,117551,2922.9419999999777,0,1,1
18478930_15,368,long,original+q+boundary_on,original,q,1,1,0.009019165727170209,2006.616449178432,110423,2929.7593000000006,1,1,1
18478930_15,368,long,repaired+p+boundary_off,repaired,p,0,1,0.020408163265306145,1990.8174593052086,119845,2999.132299999985,0,1,1
18478930_15,368,long,repaired+p+boundary_on,repaired,p,1,1,0.008450704225352101,2007.202235616059,111662,2920.979299999999,1,1,1
18478930_15,368,long,repaired+q+boundary_off,repaired,q,0,1,0.018696883852691193,1993.0600999923279,117551,2865.6914999999685,0,1,1
18478930_15,368,long,repaired+q+boundary_on,repaired,q,1,1,0.009019165727170209,2006.616449178432,110423,2870.0681999999915,1,1,1
18478930_15,369,long,original+p+boundary_off,original,p,0,1,0.04589114194236932,2172.0621920333733,99904,2472.2065999999927,0,1,1
18478930_15,369,long,original+p+boundary_on,original,p,1,1,0.030206677265500748,2190.446968344222,117079,3044.517399999961,0,1,1
18478930_15,369,long,original+q+boundary_off,original,q,0,1,0.04893617021276597,2178.8906191581195,98903,2432.761400000061,0,1,1
18478930_15,369,long,original+q+boundary_on,original,q,1,1,0.03230932203389836,2191.861181906595,116084,3067.0357000000195,0,1,1
18478930_15,369,long,repaired+p+boundary_off,repaired,p,0,1,0.04589114194236932,2172.0621920333733,100031,2473.922900000048,0,1,1
18478930_15,369,long,repaired+p+boundary_on,repaired,p,1,1,0.030206677265500748,2190.446968344222,117184,3074.503600000071,0,1,1
18478930_15,369,long,repaired+q+boundary_off,repaired,q,0,1,0.04893617021276597,2178.8906191581195,99020,2455.2905000000464,0,1,1
18478930_15,369,long,repaired+q+boundary_on,repaired,q,1,1,0.03230932203389836,2191.861181906595,116188,3069.2918000000873,0,1,1
18478930_15,370,long,original+p+boundary_off,original,p,0,1,0.04286489419424855,2129.878425849303,103901,2549.1640999999845,0,1,1
18478930_15,370,long,original+p+boundary_on,original,p,1,1,0.028002154011847025,2148.0205614730307,124852,3268.545300000028,0,1,1
18478930_15,370,long,original+q+boundary_off,original,q,0,1,0.04707792207792205,2136.1210665364215,102765,2546.624999999949,0,1,1
18478930_15,370,long,original+q+boundary_on,original,q,1,1,0.030139935414424057,2149.4347750354036,123717,3266.3877000001094,0,1,1
18478930_15,370,long,repaired+p+boundary_off,repaired,p,0,1,0.04286489419424855,2129.878425849303,103901,2556.389099999933,0,1,1
18478930_15,370,long,repaired+p+boundary_on,repaired,p,1,1,0.028002154011847025,2148.0205614730307,124852,3254.0036999999984,0,1,1
18478930_15,370,long,repaired+q+boundary_off,repaired,q,0,1,0.04707792207792205,2136.1210665364215,102765,2554.9244000000044,0,1,1
18478930_15,370,long,repaired+q+boundary_on,repaired,q,1,1,0.030139935414424057,2149.4347750354036,123717,3367.845999999986,0,1,1
18478930_15,371,long,original+p+boundary_off,original,p,0,1,0.05086523335081283,2241.0987719598215,125636,3225.93889999996,0,0,1
18478930_15,371,long,original+p+boundary_on,original,p,1,1,0.03439291297550806,2258.0693347082965,139340,3696.024800000032,0,1,1
18478930_15,371,long,original+q+boundary_off,original,q,0,1,0.05439330543933052,2246.512985522194,124255,3086.9145000000344,0,0,1
18478930_15,371,long,original+q+boundary_on,original,q,1,1,0.03645833333333337,2259.4835482706694,138142,3673.756600000047,0,1,1
18478930_15,371,long,repaired+p+boundary_off,repaired,p,0,1,0.05086523335081283,2241.0987719598215,125636,3154.0790000000243,0,0,1
18478930_15,371,long,repaired+p+boundary_on,repaired,p,1,1,0.03439291297550806,2258.0693347082965,139444,3735.0121999999146,0,1,1
18478930_15,371,long,repaired+q+boundary_off,repaired,q,0,1,0.05439330543933052,2246.512985522194,124255,3071.9579000000294,0,0,1
18478930_15,371,long,repaired+q+boundary_on,repaired,q,1,1,0.03645833333333337,2259.4835482706694,138246,3655.70809999997,0,1,1
18478930_15,372,long,original+p+boundary_off,original,p,0,1,0.020248203788373664,1817.049998724562,44531,1078.0399999999872,0,1,1
18478930_15,372,long,original+p+boundary_on,original,p,1,1,0.00649350649350644,1825.635785162189,56574,1450.3684999999678,1,1,1
18478930_15,372,long,original+q+boundary_off,original,q,0,1,0.021554539516655757,1817.8784258493083,43574,1052.3741000000655,0,1,1
18478930_15,372,long,original+q+boundary_on,original,q,1,1,0.005840363400389403,1826.221571599816,55920,1478.281700000025,1,1,1
18478930_15,372,long,repaired+p+boundary_off,repaired,p,0,1,0.020248203788373664,1817.049998724562,44678,1099.9798000000283,0,1,1
18478930_15,372,long,repaired+p+boundary_on,repaired,p,1,1,0.00649350649350644,1825.635785162189,56712,1482.1090000000368,1,1,1
18478930_15,372,long,repaired+q+boundary_off,repaired,q,0,1,0.021554539516655757,1817.8784258493083,43720,1082.2167999999692,0,1,1
18478930_15,372,long,repaired+q+boundary_on,repaired,q,1,1,0.005840363400389403,1826.221571599816,56062,1470.2427999999372,1,1,1
20278885_15,373,short,original+p+boundary_off,original,p,0,0,nan,nan,0,0.0,0,0,0
20278885_15,373,short,original+p+boundary_on,original,p,1,0,nan,nan,0,0.0,0,0,0
20278885_15,373,short,original+q+boundary_off,original,q,0,0,nan,nan,0,0.0,0,0,0
20278885_15,373,short,original+q+boundary_on,original,q,1,0,nan,nan,0,0.0,0,0,0
20278885_15,373,short,repaired+p+boundary_off,repaired,p,0,1,0.15309446254071657,750.9331162702435,11354,284.3294000000469,0,0,0
20278885_15,373,short,repaired+p+boundary_on,repaired,p,1,1,0.16129032258064513,756.9331162702434,13835,380.48189999994975,0,0,0
20278885_15,373,short,repaired+q+boundary_off,repaired,q,0,1,0.15559157212317665,753.5189027078704,11158,272.97609999999395,0,0,0
20278885_15,373,short,repaired+q+boundary_on,repaired,q,1,1,0.15806451612903227,756.9331162702435,13623,374.2105000000038,0,0,0
20278885_15,374,short,original+p+boundary_off,original,p,0,1,0.028735632183908066,603.8427124746208,12259,313.9168000000154,0,1,1
20278885_15,374,short,original+p+boundary_on,original,p,1,1,0.028735632183908066,603.8427124746208,19241,494.446900000014,0,1,1
20278885_15,374,short,original+q+boundary_off,original,q,0,1,0.03256704980842917,603.8427124746208,12582,308.35100000001603,0,1,1
20278885_15,374,short,original+q+boundary_on,original,q,1,1,0.026819923371647514,604.671139599367,18849,487.02769999999873,0,1,1
20278885_15,374,short,repaired+p+boundary_off,repaired,p,0,1,0.028735632183908066,603.8427124746208,12259,294.1227000000026,0,1,1
20278885_15,374,short,repaired+p+boundary_on,repaired,p,1,1,0.028735632183908066,603.8427124746208,19464,504.9954000000412,0,1,1
20278885_15,374,short,repaired+q+boundary_off,repaired,q,0,1,0.03256704980842917,603.8427124746208,12582,321.21469999998453,0,1,1
20278885_15,374,short,repaired+q+boundary_on,repaired,q,1,1,0.026819923371647514,604.671139599367,19072,506.5206999999532,0,1,1
20278885_15,375,short,original+p+boundary_off,original,p,0,1,0.015280135823429575,714.7493500861699,17054,430.77139999996916,0,1,1
20278885_15,375,short,original+p+boundary_on,original,p,1,1,0.008460236886632777,717.577777210916,20644,538.432499999999,1,1,1
20278885_15,375,short,original+q+boundary_off,original,q,0,1,0.011824324324324342,717.3351365237968,16829,413.30619999996543,0,1,1
20278885_15,375,short,original+q+boundary_on,original,q,1,1,0.008460236886632777,717.5777772109161,20359,516.2164000000189,1,1,1
20278885_15,375,short,repaired+p+boundary_off,repaired,p,0,1,0.015280135823429575,714.7493500861699,17054,416.3522000000057,0,1,1
20278885_15,375,short,repaired+p+boundary_on,repaired,p,1,1,0.008460236886632777,717.577777210916,20644,526.7715999999609,1,1,1
20278885_15,375,short,repaired+q+boundary_off,repaired,q,0,1,0.011824324324324342,717.3351365237968,16829,412.74149999998144,0,1,1
20278885_15,375,short,repaired+q+boundary_on,repaired,q,1,1,0.008460236886632777,717.5777772109161,20359,552.8279000000111,1,1,1
20278885_15,376,short,original+p+boundary_off,original,p,0,1,0.0,120.95331880577395,1660,41.848399999992125,1,1,1
20278885_15,376,short,original+p+boundary_on,original,p,1,1,0.0,120.95331880577395,1866,48.72410000001537,1,1,1
20278885_15,376,short,original+q+boundary_off,original,q,0,1,0.0,120.95331880577393,1585,42.000999999970645,1,1,1
20278885_15,376,short,original+q+boundary_on,original,q,1,1,0.0,120.95331880577393,1832,68.48289999999224,1,1,1
20278885_15,376,short,repaired+p+boundary_off,repaired,p,0,1,0.0,120.95331880577395,1660,50.932299999999486,1,1,1
20278885_15,376,short,repaired+p+boundary_on,repaired,p,1,1,0.0,120.95331880577395,1866,46.7150999999717,1,1,1
20278885_15,376,short,repaired+q+boundary_off,repaired,q,0,1,0.0,120.95331880577393,1585,36.261400000000776,1,1,1
20278885_15,376,short,repaired+q+boundary_on,repaired,q,1,1,0.0,120.95331880577393,1832,46.14069999996673,1,1,1
20278885_15,377,short,original+p+boundary_off,original,p,0,0,nan,nan,0,0.0,0,0,0
20278885_15,377,short,original+p+boundary_on,original,p,1,0,nan,nan,0,0.0,0,0,0
20278885_15,377,short,original+q+boundary_off,original,q,0,0,nan,nan,0,0.0,0,0,0
20278885_15,377,short,original+q+boundary_on,original,q,1,0,nan,nan,0,0.0,0,0,0
20278885_15,377,short,repaired+p+boundary_off,repaired,p,0,0,nan,nan,0,0.0,0,0,0
20278885_15,377,short,repaired+p+boundary_on,repaired,p,1,0,nan,nan,0,0.0,0,0,0
20278885_15,377,short,repaired+q+boundary_off,repaired,q,0,0,nan,nan,0,0.0,0,0,0
20278885_15,377,short,repaired+q+boundary_on,repaired,q,1,0,nan,nan,0,0.0,0,0,0
20278885_15,378,short,original+p+boundary_off,original,p,0,0,nan,nan,0,0.0,0,0,0
20278885_15,378,short,original+p+boundary_on,original,p,1,0,nan,nan,0,0.0,0,0,0
20278885_15,378,short,original+q+boundary_off,original,q,0,0,nan,nan,0,0.0,0,0,0
20278885_15,378,short,original+q+boundary_on,original,q,1,0,nan,nan,0,0.0,0,0,0
20278885_15,378,short,repaired+p+boundary_off,repaired,p,0,0,nan,nan,0,0.0,0,0,0
20278885_15,378,short,repaired+p+boundary_on,repaired,p,1,0,nan,nan,0,0.0,0,0,0
20278885_15,378,short,repaired+q+boundary_off,repaired,q,0,0,nan,nan,0,0.0,0,0,0
20278885_15,378,short,repaired+q+boundary_on,repaired,q,1,0,nan,nan,0,0.0,0,0,0
20278885_15,379,medium,original+p+boundary_off,original,p,0,1,0.012168141592920345,1113.4204896855374,33532,835.4348999999957,0,1,1
20278885_15,379,medium,original+p+boundary_on,original,p,1,1,0.003307607497243681,1116.8347032479105,38300,994.1244999999981,1,1,1
20278885_15,379,medium,original+q+boundary_off,original,q,0,1,0.013245033112582738,1115.4204896855374,33167,849.0841000000273,0,1,1
20278885_15,379,medium,original+q+boundary_on,original,q,1,1,0.004410143329658167,1116.8347032479105,38223,991.9317999999748,1,1,1
20278885_15,379,medium,repaired+p+boundary_off,repaired,p,0,1,0.012168141592920345,1113.4204896855374,34499,825.5303000000254,0,1,1
20278885_15,379,medium,repaired+p+boundary_on,repaired,p,1,1,0.003307607497243681,1116.8347032479105,39857,1040.040499999975,1,1,1
20278885_15,379,medium,repaired+q+boundary_off,repaired,q,0,1,0.013245033112582738,1115.4204896855374,33943,840.9852999999998,0,1,1
20278885_15,379,medium,repaired+q+boundary_on,repaired,q,1,1,0.004410143329658167,1116.8347032479105,39741,1019.5266999999717,1,1,1
20278885_15,380,medium,original+p+boundary_off,original,p,0,1,0.015009380863039379,1966.2358569496912,58276,1456.8854999999985,0,1,1
20278885_15,380,medium,original+p+boundary_on,original,p,1,1,0.008104738154613433,1974.135351886303,55524,1486.2600000000157,1,1,1
20278885_15,380,medium,original+q+boundary_off,original,q,0,1,0.01560549313358306,1969.6500705120643,57029,1348.4387999999967,0,1,1
20278885_15,380,medium,original+q+boundary_on,original,q,1,1,0.008104738154613433,1974.9637790110492,54668,1451.7526000000203,1,1,1
20278885_15,380,medium,repaired+p+boundary_off,repaired,p,0,1,0.015009380863039379,1966.2358569496912,61293,1484.0623999999707,0,1,1
20278885_15,380,medium,repaired+p+boundary_on,repaired,p,1,1,0.008104738154613433,1974.135351886303,58462,1511.8455999999583,1,1,1
20278885_15,380,medium,repaired+q+boundary_off,repaired,q,0,1,0.01560549313358306,1969.6500705120643,59905,1508.8552999999933,0,1,1
20278885_15,380,medium,repaired+q+boundary_on,repaired,q,1,1,0.008104738154613433,1974.9637790110492,57591,1581.1083000000394,1,1,1
20278885_15,381,medium,original+p+boundary_off,original,p,0,1,0.014067995310668269,1041.709811566882,25769,714.8143000000005,0,1,1
20278885_15,381,medium,original+p+boundary_on,original,p,1,1,0.003504672897196248,1045.1240251292552,26269,749.867399999971,1,1,1
20278885_15,381,medium,original+q+boundary_off,original,q,0,1,0.014002333722287097,1045.709811566882,25154,666.9132999999761,0,1,1
20278885_15,381,medium,original+q+boundary_on,original,q,1,1,0.004667444574095736,1045.709811566882,25733,729.241600000023,1,1,1
20278885_15,381,medium,repaired+p+boundary_off,repaired,p,0,1,0.014067995310668269,1041.709811566882,26104,656.2164000000053,0,1,1
20278885_15,381,medium,repaired+p+boundary_on,repaired,p,1,1,0.003504672897196248,1045.1240251292552,27408,737.0684999999639,1,1,1
20278885_15,381,medium,repaired+q+boundary_off,repaired,q,0,1,0.014002333722287097,1045.709811566882,25347,608.3108999999922,0,1,1
20278885_15,381,medium,repaired+q+boundary_on,repaired,q,1,1,0.004667444574095736,1045.709811566882,26771,693.3439000000021,1,1,1
20278885_15,382,medium,original+p+boundary_off,original,p,0,1,0.011940298507462699,1282.3515139147266,41895,989.4488999999567,0,1,1
20278885_15,382,medium,original+p+boundary_on,original,p,1,1,0.00694444444444442,1285.7657274770997,51677,1370.9197999999674,1,1,1
20278885_15,382,medium,original+q+boundary_off,original,q,0,1,0.011916583912611745,1284.3515139147266,41525,1036.0416000000328,0,1,1
20278885_15,382,medium,original+q+boundary_on,original,q,1,1,0.0069375619425173785,1287.1799410394729,50896,1363.3488000000398,1,1,1
20278885_15,382,medium,repaired+p+boundary_off,repaired,p,0,1,0.011940298507462699,1282.3515139147266,41895,1073.0783000000201,0,1,1
20278885_15,382,medium,repaired+p+boundary_on,repaired,p,1,1,0.00694444444444442,1285.7657274770997,51950,1371.7598999999723,1,1,1
20278885_15,382,medium,repaired+q+boundary_off,repaired,q,0,1,0.011916583912611745,1284.3515139147266,41525,1031.4661999999544,0,1,1
20278885_15,382,medium,repaired+q+boundary_on,repaired,q,1,1,0.0069375619425173785,1287.1799410394729,51173,1330.1940000000059,1,1,1
20278885_15,383,medium,original+p+boundary_off,original,p,0,1,0.023778071334214057,1884.5495654486758,50503,1216.8378000000075,0,1,1
20278885_15,383,medium,original+p+boundary_on,original,p,1,1,0.0039499670836076195,1890.7922061357951,49927,1322.3340999999778,1,1,1
20278885_15,383,medium,original+q+boundary_off,original,q,0,1,0.024390243902439046,1887.1353518863027,49374,1185.226899999975,0,1,1
20278885_15,383,medium,original+q+boundary_on,original,q,1,1,0.004605263157894779,1891.377992573422,49204,1283.02130000003,1,1,1
20278885_15,383,medium,repaired+p+boundary_off,repaired,p,0,1,0.023778071334214057,1884.5495654486758,51752,1261.635799999965,0,1,1
20278885_15,383,medium,repaired+p+boundary_on,repaired,p,1,1,0.0039499670836076195,1890.7922061357951,51206,1310.151200000007,1,1,1
20278885_15,383,medium,repaired+q+boundary_off,repaired,q,0,1,0.024390243902439046,1887.1353518863027,50533,1210.4966999999647,0,1,1
20278885_15,383,medium,repaired+q+boundary_on,repaired,q,1,1,0.004605263157894779,1891.377992573422,50478,1363.4353000000488,1,1,1
20278885_15,384,medium,original+p+boundary_off,original,p,0,1,0.010972933430870468,1688.2581515262764,42710,1028.2258999999954,0,1,1
20278885_15,384,medium,original+p+boundary_on,original,p,1,1,0.0036496350364964014,1694.1576464628881,45673,1224.2167999999651,1,1,1
20278885_15,384,medium,original+q+boundary_off,original,q,0,1,0.011687363038714427,1691.0865786510226,41877,1032.5160000000437,0,1,1
20278885_15,384,medium,original+q+boundary_on,original,q,1,1,0.004376367614879695,1694.743432900515,44901,1131.6266000000041,1,1,1
20278885_15,384,medium,repaired+p+boundary_off,repaired,p,0,1,0.010972933430870468,1688.2581515262764,43468,1062.43139999998,0,1,1
20278885_15,384,medium,repaired+p+boundary_on,repaired,p,1,1,0.0036496350364964014,1694.1576464628881,46965,1261.1835999999812,1,1,1
20278885_15,384,medium,repaired+q+boundary_off,repaired,q,0,1,0.011687363038714427,1691.0865786510226,42429,1029.9433000000136,0,1,1
20278885_15,384,medium,repaired+q+boundary_on,repaired,q,1,1,0.004376367614879695,1694.743432900515,46184,1205.0495999999953,1,1,1
20278885_15,385,medium,original+p+boundary_off,original,p,0,1,0.009927797833935048,1371.268252794041,39890,982.7214000000026,1,1,1
20278885_15,385,medium,original+p+boundary_on,original,p,1,1,0.003603603603603567,1374.0966799187872,47951,1236.588499999982,1,1,1
20278885_15,385,medium,original+q+boundary_off,original,q,0,1,0.00540540540540535,1373.268252794041,38960,948.65580000004,1,1,1
20278885_15,385,medium,original+q+boundary_on,original,q,1,1,0.0036003600360036137,1374.6824663564141,47135,1282.931700000006,1,1,1
20278885_15,385,medium,repaired+p+boundary_off,repaired,p,0,1,0.009927797833935048,1371.268252794041,40033,966.8478000000391,1,1,1
20278885_15,385,medium,repaired+p+boundary_on,repaired,p,1,1,0.003603603603603567,1374.0966799187872,48466,1257.9410000000166,1,1,1
20278885_15,385,medium,repaired+q+boundary_off,repaired,q,0,1,0.00540540540540535,1373.268252794041,39098,960.8071000000109,1,1,1
20278885_15,385,medium,repaired+q+boundary_on,repaired,q,1,1,0.0036003600360036137,1374.6824663564141,47587,1225.8588999999915,1,1,1
20728960_15,386,short,original+p+boundary_off,original,p,0,1,0.03252032520325199,987.163563648543,40755,1012.6039000000446,0,1,1
20728960_15,386,short,original+p+boundary_on,original,p,1,1,0.02196531791907519,997.7909806465127,42499,1128.7419999999884,0,1,1
20728960_15,386,short,original+q+boundary_off,original,q,0,1,0.0219907407407407,991.4062043356623,40284,971.7734000000178,0,1,1
20728960_15,386,short,original+q+boundary_on,original,q,1,1,0.01730103806228378,1000.6194077712589,42246,1117.1664999999962,0,1,1
20728960_15,386,short,repaired+p+boundary_off,repaired,p,0,1,0.03252032520325199,987.163563648543,40755,975.3698999999756,0,1,1
20728960_15,386,short,repaired+p+boundary_on,repaired,p,1,1,0.02196531791907519,997.7909806465127,42499,1117.5002000000518,0,1,1
20728960_15,386,short,repaired+q+boundary_off,repaired,q,0,1,0.0219907407407407,991.4062043356623,40284,1033.9870999999903,0,1,1
20728960_15,386,short,repaired+q+boundary_on,repaired,q,1,1,0.01730103806228378,1000.6194077712589,42246,1122.0866999999544,0,1,1
20728960_15,387,short,original+p+boundary_off,original,p,0,1,0.051162790697674376,241.7523086789977,5573,130.93739999999343,0,0,1
20728960_15,387,short,original+p+boundary_on,original,p,1,1,0.032558139534883734,243.4091629284901,6915,183.61179999999422,0,1,1
20728960_15,387,short,original+q+boundary_off,original,q,0,1,0.05092592592592593,243.1665222413708,5501,138.6237000000392,0,0,1
20728960_15,387,short,original+q+boundary_on,original,q,1,1,0.027649769585253448,244.5807358037439,6856,179.85849999996617,0,1,1
20728960_15,387,short,repaired+p+boundary_off,repaired,p,0,1,0.051162790697674376,241.7523086789977,5573,128.24179999995522,0,0,1
20728960_15,387,short,repaired+p+boundary_on,repaired,p,1,1,0.032558139534883734,243.4091629284901,6915,174.71219999998766,0,1,1
20728960_15,387,short,repaired+q+boundary_off,repaired,q,0,1,0.05092592592592593,243.1665222413708,5501,133.38349999997945,0,0,1
20728960_15,387,short,repaired+q+boundary_on,repaired,q,1,1,0.027649769585253448,244.5807358037439,6856,177.16460000002598,0,1,1
20728960_15,388,short,original+p+boundary_off,original,p,0,0,nan,nan,0,0.0,0,0,0
20728960_15,388,short,original+p+boundary_on,original,p,1,0,nan,nan,0,0.0,0,0,0
20728960_15,388,short,original+q+boundary_off,original,q,0,0,nan,nan,0,0.0,0,0,0
20728960_15,388,short,original+q+boundary_on,original,q,1,0,nan,nan,0,0.0,0,0,0
20728960_15,388,short,repaired+p+boundary_off,repaired,p,0,1,0.009359790340696339,3079.242999624585,160651,3970.680399999992,1,1,1
20728960_15,388,short,repaired+p+boundary_on,repaired,p,1,1,0.0052316890881913825,3083.8287860622113,148940,4173.167599999999,1,1,1
20728960_15,388,short,repaired+q+boundary_off,repaired,q,0,1,0.009352787130564866,3082.071426749331,158624,4115.874599999984,1,1,1
20728960_15,388,short,repaired+q+boundary_on,repaired,q,1,1,0.0044826298094882144,3083.586145375092,147876,3845.679799999971,1,1,1
20728960_15,389,short,original+p+boundary_off,original,p,0,1,0.0357142857142857,655.3452377915622,19416,489.2959000000019,0,1,1
20728960_15,389,short,original+p+boundary_on,original,p,1,1,0.023809523809523836,660.3158005400394,27972,754.672199999959,0,1,1
20728960_15,389,short,original+q+boundary_off,original,q,0,1,0.032258064516129004,656.7594513539353,19330,528.6131999999952,0,1,1
20728960_15,389,short,original+q+boundary_on,original,q,1,1,0.02037351443123936,660.9015869776664,27844,724.3834999999876,0,1,1
20728960_15,389,short,repaired+p+boundary_off,repaired,p,0,1,0.0357142857142857,655.3452377915622,19416,475.4677999999899,0,1,1
20728960_15,389,short,repaired+p+boundary_on,repaired,p,1,1,0.023809523809523836,660.3158005400394,27972,725.8285999999998,0,1,1
20728960_15,389,short,repaired+q+boundary_off,repaired,q,0,1,0.032258064516129004,656.7594513539353,19330,471.05520000002343,0,1,1
20728960_15,389,short,repaired+q+boundary_on,repaired,q,1,1,0.02037351443123936,660.9015869776664,27844,761.1914000000297,0,1,1
20728960_15,390,short,original+p+boundary_off,original,p,0,1,0.0,619.2518754031113,14458,371.6578000000368,1,1,1
20728960_15,390,short,original+p+boundary_on,original,p,1,1,0.0,620.4234482783651,20674,547.2535000000107,1,1,1
20728960_15,390,short,original+q+boundary_off,original,q,0,1,0.0,619.8376618407382,13838,326.49920000000066,1,1,1
20728960_15,390,short,original+q+boundary_on,original,q,1,1,0.0,620.4234482783651,20482,525.070200000016,1,1,1
20728960_15,390,short,repaired+p+boundary_off,repaired,p,0,1,0.0,619.2518754031113,14458,350.8248999999637,1,1,1
20728960_15,390,short,repaired+p+boundary_on,repaired,p,1,1,0.0,620.4234482783651,20674,532.527899999991,1,1,1
20728960_15,390,short,repaired+q+boundary_off,repaired,q,0,1,0.0,619.8376618407382,13838,329.4165000000362,1,1,1
20728960_15,390,short,repaired+q+boundary_on,repaired,q,1,1,0.0,620.4234482783651,20482,570.975800000042,1,1,1
20728960_15,391,short,original+p+boundary_off,original,p,0,0,nan,nan,0,0.0,0,0,0
20728960_15,391,short,original+p+boundary_on,original,p,1,0,nan,nan,0,0.0,0,0,0
20728960_15,391,short,original+q+boundary_off,original,q,0,0,nan,nan,0,0.0,0,0,0
20728960_15,391,short,original+q+boundary_on,original,q,1,0,nan,nan,0,0.0,0,0,0
20728960_15,391,short,repaired+p+boundary_off,repaired,p,0,0,nan,nan,200001,4795.924299999968,0,0,0
20728960_15,391,short,repaired+p+boundary_on,repaired,p,1,0,nan,nan,200001,5305.014099999994,0,0,0
20728960_15,391,short,repaired+q+boundary_off,repaired,q,0,0,nan,nan,200001,4934.013199999981,0,0,0
20728960_15,391,short,repaired+q+boundary_on,repaired,q,1,0,nan,nan,200001,5235.047799999961,0,0,0
20728960_15,392,medium,original+p+boundary_off,original,p,0,0,nan,nan,0,0.0,0,0,0
20728960_15,392,medium,original+p+boundary_on,original,p,1,0,nan,nan,0,0.0,0,0,0
20728960_15,392,medium,original+q+boundary_off,original,q,0,0,nan,nan,0,0.0,0,0,0
20728960_15,392,medium,original+q+boundary_on,original,q,1,0,nan,nan,0,0.0,0,0,0
20728960_15,392,medium,repaired+p+boundary_off,repaired,p,0,0,nan,nan,200001,4980.817999999999,0,0,0
20728960_15,392,medium,repaired+p+boundary_on,repaired,p,1,1,0.013964784456587775,3804.967963093028,195799,5164.886000000024,0,1,1
20728960_15,392,medium,repaired+q+boundary_off,repaired,q,0,1,0.018220467658669914,3791.95576978421,197311,4985.136699999998,0,1,1
20728960_15,392,medium,repaired+q+boundary_on,repaired,q,1,1,0.012132241431604518,3806.7253224059095,193143,5187.561500000015,0,1,1
20728960_15,393,medium,original+p+boundary_off,original,p,0,0,nan,nan,0,0.0,0,0,0
20728960_15,393,medium,original+p+boundary_on,original,p,1,0,nan,nan,0,0.0,0,0,0
20728960_15,393,medium,original+q+boundary_off,original,q,0,0,nan,nan,0,0.0,0,0,0
20728960_15,393,medium,original+q+boundary_on,original,q,1,0,nan,nan,0,0.0,0,0,0
20728960_15,393,medium,repaired+p+boundary_off,repaired,p,0,0,nan,nan,200001,5000.433100000009,0,0,0
20728960_15,393,medium,repaired+p+boundary_on,repaired,p,1,0,nan,nan,200001,5207.12709999998,0,0,0
20728960_15,393,medium,repaired+q+boundary_off,repaired,q,0,0,nan,nan,200001,4876.976100000036,0,0,0
20728960_15,393,medium,repaired+q+boundary_on,repaired,q,1,0,nan,nan,200001,5316.067300000042,0,0,0
20728960_15,394,medium,original+p+boundary_off,original,p,0,0,nan,nan,0,0.0,0,0,0
20728960_15,394,medium,original+p+boundary_on,original,p,1,0,nan,nan,0,0.0,0,0,0
20728960_15,394,medium,original+q+boundary_off,original,q,0,0,nan,nan,0,0.0,0,0,0
20728960_15,394,medium,original+q+boundary_on,original,q,1,0,nan,nan,0,0.0,0,0,0
20728960_15,394,medium,repaired+p+boundary_off,repaired,p,0,1,0.01774491682070245,3188.2156544140644,178197,4415.3757999999925,0,1,1
20728960_15,394,medium,repaired+p+boundary_on,repaired,p,1,1,0.01365313653136535,3196.943576475421,177245,4775.628799999993,0,1,1
20728960_15,394,medium,repaired+q+boundary_off,repaired,q,0,1,0.01662356852604363,3191.0440815388106,175596,4310.944000000007,0,1,1
20728960_15,394,medium,repaired+q+boundary_on,repaired,q,1,1,0.012536873156342221,3197.2867222259288,175156,5181.492600000012,0,1,1
20728960_15,395,medium,original+p+boundary_off,original,p,0,0,nan,nan,0,0.0,0,0,0
20728960_15,395,medium,original+p+boundary_on,original,p,1,0,nan,nan,0,0.0,0,0,0
20728960_15,395,medium,original+q+boundary_off,original,q,0,0,nan,nan,0,0.0,0,0,0
20728960_15,395,medium,original+q+boundary_on,original,q,1,0,nan,nan,0,0.0,0,0,0
20728960_15,395,medium,repaired+p+boundary_off,repaired,p,0,0,nan,nan,0,0.0,0,0,0
20728960_15,395,medium,repaired+p+boundary_on,repaired,p,1,0,nan,nan,0,0.0,0,0,0
20728960_15,395,medium,repaired+q+boundary_off,repaired,q,0,0,nan,nan,0,0.0,0,0,0
20728960_15,395,medium,repaired+q+boundary_on,repaired,q,1,0,nan,nan,0,0.0,0,0,0
20728960_15,396,medium,original+p+boundary_off,original,p,0,1,0.015463917525773141,2007.197184982176,64692,1699.8394000000303,0,1,1
20728960_15,396,medium,original+p+boundary_on,original,p,1,1,0.009730967372638788,2013.5819612930263,79172,2101.263900000049,1,1,1
20728960_15,396,medium,original+q+boundary_off,original,q,0,1,0.013165426445334805,2009.4398256692953,64111,1607.327899999973,0,1,1
20728960_15,396,medium,original+q+boundary_on,original,q,1,1,0.006861063464837058,2015.5819612930263,78440,2009.3385000000126,1,1,1
20728960_15,396,medium,repaired+p+boundary_off,repaired,p,0,1,0.015463917525773141,2007.197184982176,80732,1966.2355999999477,0,1,1
20728960_15,396,medium,repaired+p+boundary_on,repaired,p,1,1,0.009730967372638788,2013.5819612930263,107501,2804.341299999976,1,1,1
20728960_15,396,medium,repaired+q+boundary_off,repaired,q,0,1,0.013165426445334805,2009.4398256692953,79639,1904.699800000003,0,1,1
20728960_15,396,medium,repaired+q+boundary_on,repaired,q,1,1,0.006861063464837058,2015.5819612930263,106003,2805.1083999999946,1,1,1
20728960_15,397,medium,original+p+boundary_off,original,p,0,0,nan,nan,0,0.0,0,0,0
20728960_15,397,medium,original+p+boundary_on,original,p,1,0,nan,nan,0,0.0,0,0,0
20728960_15,397,medium,original+q+boundary_off,original,q,0,0,nan,nan,0,0.0,0,0,0
20728960_15,397,medium,original+q+boundary_on,original,q,1,0,nan,nan,0,0.0,0,0,0
20728960_15,397,medium,repaired+p+boundary_off,repaired,p,0,0,nan,nan,200001,4923.674699999992,0,0,0
20728960_15,397,medium,repaired+p+boundary_on,repaired,p,1,0,nan,nan,200001,5203.431899999998,0,0,0
20728960_15,397,medium,repaired+q+boundary_off,repaired,q,0,0,nan,nan,200001,4831.952300000012,0,0,0
20728960_15,397,medium,repaired+q+boundary_on,repaired,q,1,0,nan,nan,200001,5221.7707000000355,0,0,0
20728960_15,398,medium,original+p+boundary_off,original,p,0,0,nan,nan,0,0.0,0,0,0
20728960_15,398,medium,original+p+boundary_on,original,p,1,0,nan,nan,0,0.0,0,0,0
20728960_15,398,medium,original+q+boundary_off,original,q,0,0,nan,nan,0,0.0,0,0,0
20728960_15,398,medium,original+q+boundary_on,original,q,1,0,nan,nan,0,0.0,0,0,0
20728960_15,398,medium,repaired+p+boundary_off,repaired,p,0,1,0.010427903631787139,3148.6500705120116,199559,4892.4028000000135,0,1,1
20728960_15,398,medium,repaired+p+boundary_on,repaired,p,1,1,0.007548526240115039,3155.863273947607,182711,4839.8423000001,1,1,1
20728960_15,398,medium,repaired+q+boundary_off,repaired,q,0,1,0.009705248023004986,3150.89271119913,195153,4810.2619,1,1,1
20728960_15,398,medium,repaired+q+boundary_on,repaired,q,1,1,0.007186489399928164,3155.620633260488,181068,4810.637900000074,1,1,1
20728960_15,399,long,original+p+boundary_off,original,p,0,1,0.01367781155015202,2315.55461608254,71358,1747.908700000039,0,1,1
20728960_15,399,long,original+p+boundary_on,original,p,1,1,0.011127971674253945,2326.4246737676285,71877,1851.3152000000446,0,1,1
20728960_15,399,long,original+q+boundary_off,original,q,0,1,0.012139605462822445,2319.7972567696597,70993,1721.9837999999754,0,1,1
20728960_15,399,long,original+q+boundary_on,original,q,1,1,0.008076728924785503,2330.424673767628,72052,1903.2861999999113,1,1,1
20728960_15,399,long,repaired+p+boundary_off,repaired,p,0,1,0.01367781155015202,2315.55461608254,71594,1748.3563999999205,0,1,1
20728960_15,399,long,repaired+p+boundary_on,repaired,p,1,1,0.011127971674253945,2326.4246737676285,72102,1887.9163999999946,0,1,1
20728960_15,399,long,repaired+q+boundary_off,repaired,q,0,1,0.012139605462822445,2319.7972567696597,71181,1747.7519000000257,0,1,1
20728960_15,399,long,repaired+q+boundary_on,repaired,q,1,1,0.008076728924785503,2330.424673767628,72296,1880.223800000067,1,1,1
20728960_15,400,long,original+p+boundary_off,original,p,0,0,nan,nan,0,0.0,0,0,0
20728960_15,400,long,original+p+boundary_on,original,p,1,0,nan,nan,0,0.0,0,0,0
20728960_15,400,long,original+q+boundary_off,original,q,0,0,nan,nan,0,0.0,0,0,0
20728960_15,400,long,original+q+boundary_on,original,q,1,0,nan,nan,0,0.0,0,0,0
20728960_15,400,long,repaired+p+boundary_off,repaired,p,0,1,0.018648018648018683,3991.430949890671,192651,4772.852600000078,0,1,1
20728960_15,400,long,repaired+p+boundary_on,repaired,p,1,1,0.013372093023255816,4011.8573567618605,185068,5016.671900000006,0,1,1
20728960_15,400,long,repaired+q+boundary_off,repaired,q,0,1,0.017737714451875553,4000.502017702536,190114,4711.767399999985,0,1,1
20728960_15,400,long,repaired+q+boundary_on,repaired,q,1,1,0.013058618688334356,4017.0289296371147,182998,4803.349000000026,0,1,1
20728960_15,401,long,original+p+boundary_off,original,p,0,0,nan,nan,0,0.0,0,0,0
20728960_15,401,long,original+p+boundary_on,original,p,1,0,nan,nan,0,0.0,0,0,0
20728960_15,401,long,original+q+boundary_off,original,q,0,0,nan,nan,0,0.0,0,0,0
20728960_15,401,long,original+q+boundary_on,original,q,1,0,nan,nan,0,0.0,0,0,0
20728960_15,401,long,repaired+p+boundary_off,repaired,p,0,1,0.02490617536676898,3376.936433800489,184876,4568.3305999999675,0,1,1
20728960_15,401,long,repaired+p+boundary_on,repaired,p,1,1,0.014650766609880739,3388.3922779232034,178214,4738.255200000026,0,1,1
20728960_15,401,long,repaired+q+boundary_off,repaired,q,0,1,0.018070235254006084,3381.4217151747266,181176,4491.280299999971,0,1,1
20728960_15,401,long,repaired+q+boundary_on,repaired,q,1,1,0.011572498298161982,3390.9780643608306,175581,4587.907900000005,0,1,1
20728960_15,402,long,original+p+boundary_off,original,p,0,0,nan,nan,0,0.0,0,0,0
20728960_15,402,long,original+p+boundary_on,original,p,1,0,nan,nan,0,0.0,0,0,0
20728960_15,402,long,original+q+boundary_off,original,q,0,0,nan,nan,0,0.0,0,0,0
20728960_15,402,long,original+q+boundary_on,original,q,1,0,nan,nan,0,0.0,0,0,0
20728960_15,402,long,repaired+p+boundary_off,repaired,p,0,1,0.022636484687083902,3432.539464180821,196609,4879.042800000093,0,1,1
20728960_15,402,long,repaired+p+boundary_on,repaired,p,1,1,0.012296444001329343,3445.409521865908,187663,4990.346100000011,0,1,1
20728960_15,402,long,repaired+q+boundary_off,repaired,q,0,1,0.015292553191489366,3438.1963184303127,192974,4935.032100000058,0,1,1
20728960_15,402,long,repaired+q+boundary_on,repaired,q,1,1,0.010292164674634785,3447.1668811787895,185342,4941.54560000004,0,1,1
20728960_15,403,long,original+p+boundary_off,original,p,0,0,nan,nan,0,0.0,0,0,0
20728960_15,403,long,original+p+boundary_on,original,p,1,0,nan,nan,0,0.0,0,0,0
20728960_15,403,long,original+q+boundary_off,original,q,0,0,nan,nan,0,0.0,0,0,0
20728960_15,403,long,original+q+boundary_on,original,q,1,0,nan,nan,0,0.0,0,0,0
20728960_15,403,long,repaired+p+boundary_off,repaired,p,0,0,nan,nan,200001,4880.762199999936,0,0,0
20728960_15,403,long,repaired+p+boundary_on,repaired,p,1,0,nan,nan,200001,5207.571199999961,0,0,0
20728960_15,403,long,repaired+q+boundary_off,repaired,q,0,0,nan,nan,200001,5015.035200000057,0,0,0
20728960_15,403,long,repaired+q+boundary_on,repaired,q,1,0,nan,nan,200001,5226.110899999981,0,0,0
20728960_15,404,long,original+p+boundary_off,original,p,0,0,nan,nan,0,0.0,0,0,0
20728960_15,404,long,original+p+boundary_on,original,p,1,0,nan,nan,0,0.0,0,0,0
20728960_15,404,long,original+q+boundary_off,original,q,0,0,nan,nan,0,0.0,0,0,0
20728960_15,404,long,original+q+boundary_on,original,q,1,0,nan,nan,0,0.0,0,0,0
20728960_15,404,long,repaired+p+boundary_off,repaired,p,0,0,nan,nan,200001,4889.329800000041,0,0,0
20728960_15,404,long,repaired+p+boundary_on,repaired,p,1,0,nan,nan,200001,5305.406300000072,0,0,0
20728960_15,404,long,repaired+q+boundary_off,repaired,q,0,0,nan,nan,200001,4925.105300000041,0,0,0
20728960_15,404,long,repaired+q+boundary_on,repaired,q,1,0,nan,nan,200001,5294.527700000003,0,0,0
20728960_15,405,long,original+p+boundary_off,original,p,0,0,nan,nan,0,0.0,0,0,0
20728960_15,405,long,original+p+boundary_on,original,p,1,0,nan,nan,0,0.0,0,0,0
20728960_15,405,long,original+q+boundary_off,original,q,0,0,nan,nan,0,0.0,0,0,0
20728960_15,405,long,original+q+boundary_on,original,q,1,0,nan,nan,0,0.0,0,0,0
20728960_15,405,long,repaired+p+boundary_off,repaired,p,0,0,nan,nan,0,0.0,0,0,0
20728960_15,405,long,repaired+p+boundary_on,repaired,p,1,0,nan,nan,0,0.0,0,0,0
20728960_15,405,long,repaired+q+boundary_off,repaired,q,0,0,nan,nan,0,0.0,0,0,0
20728960_15,405,long,repaired+q+boundary_on,repaired,q,1,0,nan,nan,0,0.0,0,0,0
20878930_15,406,short,original+p+boundary_off,original,p,0,1,0.008316008316008316,575.2691193458138,22034,548.3895000000416,1,1,1
20878930_15,406,short,original+p+boundary_on,original,p,1,1,0.008264462809917328,579.5117600329331,27289,724.8168000000419,1,1,1
20878930_15,406,short,original+q+boundary_off,original,q,0,1,0.004149377593360981,575.8549057834407,22021,540.1711999999748,1,1,1
20878930_15,406,short,original+q+boundary_on,original,q,1,1,0.008264462809917328,579.5117600329331,27187,703.1868000000259,1,1,1
20878930_15,406,short,repaired+p+boundary_off,repaired,p,0,1,0.008316008316008316,575.2691193458138,22034,532.306100000028,1,1,1
20878930_15,406,short,repaired+p+boundary_on,repaired,p,1,1,0.008264462809917328,579.5117600329331,27289,730.7120000000396,1,1,1
20878930_15,406,short,repaired+q+boundary_off,repaired,q,0,1,0.004149377593360981,575.8549057834407,22021,586.9243999999867,1,1,1
20878930_15,406,short,repaired+q+boundary_on,repaired,q,1,1,0.008264462809917328,579.5117600329331,27187,717.7763999999911,1,1,1
20878930_15,407,short,original+p+boundary_off,original,p,0,1,0.05279999999999996,722.1686142824259,19013,455.4388999999901,0,0,1
20878930_15,407,short,original+p+boundary_on,original,p,1,1,0.009538950715421324,729.4823227814107,23018,588.5730999999623,1,1,1
20878930_15,407,short,original+q+boundary_off,original,q,0,1,0.05279999999999996,722.1686142824259,18675,457.20840000001317,0,0,1
20878930_15,407,short,original+q+boundary_on,original,q,1,1,0.009538950715421324,729.4823227814107,22836,612.4631999999792,1,1,1
20878930_15,407,short,repaired+p+boundary_off,repaired,p,0,1,0.05279999999999996,722.1686142824259,19197,507.41620000002285,0,0,1
20878930_15,407,short,repaired+p+boundary_on,repaired,p,1,1,0.009538950715421324,729.4823227814107,23314,605.7174000000032,1,1,1
20878930_15,407,short,repaired+q+boundary_off,repaired,q,0,1,0.05279999999999996,722.1686142824259,18791,452.22850000004655,0,0,1
20878930_15,407,short,repaired+q+boundary_on,repaired,q,1,1,0.009538950715421324,729.4823227814107,23138,614.4391000000269,1,1,1
20878930_15,408,short,original+p+boundary_off,original,p,0,1,0.0383693045563549,984.1879502661832,26530,627.7496000000156,0,1,1
20878930_15,408,short,original+p+boundary_on,original,p,1,1,0.0,998.915872327541,28581,764.0310999999542,1,1,1
20878930_15,408,short,original+q+boundary_off,original,q,0,1,0.014354066985645897,985.359523141437,26093,669.3009999999617,0,1,1
20878930_15,408,short,original+q+boundary_on,original,q,1,1,0.0,998.915872327541,28235,732.2947999999769,1,1,1
20878930_15,408,short,repaired+p+boundary_off,repaired,p,0,1,0.0383693045563549,984.1879502661832,26530,644.3062000000168,0,1,1
20878930_15,408,short,repaired+p+boundary_on,repaired,p,1,1,0.0,998.915872327541,28581,755.5875999999557,1,1,1
20878930_15,408,short,repaired+q+boundary_off,repaired,q,0,1,0.014354066985645897,985.359523141437,26093,669.8097999999959,0,1,1
20878930_15,408,short,repaired+q+boundary_on,repaired,q,1,1,0.0,998.915872327541,28235,728.5272999999961,1,1,1
20878930_15,409,short,original+p+boundary_off,original,p,0,1,0.04303278688524592,614.9919907732892,12992,313.4194999999522,0,1,1
20878930_15,409,short,original+p+boundary_on,original,p,1,1,0.014112903225806495,621.3351365237968,18151,475.00550000000885,0,1,1
20878930_15,409,short,original+q+boundary_off,original,q,0,1,0.042944785276073594,615.5777772109161,13036,311.0072000000059,0,1,1
20878930_15,409,short,original+q+boundary_on,original,q,1,1,0.014112903225806495,621.3351365237968,18093,465.7789999999977,0,1,1
20878930_15,409,short,repaired+p+boundary_off,repaired,p,0,1,0.04303278688524592,614.9919907732892,12992,336.5177000000017,0,1,1
20878930_15,409,short,repaired+p+boundary_on,repaired,p,1,1,0.014112903225806495,621.3351365237968,18151,473.18070000000034,0,1,1
20878930_15,409,short,repaired+q+boundary_off,repaired,q,0,1,0.042944785276073594,615.5777772109161,13036,318.49130000000514,0,1,1
20878930_15,409,short,repaired+q+boundary_on,repaired,q,1,1,0.014112903225806495,621.3351365237968,18093,468.35549999997284,0,1,1
20878930_15,410,short,original+p+boundary_off,original,p,0,1,0.015510948905109512,1227.5483399593936,22609,556.6542000000254,0,1,1
20878930_15,410,short,original+p+boundary_on,original,p,1,1,0.010938924339106704,1230.6194077712591,23235,595.8105000000273,0,1,1
20878930_15,410,short,original+q+boundary_off,original,q,0,1,0.013673655423883324,1228.9625535217667,22170,537.118200000009,0,1,1
20878930_15,410,short,original+q+boundary_on,original,q,1,1,0.010928961748633892,1231.205194208886,23003,595.9439000000089,0,1,1
20878930_15,410,short,repaired+p+boundary_off,repaired,p,0,1,0.015510948905109512,1227.5483399593936,22720,581.7433000000278,0,1,1
20878930_15,410,short,repaired+p+boundary_on,repaired,p,1,1,0.010938924339106704,1230.6194077712591,23340,659.7917999999936,0,1,1
20878930_15,410,short,repaired+q+boundary_off,repaired,q,0,1,0.013673655423883324,1228.9625535217667,22296,549.7250000000236,0,1,1
20878930_15,410,short,repaired+q+boundary_on,repaired,q,1,1,0.010928961748633892,1231.205194208886,23112,631.6376999999989,0,1,1
20878930_15,411,short,original+p+boundary_off,original,p,0,1,0.0,95.56854249492376,1197,27.267800000004172,1,1,1
20878930_15,411,short,original+p+boundary_on,original,p,1,1,0.0,96.15432893255065,1538,41.73969999999372,1,1,1
20878930_15,411,short,original+q+boundary_off,original,q,0,1,0.0,95.56854249492376,1187,28.280599999959577,1,1,1
20878930_15,411,short,original+q+boundary_on,original,q,1,1,0.0,96.15432893255065,1521,38.740599999982805,1,1,1
20878930_15,411,short,repaired+p+boundary_off,repaired,p,0,1,0.0,95.56854249492376,1197,31.503100000009,1,1,1
20878930_15,411,short,repaired+p+boundary_on,repaired,p,1,1,0.0,96.15432893255065,1538,40.63780000001316,1,1,1
20878930_15,411,short,repaired+q+boundary_off,repaired,q,0,1,0.0,95.56854249492376,1187,29.203800000004776,1,1,1
20878930_15,411,short,repaired+q+boundary_on,repaired,q,1,1,0.0,96.15432893255065,1521,41.2668000000167,1,1,1
20878930_15,412,medium,original+p+boundary_off,original,p,0,0,nan,nan,0,0.0,0,0,0
20878930_15,412,medium,original+p+boundary_on,original,p,1,0,nan,nan,0,0.0,0,0,0
20878930_15,412,medium,original+q+boundary_off,original,q,0,0,nan,nan,0,0.0,0,0,0
20878930_15,412,medium,original+q+boundary_on,original,q,1,0,nan,nan,0,0.0,0,0,0
20878930_15,412,medium,repaired+p+boundary_off,repaired,p,0,0,nan,nan,0,0.0,0,0,0
20878930_15,412,medium,repaired+p+boundary_on,repaired,p,1,0,nan,nan,0,0.0,0,0,0
20878930_15,412,medium,repaired+q+boundary_off,repaired,q,0,0,nan,nan,0,0.0,0,0,0
20878930_15,412,medium,repaired+q+boundary_on,repaired,q,1,0,nan,nan,0,0.0,0,0,0
20878930_15,413,medium,original+p+boundary_off,original,p,0,0,nan,nan,0,0.0,0,0,0
20878930_15,413,medium,original+p+boundary_on,original,p,1,0,nan,nan,0,0.0,0,0,0
20878930_15,413,medium,original+q+boundary_off,original,q,0,0,nan,nan,0,0.0,0,0,0
20878930_15,413,medium,original+q+boundary_on,original,q,1,0,nan,nan,0,0.0,0,0,0
20878930_15,413,medium,repaired+p+boundary_off,repaired,p,0,1,0.04942233632862647,1838.6652224137117,85897,2200.6692999999586,0,1,1
20878930_15,413,medium,repaired+p+boundary_on,repaired,p,1,1,0.033290653008962834,1852.6063479106663,94666,2463.587000000018,0,1,1
20878930_15,413,medium,repaired+q+boundary_off,repaired,q,0,1,0.04094689699296228,1843.2510088513386,84912,2163.6371999999824,0,1,1
20878930_15,413,medium,repaired+q+boundary_on,repaired,q,1,1,0.03192848020434225,1855.77792078592,93959,2476.8204000000082,0,1,1
20878930_15,414,medium,original+p+boundary_off,original,p,0,0,nan,nan,0,0.0,0,0,0
20878930_15,414,medium,original+p+boundary_on,original,p,1,0,nan,nan,0,0.0,0,0,0
20878930_15,414,medium,original+q+boundary_off,original,q,0,0,nan,nan,0,0.0,0,0,0
20878930_15,414,medium,original+q+boundary_on,original,q,1,0,nan,nan,0,0.0,0,0,0
20878930_15,414,medium,repaired+p+boundary_off,repaired,p,0,1,0.06851742468989963,1954.1971849821757,68020,1624.332900000013,0,0,1
20878930_15,414,medium,repaired+p+boundary_on,repaired,p,1,1,0.041838538597525066,1968.9667376038765,76052,2036.5143000000216,0,1,1
20878930_15,414,medium,repaired+q+boundary_off,repaired,q,0,1,0.061873895109015864,1959.025612106922,66832,1686.3746999999876,0,0,1
20878930_15,414,medium,repaired+q+boundary_on,repaired,q,1,1,0.04112808460634543,1973.5525240415034,75337,1991.1381000000006,0,1,1
20878930_15,415,medium,original+p+boundary_off,original,p,0,1,0.04932094353109362,1540.489465456348,81894,2120.295400000032,0,1,1
20878930_15,415,medium,original+p+boundary_on,original,p,1,1,0.012838801711840264,1553.8448045156756,127917,3443.1347999999957,0,1,1
20878930_15,415,medium,original+q+boundary_off,original,q,0,1,0.04925053533190582,1542.489465456348,83586,2102.401299999997,0,1,1
20878930_15,415,medium,original+q+boundary_on,original,q,1,1,0.012838801711840264,1555.501658765168,128331,3484.3550999999593,0,1,1
20878930_15,415,medium,repaired+p+boundary_off,repaired,p,0,1,0.04932094353109362,1540.489465456348,81894,2089.581599999974,0,1,1
20878930_15,415,medium,repaired+p+boundary_on,repaired,p,1,1,0.012838801711840264,1553.8448045156756,128015,3448.824400000035,0,1,1
20878930_15,415,medium,repaired+q+boundary_off,repaired,q,0,1,0.04925053533190582,1542.489465456348,83586,2112.3821000000476,0,1,1
20878930_15,415,medium,repaired+q+boundary_on,repaired,q,1,1,0.012838801711840264,1555.501658765168,128412,3446.449400000006,0,1,1
20878930_15,416,medium,original+p+boundary_off,original,p,0,1,0.09531635168447006,1439.2611101191037,66173,1624.1434000000368,0,0,1
20878930_15,416,medium,original+p+boundary_on,original,p,1,1,0.05954323001631323,1451.9890321804614,96316,2575.816599999996,0,0,1
20878930_15,416,medium,original+q+boundary_off,original,q,0,1,0.07950819672131149,1442.6753236814766,65910,1597.8989000000183,0,0,1
20878930_15,416,medium,original+q+boundary_on,original,q,1,1,0.05691056910569103,1455.1606050557152,95658,2533.749499999999,0,0,1
20878930_15,416,medium,repaired+p+boundary_off,repaired,p,0,1,0.09531635168447006,1439.2611101191037,66173,1647.4340999999981,0,0,1
20878930_15,416,medium,repaired+p+boundary_on,repaired,p,1,1,0.05954323001631323,1451.9890321804614,96316,2566.276500000015,0,0,1
20878930_15,416,medium,repaired+q+boundary_off,repaired,q,0,1,0.07950819672131149,1442.6753236814766,65910,1591.8582999999558,0,0,1
20878930_15,416,medium,repaired+q+boundary_on,repaired,q,1,1,0.05691056910569103,1455.1606050557152,95658,2531.459600000005,0,0,1
20878930_15,417,medium,original+p+boundary_off,original,p,0,1,0.03219213081246808,2226.067242667257,122600,3246.5236999999547,0,1,1
20878930_15,417,medium,original+p+boundary_on,original,p,1,1,0.005597964376590325,2247.322076663193,163878,4390.4895000000015,1,1,1
20878930_15,417,medium,original+q+boundary_off,original,q,0,1,0.02855685874553804,2230.8956697920025,123223,3136.9732,0,1,1
20878930_15,417,medium,original+q+boundary_on,original,q,1,1,0.005595116988809767,2249.564717350312,164752,5039.458099999991,1,1,1
20878930_15,417,medium,repaired+p+boundary_off,repaired,p,0,1,0.03219213081246808,2226.067242667257,122600,3056.0987999999725,0,1,1
20878930_15,417,medium,repaired+p+boundary_on,repaired,p,1,1,0.005597964376590325,2247.322076663193,164038,4344.387799999993,1,1,1
20878930_15,417,medium,repaired+q+boundary_off,repaired,q,0,1,0.02855685874553804,2230.8956697920025,123223,3087.810100000013,0,1,1
20878930_15,417,medium,repaired+q+boundary_on,repaired,q,1,1,0.005595116988809767,2249.564717350312,164892,4408.391400000028,1,1,1
20878930_15,418,medium,original+p+boundary_off,original,p,0,1,0.04909409701928702,1910.0651506262102,73746,1843.0861999999593,0,1,1
20878930_15,418,medium,original+p+boundary_on,original,p,1,1,0.021549213744903928,1921.8641404994337,109106,2894.787699999995,0,1,1
20878930_15,418,medium,original+q+boundary_off,original,q,0,1,0.04784130688448074,1913.4793641885833,72683,1856.3583999999764,0,1,1
20878930_15,418,medium,original+q+boundary_on,original,q,1,1,0.021536670547147807,1923.2783540618066,108130,2880.820099999994,0,1,1
20878930_15,418,medium,repaired+p+boundary_off,repaired,p,0,1,0.04909409701928702,1910.0651506262102,73844,1843.5880999999767,0,1,1
20878930_15,418,medium,repaired+p+boundary_on,repaired,p,1,1,0.021549213744903928,1921.8641404994337,109835,2876.1274999999955,0,1,1
20878930_15,418,medium,repaired+q+boundary_off,repaired,q,0,1,0.04784130688448074,1913.4793641885833,72776,1812.9713999999808,0,1,1
20878930_15,418,medium,repaired+q+boundary_on,repaired,q,1,1,0.021536670547147807,1923.2783540618066,108844,2909.028699999965,0,1,1
20878930_15,419,long,original+p+boundary_off,original,p,0,1,0.04839650145772589,1940.9890321804614,156887,3914.1632999999842,0,1,1
20878930_15,419,long,original+p+boundary_on,original,p,1,1,0.022028985507246412,1955.9595949289387,180445,4820.4949999999935,0,1,1
20878930_15,419,long,original+q+boundary_off,original,q,0,1,0.04770215241419429,1944.1606050557152,156216,3921.900800000003,0,1,1
20878930_15,419,long,original+q+boundary_on,original,q,1,1,0.02027809965237548,1958.202235616058,180977,4797.733699999981,0,1,1
20878930_15,419,long,repaired+p+boundary_off,repaired,p,0,1,0.04839650145772589,1940.9890321804614,156887,3977.5629999999182,0,1,1
20878930_15,419,long,repaired+p+boundary_on,repaired,p,1,1,0.022028985507246412,1955.9595949289387,180591,4807.409399999983,0,1,1
20878930_15,419,long,repaired+q+boundary_off,repaired,q,0,1,0.04770215241419429,1944.1606050557152,156216,3866.5256999998974,0,1,1
20878930_15,419,long,repaired+q+boundary_on,repaired,q,1,1,0.02027809965237548,1958.202235616058,181101,4818.654300000048,0,1,1
20878930_15,420,long,original+p+boundary_off,original,p,0,0,nan,nan,0,0.0,0,0,0
20878930_15,420,long,original+p+boundary_on,original,p,1,0,nan,nan,0,0.0,0,0,0
20878930_15,420,long,original+q+boundary_off,original,q,0,0,nan,nan,0,0.0,0,0,0
20878930_15,420,long,original+q+boundary_on,original,q,1,0,nan,nan,0,0.0,0,0,0
20878930_15,420,long,repaired+p+boundary_off,repaired,p,0,1,0.046382978723404245,2767.769911559153,102113,2536.346999999978,0,1,1
20878930_15,420,long,repaired+p+boundary_on,repaired,p,1,1,0.02670623145400597,2786.296823493734,135702,3589.04629999995,0,1,1
20878930_15,420,long,repaired+q+boundary_off,repaired,q,0,1,0.040322580645161255,2774.598338683899,100300,2508.6831000000984,0,1,1
20878930_15,420,long,repaired+q+boundary_on,repaired,q,1,1,0.02709568162574094,2788.88260993136,134083,3733.2978000000594,0,1,1
20878930_15,421,long,original+p+boundary_off,original,p,0,1,0.019733023795705185,2024.375900532367,120971,3093.2986000000255,0,1,1
20878930_15,421,long,original+p+boundary_on,original,p,1,1,0.02486986697513016,2031.2043276571133,151054,4056.6305999999486,0,1,1
20878930_15,421,long,original+q+boundary_off,original,q,0,1,0.023121387283236983,2028.4764055957553,119089,2918.9877000000024,0,1,1
20878930_15,421,long,original+q+boundary_on,original,q,1,1,0.024277456647398887,2032.6185412194864,149660,3955.2706000000626,0,1,1
20878930_15,421,long,repaired+p+boundary_off,repaired,p,0,1,0.019733023795705185,2024.375900532367,120971,3010.881799999993,0,1,1
20878930_15,421,long,repaired+p+boundary_on,repaired,p,1,1,0.02486986697513016,2031.2043276571133,151054,4006.499299999973,0,1,1
20878930_15,421,long,repaired+q+boundary_off,repaired,q,0,1,0.023121387283236983,2028.4764055957553,119089,2927.394800000002,0,1,1
20878930_15,421,long,repaired+q+boundary_on,repaired,q,1,1,0.024277456647398887,2032.6185412194864,149660,3926.4171000000943,0,1,1
20878930_15,422,long,original+p+boundary_off,original,p,0,1,0.043835616438356206,2051.8174593052076,91617,2269.77480000005,0,1,1
20878930_15,422,long,original+p+boundary_on,original,p,1,1,0.014762165117550574,2066.587011926907,112333,2954.4797999999446,0,1,1
20878930_15,422,long,original+q+boundary_off,original,q,0,1,0.043763676148796504,2055.23167286758,90987,2253.3541999999898,0,1,1
20878930_15,422,long,original+q+boundary_on,original,q,1,1,0.014762165117550574,2068.243866176399,111739,2950.15740000008,0,1,1
20878930_15,422,long,repaired+p+boundary_off,repaired,p,0,1,0.043835616438356206,2051.8174593052076,92794,2372.786700000006,0,1,1
20878930_15,422,long,repaired+p+boundary_on,repaired,p,1,1,0.014762165117550574,2066.587011926907,113457,3069.5051999999805,0,1,1
20878930_15,422,long,repaired+q+boundary_off,repaired,q,0,1,0.043763676148796504,2055.23167286758,92151,2253.542599999946,0,1,1
20878930_15,422,long,repaired+q+boundary_on,repaired,q,1,1,0.014762165117550574,2068.243866176399,112868,2972.3928999999316,0,1,1
20878930_15,423,long,original+p+boundary_off,original,p,0,0,nan,nan,0,0.0,0,0,0
20878930_15,423,long,original+p+boundary_on,original,p,1,0,nan,nan,0,0.0,0,0,0
20878930_15,423,long,original+q+boundary_off,original,q,0,0,nan,nan,0,0.0,0,0,0
20878930_15,423,long,original+q+boundary_on,original,q,1,0,nan,nan,0,0.0,0,0,0
20878930_15,423,long,repaired+p+boundary_off,repaired,p,0,0,nan,nan,0,0.0,0,0,0
20878930_15,423,long,repaired+p+boundary_on,repaired,p,1,0,nan,nan,0,0.0,0,0,0
20878930_15,423,long,repaired+q+boundary_off,repaired,q,0,0,nan,nan,0,0.0,0,0,0
20878930_15,423,long,repaired+q+boundary_on,repaired,q,1,0,nan,nan,0,0.0,0,0,0
20878930_15,424,long,original+p+boundary_off,original,p,0,1,0.035776110790536664,1947.8052659963878,145505,3626.056999999946,0,1,1
20878930_15,424,long,original+p+boundary_on,original,p,1,1,0.006329113924050667,1965.645886429954,178487,4645.451200000025,1,1,1
20878930_15,424,long,original+q+boundary_off,original,q,0,1,0.03227665706051874,1951.4621202458802,142541,3601.326800000038,0,1,1
20878930_15,424,long,original+q+boundary_on,original,q,1,1,0.006321839080459801,1968.4743135547003,177122,4681.663299999968,1,1,1
20878930_15,424,long,repaired+p+boundary_off,repaired,p,0,1,0.035776110790536664,1947.8052659963878,145505,3607.899400000065,0,1,1
20878930_15,424,long,repaired+p+boundary_on,repaired,p,1,1,0.006329113924050667,1965.645886429954,178774,4734.679899999946,1,1,1
20878930_15,424,long,repaired+q+boundary_off,repaired,q,0,1,0.03227665706051874,1951.4621202458802,142541,3562.012399999958,0,1,1
20878930_15,424,long,repaired+q+boundary_on,repaired,q,1,1,0.006321839080459801,1968.4743135547003,177421,4702.217399999995,1,1,1
20878930_15,425,long,original+p+boundary_off,original,p,0,0,nan,nan,0,0.0,0,0,0
20878930_15,425,long,original+p+boundary_on,original,p,1,0,nan,nan,0,0.0,0,0,0
20878930_15,425,long,original+q+boundary_off,original,q,0,0,nan,nan,0,0.0,0,0,0
20878930_15,425,long,original+q+boundary_on,original,q,1,0,nan,nan,0,0.0,0,0,0
20878930_15,425,long,repaired+p+boundary_off,repaired,p,0,0,nan,nan,200001,4966.56269999994,0,0,0
20878930_15,425,long,repaired+p+boundary_on,repaired,p,1,0,nan,nan,200001,5383.8312000000315,0,0,0
20878930_15,425,long,repaired+q+boundary_off,repaired,q,0,0,nan,nan,200001,5056.9348999999875,0,0,0
20878930_15,425,long,repaired+q+boundary_on,repaired,q,1,0,nan,nan,200001,5315.814599999953,0,0,0
21479035_15,426,short,original+p+boundary_off,original,p,0,1,0.016363636363636358,662.4945160902307,20688,503.97089999995615,0,1,1
21479035_15,426,short,original+p+boundary_on,original,p,1,1,0.003597122302158251,666.8376618407383,19973,519.2476000000283,1,1,1
21479035_15,426,short,original+q+boundary_off,original,q,0,1,0.0126811594202898,664.4945160902307,20297,494.0834999999879,0,1,1
21479035_15,426,short,original+q+boundary_on,original,q,1,1,0.0035906642728904536,669.0803025278576,19713,564.3330999999989,1,1,1
21479035_15,426,short,repaired+p+boundary_off,repaired,p,0,1,0.016363636363636358,662.4945160902307,21271,548.2384000000025,0,1,1
21479035_15,426,short,repaired+p+boundary_on,repaired,p,1,1,0.003597122302158251,666.8376618407383,20658,535.876299999984,1,1,1
21479035_15,426,short,repaired+q+boundary_off,repaired,q,0,1,0.0126811594202898,664.4945160902307,20862,493.4413999999947,0,1,1
21479035_15,426,short,repaired+q+boundary_on,repaired,q,1,1,0.0035906642728904536,669.0803025278576,20340,529.3858,1,1,1
21479035_15,427,short,original+p+boundary_off,original,p,0,0,nan,nan,0,0.0,0,0,0
21479035_15,427,short,original+p+boundary_on,original,p,1,0,nan,nan,0,0.0,0,0,0
21479035_15,427,short,original+q+boundary_off,original,q,0,0,nan,nan,0,0.0,0,0,0
21479035_15,427,short,original+q+boundary_on,original,q,1,0,nan,nan,0,0.0,0,0,0
21479035_15,427,short,repaired+p+boundary_off,repaired,p,0,1,0.0029239766081871066,818.0336213336318,16965,407.9547000000048,1,1,1
21479035_15,427,short,repaired+p+boundary_on,repaired,p,1,1,0.0014556040756914523,823.9331162702435,16350,419.428699999969,1,1,1
21479035_15,427,short,repaired+q+boundary_off,repaired,q,0,1,0.0014598540145985828,819.4478348960049,16672,435.6467000000066,1,1,1
21479035_15,427,short,repaired+q+boundary_on,repaired,q,1,1,0.0014556040756914523,823.1046891454973,16012,439.1747999999893,1,1,1
21479035_15,428,short,original+p+boundary_off,original,p,0,1,0.42750929368029744,318.11984104714486,6657,161.43220000003566,0,0,0
21479035_15,428,short,original+p+boundary_on,original,p,1,1,0.4007352941176471,320.7056274847718,7788,217.05539999999246,0,0,0
21479035_15,428,short,original+q+boundary_off,original,q,0,1,0.42750929368029744,318.9482681718911,7444,173.90010000002576,0,0,0
21479035_15,428,short,original+q+boundary_on,original,q,1,1,0.40441176470588236,320.7056274847718,8187,211.46820000001298,0,0,0
21479035_15,428,short,repaired+p+boundary_off,repaired,p,0,1,0.42750929368029744,318.11984104714486,6657,161.8821000000139,0,0,0
21479035_15,428,short,repaired+p+boundary_on,repaired,p,1,1,0.4007352941176471,320.7056274847718,7788,189.06039999995983,0,0,0
21479035_15,428,short,repaired+q+boundary_off,repaired,q,0,1,0.42750929368029744,318.9482681718911,7444,181.85480000005327,0,0,0
21479035_15,428,short,repaired+q+boundary_on,repaired,q,1,1,0.40441176470588236,320.7056274847718,8187,208.97719999999254,0,0,0
21479035_15,429,short,original+p+boundary_off,original,p,0,1,0.0,192.58073580374378,3350,78.78819999996267,1,1,1
21479035_15,429,short,original+p+boundary_on,original,p,1,1,0.0,193.7523086789976,3543,98.69099999997388,1,1,1
21479035_15,429,short,original+q+boundary_off,original,q,0,1,0.0,193.16652224137067,3309,83.27270000000908,1,1,1
21479035_15,429,short,original+q+boundary_on,original,q,1,1,0.0,193.7523086789976,3521,93.4432999999899,1,1,1
21479035_15,429,short,repaired+p+boundary_off,repaired,p,0,1,0.0,192.58073580374378,3350,80.404499999986,1,1,1
21479035_15,429,short,repaired+p+boundary_on,repaired,p,1,1,0.0,193.7523086789976,3543,91.25929999999016,1,1,1
21479035_15,429,short,repaired+q+boundary_off,repaired,q,0,1,0.0,193.16652224137067,3309,82.5743999999986,1,1,1
21479035_15,429,short,repaired+q+boundary_on,repaired,q,1,1,0.0,193.7523086789976,3521,89.3669000000159,1,1,1
21479035_15,430,short,original+p+boundary_off,original,p,0,1,0.17325227963525835,787.0630585851552,13758,337.74490000001833,0,0,0
21479035_15,430,short,original+p+boundary_on,original,p,1,1,0.16216216216216217,794.234631460409,14566,378.9359999999533,0,0,0
21479035_15,430,short,original+q+boundary_off,original,q,0,1,0.17272727272727273,789.0630585851552,13469,336.5845999999806,0,0,0
21479035_15,430,short,original+q+boundary_on,original,q,1,1,0.1636636636636637,794.234631460409,14461,387.5504000000092,0,0,0
21479035_15,430,short,repaired+p+boundary_off,repaired,p,0,1,0.17325227963525835,787.0630585851552,13816,340.7080999999721,0,0,0
21479035_15,430,short,repaired+p+boundary_on,repaired,p,1,1,0.16216216216216217,794.234631460409,14660,385.77759999998307,0,0,0
21479035_15,430,short,repaired+q+boundary_off,repaired,q,0,1,0.17272727272727273,789.0630585851552,13544,325.1525000000015,0,0,0
21479035_15,430,short,repaired+q+boundary_on,repaired,q,1,1,0.1636636636636637,794.234631460409,14559,380.4116000000022,0,0,0
21479035_15,431,short,original+p+boundary_off,original,p,0,0,nan,nan,0,0.0,0,0,0
21479035_15,431,short,original+p+boundary_on,original,p,1,0,nan,nan,0,0.0,0,0,0
21479035_15,431,short,original+q+boundary_off,original,q,0,0,nan,nan,0,0.0,0,0,0
21479035_15,431,short,original+q+boundary_on,original,q,1,0,nan,nan,0,0.0,0,0,0
21479035_15,431,short,repaired+p+boundary_off,repaired,p,0,0,nan,nan,0,0.0,0,0,0
21479035_15,431,short,repaired+p+boundary_on,repaired,p,1,0,nan,nan,0,0.0,0,0,0
21479035_15,431,short,repaired+q+boundary_off,repaired,q,0,0,nan,nan,0,0.0,0,0,0
21479035_15,431,short,repaired+q+boundary_on,repaired,q,1,0,nan,nan,0,0.0,0,0,0
21479035_15,432,medium,original+p+boundary_off,original,p,0,0,nan,nan,0,0.0,0,0,0
21479035_15,432,medium,original+p+boundary_on,original,p,1,0,nan,nan,0,0.0,0,0,0
21479035_15,432,medium,original+q+boundary_off,original,q,0,0,nan,nan,0,0.0,0,0,0
21479035_15,432,medium,original+q+boundary_on,original,q,1,0,nan,nan,0,0.0,0,0,0
21479035_15,432,medium,repaired+p+boundary_off,repaired,p,0,1,0.1016781836130306,1120.9381669041265,23833,575.3849999999829,0,0,0
21479035_15,432,medium,repaired+p+boundary_on,repaired,p,1,1,0.1258603736479843,1127.4234482783652,26965,732.7966000000288,0,0,0
21479035_15,432,medium,repaired+q+boundary_off,repaired,q,0,1,0.09832841691248773,1123.2813126546341,24087,603.074300000003,0,0,1
21479035_15,432,medium,repaired+q+boundary_on,repaired,q,1,1,0.12671905697445973,1128.8376618407383,27249,689.1090000000304,0,0,0
21479035_15,433,medium,original+p+boundary_off,original,p,0,0,nan,nan,0,0.0,0,0,0
21479035_15,433,medium,original+p+boundary_on,original,p,1,0,nan,nan,0,0.0,0,0,0
21479035_15,433,medium,original+q+boundary_off,original,q,0,0,nan,nan,0,0.0,0,0,0
21479035_15,433,medium,original+q+boundary_on,original,q,1,0,nan,nan,0,0.0,0,0,0
21479035_15,433,medium,repaired+p+boundary_off,repaired,p,0,1,0.022206303724928378,1660.9251070435334,45744,1122.6671999999667,0,1,1
21479035_15,433,medium,repaired+p+boundary_on,repaired,p,1,1,0.018479033404406486,1671.5108934811603,43763,1153.4384000000273,0,1,1
21479035_15,433,medium,repaired+q+boundary_off,repaired,q,0,1,0.020729092208720545,1663.5108934811603,45006,1105.5380999999898,0,1,1
21479035_15,433,medium,repaired+q+boundary_on,repaired,q,1,1,0.018479033404406486,1671.5108934811603,43353,1125.9569000000056,0,1,1
21479035_15,434,medium,original+p+boundary_off,original,p,0,1,0.004382120946538115,1362.8468965567306,26746,649.3179999999938,1,1,1
21479035_15,434,medium,original+p+boundary_on,original,p,1,1,0.0,1370.8468965567306,30659,825.7392999999524,1,1,1
21479035_15,434,medium,original+q+boundary_off,original,q,0,1,0.004374453193350836,1364.8468965567306,26181,632.6023000000305,1,1,1
21479035_15,434,medium,original+q+boundary_on,original,q,1,1,0.0,1370.8468965567306,30170,835.835099999997,1,1,1
21479035_15,434,medium,repaired+p+boundary_off,repaired,p,0,1,0.004382120946538115,1362.8468965567306,26837,636.4436999999725,1,1,1
21479035_15,434,medium,repaired+p+boundary_on,repaired,p,1,1,0.0,1370.8468965567306,36898,960.1054000000318,1,1,1
21479035_15,434,medium,repaired+q+boundary_off,repaired,q,0,1,0.004374453193350836,1364.8468965567306,26257,650.2734000000032,1,1,1
21479035_15,434,medium,repaired+q+boundary_on,repaired,q,1,1,0.0,1370.8468965567306,36007,939.7131000000059,1,1,1
21479035_15,435,medium,original+p+boundary_off,original,p,0,1,0.1251372118551043,1066.9869401394071,18620,442.91939999999386,0,0,0
21479035_15,435,medium,original+p+boundary_on,original,p,1,1,0.11751904243743194,1077.4722215136458,23015,579.6993999999813,0,0,0
21479035_15,435,medium,original+q+boundary_off,original,q,0,1,0.12486308871851037,1069.8153672641533,18275,439.1023999999675,0,0,0
21479035_15,435,medium,original+q+boundary_on,original,q,1,1,0.1186071817192601,1077.4722215136458,22702,582.4465000000032,0,0,0
21479035_15,435,medium,repaired+p+boundary_off,repaired,p,0,1,0.1251372118551043,1066.9869401394071,18737,453.93550000000005,0,0,0
21479035_15,435,medium,repaired+p+boundary_on,repaired,p,1,1,0.11751904243743194,1077.4722215136458,23126,589.415200000019,0,0,0
21479035_15,435,medium,repaired+q+boundary_off,repaired,q,0,1,0.12486308871851037,1069.8153672641533,18386,448.29409999999825,0,0,0
21479035_15,435,medium,repaired+q+boundary_on,repaired,q,1,1,0.1186071817192601,1077.4722215136458,22822,587.3546999999917,0,0,0
21479035_15,436,medium,original+p+boundary_off,original,p,0,1,0.007072135785007094,861.7442994522871,17622,434.97869999998784,1,1,1
21479035_15,436,medium,original+p+boundary_on,original,p,1,1,0.0,867.0163773909292,19747,521.7442000000005,1,1,1
21479035_15,436,medium,original+q+boundary_off,original,q,0,1,0.007042253521126751,863.5016587651678,17414,449.0802000000258,1,1,1
21479035_15,436,medium,original+q+boundary_on,original,q,1,1,0.0,867.0163773909292,19523,508.10429999995677,1,1,1
21479035_15,436,medium,repaired+p+boundary_off,repaired,p,0,1,0.007072135785007094,861.7442994522871,17622,421.51649999999563,1,1,1
21479035_15,436,medium,repaired+p+boundary_on,repaired,p,1,1,0.0,867.0163773909292,19747,517.0678000000066,1,1,1
21479035_15,436,medium,repaired+q+boundary_off,repaired,q,0,1,0.007042253521126751,863.5016587651678,17414,424.34489999999414,1,1,1
21479035_15,436,medium,repaired+q+boundary_on,repaired,q,1,1,0.0,867.0163773909292,19523,503.7098000000242,1,1,1
21479035_15,437,medium,original+p+boundary_off,original,p,0,0,nan,nan,0,0.0,0,0,0
21479035_15,437,medium,original+p+boundary_on,original,p,1,0,nan,nan,0,0.0,0,0,0
21479035_15,437,medium,original+q+boundary_off,original,q,0,0,nan,nan,0,0.0,0,0,0
21479035_15,437,medium,original+q+boundary_on,original,q,1,0,nan,nan,0,0.0,0,0,0
21479035_15,437,medium,repaired+p+boundary_off,repaired,p,0,1,0.03460207612456745,1372.0479066835073,26474,693.6689999999999,0,1,1
21479035_15,437,medium,repaired+p+boundary_on,repaired,p,1,1,0.030017152658662116,1379.5626253092687,28962,768.296600000042,0,1,1
21479035_15,437,medium,repaired+q+boundary_off,repaired,q,0,1,0.02931034482758621,1374.391052434015,26106,677.3719000000256,0,1,1
21479035_15,437,medium,repaired+q+boundary_on,repaired,q,1,1,0.028301886792452824,1379.5626253092687,28650,754.6927999999866,0,1,1
21479035_15,438,medium,original+p+boundary_off,original,p,0,1,0.050428163653663205,1281.5453813665656,28071,678.6372999999912,0,0,1
21479035_15,438,medium,original+p+boundary_on,original,p,1,1,0.025471698113207597,1287.6458864299536,31395,847.176099999956,0,1,1
21479035_15,438,medium,original+q+boundary_off,original,q,0,1,0.04933586337760909,1284.1311678041925,27518,652.5266000000443,0,1,1
21479035_15,438,medium,original+q+boundary_on,original,q,1,1,0.025447690857681393,1289.060099992327,30672,792.5003999999944,0,1,1
21479035_15,438,medium,repaired+p+boundary_off,repaired,p,0,1,0.050428163653663205,1281.5453813665656,29011,708.8428000000135,0,0,1
21479035_15,438,medium,repaired+p+boundary_on,repaired,p,1,1,0.025471698113207597,1287.6458864299536,32250,877.7063999999655,0,1,1
21479035_15,438,medium,repaired+q+boundary_off,repaired,q,0,1,0.04933586337760909,1284.1311678041925,28391,708.1193000000212,0,1,1
21479035_15,438,medium,repaired+q+boundary_on,repaired,q,1,1,0.025447690857681393,1289.060099992327,31495,872.9771000000142,0,1,1
21479035_15,439,long,original+p+boundary_off,original,p,0,0,nan,nan,0,0.0,0,0,0
21479035_15,439,long,original+p+boundary_on,original,p,1,0,nan,nan,0,0.0,0,0,0
21479035_15,439,long,original+q+boundary_off,original,q,0,0,nan,nan,0,0.0,0,0,0
21479035_15,439,long,original+q+boundary_on,original,q,1,0,nan,nan,0,0.0,0,0,0
21479035_15,439,long,repaired+p+boundary_off,repaired,p,0,1,0.004824259131633313,1743.2632021601585,35678,916.4716999999882,1,1,1
21479035_15,439,long,repaired+p+boundary_on,repaired,p,1,1,0.000684462696783017,1754.9200564096511,40239,1112.7751000000217,1,1,1
21479035_15,439,long,repaired+q+boundary_off,repaired,q,0,1,0.004129387474191337,1746.0916292849047,34935,850.8107999999766,1,1,1
21479035_15,439,long,repaired+q+boundary_on,repaired,q,1,1,0.000684462696783017,1754.0916292849047,39555,1030.0882999999885,1,1,1
21479035_15,440,long,original+p+boundary_off,original,p,0,0,nan,nan,0,0.0,0,0,0
21479035_15,440,long,original+p+boundary_on,original,p,1,0,nan,nan,0,0.0,0,0,0
21479035_15,440,long,original+q+boundary_off,original,q,0,0,nan,nan,0,0.0,0,0,0
21479035_15,440,long,original+q+boundary_on,original,q,1,0,nan,nan,0,0.0,0,0,0
21479035_15,440,long,repaired+p+boundary_off,repaired,p,0,1,0.0036443148688046767,1640.2388155425183,41136,1043.2777999999985,1,1,1
21479035_15,440,long,repaired+p+boundary_on,repaired,p,1,1,0.0,1651.0672426672645,42640,1118.7939999999799,1,1,1
21479035_15,440,long,repaired+q+boundary_off,repaired,q,0,1,0.00363901018922852,1642.2388155425183,41233,1006.9691999999577,1,1,1
21479035_15,440,long,repaired+q+boundary_on,repaired,q,1,1,0.0,1650.2388155425183,42093,1097.4031999999738,1,1,1
21479035_15,441,long,original+p+boundary_off,original,p,0,0,nan,nan,0,0.0,0,0,0
21479035_15,441,long,original+p+boundary_on,original,p,1,0,nan,nan,0,0.0,0,0,0
21479035_15,441,long,original+q+boundary_off,original,q,0,0,nan,nan,0,0.0,0,0,0
21479035_15,441,long,original+q+boundary_on,original,q,1,0,nan,nan,0,0.0,0,0,0
21479035_15,441,long,repaired+p+boundary_off,repaired,p,0,1,0.00707714083510258,1693.2510088513388,38066,976.1176000000091,1,1,1
21479035_15,441,long,repaired+p+boundary_on,repaired,p,1,1,0.0,1705.2510088513388,47213,1345.3082999999992,1,1,1
21479035_15,441,long,repaired+q+boundary_off,repaired,q,0,1,0.007067137809187329,1695.2510088513388,37284,1065.0700000000484,1,1,1
21479035_15,441,long,repaired+q+boundary_on,repaired,q,1,1,0.0,1704.4225817265926,46473,1437.5926000000163,1,1,1
21479035_15,442,long,original+p+boundary_off,original,p,0,0,nan,nan,0,0.0,0,0,0
21479035_15,442,long,original+p+boundary_on,original,p,1,0,nan,nan,0,0.0,0,0,0
21479035_15,442,long,original+q+boundary_off,original,q,0,0,nan,nan,0,0.0,0,0,0
21479035_15,442,long,original+q+boundary_on,original,q,1,0,nan,nan,0,0.0,0,0,0
21479035_15,442,long,repaired+p+boundary_off,repaired,p,0,1,0.0032509752925877766,1860.0865786510221,46472,1301.8390000000295,1,1,1
21479035_15,442,long,repaired+p+boundary_on,repaired,p,1,1,0.0,1872.672365088649,47307,1268.3890000000133,1,1,1
21479035_15,442,long,repaired+q+boundary_off,repaired,q,0,1,0.0032467532467532756,1862.0865786510221,46368,1147.6837999999816,1,1,1
21479035_15,442,long,repaired+q+boundary_on,repaired,q,1,1,0.0,1871.8439379639028,46668,1227.6292999999896,1,1,1
21479035_15,443,long,original+p+boundary_off,original,p,0,0,nan,nan,0,0.0,0,0,0
21479035_15,443,long,original+p+boundary_on,original,p,1,0,nan,nan,0,0.0,0,0,0
21479035_15,443,long,original+q+boundary_off,original,q,0,0,nan,nan,0,0.0,0,0,0
21479035_15,443,long,original+q+boundary_on,original,q,1,0,nan,nan,0,0.0,0,0,0
21479035_15,443,long,repaired+p+boundary_off,repaired,p,0,1,0.021723896285914535,1708.9078631008308,44027,1084.3518000000358,0,1,1
21479035_15,443,long,repaired+p+boundary_on,repaired,p,1,1,0.018080667593880384,1719.4936495384577,42598,1094.3514000000505,0,1,1
21479035_15,443,long,repaired+q+boundary_off,repaired,q,0,1,0.020279720279720248,1711.4936495384577,43583,1036.2306000000103,0,1,1
21479035_15,443,long,repaired+q+boundary_on,repaired,q,1,1,0.018080667593880384,1719.4936495384577,42170,1133.1116000000065,0,1,1
21479035_15,444,long,original+p+boundary_off,original,p,0,0,nan,nan,0,0.0,0,0,0
21479035_15,444,long,original+p+boundary_on,original,p,1,0,nan,nan,0,0.0,0,0,0
21479035_15,444,long,original+q+boundary_off,original,q,0,0,nan,nan,0,0.0,0,0,0
21479035_15,444,long,original+q+boundary_on,original,q,1,0,nan,nan,0,0.0,0,0,0
21479035_15,444,long,repaired+p+boundary_off,repaired,p,0,1,0.003668378576669129,1635.7951647286222,35221,839.0400000000113,1,1,1
21479035_15,444,long,repaired+p+boundary_on,repaired,p,1,1,0.0,1646.0378054157416,39966,1041.0515000000373,1,1,1
21479035_15,444,long,repaired+q+boundary_off,repaired,q,0,1,0.00366300366300365,1637.7951647286222,34515,821.9550999999683,1,1,1
21479035_15,444,long,repaired+q+boundary_on,repaired,q,1,1,0.0,1645.2093782909953,39287,1025.957500000004,1,1,1
21479035_15,445,long,original+p+boundary_off,original,p,0,0,nan,nan,0,0.0,0,0,0
21479035_15,445,long,original+p+boundary_on,original,p,1,0,nan,nan,0,0.0,0,0,0
21479035_15,445,long,original+q+boundary_off,original,q,0,0,nan,nan,0,0.0,0,0,0
21479035_15,445,long,original+q+boundary_on,original,q,1,0,nan,nan,0,0.0,0,0,0
21479035_15,445,long,repaired+p+boundary_off,repaired,p,0,1,0.004794520547945158,1758.476405595755,36477,870.5701999999746,1,1,1
21479035_15,445,long,repaired+p+boundary_on,repaired,p,1,1,0.0006793478260869179,1771.3048327205013,41378,1067.157199999997,1,1,1
21479035_15,445,long,repaired+q+boundary_off,repaired,q,0,1,0.004103967168262668,1761.3048327205013,35648,917.9416999999717,1,1,1
21479035_15,445,long,repaired+q+boundary_on,repaired,q,1,1,0.0006793478260869179,1770.476405595755,40679,1079.1403999999716,1,1,1
21779005_15,446,short,original+p+boundary_off,original,p,0,1,0.14541832669322707,587.1564209736052,13612,330.6703000000084,0,0,0
21779005_15,446,short,original+p+boundary_on,original,p,1,1,0.12871287128712872,596.3696244092018,16569,440.73129999998173,0,0,0
21779005_15,446,short,original+q+boundary_off,original,q,0,1,0.14512922465208744,588.5706345359782,14929,359.63020000002643,0,0,0
21779005_15,446,short,original+q+boundary_on,original,q,1,1,0.12475247524752475,597.1980515339479,17075,475.16130000002477,0,0,0
21779005_15,446,short,repaired+p+boundary_off,repaired,p,0,1,0.14541832669322707,587.1564209736052,13612,333.50230000002057,0,0,0
21779005_15,446,short,repaired+p+boundary_on,repaired,p,1,1,0.12871287128712872,596.3696244092018,16569,451.33970000000545,0,0,0
21779005_15,446,short,repaired+q+boundary_off,repaired,q,0,1,0.14512922465208744,588.5706345359782,14929,360.75370000003204,0,0,0
21779005_15,446,short,repaired+q+boundary_on,repaired,q,1,1,0.12475247524752475,597.1980515339479,17075,471.411000000046,0,0,0
21779005_15,447,short,original+p+boundary_off,original,p,0,1,0.024657534246575352,452.64170234784433,8160,194.8279999999727,0,1,1
21779005_15,447,short,original+p+boundary_on,original,p,1,1,0.016260162601625994,454.9848480983519,8110,211.2577999999985,0,1,1
21779005_15,447,short,original+q+boundary_off,original,q,0,1,0.030054644808743203,453.2274887854712,8389,202.32989999999518,0,1,1
21779005_15,447,short,original+q+boundary_on,original,q,1,1,0.016260162601625994,454.9848480983519,8260,203.8338000000408,0,1,1
21779005_15,447,short,repaired+p+boundary_off,repaired,p,0,1,0.024657534246575352,452.64170234784433,8160,185.96709999997074,0,1,1
21779005_15,447,short,repaired+p+boundary_on,repaired,p,1,1,0.016260162601625994,454.9848480983519,8110,207.51549999999952,0,1,1
21779005_15,447,short,repaired+q+boundary_off,repaired,q,0,1,0.030054644808743203,453.2274887854712,8389,198.0813999999782,0,1,1
21779005_15,447,short,repaired+q+boundary_on,repaired,q,1,1,0.016260162601625994,454.9848480983519,8260,210.67460000000438,0,1,1
21779005_15,448,short,original+p+boundary_off,original,p,0,0,nan,nan,0,0.0,0,0,0
21779005_15,448,short,original+p+boundary_on,original,p,1,0,nan,nan,0,0.0,0,0,0
21779005_15,448,short,original+q+boundary_off,original,q,0,0,nan,nan,0,0.0,0,0,0
21779005_15,448,short,original+q+boundary_on,original,q,1,0,nan,nan,0,0.0,0,0,0
21779005_15,448,short,repaired+p+boundary_off,repaired,p,0,0,nan,nan,0,0.0,0,0,0
21779005_15,448,short,repaired+p+boundary_on,repaired,p,1,0,nan,nan,0,0.0,0,0,0
21779005_15,448,short,repaired+q+boundary_off,repaired,q,0,0,nan,nan,0,0.0,0,0,0
21779005_15,448,short,repaired+q+boundary_on,repaired,q,1,0,nan,nan,0,0.0,0,0,0
21779005_15,449,short,original+p+boundary_off,original,p,0,1,0.00952380952380949,516.3401871576793,9753,236.37239999999338,1,1,1
21779005_15,449,short,original+p+boundary_on,original,p,1,1,0.007075471698113178,520.3401871576793,11734,299.95779999995875,1,1,1
21779005_15,449,short,original+q+boundary_off,original,q,0,1,0.011904761904761862,517.1686142824256,9747,239.4557000000077,0,1,1
21779005_15,449,short,original+q+boundary_on,original,q,1,1,0.007075471698113178,521.1686142824254,11628,292.8095000000326,1,1,1
21779005_15,449,short,repaired+p+boundary_off,repaired,p,0,1,0.00952380952380949,516.3401871576793,9753,234.680400000002,1,1,1
21779005_15,449,short,repaired+p+boundary_on,repaired,p,1,1,0.007075471698113178,520.3401871576793,11734,319.1004000000248,1,1,1
21779005_15,449,short,repaired+q+boundary_off,repaired,q,0,1,0.011904761904761862,517.1686142824256,9747,239.62840000001506,0,1,1
21779005_15,449,short,repaired+q+boundary_on,repaired,q,1,1,0.007075471698113178,521.1686142824254,11628,309.0435999999954,1,1,1
21779005_15,450,short,original+p+boundary_off,original,p,0,1,0.0,632.2985565973365,11596,270.3763999999751,1,1,1
21779005_15,450,short,original+p+boundary_on,original,p,1,1,0.0,638.4406922210675,15918,406.3216000000125,1,1,1
21779005_15,450,short,original+q+boundary_off,original,q,0,1,0.0,633.7127701597096,11542,274.75180000004684,1,1,1
21779005_15,450,short,original+q+boundary_on,original,q,1,1,0.0,639.0264786586944,15608,440.96539999998186,1,1,1
21779005_15,450,short,repaired+p+boundary_off,repaired,p,0,1,0.0,632.2985565973365,11596,277.1390999999994,1,1,1
21779005_15,450,short,repaired+p+boundary_on,repaired,p,1,1,0.0,638.4406922210675,15918,411.17929999995795,1,1,1
21779005_15,450,short,repaired+q+boundary_off,repaired,q,0,1,0.0,633.7127701597096,11542,279.58389999997735,1,1,1
21779005_15,450,short,repaired+q+boundary_on,repaired,q,1,1,0.0,639.0264786586944,15608,403.6346999999978,1,1,1
21779005_15,451,short,original+p+boundary_off,original,p,0,1,0.07994186046511631,823.2762620207515,18846,465.6186000000275,0,0,1
21779005_15,451,short,original+p+boundary_on,original,p,1,1,0.06956521739130439,827.7615433949901,20319,523.4712000000172,0,0,1
21779005_15,451,short,original+q+boundary_off,original,q,0,1,0.07547169811320753,825.5189027078708,18666,455.0850999999625,0,0,1
21779005_15,451,short,original+q+boundary_on,original,q,1,1,0.06647398843930641,828.9331162702439,20150,515.5064999999581,0,0,1
21779005_15,451,short,repaired+p+boundary_off,repaired,p,0,1,0.07994186046511631,823.2762620207515,18846,454.0632000000073,0,0,1
21779005_15,451,short,repaired+p+boundary_on,repaired,p,1,1,0.06956521739130439,827.7615433949901,20319,527.3253000000295,0,0,1
21779005_15,451,short,repaired+q+boundary_off,repaired,q,0,1,0.07547169811320753,825.5189027078708,18666,462.36790000000383,0,0,1
21779005_15,451,short,repaired+q+boundary_on,repaired,q,1,1,0.06647398843930641,828.9331162702439,20150,553.0047999999965,0,0,1
21779005_15,452,medium,original+p+boundary_off,original,p,0,1,0.03547066848567526,1784.7728701520375,37622,915.7521999999858,0,1,1
21779005_15,452,medium,original+p+boundary_on,original,p,1,1,0.03991880920162383,1795.9444430272913,35233,901.030100000014,0,1,1
21779005_15,452,medium,original+q+boundary_off,original,q,0,1,0.04008152173913049,1789.9444430272913,36981,878.9851000000226,0,1,1
21779005_15,452,medium,original+q+boundary_on,original,q,1,1,0.03989181879648407,1796.5302294649182,34874,934.6808999999894,0,1,1
21779005_15,452,medium,repaired+p+boundary_off,repaired,p,0,1,0.03547066848567526,1784.7728701520375,38980,922.3375999999917,0,1,1
21779005_15,452,medium,repaired+p+boundary_on,repaired,p,1,1,0.03991880920162383,1795.9444430272913,36648,970.6745999999953,0,1,1
21779005_15,452,medium,repaired+q+boundary_off,repaired,q,0,1,0.04008152173913049,1789.9444430272913,38221,965.2517999999759,0,1,1
21779005_15,452,medium,repaired+q+boundary_on,repaired,q,1,1,0.03989181879648407,1796.5302294649182,36295,959.306099999992,0,1,1
21779005_15,453,medium,original+p+boundary_off,original,p,0,1,0.02522775052557813,1727.547473407621,31366,798.6549999999966,0,1,1
21779005_15,453,medium,original+p+boundary_on,original,p,1,1,0.022222222222222254,1742.6185412194864,36721,921.6316999999776,0,1,1
21779005_15,453,medium,original+q+boundary_off,original,q,0,1,0.025892232330300913,1729.5474734076208,31317,774.9933000000055,0,1,1
21779005_15,453,medium,original+q+boundary_on,original,q,1,1,0.020804438280166426,1744.6185412194864,36855,962.7691999999684,0,1,1
21779005_15,453,medium,repaired+p+boundary_off,repaired,p,0,1,0.02522775052557813,1727.547473407621,31447,760.8006000000387,0,1,1
21779005_15,453,medium,repaired+p+boundary_on,repaired,p,1,1,0.022222222222222254,1742.6185412194864,36786,966.042600000037,0,1,1
21779005_15,453,medium,repaired+q+boundary_off,repaired,q,0,1,0.025892232330300913,1729.5474734076208,31394,802.3924000000306,0,1,1
21779005_15,453,medium,repaired+q+boundary_on,repaired,q,1,1,0.020804438280166426,1744.6185412194864,36938,1000.2967000000353,0,1,1
21779005_15,454,medium,original+p+boundary_off,original,p,0,1,0.03414882772680938,2378.527270872062,50669,1308.1741999999963,0,1,1
21779005_15,454,medium,original+p+boundary_on,original,p,1,1,0.03444782168186422,2392.1841251215524,49490,1394.5676000000162,0,1,1
21779005_15,454,medium,original+q+boundary_off,original,q,0,1,0.03609557702084387,2383.9414844344346,49961,1184.9422000000231,0,1,1
21779005_15,454,medium,original+q+boundary_on,original,q,1,1,0.03388973191704603,2393.9414844344333,48798,1290.797800000007,0,1,1
21779005_15,454,medium,repaired+p+boundary_off,repaired,p,0,1,0.03414882772680938,2378.527270872062,51995,1266.184600000031,0,1,1
21779005_15,454,medium,repaired+p+boundary_on,repaired,p,1,1,0.03444782168186422,2392.1841251215524,50900,1295.7844000000023,0,1,1
21779005_15,454,medium,repaired+q+boundary_off,repaired,q,0,1,0.03609557702084387,2383.9414844344346,51176,1249.419400000022,0,1,1
21779005_15,454,medium,repaired+q+boundary_on,repaired,q,1,1,0.03388973191704603,2393.9414844344333,50216,1399.2594000000054,0,1,1
21779005_15,455,medium,original+p+boundary_off,original,p,0,1,0.018668831168831224,1510.5941546018462,46410,1201.6889999999876,0,1,1
21779005_15,455,medium,original+p+boundary_on,original,p,1,1,0.0249597423510467,1518.1088732276075,45492,1436.3111000000117,0,1,1
21779005_15,455,medium,original+q+boundary_off,original,q,0,1,0.024271844660194164,1513.7657274771,45537,1299.5224999999664,0,1,1
21779005_15,455,medium,original+q+boundary_on,original,q,1,1,0.02493966210780374,1518.6946596652344,45005,1209.6568000000048,0,1,1
21779005_15,455,medium,repaired+p+boundary_off,repaired,p,0,1,0.018668831168831224,1510.5941546018462,46485,1165.889400000026,0,1,1
21779005_15,455,medium,repaired+p+boundary_on,repaired,p,1,1,0.0249597423510467,1518.1088732276075,45553,1156.1984999999595,0,1,1
21779005_15,455,medium,repaired+q+boundary_off,repaired,q,0,1,0.024271844660194164,1513.7657274771,45614,1119.6190999999658,0,1,1
21779005_15,455,medium,repaired+q+boundary_on,repaired,q,1,1,0.02493966210780374,1518.6946596652344,45074,1187.0521999999823,0,1,1
21779005_15,456,medium,original+p+boundary_off,original,p,0,1,0.011372867587327362,1501.309883354384,46965,1139.348899999959,0,1,1
21779005_15,456,medium,original+p+boundary_on,original,p,1,1,0.01774193548387093,1509.0672426672645,45538,1184.3506999999818,0,1,1
21779005_15,456,medium,original+q+boundary_off,original,q,0,1,0.016233766233766267,1501.8956697920107,45955,1142.1512000000007,0,1,1
21779005_15,456,medium,original+q+boundary_on,original,q,1,1,0.01774193548387093,1509.0672426672645,44988,1150.6474000000253,0,1,1
21779005_15,456,medium,repaired+p+boundary_off,repaired,p,0,1,0.011372867587327362,1501.309883354384,47040,1139.6593000000053,0,1,1
21779005_15,456,medium,repaired+p+boundary_on,repaired,p,1,1,0.01774193548387093,1509.0672426672645,45601,1174.4072000000187,0,1,1
21779005_15,456,medium,repaired+q+boundary_off,repaired,q,0,1,0.016233766233766267,1501.8956697920107,46032,1109.4507000000249,0,1,1
21779005_15,456,medium,repaired+q+boundary_on,repaired,q,1,1,0.01774193548387093,1509.0672426672645,45069,1227.4889000000258,0,1,1
21779005_15,457,medium,original+p+boundary_off,original,p,0,1,0.014634146341463428,1511.4936495384577,32509,757.7579000000014,0,1,1
21779005_15,457,medium,original+p+boundary_on,original,p,1,1,0.012096774193548376,1518.1799410394729,28976,725.7973999999763,0,1,1
21779005_15,457,medium,original+q+boundary_off,original,q,0,1,0.02025931928687197,1514.6652224137115,31770,769.8700000000258,0,1,1
21779005_15,457,medium,original+q+boundary_on,original,q,1,1,0.01208702659145855,1518.7657274770997,28560,734.0168999999719,0,1,1
21779005_15,457,medium,repaired+p+boundary_off,repaired,p,0,1,0.014634146341463428,1511.4936495384577,32565,824.7339000000125,0,1,1
21779005_15,457,medium,repaired+p+boundary_on,repaired,p,1,1,0.012096774193548376,1518.1799410394729,30447,777.1591999999714,0,1,1
21779005_15,457,medium,repaired+q+boundary_off,repaired,q,0,1,0.02025931928687197,1514.6652224137115,31813,767.44309999998,0,1,1
21779005_15,457,medium,repaired+q+boundary_on,repaired,q,1,1,0.01208702659145855,1518.7657274770997,30011,807.7511000000186,0,1,1
21779005_15,458,medium,original+p+boundary_off,original,p,0,1,0.04081632653061229,1848.9566363361112,46510,1171.1532999999577,0,1,1
21779005_15,458,medium,original+p+boundary_on,original,p,1,1,0.033986928104575154,1857.8855685242456,53512,1377.4120999999582,0,1,1
21779005_15,458,medium,original+q+boundary_off,original,q,0,1,0.04333552199606039,1852.9566363361112,46033,1137.3396000000184,0,1,1
21779005_15,458,medium,original+q+boundary_on,original,q,1,1,0.03328981723237601,1859.0571413994994,52826,1344.9913000000038,0,1,1
21779005_15,458,medium,repaired+p+boundary_off,repaired,p,0,1,0.04081632653061229,1848.9566363361112,46520,1146.5979999999831,0,1,1
21779005_15,458,medium,repaired+p+boundary_on,repaired,p,1,1,0.033986928104575154,1857.8855685242456,53566,1372.2955999999726,0,1,1
21779005_15,458,medium,repaired+q+boundary_off,repaired,q,0,1,0.04333552199606039,1852.9566363361112,46037,1074.7756000000095,0,1,1
21779005_15,458,medium,repaired+q+boundary_on,repaired,q,1,1,0.03328981723237601,1859.0571413994994,52879,1379.6923000000447,0,1,1
21779005_15,459,long,original+p+boundary_off,original,p,0,1,0.04314582195521577,2188.7089450150993,56743,1390.1561999999785,0,1,1
21779005_15,459,long,original+p+boundary_on,original,p,1,1,0.03038524145415089,2204.851080638828,53595,1393.1625999999824,0,1,1
21779005_15,459,long,original+q+boundary_off,original,q,0,1,0.04684095860566451,2192.4663043279797,55546,1322.7053000000524,0,1,1
21779005_15,459,long,original+q+boundary_on,original,q,1,1,0.029826464208242975,2205.4368670764547,52821,1379.3598999999972,0,1,1
21779005_15,459,long,repaired+p+boundary_off,repaired,p,0,1,0.04314582195521577,2188.7089450150993,58132,1396.552100000008,0,1,1
21779005_15,459,long,repaired+p+boundary_on,repaired,p,1,1,0.03038524145415089,2204.851080638828,55018,1424.490100000014,0,1,1
21779005_15,459,long,repaired+q+boundary_off,repaired,q,0,1,0.04684095860566451,2192.4663043279797,56804,1352.1827000000144,0,1,1
21779005_15,459,long,repaired+q+boundary_on,repaired,q,1,1,0.029826464208242975,2205.4368670764547,54248,1414.459099999931,0,1,1
21779005_15,460,long,original+p+boundary_off,original,p,0,1,0.030184460592509788,2154.16478913781,79821,1899.4815999999446,0,1,1
21779005_15,460,long,original+p+boundary_on,original,p,1,1,0.02444444444444449,2166.4074298249284,76392,1998.893300000077,0,1,1
21779005_15,460,long,original+q+boundary_off,original,q,0,1,0.03398328690807795,2158.507934888318,80028,1938.145899999995,0,1,1
21779005_15,460,long,original+q+boundary_on,original,q,1,1,0.024430871737923354,2166.993216262555,75316,1946.9917000000123,0,1,1
21779005_15,460,long,repaired+p+boundary_off,repaired,p,0,1,0.030184460592509788,2154.16478913781,80160,1966.229099999964,0,1,1
21779005_15,460,long,repaired+p+boundary_on,repaired,p,1,1,0.02444444444444449,2166.4074298249284,77135,2040.4601000000184,0,1,1
21779005_15,460,long,repaired+q+boundary_off,repaired,q,0,1,0.03398328690807795,2158.507934888318,80327,1972.3913000000266,0,1,1
21779005_15,460,long,repaired+q+boundary_on,repaired,q,1,1,0.024430871737923354,2166.993216262555,75695,1978.0940000000555,0,1,1
21779005_15,461,long,original+p+boundary_off,original,p,0,0,nan,nan,0,0.0,0,0,0
21779005_15,461,long,original+p+boundary_on,original,p,1,0,nan,nan,0,0.0,0,0,0
21779005_15,461,long,original+q+boundary_off,original,q,0,0,nan,nan,0,0.0,0,0,0
21779005_15,461,long,original+q+boundary_on,original,q,1,0,nan,nan,0,0.0,0,0,0
21779005_15,461,long,repaired+p+boundary_off,repaired,p,0,0,nan,nan,0,0.0,0,0,0
21779005_15,461,long,repaired+p+boundary_on,repaired,p,1,0,nan,nan,0,0.0,0,0,0
21779005_15,461,long,repaired+q+boundary_off,repaired,q,0,0,nan,nan,0,0.0,0,0,0
21779005_15,461,long,repaired+q+boundary_on,repaired,q,1,0,nan,nan,0,0.0,0,0,0
21779005_15,462,long,original+p+boundary_off,original,p,0,1,0.037185354691075534,2095.353605955775,76659,1877.0115999999462,0,1,1
21779005_15,462,long,original+p+boundary_on,original,p,1,1,0.028977272727272685,2109.8388873300128,74206,1911.2612000000126,0,1,1
21779005_15,462,long,original+q+boundary_off,original,q,0,1,0.039908779931584926,2100.5251788310284,74924,1818.1866999999556,0,1,1
21779005_15,462,long,original+q+boundary_on,original,q,1,1,0.028960817717206155,2111.253100892385,72945,1926.1897999999746,0,1,1
21779005_15,462,long,repaired+p+boundary_off,repaired,p,0,1,0.037185354691075534,2095.353605955775,76963,1894.0360000000283,0,1,1
21779005_15,462,long,repaired+p+boundary_on,repaired,p,1,1,0.028977272727272685,2109.8388873300128,75525,1965.4130000000123,0,1,1
21779005_15,462,long,repaired+q+boundary_off,repaired,q,0,1,0.039908779931584926,2100.5251788310284,75165,1825.4293000001098,0,1,1
21779005_15,462,long,repaired+q+boundary_on,repaired,q,1,1,0.028960817717206155,2111.253100892385,73601,1897.9682000000366,0,1,1
21779005_15,463,long,original+p+boundary_off,original,p,0,0,nan,nan,0,0.0,0,0,0
21779005_15,463,long,original+p+boundary_on,original,p,1,0,nan,nan,0,0.0,0,0,0
21779005_15,463,long,original+q+boundary_off,original,q,0,0,nan,nan,0,0.0,0,0,0
21779005_15,463,long,original+q+boundary_on,original,q,1,0,nan,nan,0,0.0,0,0,0
21779005_15,463,long,repaired+p+boundary_off,repaired,p,0,0,nan,nan,0,0.0,0,0,0
21779005_15,463,long,repaired+p+boundary_on,repaired,p,1,0,nan,nan,0,0.0,0,0,0
21779005_15,463,long,repaired+q+boundary_off,repaired,q,0,0,nan,nan,0,0.0,0,0,0
21779005_15,463,long,repaired+q+boundary_on,repaired,q,1,0,nan,nan,0,0.0,0,0,0
21779005_15,464,long,original+p+boundary_off,original,p,0,0,nan,nan,0,0.0,0,0,0
21779005_15,464,long,original+p+boundary_on,original,p,1,0,nan,nan,0,0.0,0,0,0
21779005_15,464,long,original+q+boundary_off,original,q,0,0,nan,nan,0,0.0,0,0,0
21779005_15,464,long,original+q+boundary_on,original,q,1,0,nan,nan,0,0.0,0,0,0
21779005_15,464,long,repaired+p+boundary_off,repaired,p,0,0,nan,nan,0,0.0,0,0,0
21779005_15,464,long,repaired+p+boundary_on,repaired,p,1,0,nan,nan,0,0.0,0,0,0
21779005_15,464,long,repaired+q+boundary_off,repaired,q,0,0,nan,nan,0,0.0,0,0,0
21779005_15,464,long,repaired+q+boundary_on,repaired,q,1,0,nan,nan,0,0.0,0,0,0
21779005_15,465,long,original+p+boundary_off,original,p,0,1,0.09429941395844432,2272.4023791910436,78671,1940.0385000000142,0,0,1
21779005_15,465,long,original+p+boundary_on,original,p,1,1,0.0888888888888889,2287.473447002909,74383,1937.0888999999352,0,0,1
21779005_15,465,long,original+q+boundary_off,original,q,0,1,0.09771640998406794,2277.573952066297,77236,2068.2219999999916,0,0,1
21779005_15,465,long,original+q+boundary_on,original,q,1,1,0.0877842411422528,2288.8876605652817,73368,1970.9993999999824,0,0,1
21779005_15,465,long,repaired+p+boundary_off,repaired,p,0,1,0.09429941395844432,2272.4023791910436,89172,2219.6859000000586,0,0,1
21779005_15,465,long,repaired+p+boundary_on,repaired,p,1,1,0.0888888888888889,2287.473447002909,84272,2190.9413999999288,0,0,1
21779005_15,465,long,repaired+q+boundary_off,repaired,q,0,1,0.09771640998406794,2277.573952066297,87165,2179.130299999997,0,0,1
21779005_15,465,long,repaired+q+boundary_on,repaired,q,1,1,0.0877842411422528,2288.8876605652817,83169,2155.477299999916,0,0,1
22078975_15,466,short,original+p+boundary_off,original,p,0,1,0.09347300564061245,1498.055049358445,179997,4533.88000000001,0,0,1
22078975_15,466,short,original+p+boundary_on,original,p,1,1,0.0847322142286171,1508.055049358445,182055,4832.7439999999915,0,0,1
22078975_15,466,short,original+q+boundary_off,original,q,0,1,0.08769106999195497,1500.8834764831913,181423,4581.577700000025,0,0,1
22078975_15,466,short,original+q+boundary_on,original,q,1,1,0.07888446215139444,1512.055049358445,182511,4894.959400000005,0,0,1
22078975_15,466,short,repaired+p+boundary_off,repaired,p,0,1,0.09347300564061245,1498.055049358445,180189,4690.77729999998,0,0,1
22078975_15,466,short,repaired+p+boundary_on,repaired,p,1,1,0.0847322142286171,1508.055049358445,182240,4854.033000000016,0,0,1
22078975_15,466,short,repaired+q+boundary_off,repaired,q,0,1,0.08769106999195497,1500.8834764831913,181573,4902.990999999985,0,0,1
22078975_15,466,short,repaired+q+boundary_on,repaired,q,1,1,0.07888446215139444,1512.055049358445,182705,5227.276399999993,0,0,1
22078975_15,467,short,original+p+boundary_off,original,p,0,1,0.14399092970521543,1035.5016587651683,52842,1322.1516000000406,0,0,0
22078975_15,467,short,original+p+boundary_on,original,p,1,1,0.09728506787330315,1045.7859300126304,65470,1724.083300000018,0,0,1
22078975_15,467,short,original+q+boundary_off,original,q,0,1,0.14269535673839184,1039.40115370178,52631,1312.491199999954,0,0,0
22078975_15,467,short,original+q+boundary_on,original,q,1,1,0.08484162895927605,1045.7859300126304,65775,1772.2880999999688,0,0,1
22078975_15,467,short,repaired+p+boundary_off,repaired,p,0,1,0.14399092970521543,1035.5016587651683,52842,1285.35549999998,0,0,0
22078975_15,467,short,repaired+p+boundary_on,repaired,p,1,1,0.09728506787330315,1045.7859300126304,65654,1716.7018999999755,0,0,1
22078975_15,467,short,repaired+q+boundary_off,repaired,q,0,1,0.14269535673839184,1039.40115370178,52631,1267.1037999999726,0,0,0
22078975_15,467,short,repaired+q+boundary_on,repaired,q,1,1,0.08484162895927605,1045.7859300126304,65940,1769.5062000000235,0,0,1
22078975_15,468,short,original+p+boundary_off,original,p,0,1,0.0,195.1787155501903,7823,202.58940000002212,1,1,1
22078975_15,468,short,original+p+boundary_on,original,p,1,1,0.0,198.59292911256347,11779,307.36280000002125,1,1,1
22078975_15,468,short,original+q+boundary_off,original,q,0,1,0.0,195.76450198781723,8200,210.473200000024,1,1,1
22078975_15,468,short,original+q+boundary_on,original,q,1,1,0.012121212121212088,204.59292911256347,11785,319.11080000003267,0,1,1
22078975_15,468,short,repaired+p+boundary_off,repaired,p,0,1,0.0,195.1787155501903,7823,192.15070000001333,1,1,1
22078975_15,468,short,repaired+p+boundary_on,repaired,p,1,1,0.0,198.59292911256347,11779,336.180899999988,1,1,1
22078975_15,468,short,repaired+q+boundary_off,repaired,q,0,1,0.0,195.76450198781723,8200,219.31080000001657,1,1,1
22078975_15,468,short,repaired+q+boundary_on,repaired,q,1,1,0.012121212121212088,204.59292911256347,11785,308.085100000028,0,1,1
22078975_15,469,short,original+p+boundary_off,original,p,0,1,0.27486187845303867,873.3595231414374,35336,904.8759000000359,0,0,0
22078975_15,469,short,original+p+boundary_on,original,p,1,1,0.3465753424657534,882.6732316404223,35135,934.6337999999719,0,0,0
22078975_15,469,short,original+q+boundary_off,original,q,0,1,0.2720994475138122,875.0163773909298,35054,866.1084999999957,0,0,0
22078975_15,469,short,original+q+boundary_on,original,q,1,1,0.3452054794520548,883.5016587651685,34905,951.0698999999931,0,0,0
22078975_15,469,short,repaired+p+boundary_off,repaired,p,0,1,0.27486187845303867,873.3595231414374,35336,894.6606999999744,0,0,0
22078975_15,469,short,repaired+p+boundary_on,repaired,p,1,1,0.3465753424657534,882.6732316404223,35135,921.4524999999867,0,0,0
22078975_15,469,short,repaired+q+boundary_off,repaired,q,0,1,0.2720994475138122,875.0163773909298,35054,870.9675000000061,0,0,0
22078975_15,469,short,repaired+q+boundary_on,repaired,q,1,1,0.3452054794520548,883.5016587651685,34905,932.4181999999723,0,0,0
22078975_15,470,short,original+p+boundary_off,original,p,0,0,nan,nan,0,0.0,0,0,0
22078975_15,470,short,original+p+boundary_on,original,p,1,0,nan,nan,0,0.0,0,0,0
22078975_15,470,short,original+q+boundary_off,original,q,0,0,nan,nan,0,0.0,0,0,0
22078975_15,470,short,original+q+boundary_on,original,q,1,0,nan,nan,0,0.0,0,0,0
22078975_15,470,short,repaired+p+boundary_off,repaired,p,0,0,nan,nan,0,0.0,0,0,0
22078975_15,470,short,repaired+p+boundary_on,repaired,p,1,0,nan,nan,0,0.0,0,0,0
22078975_15,470,short,repaired+q+boundary_off,repaired,q,0,0,nan,nan,0,0.0,0,0,0
22078975_15,470,short,repaired+q+boundary_on,repaired,q,1,0,nan,nan,0,0.0,0,0,0
22078975_15,471,short,original+p+boundary_off,original,p,0,1,0.04776739356178605,1129.342279198734,61585,1539.8427000000083,0,1,1
22078975_15,471,short,original+p+boundary_on,original,p,1,1,0.07342295760082729,1137.4844148224654,64995,1698.054999999954,0,0,1
22078975_15,471,short,original+q+boundary_off,original,q,0,1,0.0591286307053942,1130.7564927611072,60333,1494.1813000000366,0,0,1
22078975_15,471,short,original+q+boundary_on,original,q,1,1,0.06811145510835914,1139.4844148224652,64238,1706.9241000000375,0,0,1
22078975_15,471,short,repaired+p+boundary_off,repaired,p,0,1,0.04776739356178605,1129.342279198734,61585,1526.3954999999783,0,1,1
22078975_15,471,short,repaired+p+boundary_on,repaired,p,1,1,0.07342295760082729,1137.4844148224654,64995,1729.925699999967,0,0,1
22078975_15,471,short,repaired+q+boundary_off,repaired,q,0,1,0.0591286307053942,1130.7564927611072,60333,1476.6785000000482,0,0,1
22078975_15,471,short,repaired+q+boundary_on,repaired,q,1,1,0.06811145510835914,1139.4844148224652,64238,1679.673600000001,0,0,1
22078975_15,472,medium,original+p+boundary_off,original,p,0,0,nan,nan,0,0.0,0,0,0
22078975_15,472,medium,original+p+boundary_on,original,p,1,0,nan,nan,0,0.0,0,0,0
22078975_15,472,medium,original+q+boundary_off,original,q,0,0,nan,nan,0,0.0,0,0,0
22078975_15,472,medium,original+q+boundary_on,original,q,1,0,nan,nan,0,0.0,0,0,0
22078975_15,472,medium,repaired+p+boundary_off,repaired,p,0,0,nan,nan,0,0.0,0,0,0
22078975_15,472,medium,repaired+p+boundary_on,repaired,p,1,0,nan,nan,0,0.0,0,0,0
22078975_15,472,medium,repaired+q+boundary_off,repaired,q,0,0,nan,nan,0,0.0,0,0,0
22078975_15,472,medium,repaired+q+boundary_on,repaired,q,1,0,nan,nan,0,0.0,0,0,0
22078975_15,473,medium,original+p+boundary_off,original,p,0,1,0.09573612228479489,1508.7535341682797,80392,2046.6619999999693,0,0,1
22078975_15,473,medium,original+p+boundary_on,original,p,1,1,0.10576923076923073,1514.996174855399,121213,3246.99030000005,0,0,0
22078975_15,473,medium,original+q+boundary_off,original,q,0,1,0.0898876404494382,1511.3393206059068,81949,2047.780800000055,0,0,1
22078975_15,473,medium,original+q+boundary_on,original,q,1,1,0.09367493995196152,1516.4103884177723,122117,3220.620199999985,0,0,1
22078975_15,473,medium,repaired+p+boundary_off,repaired,p,0,1,0.09573612228479489,1508.7535341682797,80460,2021.6115000000627,0,0,1
22078975_15,473,medium,repaired+p+boundary_on,repaired,p,1,1,0.10576923076923073,1514.996174855399,121397,3317.7517000000307,0,0,0
22078975_15,473,medium,repaired+q+boundary_off,repaired,q,0,1,0.0898876404494382,1511.3393206059068,81979,2116.569400000003,0,0,1
22078975_15,473,medium,repaired+q+boundary_on,repaired,q,1,1,0.09367493995196152,1516.4103884177723,122310,3274.7404000000415,0,0,1
22078975_15,474,medium,original+p+boundary_off,original,p,0,1,0.039019963702359384,1356.1555544218327,56839,1420.1677999999447,0,1,1
22078975_15,474,medium,original+p+boundary_on,original,p,1,1,0.05924596050269304,1369.812408671325,109094,2941.6722999999365,0,0,1
22078975_15,474,medium,original+q+boundary_off,original,q,0,1,0.04083484573502727,1356.983981546579,56092,1405.2548000000797,0,1,1
22078975_15,474,medium,original+q+boundary_on,original,q,1,1,0.04843049327354265,1370.3981951089518,107200,2962.2832000000017,0,1,1
22078975_15,474,medium,repaired+p+boundary_off,repaired,p,0,1,0.039019963702359384,1356.1555544218327,56839,1450.3891000000522,0,1,1
22078975_15,474,medium,repaired+p+boundary_on,repaired,p,1,1,0.05924596050269304,1369.812408671325,109094,2929.101800000012,0,0,1
22078975_15,474,medium,repaired+q+boundary_off,repaired,q,0,1,0.04083484573502727,1356.983981546579,56092,1429.5741000000817,0,1,1
22078975_15,474,medium,repaired+q+boundary_on,repaired,q,1,1,0.04843049327354265,1370.3981951089518,107200,2900.1709000000346,0,1,1
22078975_15,475,medium,original+p+boundary_off,original,p,0,1,0.13814432989690717,1182.319984622149,53847,1367.1989999999141,0,0,0
22078975_15,475,medium,original+p+boundary_on,original,p,1,1,0.06871794871794867,1191.0479066835069,80996,2345.848100000012,0,0,1
22078975_15,475,medium,original+q+boundary_off,original,q,0,1,0.1575695159629248,1183.734198184522,54018,1361.064199999987,0,0,0
22078975_15,475,medium,original+q+boundary_on,original,q,1,1,0.06659836065573765,1191.6336931211338,81820,2242.9223999999977,0,0,1
22078975_15,475,medium,repaired+p+boundary_off,repaired,p,0,1,0.13814432989690717,1182.319984622149,53859,1342.0382000000473,0,0,0
22078975_15,475,medium,repaired+p+boundary_on,repaired,p,1,1,0.06871794871794867,1191.0479066835069,81405,2218.2063999999855,0,0,1
22078975_15,475,medium,repaired+q+boundary_off,repaired,q,0,1,0.1575695159629248,1183.734198184522,54060,1314.5867000000635,0,0,0
22078975_15,475,medium,repaired+q+boundary_on,repaired,q,1,1,0.06659836065573765,1191.6336931211338,82204,2189.5719999999983,0,0,1
22078975_15,476,medium,original+p+boundary_off,original,p,0,1,0.08242220353238017,1383.5088014401056,123822,3180.083800000034,0,0,1
22078975_15,476,medium,original+p+boundary_on,original,p,1,1,0.08451882845188285,1394.4793641885828,196845,5431.806100000017,0,0,1
22078975_15,476,medium,original+q+boundary_off,original,q,0,1,0.035146443514644354,1396.1362184380753,120612,3084.6776999999292,0,1,1
22078975_15,476,medium,original+q+boundary_on,original,q,1,1,0.04347826086956519,1400.0357133746868,192929,5198.90190000001,0,1,1
22078975_15,476,medium,repaired+p+boundary_off,repaired,p,0,1,0.08242220353238017,1383.5088014401056,125067,3116.80750000005,0,0,1
22078975_15,476,medium,repaired+p+boundary_on,repaired,p,1,1,0.08451882845188285,1394.4793641885828,198074,5320.467400000098,0,0,1
22078975_15,476,medium,repaired+q+boundary_off,repaired,q,0,1,0.035146443514644354,1396.1362184380753,121702,3128.849999999943,0,1,1
22078975_15,476,medium,repaired+q+boundary_on,repaired,q,1,1,0.04347826086956519,1400.0357133746868,194142,5487.999500000001,0,1,1
22078975_15,477,medium,original+p+boundary_off,original,p,0,1,0.062200956937799035,1232.4671708797623,84803,2152.394299999969,0,0,1
22078975_15,477,medium,original+p+boundary_on,original,p,1,1,0.04571428571428571,1246.1656556895975,106522,2852.2964,0,1,1
22078975_15,477,medium,original+q+boundary_off,original,q,0,1,0.0714285714285714,1239.5382386916278,82383,2076.078800000005,0,0,1
22078975_15,477,medium,original+q+boundary_on,original,q,1,1,0.056083650190114076,1247.3372285648513,103890,2807.909900000027,0,0,1
22078975_15,477,medium,repaired+p+boundary_off,repaired,p,0,1,0.062200956937799035,1232.4671708797623,86372,2179.829199999972,0,0,1
22078975_15,477,medium,repaired+p+boundary_on,repaired,p,1,1,0.04571428571428571,1246.1656556895975,108068,2913.5475000000497,0,1,1
22078975_15,477,medium,repaired+q+boundary_off,repaired,q,0,1,0.0714285714285714,1239.5382386916278,83848,2125.864700000079,0,0,1
22078975_15,477,medium,repaired+q+boundary_on,repaired,q,1,1,0.056083650190114076,1247.3372285648513,105435,2793.6263999999937,0,0,1
22078975_15,478,medium,original+p+boundary_off,original,p,0,1,0.16793893129770987,772.879292401081,36330,899.6776000000182,0,0,0
22078975_15,478,medium,original+p+boundary_on,original,p,1,1,0.07656967840735074,775.021428024812,41617,1128.7689000000682,0,0,1
22078975_15,478,medium,original+q+boundary_off,original,q,0,1,0.16946564885496185,773.7077195258272,37132,930.218200000013,0,0,0
22078975_15,478,medium,original+q+boundary_on,original,q,1,1,0.07810107197549765,775.8498551495583,42071,1115.326600000003,0,0,1
22078975_15,478,medium,repaired+p+boundary_off,repaired,p,0,1,0.16793893129770987,772.879292401081,36330,867.5372000000152,0,0,0
22078975_15,478,medium,repaired+p+boundary_on,repaired,p,1,1,0.07656967840735074,775.021428024812,41617,1122.0949999999448,0,0,1
22078975_15,478,medium,repaired+q+boundary_off,repaired,q,0,1,0.16946564885496185,773.7077195258272,37132,926.2618000000202,0,0,0
22078975_15,478,medium,repaired+q+boundary_on,repaired,q,1,1,0.07810107197549765,775.8498551495583,42071,1131.0812000000396,0,0,1
22078975_15,479,long,original+p+boundary_off,original,p,0,0,nan,nan,200001,5071.82499999999,0,0,0
22078975_15,479,long,original+p+boundary_on,original,p,1,0,nan,nan,200001,5327.253199999973,0,0,0
22078975_15,479,long,original+q+boundary_off,original,q,0,1,0.049429657794676785,2174.2703448350862,199557,5128.101800000081,0,1,1
22078975_15,479,long,original+q+boundary_on,original,q,1,0,nan,nan,200001,5506.764700000076,0,0,0
22078975_15,479,long,repaired+p+boundary_off,repaired,p,0,0,nan,nan,200001,5192.044199999941,0,0,0
22078975_15,479,long,repaired+p+boundary_on,repaired,p,1,0,nan,nan,200001,5401.247799999965,0,0,0
22078975_15,479,long,repaired+q+boundary_off,repaired,q,0,0,nan,nan,200001,5159.865699999955,0,0,0
22078975_15,479,long,repaired+q+boundary_on,repaired,q,1,0,nan,nan,200001,5566.730199999938,0,0,0
22078975_15,480,long,original+p+boundary_off,original,p,0,0,nan,nan,200001,5133.250199999907,0,0,0
22078975_15,480,long,original+p+boundary_on,original,p,1,0,nan,nan,200001,5417.48599999994,0,0,0
22078975_15,480,long,original+q+boundary_off,original,q,0,1,0.038679731820526086,2304.164789137804,198391,5042.930399999932,0,1,1
22078975_15,480,long,original+q+boundary_on,original,q,1,0,nan,nan,200001,5389.859300000012,0,0,0
22078975_15,480,long,repaired+p+boundary_off,repaired,p,0,0,nan,nan,200001,5077.864299999987,0,0,0
22078975_15,480,long,repaired+p+boundary_on,repaired,p,1,0,nan,nan,200001,5363.128899999992,0,0,0
22078975_15,480,long,repaired+q+boundary_off,repaired,q,0,0,nan,nan,200001,5110.885099999905,0,0,0
22078975_15,480,long,repaired+q+boundary_on,repaired,q,1,0,nan,nan,200001,5499.62000000005,0,0,0
22078975_15,481,long,original+p+boundary_off,original,p,0,0,nan,nan,0,0.0,0,0,0
22078975_15,481,long,original+p+boundary_on,original,p,1,0,nan,nan,0,0.0,0,0,0
22078975_15,481,long,original+q+boundary_off,original,q,0,0,nan,nan,0,0.0,0,0,0
22078975_15,481,long,original+q+boundary_on,original,q,1,0,nan,nan,0,0.0,0,0,0
22078975_15,481,long,repaired+p+boundary_off,repaired,p,0,0,nan,nan,0,0.0,0,0,0
22078975_15,481,long,repaired+p+boundary_on,repaired,p,1,0,nan,nan,0,0.0,0,0,0
22078975_15,481,long,repaired+q+boundary_off,repaired,q,0,0,nan,nan,0,0.0,0,0,0
22078975_15,481,long,repaired+q+boundary_on,repaired,q,1,0,nan,nan,0,0.0,0,0,0
22078975_15,482,long,original+p+boundary_off,original,p,0,0,nan,nan,0,0.0,0,0,0
22078975_15,482,long,original+p+boundary_on,original,p,1,0,nan,nan,0,0.0,0,0,0
22078975_15,482,long,original+q+boundary_off,original,q,0,0,nan,nan,0,0.0,0,0,0
22078975_15,482,long,original+q+boundary_on,original,q,1,0,nan,nan,0,0.0,0,0,0
22078975_15,482,long,repaired+p+boundary_off,repaired,p,0,0,nan,nan,0,0.0,0,0,0
22078975_15,482,long,repaired+p+boundary_on,repaired,p,1,0,nan,nan,0,0.0,0,0,0
22078975_15,482,long,repaired+q+boundary_off,repaired,q,0,0,nan,nan,0,0.0,0,0,0
22078975_15,482,long,repaired+q+boundary_on,repaired,q,1,0,nan,nan,0,0.0,0,0,0
22078975_15,483,long,original+p+boundary_off,original,p,0,0,nan,nan,0,0.0,0,0,0
22078975_15,483,long,original+p+boundary_on,original,p,1,0,nan,nan,0,0.0,0,0,0
22078975_15,483,long,original+q+boundary_off,original,q,0,0,nan,nan,0,0.0,0,0,0
22078975_15,483,long,original+q+boundary_on,original,q,1,0,nan,nan,0,0.0,0,0,0
22078975_15,483,long,repaired+p+boundary_off,repaired,p,0,0,nan,nan,0,0.0,0,0,0
22078975_15,483,long,repaired+p+boundary_on,repaired,p,1,0,nan,nan,0,0.0,0,0,0
22078975_15,483,long,repaired+q+boundary_off,repaired,q,0,0,nan,nan,0,0.0,0,0,0
22078975_15,483,long,repaired+q+boundary_on,repaired,q,1,0,nan,nan,0,0.0,0,0,0
22078975_15,484,long,original+p+boundary_off,original,p,0,0,nan,nan,200001,5107.346699999994,0,0,0
22078975_15,484,long,original+p+boundary_on,original,p,1,0,nan,nan,200001,5371.618699999999,0,0,0
22078975_15,484,long,original+q+boundary_off,original,q,0,0,nan,nan,200001,5117.500999999947,0,0,0
22078975_15,484,long,original+q+boundary_on,original,q,1,0,nan,nan,200001,5427.309300000047,0,0,0
22078975_15,484,long,repaired+p+boundary_off,repaired,p,0,0,nan,nan,200001,5245.818299999996,0,0,0
22078975_15,484,long,repaired+p+boundary_on,repaired,p,1,0,nan,nan,200001,5392.661699999962,0,0,0
22078975_15,484,long,repaired+q+boundary_off,repaired,q,0,0,nan,nan,200001,5111.3500999999815,0,0,0
22078975_15,484,long,repaired+q+boundary_on,repaired,q,1,0,nan,nan,200001,5478.321599999958,0,0,0
22078975_15,485,long,original+p+boundary_off,original,p,0,0,nan,nan,0,0.0,0,0,0
22078975_15,485,long,original+p+boundary_on,original,p,1,0,nan,nan,0,0.0,0,0,0
22078975_15,485,long,original+q+boundary_off,original,q,0,0,nan,nan,0,0.0,0,0,0
22078975_15,485,long,original+q+boundary_on,original,q,1,0,nan,nan,0,0.0,0,0,0
22078975_15,485,long,repaired+p+boundary_off,repaired,p,0,0,nan,nan,0,0.0,0,0,0
22078975_15,485,long,repaired+p+boundary_on,repaired,p,1,0,nan,nan,0,0.0,0,0,0
22078975_15,485,long,repaired+q+boundary_off,repaired,q,0,0,nan,nan,0,0.0,0,0,0
22078975_15,485,long,repaired+q+boundary_on,repaired,q,1,0,nan,nan,0,0.0,0,0,0
22228900_15,486,short,original+p+boundary_off,original,p,0,0,nan,nan,0,0.0,0,0,0
22228900_15,486,short,original+p+boundary_on,original,p,1,0,nan,nan,0,0.0,0,0,0
22228900_15,486,short,original+q+boundary_off,original,q,0,0,nan,nan,0,0.0,0,0,0
22228900_15,486,short,original+q+boundary_on,original,q,1,0,nan,nan,0,0.0,0,0,0
22228900_15,486,short,repaired+p+boundary_off,repaired,p,0,0,nan,nan,0,0.0,0,0,0
22228900_15,486,short,repaired+p+boundary_on,repaired,p,1,0,nan,nan,0,0.0,0,0,0
22228900_15,486,short,repaired+q+boundary_off,repaired,q,0,0,nan,nan,0,0.0,0,0,0
22228900_15,486,short,repaired+q+boundary_on,repaired,q,1,0,nan,nan,0,0.0,0,0,0
22228900_15,487,short,original+p+boundary_off,original,p,0,1,0.0,510.6934341759524,10174,235.00219999999672,1,1,1
22228900_15,487,short,original+p+boundary_on,original,p,1,1,0.0,512.3502884254448,9225,242.8608999999824,1,1,1
22228900_15,487,short,original+q+boundary_off,original,q,0,1,0.0,512.9360748630717,10571,265.457500000025,1,1,1
22228900_15,487,short,original+q+boundary_on,original,q,1,1,0.0,513.178715550191,9474,254.78099999997994,1,1,1
22228900_15,487,short,repaired+p+boundary_off,repaired,p,0,1,0.0,510.6934341759524,10754,259.15930000002163,1,1,1
22228900_15,487,short,repaired+p+boundary_on,repaired,p,1,1,0.0,512.3502884254448,9893,259.8394999999982,1,1,1
22228900_15,487,short,repaired+q+boundary_off,repaired,q,0,1,0.0,512.9360748630717,10941,268.88969999998835,1,1,1
22228900_15,487,short,repaired+q+boundary_on,repaired,q,1,1,0.0,513.178715550191,10186,262.2815000000287,1,1,1
22228900_15,488,short,original+p+boundary_off,original,p,0,0,nan,nan,0,0.0,0,0,0
22228900_15,488,short,original+p+boundary_on,original,p,1,0,nan,nan,0,0.0,0,0,0
22228900_15,488,short,original+q+boundary_off,original,q,0,0,nan,nan,0,0.0,0,0,0
22228900_15,488,short,original+q+boundary_on,original,q,1,0,nan,nan,0,0.0,0,0,0
22228900_15,488,short,repaired+p+boundary_off,repaired,p,0,0,nan,nan,0,0.0,0,0,0
22228900_15,488,short,repaired+p+boundary_on,repaired,p,1,0,nan,nan,0,0.0,0,0,0
22228900_15,488,short,repaired+q+boundary_off,repaired,q,0,0,nan,nan,0,0.0,0,0,0
22228900_15,488,short,repaired+q+boundary_on,repaired,q,1,0,nan,nan,0,0.0,0,0,0
22228900_15,489,short,original+p+boundary_off,original,p,0,1,0.0,215.85281374238593,2572,55.56289999998398,1,1,1
22228900_15,489,short,original+p+boundary_on,original,p,1,1,0.0,215.85281374238593,2603,68.46500000000333,1,1,1
22228900_15,489,short,original+q+boundary_off,original,q,0,1,0.0,215.85281374238593,2594,58.46569999999929,1,1,1
22228900_15,489,short,original+q+boundary_on,original,q,1,1,0.0,215.85281374238593,2619,75.93580000002476,1,1,1
22228900_15,489,short,repaired+p+boundary_off,repaired,p,0,1,0.0,215.85281374238593,2572,60.95670000001974,1,1,1
22228900_15,489,short,repaired+p+boundary_on,repaired,p,1,1,0.0,215.85281374238593,2603,63.330700000051365,1,1,1
22228900_15,489,short,repaired+q+boundary_off,repaired,q,0,1,0.0,215.85281374238593,2594,62.49349999995957,1,1,1
22228900_15,489,short,repaired+q+boundary_on,repaired,q,1,1,0.0,215.85281374238593,2619,62.52540000002682,1,1,1
22228900_15,490,short,original+p+boundary_off,original,p,0,1,0.003992015968063867,543.4924240491757,8253,189.27880000001096,1,1,1
22228900_15,490,short,original+p+boundary_on,original,p,1,1,0.03792415169660679,546.8061325481606,8513,236.63930000003575,0,1,1
22228900_15,490,short,original+q+boundary_off,original,q,0,1,0.003992015968063867,542.6639969244295,8242,189.4340999999713,1,1,1
22228900_15,490,short,original+q+boundary_on,original,q,1,1,0.031936127744510934,546.8061325481606,8525,227.7149000000236,0,1,1
22228900_15,490,short,repaired+p+boundary_off,repaired,p,0,1,0.003992015968063867,543.4924240491757,8253,198.0090000000132,1,1,1
22228900_15,490,short,repaired+p+boundary_on,repaired,p,1,1,0.03792415169660679,546.8061325481606,8513,224.1518999999812,0,1,1
22228900_15,490,short,repaired+q+boundary_off,repaired,q,0,1,0.003992015968063867,542.6639969244295,8242,201.95329999995693,1,1,1
22228900_15,490,short,repaired+q+boundary_on,repaired,q,1,1,0.031936127744510934,546.8061325481606,8525,214.13780000000315,0,1,1
22228900_15,491,short,original+p+boundary_off,original,p,0,0,nan,nan,0,0.0,0,0,0
22228900_15,491,short,original+p+boundary_on,original,p,1,0,nan,nan,0,0.0,0,0,0
22228900_15,491,short,original+q+boundary_off,original,q,0,0,nan,nan,0,0.0,0,0,0
22228900_15,491,short,original+q+boundary_on,original,q,1,0,nan,nan,0,0.0,0,0,0
22228900_15,491,short,repaired+p+boundary_off,repaired,p,0,0,nan,nan,0,0.0,0,0,0
22228900_15,491,short,repaired+p+boundary_on,repaired,p,1,0,nan,nan,0,0.0,0,0,0
22228900_15,491,short,repaired+q+boundary_off,repaired,q,0,0,nan,nan,0,0.0,0,0,0
22228900_15,491,short,repaired+q+boundary_on,repaired,q,1,0,nan,nan,0,0.0,0,0,0
22228900_15,492,medium,original+p+boundary_off,original,p,0,0,nan,nan,0,0.0,0,0,0
22228900_15,492,medium,original+p+boundary_on,original,p,1,0,nan,nan,0,0.0,0,0,0
22228900_15,492,medium,original+q+boundary_off,original,q,0,0,nan,nan,0,0.0,0,0,0
22228900_15,492,medium,original+q+boundary_on,original,q,1,0,nan,nan,0,0.0,0,0,0
22228900_15,492,medium,repaired+p+boundary_off,repaired,p,0,0,nan,nan,0,0.0,0,0,0
22228900_15,492,medium,repaired+p+boundary_on,repaired,p,1,0,nan,nan,0,0.0,0,0,0
22228900_15,492,medium,repaired+q+boundary_off,repaired,q,0,0,nan,nan,0,0.0,0,0,0
22228900_15,492,medium,repaired+q+boundary_on,repaired,q,1,0,nan,nan,0,0.0,0,0,0
22228900_15,493,medium,original+p+boundary_off,original,p,0,1,0.07214765100671139,2009.846896556731,47838,1140.5270999999857,0,0,1
22228900_15,493,medium,original+p+boundary_on,original,p,1,1,0.07194645844952596,2018.5748186180888,48549,1231.1953000000244,0,0,1
22228900_15,493,medium,original+q+boundary_off,original,q,0,1,0.06759776536312845,2012.6753236814773,47392,1183.6607000000186,0,0,1
22228900_15,493,medium,original+q+boundary_on,original,q,1,1,0.0696378830083565,2019.7463914933428,47779,1232.136100000048,0,0,1
22228900_15,493,medium,repaired+p+boundary_off,repaired,p,0,1,0.07214765100671139,2009.846896556731,48015,1143.9108999999803,0,0,1
22228900_15,493,medium,repaired+p+boundary_on,repaired,p,1,1,0.07194645844952596,2018.5748186180888,49382,1303.573799999981,0,0,1
22228900_15,493,medium,repaired+q+boundary_off,repaired,q,0,1,0.06759776536312845,2012.6753236814773,47547,1131.7853000000468,0,0,1
22228900_15,493,medium,repaired+q+boundary_on,repaired,q,1,1,0.0696378830083565,2019.7463914933428,48645,1250.2250000000004,0,0,1
22228900_15,494,medium,original+p+boundary_off,original,p,0,1,0.014783526927138357,1095.5310960166914,25807,666.7290000000321,0,1,1
22228900_15,494,medium,original+p+boundary_on,original,p,1,1,0.008412197686645584,1102.844804515676,26235,690.0425000000041,1,1,1
22228900_15,494,medium,original+q+boundary_off,original,q,0,1,0.014767932489451518,1096.116882454318,25568,633.3703999999898,0,1,1
22228900_15,494,medium,original+q+boundary_on,original,q,1,1,0.008394543546694666,1104.0163773909298,25978,663.220200000012,1,1,1
22228900_15,494,medium,repaired+p+boundary_off,repaired,p,0,1,0.014783526927138357,1095.5310960166914,25807,644.9283999999125,0,1,1
22228900_15,494,medium,repaired+p+boundary_on,repaired,p,1,1,0.008412197686645584,1102.844804515676,26409,685.1606000000174,1,1,1
22228900_15,494,medium,repaired+q+boundary_off,repaired,q,0,1,0.014767932489451518,1096.116882454318,25568,617.5210000000106,0,1,1
22228900_15,494,medium,repaired+q+boundary_on,repaired,q,1,1,0.008394543546694666,1104.0163773909298,26147,667.2188999999662,1,1,1
22228900_15,495,medium,original+p+boundary_off,original,p,0,1,0.1295399515738499,871.8061325481609,17348,433.8467000000037,0,0,0
22228900_15,495,medium,original+p+boundary_on,original,p,1,1,0.14648910411622273,875.1198410471458,25840,672.0644000000675,0,0,0
22228900_15,495,medium,original+q+boundary_off,original,q,0,1,0.12590799031476996,872.6345596729071,17322,419.5506999999452,0,0,0
22228900_15,495,medium,original+q+boundary_on,original,q,1,1,0.14389359129383317,875.7056274847727,25734,687.9625999999917,0,0,0
22228900_15,495,medium,repaired+p+boundary_off,repaired,p,0,1,0.1295399515738499,871.8061325481609,17511,411.3286000000471,0,0,0
22228900_15,495,medium,repaired+p+boundary_on,repaired,p,1,1,0.14648910411622273,875.1198410471458,26000,676.3754999999492,0,0,0
22228900_15,495,medium,repaired+q+boundary_off,repaired,q,0,1,0.12590799031476996,872.6345596729071,17470,420.9511000000248,0,0,0
22228900_15,495,medium,repaired+q+boundary_on,repaired,q,1,1,0.14389359129383317,875.7056274847727,25903,667.3714999999447,0,0,0
22228900_15,496,medium,original+p+boundary_off,original,p,0,0,nan,nan,0,0.0,0,0,0
22228900_15,496,medium,original+p+boundary_on,original,p,1,0,nan,nan,0,0.0,0,0,0
22228900_15,496,medium,original+q+boundary_off,original,q,0,0,nan,nan,0,0.0,0,0,0
22228900_15,496,medium,original+q+boundary_on,original,q,1,0,nan,nan,0,0.0,0,0,0
22228900_15,496,medium,repaired+p+boundary_off,repaired,p,0,0,nan,nan,0,0.0,0,0,0
22228900_15,496,medium,repaired+p+boundary_on,repaired,p,1,0,nan,nan,0,0.0,0,0,0
22228900_15,496,medium,repaired+q+boundary_off,repaired,q,0,0,nan,nan,0,0.0,0,0,0
22228900_15,496,medium,repaired+q+boundary_on,repaired,q,1,0,nan,nan,0,0.0,0,0,0
22228900_15,497,medium,original+p+boundary_off,original,p,0,1,0.06955093099671417,2007.6681810065395,58417,1455.6426999999985,0,0,1
22228900_15,497,medium,original+p+boundary_on,original,p,1,1,0.0726379027853632,2019.7098115668825,54592,1419.5541999999932,0,0,1
22228900_15,497,medium,original+q+boundary_off,original,q,0,1,0.06783369803063455,2009.6681810065397,57504,1409.3957000000046,0,0,1
22228900_15,497,medium,original+q+boundary_on,original,q,1,1,0.07146753955264595,2020.881384442136,53904,1425.565000000006,0,0,1
22228900_15,497,medium,repaired+p+boundary_off,repaired,p,0,1,0.06955093099671417,2007.6681810065395,59491,1476.0479999999916,0,0,1
22228900_15,497,medium,repaired+p+boundary_on,repaired,p,1,1,0.0726379027853632,2019.7098115668825,55589,1471.8053000000282,0,0,1
22228900_15,497,medium,repaired+q+boundary_off,repaired,q,0,1,0.06783369803063455,2009.6681810065397,58446,1425.646899999947,0,0,1
22228900_15,497,medium,repaired+q+boundary_on,repaired,q,1,1,0.07146753955264595,2020.881384442136,54939,1434.9293999999873,0,0,1
22228900_15,498,medium,original+p+boundary_off,original,p,0,1,0.07081403044341494,1681.0702012600927,44469,1089.8018999999977,0,0,1
22228900_15,498,medium,original+p+boundary_on,original,p,1,1,0.07976268951878707,1688.727055509585,47273,1218.17580000004,0,0,1
22228900_15,498,medium,original+q+boundary_off,original,q,0,1,0.06873760740251156,1683.0702012600925,44074,1108.6846999999125,0,0,1
22228900_15,498,medium,original+q+boundary_on,original,q,1,1,0.0783926218708827,1689.3128419472118,46540,1225.4754000000503,0,0,1
22228900_15,498,medium,repaired+p+boundary_off,repaired,p,0,1,0.07081403044341494,1681.0702012600927,45377,1132.9471999999896,0,0,1
22228900_15,498,medium,repaired+p+boundary_on,repaired,p,1,1,0.07976268951878707,1688.727055509585,48137,1258.852700000034,0,0,1
22228900_15,498,medium,repaired+q+boundary_off,repaired,q,0,1,0.06873760740251156,1683.0702012600925,44919,1087.3347000000422,0,0,1
22228900_15,498,medium,repaired+q+boundary_on,repaired,q,1,1,0.0783926218708827,1689.3128419472118,47416,1226.6389000000117,0,0,1
22228900_15,499,long,original+p+boundary_off,original,p,0,1,0.061635944700460854,1924.7098115668823,50919,1264.8811999999907,0,0,1
22228900_15,499,long,original+p+boundary_on,original,p,1,1,0.07692307692307687,1934.8519471906136,53236,1377.3685000001024,0,0,1
22228900_15,499,long,original+q+boundary_off,original,q,0,1,0.0598388952819332,1926.7098115668823,50318,1255.4152000000158,0,0,1
22228900_15,499,long,original+q+boundary_on,original,q,1,1,0.0740103270223752,1935.4377336282403,52468,1377.1825000000035,0,0,1
22228900_15,499,long,repaired+p+boundary_off,repaired,p,0,1,0.061635944700460854,1924.7098115668823,51797,1270.4418999999234,0,0,1
22228900_15,499,long,repaired+p+boundary_on,repaired,p,1,1,0.07692307692307687,1934.8519471906136,54207,1422.1225000000004,0,0,1
22228900_15,499,long,repaired+q+boundary_off,repaired,q,0,1,0.0598388952819332,1926.7098115668823,51120,1272.9798999999957,0,0,1
22228900_15,499,long,repaired+q+boundary_on,repaired,q,1,1,0.0740103270223752,1935.4377336282403,53483,1562.7854000000525,0,0,1
22228900_15,500,long,original+p+boundary_off,original,p,0,1,0.07364576993304928,1813.0702012600927,49105,1260.4193000000805,0,0,1
22228900_15,500,long,original+p+boundary_on,original,p,1,1,0.07832422586520948,1822.04076400857,48468,1239.8500000000467,0,0,1
22228900_15,500,long,original+q+boundary_off,original,q,0,1,0.07177615571776153,1814.4844148224659,48537,1223.241499999972,0,0,1
22228900_15,500,long,original+q+boundary_on,original,q,1,1,0.07701637355973312,1823.2123368838238,48080,1266.9802000000345,0,0,1
22228900_15,500,long,repaired+p+boundary_off,repaired,p,0,1,0.07364576993304928,1813.0702012600927,50023,1200.4378999999972,0,0,1
22228900_15,500,long,repaired+p+boundary_on,repaired,p,1,1,0.07832422586520948,1822.04076400857,49464,1337.4767999999904,0,0,1
22228900_15,500,long,repaired+q+boundary_off,repaired,q,0,1,0.07177615571776153,1814.4844148224659,49383,1207.4266000000762,0,0,1
22228900_15,500,long,repaired+q+boundary_on,repaired,q,1,1,0.07701637355973312,1823.2123368838238,49127,1302.1907999999485,0,0,1
22228900_15,501,long,original+p+boundary_off,original,p,0,1,0.05056710775047257,2321.278354061805,54211,1328.9714000000004,0,0,1
22228900_15,501,long,original+p+boundary_on,original,p,1,1,0.0801131008482564,2331.4204896855344,55330,1442.403400000103,0,0,1
22228900_15,501,long,original+q+boundary_off,original,q,0,1,0.04910292728989618,2323.278354061805,53738,1316.2978000000294,0,1,1
22228900_15,501,long,original+q+boundary_on,original,q,1,1,0.0607630711257654,2331.1778489984154,54820,1397.400800000014,0,0,1
22228900_15,501,long,repaired+p+boundary_off,repaired,p,0,1,0.05056710775047257,2321.278354061805,55088,1427.7713999999833,0,0,1
22228900_15,501,long,repaired+p+boundary_on,repaired,p,1,1,0.0801131008482564,2331.4204896855344,56276,1468.722200000002,0,0,1
22228900_15,501,long,repaired+q+boundary_off,repaired,q,0,1,0.04910292728989618,2323.278354061805,54563,1389.072800000008,0,1,1
22228900_15,501,long,repaired+q+boundary_on,repaired,q,1,1,0.0607630711257654,2331.1778489984154,55806,1478.988299999969,0,0,1
22228900_15,502,long,original+p+boundary_off,original,p,0,1,0.06011235955056182,1975.7514421272251,51578,1278.67260000005,0,0,1
22228900_15,502,long,original+p+boundary_on,original,p,1,1,0.07222844344904811,1984.2367235014638,52896,1395.276899999999,0,0,1
22228900_15,502,long,original+q+boundary_off,original,q,0,1,0.058361391694724984,1977.7514421272253,50905,1264.534200000071,0,0,1
22228900_15,502,long,original+q+boundary_on,original,q,1,1,0.07106883044208168,1984.8225099390909,52133,1338.8559999999643,0,0,1
22228900_15,502,long,repaired+p+boundary_off,repaired,p,0,1,0.06011235955056182,1975.7514421272251,52473,1289.4061000000647,0,0,1
22228900_15,502,long,repaired+p+boundary_on,repaired,p,1,1,0.07222844344904811,1984.2367235014638,53866,1380.452699999978,0,0,1
22228900_15,502,long,repaired+q+boundary_off,repaired,q,0,1,0.058361391694724984,1977.7514421272253,51740,1292.4562000000606,0,0,1
22228900_15,502,long,repaired+q+boundary_on,repaired,q,1,1,0.07106883044208168,1984.8225099390909,53166,1397.128000000066,0,0,1
22228900_15,503,long,original+p+boundary_off,original,p,0,0,nan,nan,0,0.0,0,0,0
22228900_15,503,long,original+p+boundary_on,original,p,1,0,nan,nan,0,0.0,0,0,0
22228900_15,503,long,original+q+boundary_off,original,q,0,0,nan,nan,0,0.0,0,0,0
22228900_15,503,long,original+q+boundary_on,original,q,1,0,nan,nan,0,0.0,0,0,0
22228900_15,503,long,repaired+p+boundary_off,repaired,p,0,0,nan,nan,0,0.0,0,0,0
22228900_15,503,long,repaired+p+boundary_on,repaired,p,1,0,nan,nan,0,0.0,0,0,0
22228900_15,503,long,repaired+q+boundary_off,repaired,q,0,0,nan,nan,0,0.0,0,0,0
22228900_15,503,long,repaired+q+boundary_on,repaired,q,1,0,nan,nan,0,0.0,0,0,0
22228900_15,504,long,original+p+boundary_off,original,p,0,1,0.06541490006056938,1833.910821693659,42652,1059.9521000000323,0,0,1
22228900_15,504,long,original+p+boundary_on,original,p,1,1,0.08147254073627042,1842.3961030678977,47579,1232.2375999999622,0,0,1
22228900_15,504,long,original+q+boundary_off,original,q,0,1,0.06352087114337568,1835.910821693659,41537,1031.1335999999756,0,0,1
22228900_15,504,long,original+q+boundary_on,original,q,1,1,0.07840772014475272,1842.9818895055248,46580,1208.253300000024,0,0,1
22228900_15,504,long,repaired+p+boundary_off,repaired,p,0,1,0.06541490006056938,1833.910821693659,42652,1069.031599999903,0,0,1
22228900_15,504,long,repaired+p+boundary_on,repaired,p,1,1,0.08147254073627042,1842.3961030678977,47579,1241.8908999999303,0,0,1
22228900_15,504,long,repaired+q+boundary_off,repaired,q,0,1,0.06352087114337568,1835.910821693659,41537,1006.8377000000055,0,0,1
22228900_15,504,long,repaired+q+boundary_on,repaired,q,1,1,0.07840772014475272,1842.9818895055248,46580,1252.8853999999683,0,0,1
22228900_15,505,long,original+p+boundary_off,original,p,0,0,nan,nan,0,0.0,0,0,0
22228900_15,505,long,original+p+boundary_on,original,p,1,0,nan,nan,0,0.0,0,0,0
22228900_15,505,long,original+q+boundary_off,original,q,0,0,nan,nan,0,0.0,0,0,0
22228900_15,505,long,original+q+boundary_on,original,q,1,0,nan,nan,0,0.0,0,0,0
22228900_15,505,long,repaired+p+boundary_off,repaired,p,0,0,nan,nan,0,0.0,0,0,0
22228900_15,505,long,repaired+p+boundary_on,repaired,p,1,0,nan,nan,0,0.0,0,0,0
22228900_15,505,long,repaired+q+boundary_off,repaired,q,0,0,nan,nan,0,0.0,0,0,0
22228900_15,505,long,repaired+q+boundary_on,repaired,q,1,0,nan,nan,0,0.0,0,0,0
22229050_15,506,short,original+p+boundary_off,original,p,0,1,0.0,195.58073580374375,2130,53.42459999997118,1,1,1
22229050_15,506,short,original+p+boundary_on,original,p,1,1,0.0,195.58073580374372,2762,67.62639999999465,1,1,1
22229050_15,506,short,original+q+boundary_off,original,q,0,1,0.0,195.58073580374375,2105,52.04630000002908,1,1,1
22229050_15,506,short,original+q+boundary_on,original,q,1,1,0.0,195.58073580374372,2728,67.53249999997024,1,1,1
22229050_15,506,short,repaired+p+boundary_off,repaired,p,0,1,0.0,195.58073580374375,2130,49.02569999990192,1,1,1
22229050_15,506,short,repaired+p+boundary_on,repaired,p,1,1,0.0,195.58073580374372,2762,67.65120000000024,1,1,1
22229050_15,506,short,repaired+q+boundary_off,repaired,q,0,1,0.0,195.58073580374375,2105,50.301600000011604,1,1,1
22229050_15,506,short,repaired+q+boundary_on,repaired,q,1,1,0.0,195.58073580374372,2728,71.34400000006735,1,1,1
22229050_15,507,short,original+p+boundary_off,original,p,0,1,0.0,216.0954544295051,3790,89.90069999993011,1,1,1
22229050_15,507,short,original+p+boundary_on,original,p,1,1,0.0,216.0954544295051,3515,89.07429999999295,1,1,1
22229050_15,507,short,original+q+boundary_off,original,q,0,1,0.0,216.92388155425132,3738,87.23649999990357,1,1,1
22229050_15,507,short,original+q+boundary_on,original,q,1,1,0.0,216.92388155425132,3517,89.71689999998489,1,1,1
22229050_15,507,short,repaired+p+boundary_off,repaired,p,0,1,0.0,216.0954544295051,3790,92.08379999995486,1,1,1
22229050_15,507,short,repaired+p+boundary_on,repaired,p,1,1,0.0,216.0954544295051,3515,86.7368000000397,1,1,1
22229050_15,507,short,repaired+q+boundary_off,repaired,q,0,1,0.0,216.92388155425132,3738,91.72080000007554,1,1,1
22229050_15,507,short,repaired+q+boundary_on,repaired,q,1,1,0.0,216.92388155425132,3517,89.31219999999485,1,1,1
22229050_15,508,short,original+p+boundary_off,original,p,0,1,0.0050890585241730735,430.9360748630717,8138,204.23440000001847,1,1,1
22229050_15,508,short,original+p+boundary_on,original,p,1,1,0.0025188916876573986,436.5929291125641,9495,260.5872999999974,1,1,1
22229050_15,508,short,original+q+boundary_off,original,q,0,1,0.0025380710659898,432.3502884254449,8090,206.34830000005877,1,1,1
22229050_15,508,short,original+q+boundary_on,original,q,1,1,0.0025188916876573986,436.5929291125641,9414,243.51769999998396,1,1,1
22229050_15,508,short,repaired+p+boundary_off,repaired,p,0,1,0.0050890585241730735,430.9360748630717,8138,197.91669999995065,1,1,1
22229050_15,508,short,repaired+p+boundary_on,repaired,p,1,1,0.0025188916876573986,436.5929291125641,9495,262.16249999993124,1,1,1
22229050_15,508,short,repaired+q+boundary_off,repaired,q,0,1,0.0025380710659898,432.3502884254449,8090,194.08529999998336,1,1,1
22229050_15,508,short,repaired+q+boundary_on,repaired,q,1,1,0.0025188916876573986,436.5929291125641,9414,240.3517999999849,1,1,1
22229050_15,509,short,original+p+boundary_off,original,p,0,0,nan,nan,0,0.0,0,0,0
22229050_15,509,short,original+p+boundary_on,original,p,1,0,nan,nan,0,0.0,0,0,0
22229050_15,509,short,original+q+boundary_off,original,q,0,0,nan,nan,0,0.0,0,0,0
22229050_15,509,short,original+q+boundary_on,original,q,1,0,nan,nan,0,0.0,0,0,0
22229050_15,509,short,repaired+p+boundary_off,repaired,p,0,0,nan,nan,0,0.0,0,0,0
22229050_15,509,short,repaired+p+boundary_on,repaired,p,1,0,nan,nan,0,0.0,0,0,0
22229050_15,509,short,repaired+q+boundary_off,repaired,q,0,0,nan,nan,0,0.0,0,0,0
22229050_15,509,short,repaired+q+boundary_on,repaired,q,1,0,nan,nan,0,0.0,0,0,0
22229050_15,510,short,original+p+boundary_off,original,p,0,1,0.0,72.11269837220807,922,20.949900000005073,1,1,1
22229050_15,510,short,original+p+boundary_on,original,p,1,1,0.0,73.76955262170046,1178,27.06250000005639,1,1,1
22229050_15,510,short,original+q+boundary_off,original,q,0,1,0.0,72.11269837220807,911,22.475999999983287,1,1,1
22229050_15,510,short,original+q+boundary_on,original,q,1,1,0.0,73.76955262170046,1170,31.23270000003231,1,1,1
22229050_15,510,short,repaired+p+boundary_off,repaired,p,0,1,0.0,72.11269837220807,922,21.702399999981026,1,1,1
22229050_15,510,short,repaired+p+boundary_on,repaired,p,1,1,0.0,73.76955262170046,1178,33.77729999999701,1,1,1
22229050_15,510,short,repaired+q+boundary_off,repaired,q,0,1,0.0,72.11269837220807,911,24.03490000006059,1,1,1
22229050_15,510,short,repaired+q+boundary_on,repaired,q,1,1,0.0,73.76955262170046,1170,26.611300000013216,1,1,1
22229050_15,511,short,original+p+boundary_off,original,p,0,0,nan,nan,0,0.0,0,0,0
22229050_15,511,short,original+p+boundary_on,original,p,1,0,nan,nan,0,0.0,0,0,0
22229050_15,511,short,original+q+boundary_off,original,q,0,0,nan,nan,0,0.0,0,0,0
22229050_15,511,short,original+q+boundary_on,original,q,1,0,nan,nan,0,0.0,0,0,0
22229050_15,511,short,repaired+p+boundary_off,repaired,p,0,0,nan,nan,0,0.0,0,0,0
22229050_15,511,short,repaired+p+boundary_on,repaired,p,1,0,nan,nan,0,0.0,0,0,0
22229050_15,511,short,repaired+q+boundary_off,repaired,q,0,0,nan,nan,0,0.0,0,0,0
22229050_15,511,short,repaired+q+boundary_on,repaired,q,1,0,nan,nan,0,0.0,0,0,0
22229050_15,512,medium,original+p+boundary_off,original,p,0,1,0.03346153846153843,3139.134485334433,157297,3833.5235999999213,0,1,1
22229050_15,512,medium,original+p+boundary_on,original,p,1,1,0.037093690248566014,3204.254326381552,154986,4027.38480000005,0,1,1
22229050_15,512,medium,original+q+boundary_off,original,q,0,1,0.03192702394526792,3184.631960017487,154589,3836.9685999999774,0,1,1
22229050_15,512,medium,original+q+boundary_on,original,q,1,1,0.03556405353728487,3205.0827535062976,152842,3974.5563000000175,0,1,1
22229050_15,512,medium,repaired+p+boundary_off,repaired,p,0,0,nan,nan,200001,5107.964400000014,0,0,0
22229050_15,512,medium,repaired+p+boundary_on,repaired,p,1,0,nan,nan,200001,5276.228100000026,0,0,0
22229050_15,512,medium,repaired+q+boundary_off,repaired,q,0,0,nan,nan,200001,4890.63340000007,0,0,0
22229050_15,512,medium,repaired+q+boundary_on,repaired,q,1,0,nan,nan,200001,5282.587899999953,0,0,0
22229050_15,513,medium,original+p+boundary_off,original,p,0,1,0.01949317738791423,1271.0428560496243,35248,883.8256999999885,0,1,1
22229050_15,513,medium,original+p+boundary_on,original,p,1,1,0.015473887814313358,1279.0428560496243,51903,1345.7884000000604,0,1,1
22229050_15,513,medium,original+q+boundary_off,original,q,0,1,0.014605647517039966,1272.4570696119977,35497,881.3724999999977,0,1,1
22229050_15,513,medium,original+q+boundary_on,original,q,1,1,0.06828811973807292,1331.0256121069222,52730,1383.8501000000178,0,0,1
22229050_15,513,medium,repaired+p+boundary_off,repaired,p,0,1,0.01949317738791423,1271.0428560496243,35605,872.830199999953,0,1,1
22229050_15,513,medium,repaired+p+boundary_on,repaired,p,1,1,0.015473887814313358,1279.0428560496243,52362,1387.2855999999274,0,1,1
22229050_15,513,medium,repaired+q+boundary_off,repaired,q,0,1,0.014605647517039966,1272.4570696119977,35839,864.6101000000499,0,1,1
22229050_15,513,medium,repaired+q+boundary_on,repaired,q,1,1,0.06828811973807292,1331.0256121069222,53213,1385.4417000000012,0,0,1
22229050_15,514,medium,original+p+boundary_off,original,p,0,1,0.030998140111593298,1934.2581515262762,82445,2017.9500000000417,0,1,1
22229050_15,514,medium,original+p+boundary_on,original,p,1,1,0.005528255528255532,1951.3292193381417,102152,2741.0558000000265,1,1,1
22229050_15,514,medium,original+q+boundary_off,original,q,0,1,0.013622291021671784,1937.0865786510224,83235,2057.6062000000093,0,1,1
22229050_15,514,medium,original+q+boundary_on,original,q,1,1,0.005528255528255532,1951.3292193381417,102664,2669.797299999914,1,1,1
22229050_15,514,medium,repaired+p+boundary_off,repaired,p,0,1,0.030998140111593298,1934.2581515262762,82643,2034.3319999999494,0,1,1
22229050_15,514,medium,repaired+p+boundary_on,repaired,p,1,1,0.005528255528255532,1951.3292193381417,102515,2645.137800000043,1,1,1
22229050_15,514,medium,repaired+q+boundary_off,repaired,q,0,1,0.013622291021671784,1937.0865786510224,83426,2028.695999999968,0,1,1
22229050_15,514,medium,repaired+q+boundary_on,repaired,q,1,1,0.005528255528255532,1951.3292193381417,103067,2683.225200000038,1,1,1
22229050_15,515,medium,original+p+boundary_off,original,p,0,1,0.013552758954501476,1227.9230150024791,43585,1078.506100000027,0,1,1
22229050_15,515,medium,original+p+boundary_on,original,p,1,1,0.0682242990654206,1282.7341981845225,48766,1316.05890000003,0,0,1
22229050_15,515,medium,original+q+boundary_off,original,q,0,1,0.034938621340887654,1270.4915574974034,43747,1091.8781000000308,0,1,1
22229050_15,515,medium,original+q+boundary_on,original,q,1,1,0.06448598130841121,1282.7341981845225,48279,1275.565800000095,0,0,1
22229050_15,515,medium,repaired+p+boundary_off,repaired,p,0,1,0.013552758954501476,1227.9230150024791,44177,1133.5691999998971,0,1,1
22229050_15,515,medium,repaired+p+boundary_on,repaired,p,1,1,0.0682242990654206,1282.7341981845225,49332,1278.0660000000807,0,0,1
22229050_15,515,medium,repaired+q+boundary_off,repaired,q,0,1,0.034938621340887654,1270.4915574974034,44246,1091.2081999999828,0,1,1
22229050_15,515,medium,repaired+q+boundary_on,repaired,q,1,1,0.06448598130841121,1282.7341981845225,48886,1326.2647000000243,0,0,1
22229050_15,516,medium,original+p+boundary_off,original,p,0,1,0.0287461773700306,1968.6845583974693,57592,1421.5409999999338,0,1,1
22229050_15,516,medium,original+p+boundary_on,original,p,1,1,0.004239854633555473,1986.3414126469618,65600,1744.264199999975,1,1,1
22229050_15,516,medium,original+q+boundary_off,original,q,0,1,0.011606597434331123,1971.5129855222156,56359,1338.5690999999724,0,1,1
22229050_15,516,medium,original+q+boundary_on,original,q,1,1,0.00424242424242427,1985.7556262093349,64083,1708.31110000006,1,1,1
22229050_15,516,medium,repaired+p+boundary_off,repaired,p,0,1,0.0287461773700306,1968.6845583974693,57814,1407.8210000000126,0,1,1
22229050_15,516,medium,repaired+p+boundary_on,repaired,p,1,1,0.004239854633555473,1986.3414126469618,66638,1765.8020000000079,1,1,1
22229050_15,516,medium,repaired+q+boundary_off,repaired,q,0,1,0.011606597434331123,1971.5129855222156,56536,1413.4915000000774,0,1,1
22229050_15,516,medium,repaired+q+boundary_on,repaired,q,1,1,0.00424242424242427,1985.7556262093349,64947,1759.6005999999988,1,1,1
22229050_15,517,medium,original+p+boundary_off,original,p,0,1,0.031511570654849774,2458.296823493778,158306,4062.6812000000427,0,1,1
22229050_15,517,medium,original+p+boundary_on,original,p,1,1,0.01808406647116323,2476.196318430387,155734,4199.183500000004,0,1,1
22229050_15,517,medium,original+q+boundary_off,original,q,0,1,0.02210216110019647,2462.8826099314047,155139,3886.137799999915,0,1,1
22229050_15,517,medium,original+q+boundary_on,original,q,1,1,0.01708984375,2479.024745555133,153392,4013.221700000031,0,1,1
22229050_15,517,medium,repaired+p+boundary_off,repaired,p,0,0,nan,nan,200001,5023.34129999997,0,0,0
22229050_15,517,medium,repaired+p+boundary_on,repaired,p,1,0,nan,nan,200001,5288.180500000067,0,0,0
22229050_15,517,medium,repaired+q+boundary_off,repaired,q,0,0,nan,nan,200001,4967.268699999977,0,0,0
22229050_15,517,medium,repaired+q+boundary_on,repaired,q,1,0,nan,nan,200001,5350.909499999943,0,0,0
22229050_15,518,medium,original+p+boundary_off,original,p,0,1,0.031615925058548044,979.7493500861699,28854,742.9751999999326,0,1,1
22229050_15,518,medium,original+p+boundary_on,original,p,1,1,0.09684947491248541,984.8204178980354,34036,899.3579000000409,0,0,1
22229050_15,518,medium,original+q+boundary_off,original,q,0,1,0.031542056074766345,980.9209229614237,28526,704.8485999999912,0,1,1
22229050_15,518,medium,original+q+boundary_on,original,q,1,1,0.08868144690781798,984.8204178980354,33451,888.9000000000351,0,0,1
22229050_15,518,medium,repaired+p+boundary_off,repaired,p,0,1,0.031615925058548044,979.7493500861699,28854,742.1586000000389,0,1,1
22229050_15,518,medium,repaired+p+boundary_on,repaired,p,1,1,0.09684947491248541,984.8204178980354,34261,931.6448000000719,0,0,1
22229050_15,518,medium,repaired+q+boundary_off,repaired,q,0,1,0.031542056074766345,980.9209229614237,28526,707.8966000000264,0,1,1
22229050_15,518,medium,repaired+q+boundary_on,repaired,q,1,1,0.08868144690781798,984.8204178980354,33636,909.4907999999577,0,0,1
22229050_15,519,long,original+p+boundary_off,original,p,0,1,0.02031850631521137,2250.367891305634,125197,3167.8194999999505,0,1,1
22229050_15,519,long,original+p+boundary_on,original,p,1,1,0.0455032119914347,2306.8948032402086,124797,3350.2443999999514,0,1,1
22229050_15,519,long,original+q+boundary_off,original,q,0,1,0.024864864864864833,2293.8653659886872,122649,3060.758899999996,0,1,1
22229050_15,519,long,original+q+boundary_on,original,q,1,1,0.043361884368308345,2307.723230364955,123264,3304.9330000000054,0,1,1
22229050_15,519,long,repaired+p+boundary_off,repaired,p,0,1,0.02031850631521137,2250.367891305634,125533,3152.42939999996,0,1,1
22229050_15,519,long,repaired+p+boundary_on,repaired,p,1,1,0.0455032119914347,2306.8948032402086,125227,3334.9022999999534,0,1,1
22229050_15,519,long,repaired+q+boundary_off,repaired,q,0,1,0.024864864864864833,2293.8653659886872,122914,3140.3480000000172,0,1,1
22229050_15,519,long,repaired+q+boundary_on,repaired,q,1,1,0.043361884368308345,2307.723230364955,123732,3280.5038000000195,0,1,1
22229050_15,520,long,original+p+boundary_off,original,p,0,1,0.018844984802431575,1996.9099551418865,73555,1825.7712999999285,0,1,1
22229050_15,520,long,original+p+boundary_on,original,p,1,1,0.049199762892709,2048.851080638841,98846,2650.0532999999677,0,1,1
22229050_15,520,long,original+q+boundary_off,original,q,0,1,0.02389486260453999,2040.4074298249452,72209,1794.1706999999951,0,1,1
22229050_15,520,long,original+q+boundary_on,original,q,1,1,0.0468286899822169,2049.679507763587,97491,2617.5768000000517,0,1,1
22229050_15,520,long,repaired+p+boundary_off,repaired,p,0,1,0.018844984802431575,1996.9099551418865,86088,2170.009899999968,0,1,1
22229050_15,520,long,repaired+p+boundary_on,repaired,p,1,1,0.049199762892709,2048.851080638841,137058,3692.9737000000387,0,1,1
22229050_15,520,long,repaired+q+boundary_off,repaired,q,0,1,0.02389486260453999,2040.4074298249452,83822,2121.4389000000438,0,1,1
22229050_15,520,long,repaired+q+boundary_on,repaired,q,1,1,0.0468286899822169,2049.679507763587,133446,3619.752299999959,0,1,1
22229050_15,521,long,original+p+boundary_off,original,p,0,0,nan,nan,0,0.0,0,0,0
22229050_15,521,long,original+p+boundary_on,original,p,1,0,nan,nan,0,0.0,0,0,0
22229050_15,521,long,original+q+boundary_off,original,q,0,0,nan,nan,0,0.0,0,0,0
22229050_15,521,long,original+q+boundary_on,original,q,1,0,nan,nan,0,0.0,0,0,0
22229050_15,521,long,repaired+p+boundary_off,repaired,p,0,0,nan,nan,0,0.0,0,0,0
22229050_15,521,long,repaired+p+boundary_on,repaired,p,1,0,nan,nan,0,0.0,0,0,0
22229050_15,521,long,repaired+q+boundary_off,repaired,q,0,0,nan,nan,0,0.0,0,0,0
22229050_15,521,long,repaired+q+boundary_on,repaired,q,1,0,nan,nan,0,0.0,0,0,0
22229050_15,522,long,original+p+boundary_off,original,p,0,0,nan,nan,0,0.0,0,0,0
22229050_15,522,long,original+p+boundary_on,original,p,1,0,nan,nan,0,0.0,0,0,0
22229050_15,522,long,original+q+boundary_off,original,q,0,0,nan,nan,0,0.0,0,0,0
22229050_15,522,long,original+q+boundary_on,original,q,1,0,nan,nan,0,0.0,0,0,0
22229050_15,522,long,repaired+p+boundary_off,repaired,p,0,0,nan,nan,0,0.0,0,0,0
22229050_15,522,long,repaired+p+boundary_on,repaired,p,1,0,nan,nan,0,0.0,0,0,0
22229050_15,522,long,repaired+q+boundary_off,repaired,q,0,0,nan,nan,0,0.0,0,0,0
22229050_15,522,long,repaired+q+boundary_on,repaired,q,1,0,nan,nan,0,0.0,0,0,0
22229050_15,523,long,original+p+boundary_off,original,p,0,1,0.021861336664584674,1947.9393923934088,59191,1497.4287000000004,0,1,1
22229050_15,523,long,original+p+boundary_on,original,p,1,1,0.05173463177115034,2002.365799264602,65606,1764.9079000000256,0,0,1
22229050_15,523,long,original+q+boundary_off,original,q,0,1,0.03439803439803435,1989.4368670764675,57925,1450.109100000077,0,1,1
22229050_15,523,long,original+q+boundary_on,original,q,1,1,0.04930006086427263,2002.365799264602,64696,1748.8207000000102,0,1,1
22229050_15,523,long,repaired+p+boundary_off,repaired,p,0,1,0.021861336664584674,1947.9393923934088,59522,1493.4643999999935,0,1,1
22229050_15,523,long,repaired+p+boundary_on,repaired,p,1,1,0.05173463177115034,2002.365799264602,65930,1799.3840999999975,0,0,1
22229050_15,523,long,repaired+q+boundary_off,repaired,q,0,1,0.03439803439803435,1989.4368670764675,58184,1468.8370000000077,0,1,1
22229050_15,523,long,repaired+q+boundary_on,repaired,q,1,1,0.04930006086427263,2002.365799264602,65053,1749.1281000000072,0,1,1
22229050_15,524,long,original+p+boundary_off,original,p,0,1,0.033781329458772213,3319.8867940134123,136917,3386.5017000000535,0,1,1
22229050_15,524,long,original+p+boundary_on,original,p,1,1,0.019466474405191114,3343.7862889500225,133515,3531.7706999999245,0,1,1
22229050_15,524,long,original+q+boundary_off,original,q,0,1,0.025009061254077536,3325.0583668886657,135218,3334.8909999999705,0,1,1
22229050_15,524,long,original+q+boundary_on,original,q,1,1,0.018731988472622474,3345.786288950022,131749,3508.67089999997,0,1,1
22229050_15,524,long,repaired+p+boundary_off,repaired,p,0,1,0.033781329458772213,3319.8867940134123,137264,3474.466199999938,0,1,1
22229050_15,524,long,repaired+p+boundary_on,repaired,p,1,1,0.019466474405191114,3343.7862889500225,133994,3559.9766000000272,0,1,1
22229050_15,524,long,repaired+q+boundary_off,repaired,q,0,1,0.025009061254077536,3325.0583668886657,135574,3430.262800000037,0,1,1
22229050_15,524,long,repaired+q+boundary_on,repaired,q,1,1,0.018731988472622474,3345.786288950022,132224,3510.9249000000773,0,1,1
22229050_15,525,long,original+p+boundary_off,original,p,0,0,nan,nan,0,0.0,0,0,0
22229050_15,525,long,original+p+boundary_on,original,p,1,0,nan,nan,0,0.0,0,0,0
22229050_15,525,long,original+q+boundary_off,original,q,0,0,nan,nan,0,0.0,0,0,0
22229050_15,525,long,original+q+boundary_on,original,q,1,0,nan,nan,0,0.0,0,0,0
22229050_15,525,long,repaired+p+boundary_off,repaired,p,0,0,nan,nan,0,0.0,0,0,0
22229050_15,525,long,repaired+p+boundary_on,repaired,p,1,0,nan,nan,0,0.0,0,0,0
22229050_15,525,long,repaired+q+boundary_off,repaired,q,0,0,nan,nan,0,0.0,0,0,0
22229050_15,525,long,repaired+q+boundary_on,repaired,q,1,0,nan,nan,0,0.0,0,0,0
22528885_15,526,short,original+p+boundary_off,original,p,0,1,0.12271062271062272,632.3990616607244,20957,508.3931000000348,0,0,0
22528885_15,526,short,original+p+boundary_on,original,p,1,1,0.1355311355311355,637.3696244092017,26149,691.9610999999577,0,0,0
22528885_15,526,short,original+q+boundary_off,original,q,0,1,0.15934065934065933,635.7127701597093,21676,545.1977999999826,0,0,0
22528885_15,526,short,original+q+boundary_on,original,q,1,1,0.16117216117216115,639.0264786586941,26073,698.4792000000652,0,0,0
22528885_15,526,short,repaired+p+boundary_off,repaired,p,0,1,0.12271062271062272,632.3990616607244,20957,538.7357000000748,0,0,0
22528885_15,526,short,repaired+p+boundary_on,repaired,p,1,1,0.1355311355311355,637.3696244092017,26149,694.0636000000495,0,0,0
22528885_15,526,short,repaired+q+boundary_off,repaired,q,0,1,0.15934065934065933,635.7127701597093,21676,558.7044000000105,0,0,0
22528885_15,526,short,repaired+q+boundary_on,repaired,q,1,1,0.16117216117216115,639.0264786586941,26073,679.1745000000446,0,0,0
22528885_15,527,short,original+p+boundary_off,original,p,0,1,0.06910569105691056,928.3666658163747,16373,386.9329999999991,0,0,1
22528885_15,527,short,original+p+boundary_on,original,p,1,1,0.07133243606998652,932.9524522540016,20570,519.2531999999801,0,0,1
22528885_15,527,short,original+q+boundary_off,original,q,0,1,0.06901217861975639,928.9524522540016,16432,419.1994999999906,0,0,1
22528885_15,527,short,original+q+boundary_on,original,q,1,1,0.07267833109017496,932.9524522540016,20395,534.608100000014,0,0,1
22528885_15,527,short,repaired+p+boundary_off,repaired,p,0,1,0.06910569105691056,928.3666658163747,16373,394.0838999999414,0,0,1
22528885_15,527,short,repaired+p+boundary_on,repaired,p,1,1,0.07133243606998652,932.9524522540016,20570,521.2763000000677,0,0,1
22528885_15,527,short,repaired+q+boundary_off,repaired,q,0,1,0.06901217861975639,928.9524522540016,16432,384.85479999997096,0,0,1
22528885_15,527,short,repaired+q+boundary_on,repaired,q,1,1,0.07267833109017496,932.9524522540016,20395,505.1688999999442,0,0,1
22528885_15,528,short,original+p+boundary_off,original,p,0,1,0.04367816091954024,540.0386719675147,12692,303.78920000009657,0,1,1
22528885_15,528,short,original+p+boundary_on,original,p,1,1,0.02505694760820043,542.3818177180223,14921,397.7449000000206,0,1,1
22528885_15,528,short,original+q+boundary_off,original,q,0,1,0.04587155963302747,540.6244584051416,12456,304.1314000000739,0,1,1
22528885_15,528,short,original+q+boundary_on,original,q,1,1,0.025000000000000022,543.7960312803954,14805,427.99360000003617,0,1,1
22528885_15,528,short,repaired+p+boundary_off,repaired,p,0,1,0.04367816091954024,540.0386719675147,12692,310.2035000000569,0,1,1
22528885_15,528,short,repaired+p+boundary_on,repaired,p,1,1,0.02505694760820043,542.3818177180223,14921,391.91700000003493,0,1,1
22528885_15,528,short,repaired+q+boundary_off,repaired,q,0,1,0.04587155963302747,540.6244584051416,12456,311.3931999999977,0,1,1
22528885_15,528,short,repaired+q+boundary_on,repaired,q,1,1,0.025000000000000022,543.7960312803954,14805,381.8533999999545,0,1,1
22528885_15,529,short,original+p+boundary_off,original,p,0,1,0.08247422680412375,656.3128419472112,21735,524.5802999999114,0,0,1
22528885_15,529,short,original+p+boundary_on,original,p,1,1,0.15670103092783505,657.1412690719574,20909,563.121600000045,0,0,0
22528885_15,529,short,original+q+boundary_off,original,q,0,1,0.08659793814432992,657.9696961967036,21438,533.9827000000241,0,0,1
22528885_15,529,short,original+q+boundary_on,original,q,1,1,0.14814814814814814,659.3839097590767,20659,552.7021999999988,0,0,0
22528885_15,529,short,repaired+p+boundary_off,repaired,p,0,1,0.08247422680412375,656.3128419472112,21735,536.139100000014,0,0,1
22528885_15,529,short,repaired+p+boundary_on,repaired,p,1,1,0.15670103092783505,657.1412690719574,20909,590.3326999999763,0,0,0
22528885_15,529,short,repaired+q+boundary_off,repaired,q,0,1,0.08659793814432992,657.9696961967036,21438,539.1614999999774,0,0,1
22528885_15,529,short,repaired+q+boundary_on,repaired,q,1,1,0.14814814814814814,659.3839097590767,20659,574.2738000000145,0,0,0
22528885_15,530,short,original+p+boundary_off,original,p,0,1,0.12623762376237624,933.3351365237968,52527,1364.025100000049,0,0,0
22528885_15,530,short,original+p+boundary_on,original,p,1,1,0.17452229299363053,948.8569978244952,54604,1438.1980000000567,0,0,0
22528885_15,530,short,original+q+boundary_off,original,q,0,1,0.15451174289245984,937.2346314604085,55192,1392.334099999971,0,0,0
22528885_15,530,short,original+q+boundary_on,original,q,1,1,0.19822109275730626,953.3422791987339,55987,1455.5421000000024,0,0,0
22528885_15,530,short,repaired+p+boundary_off,repaired,p,0,1,0.12623762376237624,933.3351365237968,52527,1296.8028000000231,0,0,0
22528885_15,530,short,repaired+p+boundary_on,repaired,p,1,1,0.17452229299363053,948.8569978244952,54604,1437.922599999979,0,0,0
22528885_15,530,short,repaired+q+boundary_off,repaired,q,0,1,0.15451174289245984,937.2346314604085,55192,1334.7774999999729,0,0,0
22528885_15,530,short,repaired+q+boundary_on,repaired,q,1,1,0.19822109275730626,953.3422791987339,55987,1516.9922999999699,0,0,0
22528885_15,531,short,original+p+boundary_off,original,p,0,0,nan,nan,0,0.0,0,0,0
22528885_15,531,short,original+p+boundary_on,original,p,1,0,nan,nan,0,0.0,0,0,0
22528885_15,531,short,original+q+boundary_off,original,q,0,0,nan,nan,0,0.0,0,0,0
22528885_15,531,short,original+q+boundary_on,original,q,1,0,nan,nan,0,0.0,0,0,0
22528885_15,531,short,repaired+p+boundary_off,repaired,p,0,0,nan,nan,0,0.0,0,0,0
22528885_15,531,short,repaired+p+boundary_on,repaired,p,1,0,nan,nan,0,0.0,0,0,0
22528885_15,531,short,repaired+q+boundary_off,repaired,q,0,0,nan,nan,0,0.0,0,0,0
22528885_15,531,short,repaired+q+boundary_on,repaired,q,1,0,nan,nan,0,0.0,0,0,0
22528885_15,532,medium,original+p+boundary_off,original,p,0,1,0.0762439807383628,1500.983981546579,69870,1713.9046999999437,0,0,1
22528885_15,532,medium,original+p+boundary_on,original,p,1,1,0.06971153846153844,1503.812408671325,93281,2462.092400000074,0,0,1
22528885_15,532,medium,original+q+boundary_off,original,q,0,1,0.09462710505212513,1503.2266222336982,73255,1754.3971999999712,0,0,1
22528885_15,532,medium,original+q+boundary_on,original,q,1,1,0.07772435897435892,1505.4692629208175,95197,2503.3613000000514,0,0,1
22528885_15,532,medium,repaired+p+boundary_off,repaired,p,0,1,0.0762439807383628,1500.983981546579,69886,1701.4399999999341,0,0,1
22528885_15,532,medium,repaired+p+boundary_on,repaired,p,1,1,0.06971153846153844,1503.812408671325,94527,2475.3901999999925,0,0,1
22528885_15,532,medium,repaired+q+boundary_off,repaired,q,0,1,0.09462710505212513,1503.2266222336982,73462,1818.8035000000582,0,0,1
22528885_15,532,medium,repaired+q+boundary_on,repaired,q,1,1,0.07772435897435892,1505.4692629208175,96660,2546.9585999999254,0,0,1
22528885_15,533,medium,original+p+boundary_off,original,p,0,1,0.07545533391153514,1402.5992052357292,42061,994.2536999999447,0,0,1
22528885_15,533,medium,original+p+boundary_on,original,p,1,1,0.06580086580086575,1405.4276323604752,52728,1354.6804999999722,0,0,1
22528885_15,533,medium,original+q+boundary_off,original,q,0,1,0.09342560553633217,1406.8418459228483,42879,1095.3279000000293,0,0,1
22528885_15,533,medium,original+q+boundary_on,original,q,1,1,0.07445887445887445,1407.9129137347138,54790,1459.2358999999533,0,0,1
22528885_15,533,medium,repaired+p+boundary_off,repaired,p,0,1,0.07545533391153514,1402.5992052357292,42634,1050.2414000000044,0,0,1
22528885_15,533,medium,repaired+p+boundary_on,repaired,p,1,1,0.06580086580086575,1405.4276323604752,53557,1450.157900000022,0,0,1
22528885_15,533,medium,repaired+q+boundary_off,repaired,q,0,1,0.09342560553633217,1406.8418459228483,43361,1082.731499999909,0,0,1
22528885_15,533,medium,repaired+q+boundary_on,repaired,q,1,1,0.07445887445887445,1407.9129137347138,55776,1471.375500000022,0,0,1
22528885_15,534,medium,original+p+boundary_off,original,p,0,1,0.014857142857142902,1091.8763338082529,24412,600.9225999999899,0,1,1
22528885_15,534,medium,original+p+boundary_on,original,p,1,1,0.011376564277588153,1096.7047609329993,38947,1018.5199000000011,0,1,1
22528885_15,534,medium,original+q+boundary_off,original,q,0,1,0.01252847380410027,1096.1189744953722,23673,561.4960000000337,0,1,1
22528885_15,534,medium,original+q+boundary_on,original,q,1,1,0.011350737797956922,1099.5331880577453,38487,1035.4820000000018,0,1,1
22528885_15,534,medium,repaired+p+boundary_off,repaired,p,0,1,0.014857142857142902,1091.8763338082529,24412,604.9113000000261,0,1,1
22528885_15,534,medium,repaired+p+boundary_on,repaired,p,1,1,0.011376564277588153,1096.7047609329993,38947,1013.4431000000177,0,1,1
22528885_15,534,medium,repaired+q+boundary_off,repaired,q,0,1,0.01252847380410027,1096.1189744953722,23673,581.4113000000134,0,1,1
22528885_15,534,medium,repaired+q+boundary_on,repaired,q,1,1,0.011350737797956922,1099.5331880577453,38487,997.8575999999748,0,1,1
22528885_15,535,medium,original+p+boundary_off,original,p,0,1,0.0,1024.4915574974027,19690,488.550000000032,1,1,1
22528885_15,535,medium,original+p+boundary_on,original,p,1,1,0.0,1024.4915574974027,28974,759.9202000000105,1,1,1
22528885_15,535,medium,original+q+boundary_off,original,q,0,1,0.0,1024.4915574974027,19102,470.7333999999719,1,1,1
22528885_15,535,medium,original+q+boundary_on,original,q,1,1,0.0,1024.4915574974027,28345,745.5629000000954,1,1,1
22528885_15,535,medium,repaired+p+boundary_off,repaired,p,0,1,0.0,1024.4915574974027,19690,475.9381000000076,1,1,1
22528885_15,535,medium,repaired+p+boundary_on,repaired,p,1,1,0.0,1024.4915574974027,28974,773.3552000000827,1,1,1
22528885_15,535,medium,repaired+q+boundary_off,repaired,q,0,1,0.0,1024.4915574974027,19102,469.0676000000167,1,1,1
22528885_15,535,medium,repaired+q+boundary_on,repaired,q,1,1,0.0,1024.4915574974027,28345,764.9241999999958,1,1,1
22528885_15,536,medium,original+p+boundary_off,original,p,0,0,nan,nan,0,0.0,0,0,0
22528885_15,536,medium,original+p+boundary_on,original,p,1,0,nan,nan,0,0.0,0,0,0
22528885_15,536,medium,original+q+boundary_off,original,q,0,0,nan,nan,0,0.0,0,0,0
22528885_15,536,medium,original+q+boundary_on,original,q,1,0,nan,nan,0,0.0,0,0,0
22528885_15,536,medium,repaired+p+boundary_off,repaired,p,0,0,nan,nan,0,0.0,0,0,0
22528885_15,536,medium,repaired+p+boundary_on,repaired,p,1,0,nan,nan,0,0.0,0,0,0
22528885_15,536,medium,repaired+q+boundary_off,repaired,q,0,0,nan,nan,0,0.0,0,0,0
22528885_15,536,medium,repaired+q+boundary_on,repaired,q,1,0,nan,nan,0,0.0,0,0,0
22528885_15,537,medium,original+p+boundary_off,original,p,0,0,nan,nan,0,0.0,0,0,0
22528885_15,537,medium,original+p+boundary_on,original,p,1,0,nan,nan,0,0.0,0,0,0
22528885_15,537,medium,original+q+boundary_off,original,q,0,0,nan,nan,0,0.0,0,0,0
22528885_15,537,medium,original+q+boundary_on,original,q,1,0,nan,nan,0,0.0,0,0,0
22528885_15,537,medium,repaired+p+boundary_off,repaired,p,0,0,nan,nan,0,0.0,0,0,0
22528885_15,537,medium,repaired+p+boundary_on,repaired,p,1,0,nan,nan,0,0.0,0,0,0
22528885_15,537,medium,repaired+q+boundary_off,repaired,q,0,0,nan,nan,0,0.0,0,0,0
22528885_15,537,medium,repaired+q+boundary_on,repaired,q,1,0,nan,nan,0,0.0,0,0,0
22528885_15,538,medium,original+p+boundary_off,original,p,0,0,nan,nan,0,0.0,0,0,0
22528885_15,538,medium,original+p+boundary_on,original,p,1,0,nan,nan,0,0.0,0,0,0
22528885_15,538,medium,original+q+boundary_off,original,q,0,0,nan,nan,0,0.0,0,0,0
22528885_15,538,medium,original+q+boundary_on,original,q,1,0,nan,nan,0,0.0,0,0,0
22528885_15,538,medium,repaired+p+boundary_off,repaired,p,0,0,nan,nan,0,0.0,0,0,0
22528885_15,538,medium,repaired+p+boundary_on,repaired,p,1,0,nan,nan,0,0.0,0,0,0
22528885_15,538,medium,repaired+q+boundary_off,repaired,q,0,0,nan,nan,0,0.0,0,0,0
22528885_15,538,medium,repaired+q+boundary_on,repaired,q,1,0,nan,nan,0,0.0,0,0,0
22528885_15,539,long,original+p+boundary_off,original,p,0,1,0.18818681318681318,1797.554616082558,58715,1434.3013999999812,0,0,0
22528885_15,539,long,original+p+boundary_on,original,p,1,1,0.13639479095270735,1804.2825381439159,72005,1941.088700000023,0,0,0
22528885_15,539,long,original+q+boundary_off,original,q,0,1,0.2065888812628689,1800.6256838944234,60305,1498.137300000053,0,0,0
22528885_15,539,long,original+q+boundary_on,original,q,1,1,0.1562714187799863,1805.9393923934083,75028,2044.347700000003,0,0,0
22528885_15,539,long,repaired+p+boundary_off,repaired,p,0,1,0.18818681318681318,1797.554616082558,59639,1467.0137999999042,0,0,0
22528885_15,539,long,repaired+p+boundary_on,repaired,p,1,1,0.13639479095270735,1804.2825381439159,73101,1945.4762999999957,0,0,0
22528885_15,539,long,repaired+q+boundary_off,repaired,q,0,1,0.2065888812628689,1800.6256838944234,61053,1513.8666999999941,0,0,0
22528885_15,539,long,repaired+q+boundary_on,repaired,q,1,1,0.1562714187799863,1805.9393923934083,76108,1970.888500000001,0,0,0
22528885_15,540,long,original+p+boundary_off,original,p,0,0,nan,nan,0,0.0,0,0,0
22528885_15,540,long,original+p+boundary_on,original,p,1,0,nan,nan,0,0.0,0,0,0
22528885_15,540,long,original+q+boundary_off,original,q,0,0,nan,nan,0,0.0,0,0,0
22528885_15,540,long,original+q+boundary_on,original,q,1,0,nan,nan,0,0.0,0,0,0
22528885_15,540,long,repaired+p+boundary_off,repaired,p,0,0,nan,nan,0,0.0,0,0,0
22528885_15,540,long,repaired+p+boundary_on,repaired,p,1,0,nan,nan,0,0.0,0,0,0
22528885_15,540,long,repaired+q+boundary_off,repaired,q,0,0,nan,nan,0,0.0,0,0,0
22528885_15,540,long,repaired+q+boundary_on,repaired,q,1,0,nan,nan,0,0.0,0,0,0
22528885_15,541,long,original+p+boundary_off,original,p,0,1,0.11497730711043874,1656.5129855222149,55107,1343.3370999999852,0,0,0
22528885_15,541,long,original+p+boundary_on,original,p,1,1,0.07326283987915405,1659.3414126469613,69324,1821.346100000028,0,0,1
22528885_15,541,long,original+q+boundary_off,original,q,0,1,0.13237518910741297,1658.1698397717075,58598,1444.6993999999904,0,0,0
22528885_15,541,long,original+q+boundary_on,original,q,1,1,0.09138972809667678,1660.9982668964537,70054,1851.4695000000074,0,0,1
22528885_15,541,long,repaired+p+boundary_off,repaired,p,0,1,0.11497730711043874,1656.5129855222149,55276,1322.0727000000352,0,0,0
22528885_15,541,long,repaired+p+boundary_on,repaired,p,1,1,0.07326283987915405,1659.3414126469613,70866,1893.107500000042,0,0,1
22528885_15,541,long,repaired+q+boundary_off,repaired,q,0,1,0.13237518910741297,1658.1698397717075,58746,1463.9511000000311,0,0,0
22528885_15,541,long,repaired+q+boundary_on,repaired,q,1,1,0.09138972809667678,1660.9982668964537,71652,1916.968699999984,0,0,1
22528885_15,542,long,original+p+boundary_off,original,p,0,0,nan,nan,0,0.0,0,0,0
22528885_15,542,long,original+p+boundary_on,original,p,1,0,nan,nan,0,0.0,0,0,0
22528885_15,542,long,original+q+boundary_off,original,q,0,0,nan,nan,0,0.0,0,0,0
22528885_15,542,long,original+q+boundary_on,original,q,1,0,nan,nan,0,0.0,0,0,0
22528885_15,542,long,repaired+p+boundary_off,repaired,p,0,0,nan,nan,0,0.0,0,0,0
22528885_15,542,long,repaired+p+boundary_on,repaired,p,1,0,nan,nan,0,0.0,0,0,0
22528885_15,542,long,repaired+q+boundary_off,repaired,q,0,0,nan,nan,0,0.0,0,0,0
22528885_15,542,long,repaired+q+boundary_on,repaired,q,1,0,nan,nan,0,0.0,0,0,0
22528885_15,543,long,original+p+boundary_off,original,p,0,1,0.11861743912018852,1583.902812466948,39622,958.9921000000459,0,0,0
22528885_15,543,long,original+p+boundary_on,original,p,1,1,0.0761979575805185,1584.7312395916942,59288,1578.1905000000052,0,0,1
22528885_15,543,long,original+q+boundary_off,original,q,0,1,0.13668499607227025,1585.5596667164405,42437,1045.9262000000535,0,0,0
22528885_15,543,long,original+q+boundary_on,original,q,1,1,0.09505106048703849,1586.3880938411867,60689,1592.9687999999942,0,0,1
22528885_15,543,long,repaired+p+boundary_off,repaired,p,0,1,0.11861743912018852,1583.902812466948,40300,984.4147000000021,0,0,0
22528885_15,543,long,repaired+p+boundary_on,repaired,p,1,1,0.0761979575805185,1584.7312395916942,60806,1567.204400000037,0,0,1
22528885_15,543,long,repaired+q+boundary_off,repaired,q,0,1,0.13668499607227025,1585.5596667164405,43267,1068.0859999999939,0,0,0
22528885_15,543,long,repaired+q+boundary_on,repaired,q,1,1,0.09505106048703849,1586.3880938411867,62262,1681.7140999999083,0,0,1
22528885_15,544,long,original+p+boundary_off,original,p,0,1,0.1267501842299189,1676.6012972767835,43359,1070.6849000000602,0,0,0
22528885_15,544,long,original+p+boundary_on,original,p,1,1,0.0744288872512896,1680.7434329005146,64451,1697.0205999999735,0,0,1
22528885_15,544,long,original+q+boundary_off,original,q,0,1,0.14517317612380254,1679.0865786510221,46639,1141.921699999898,0,0,0
22528885_15,544,long,original+q+boundary_on,original,q,1,1,0.09432571849668381,1682.400287150007,66842,1799.1114000000152,0,0,1
22528885_15,544,long,repaired+p+boundary_off,repaired,p,0,1,0.1267501842299189,1676.6012972767835,44092,1059.166399999981,0,0,0
22528885_15,544,long,repaired+p+boundary_on,repaired,p,1,1,0.0744288872512896,1680.7434329005146,66082,1741.7504999999665,0,0,1
22528885_15,544,long,repaired+q+boundary_off,repaired,q,0,1,0.14517317612380254,1679.0865786510221,47539,1180.0324000000728,0,0,0
22528885_15,544,long,repaired+q+boundary_on,repaired,q,1,1,0.09432571849668381,1682.400287150007,68542,1805.59489999996,0,0,1
22528885_15,545,long,original+p+boundary_off,original,p,0,1,0.20895522388059706,2161.840979371058,87642,2213.502999999946,0,0,0
22528885_15,545,long,original+p+boundary_on,original,p,1,1,0.18635321100917435,2167.9831149947886,101428,2708.2357000000457,0,0,0
22528885_15,545,long,original+q+boundary_off,original,q,0,1,0.22489959839357432,2165.740474307669,88981,2259.2333000000053,0,0,0
22528885_15,545,long,original+q+boundary_on,original,q,1,1,0.19484240687679089,2172.7110370561454,103545,2700.6174000000556,0,0,0
22528885_15,545,long,repaired+p+boundary_off,repaired,p,0,1,0.20895522388059706,2161.840979371058,88562,2275.7097999999587,0,0,0
22528885_15,545,long,repaired+p+boundary_on,repaired,p,1,1,0.18635321100917435,2167.9831149947886,102520,2729.3652999999267,0,0,0
22528885_15,545,long,repaired+q+boundary_off,repaired,q,0,1,0.22489959839357432,2165.740474307669,89724,2228.3701000000065,0,0,0
22528885_15,545,long,repaired+q+boundary_on,repaired,q,1,1,0.19484240687679089,2172.7110370561454,104690,2746.787599999948,0,0,0
22529065_15,546,short,original+p+boundary_off,original,p,0,1,0.026397515527950333,2262.7850634608353,105874,2561.9815999999673,0,1,1
22529065_15,546,short,original+p+boundary_on,original,p,1,1,0.015503875968992276,2283.596246642877,102821,2683.7593999999854,0,1,1
22529065_15,546,short,original+q+boundary_off,original,q,0,1,0.024314536989136104,2265.8561312727006,104617,2527.725499999974,0,1,1
22529065_15,546,short,original+q+boundary_on,original,q,1,1,0.01498708010335914,2284.424673767623,101659,2654.700999999932,0,1,1
22529065_15,546,short,repaired+p+boundary_off,repaired,p,0,1,0.026397515527950333,2262.7850634608353,109271,2720.3579000000673,0,1,1
22529065_15,546,short,repaired+p+boundary_on,repaired,p,1,1,0.015503875968992276,2283.596246642877,106079,2756.523300000026,0,1,1
22529065_15,546,short,repaired+q+boundary_off,repaired,q,0,1,0.024314536989136104,2265.8561312727006,107730,2627.848800000038,0,1,1
22529065_15,546,short,repaired+q+boundary_on,repaired,q,1,1,0.01498708010335914,2284.424673767623,104850,2716.5972999999894,0,1,1
22529065_15,547,short,original+p+boundary_off,original,p,0,1,0.0,272.53405460951825,3467,77.46159999999236,1,1,1
22529065_15,547,short,original+p+boundary_on,original,p,1,1,0.0,272.53405460951825,3558,85.56910000004336,1,1,1
22529065_15,547,short,original+q+boundary_off,original,q,0,1,0.0,272.53405460951825,3582,88.21660000000975,1,1,1
22529065_15,547,short,original+q+boundary_on,original,q,1,1,0.0,272.53405460951825,3705,93.34359999991193,1,1,1
22529065_15,547,short,repaired+p+boundary_off,repaired,p,0,1,0.0,272.53405460951825,3467,85.30830000006517,1,1,1
22529065_15,547,short,repaired+p+boundary_on,repaired,p,1,1,0.0,272.53405460951825,3558,89.89090000000033,1,1,1
22529065_15,547,short,repaired+q+boundary_off,repaired,q,0,1,0.0,272.53405460951825,3582,83.02979999996296,1,1,1
22529065_15,547,short,repaired+q+boundary_on,repaired,q,1,1,0.0,272.53405460951825,3705,92.11870000001454,1,1,1
22529065_15,548,short,original+p+boundary_off,original,p,0,1,0.0,28.041630560342625,159,5.7873999999173975,1,1,1
22529065_15,548,short,original+p+boundary_on,original,p,1,1,0.0,28.041630560342625,315,8.969800000045325,1,1,1
22529065_15,548,short,original+q+boundary_off,original,q,0,1,0.0,28.041630560342625,171,6.031399999983478,1,1,1
22529065_15,548,short,original+q+boundary_on,original,q,1,1,0.0,28.041630560342625,317,9.38419999999951,1,1,1
22529065_15,548,short,repaired+p+boundary_off,repaired,p,0,1,0.0,28.041630560342625,159,3.8432000000057087,1,1,1
22529065_15,548,short,repaired+p+boundary_on,repaired,p,1,1,0.0,28.041630560342625,315,9.372999999982312,1,1,1
22529065_15,548,short,repaired+q+boundary_off,repaired,q,0,1,0.0,28.041630560342625,171,3.602200000045741,1,1,1
22529065_15,548,short,repaired+q+boundary_on,repaired,q,1,1,0.0,28.041630560342625,317,8.568999999965854,1,1,1
22529065_15,549,short,original+p+boundary_off,original,p,0,0,nan,nan,0,0.0,0,0,0
22529065_15,549,short,original+p+boundary_on,original,p,1,0,nan,nan,0,0.0,0,0,0
22529065_15,549,short,original+q+boundary_off,original,q,0,0,nan,nan,0,0.0,0,0,0
22529065_15,549,short,original+q+boundary_on,original,q,1,0,nan,nan,0,0.0,0,0,0
22529065_15,549,short,repaired+p+boundary_off,repaired,p,0,0,nan,nan,0,0.0,0,0,0
22529065_15,549,short,repaired+p+boundary_on,repaired,p,1,0,nan,nan,0,0.0,0,0,0
22529065_15,549,short,repaired+q+boundary_off,repaired,q,0,0,nan,nan,0,0.0,0,0,0
22529065_15,549,short,repaired+q+boundary_on,repaired,q,1,0,nan,nan,0,0.0,0,0,0
22529065_15,550,short,original+p+boundary_off,original,p,0,0,nan,nan,0,0.0,0,0,0
22529065_15,550,short,original+p+boundary_on,original,p,1,0,nan,nan,0,0.0,0,0,0
22529065_15,550,short,original+q+boundary_off,original,q,0,0,nan,nan,0,0.0,0,0,0
22529065_15,550,short,original+q+boundary_on,original,q,1,0,nan,nan,0,0.0,0,0,0
22529065_15,550,short,repaired+p+boundary_off,repaired,p,0,0,nan,nan,0,0.0,0,0,0
22529065_15,550,short,repaired+p+boundary_on,repaired,p,1,0,nan,nan,0,0.0,0,0,0
22529065_15,550,short,repaired+q+boundary_off,repaired,q,0,0,nan,nan,0,0.0,0,0,0
22529065_15,550,short,repaired+q+boundary_on,repaired,q,1,0,nan,nan,0,0.0,0,0,0
22529065_15,551,short,original+p+boundary_off,original,p,0,1,0.07846410684474125,705.695526217007,37838,925.8190000000468,0,0,1
22529065_15,551,short,original+p+boundary_on,original,p,1,1,0.06833333333333336,709.5950211536187,38840,1012.5871999999845,0,0,1
22529065_15,551,short,original+q+boundary_off,original,q,0,1,0.07833333333333337,706.2813126546339,37264,893.7076000000843,0,0,1
22529065_15,551,short,original+q+boundary_on,original,q,1,1,0.06478405315614622,710.7665940288725,38378,1043.6710000000176,0,0,1
22529065_15,551,short,repaired+p+boundary_off,repaired,p,0,1,0.07846410684474125,705.695526217007,37838,944.7497999999541,0,0,1
22529065_15,551,short,repaired+p+boundary_on,repaired,p,1,1,0.06833333333333336,709.5950211536187,38840,1019.2928000000165,0,0,1
22529065_15,551,short,repaired+q+boundary_off,repaired,q,0,1,0.07833333333333337,706.2813126546339,37264,928.2134000000042,0,0,1
22529065_15,551,short,repaired+q+boundary_on,repaired,q,1,1,0.06478405315614622,710.7665940288725,38378,980.0003000000288,0,0,1
22529065_15,552,medium,original+p+boundary_off,original,p,0,0,nan,nan,0,0.0,0,0,0
22529065_15,552,medium,original+p+boundary_on,original,p,1,0,nan,nan,0,0.0,0,0,0
22529065_15,552,medium,original+q+boundary_off,original,q,0,0,nan,nan,0,0.0,0,0,0
22529065_15,552,medium,original+q+boundary_on,original,q,1,0,nan,nan,0,0.0,0,0,0
22529065_15,552,medium,repaired+p+boundary_off,repaired,p,0,0,nan,nan,0,0.0,0,0,0
22529065_15,552,medium,repaired+p+boundary_on,repaired,p,1,0,nan,nan,0,0.0,0,0,0
22529065_15,552,medium,repaired+q+boundary_off,repaired,q,0,0,nan,nan,0,0.0,0,0,0
22529065_15,552,medium,repaired+q+boundary_on,repaired,q,1,0,nan,nan,0,0.0,0,0,0
22529065_15,553,medium,original+p+boundary_off,original,p,0,1,0.0320937340804891,2296.6845583974487,145864,3594.148500000074,0,1,1
22529065_15,553,medium,original+p+boundary_on,original,p,1,1,0.00963977676306449,2313.7972567696547,151447,3963.7268999999833,1,1,1
22529065_15,553,medium,original+q+boundary_off,original,q,0,1,0.0330788804071247,2299.5129855221944,143382,3499.5464000000993,0,1,1
22529065_15,553,medium,original+q+boundary_on,original,q,1,1,0.00963977676306449,2313.7972567696547,149622,3944.8728999999503,1,1,1
22529065_15,553,medium,repaired+p+boundary_off,repaired,p,0,1,0.0320937340804891,2296.6845583974487,148926,3772.8303000000096,0,1,1
22529065_15,553,medium,repaired+p+boundary_on,repaired,p,1,1,0.00963977676306449,2313.7972567696547,154372,4097.251099999994,1,1,1
22529065_15,553,medium,repaired+q+boundary_off,repaired,q,0,1,0.0330788804071247,2299.5129855221944,146196,3630.3431999999702,0,1,1
22529065_15,553,medium,repaired+q+boundary_on,repaired,q,1,1,0.00963977676306449,2313.7972567696547,152527,4064.217400000075,1,1,1
22529065_15,554,medium,original+p+boundary_off,original,p,0,1,0.04304635761589404,1440.2022356160583,80637,1977.645999999936,0,1,1
22529065_15,554,medium,original+p+boundary_on,original,p,1,1,0.015599343185550119,1451.8590898655507,79600,2164.8353000000498,0,1,1
22529065_15,554,medium,original+q+boundary_off,original,q,0,1,0.04880066170388753,1440.7880220536852,79289,1979.805899999974,0,1,1
22529065_15,554,medium,original+q+boundary_on,original,q,1,1,0.014766201804757961,1453.2733034279238,78788,2099.0924999999834,0,1,1
22529065_15,554,medium,repaired+p+boundary_off,repaired,p,0,1,0.04304635761589404,1440.2022356160583,87775,2200.0338000000284,0,1,1
22529065_15,554,medium,repaired+p+boundary_on,repaired,p,1,1,0.015599343185550119,1451.8590898655507,86732,2324.237100000005,0,1,1
22529065_15,554,medium,repaired+q+boundary_off,repaired,q,0,1,0.04880066170388753,1440.7880220536852,85060,2072.0038000000613,0,1,1
22529065_15,554,medium,repaired+q+boundary_on,repaired,q,1,1,0.014766201804757961,1453.2733034279238,85201,2254.555699999969,0,1,1
22529065_15,555,medium,original+p+boundary_off,original,p,0,1,0.04225941422594137,2795.343504687952,154089,3801.8524999999954,0,1,1
22529065_15,555,medium,original+p+boundary_on,original,p,1,1,0.025448477263245728,2822.6399692442315,155333,4104.667899999981,0,1,1
22529065_15,555,medium,original+q+boundary_off,original,q,0,1,0.035953177257525115,2799.82878606219,153375,3779.612899999961,0,1,1
22529065_15,555,medium,original+q+boundary_on,original,q,1,1,0.026293823038397335,2822.0541828066043,154538,4059.072199999946,0,1,1
22529065_15,555,medium,repaired+p+boundary_off,repaired,p,0,1,0.04225941422594137,2795.343504687952,156073,3884.204299999965,0,1,1
22529065_15,555,medium,repaired+p+boundary_on,repaired,p,1,1,0.025448477263245728,2822.6399692442315,158560,4185.410199999978,0,1,1
22529065_15,555,medium,repaired+q+boundary_off,repaired,q,0,1,0.035953177257525115,2799.82878606219,154877,3809.069300000033,0,1,1
22529065_15,555,medium,repaired+q+boundary_on,repaired,q,1,1,0.026293823038397335,2822.0541828066043,157520,4123.303899999996,0,1,1
22529065_15,556,medium,original+p+boundary_off,original,p,0,0,nan,nan,0,0.0,0,0,0
22529065_15,556,medium,original+p+boundary_on,original,p,1,0,nan,nan,0,0.0,0,0,0
22529065_15,556,medium,original+q+boundary_off,original,q,0,0,nan,nan,0,0.0,0,0,0
22529065_15,556,medium,original+q+boundary_on,original,q,1,0,nan,nan,0,0.0,0,0,0
22529065_15,556,medium,repaired+p+boundary_off,repaired,p,0,0,nan,nan,0,0.0,0,0,0
22529065_15,556,medium,repaired+p+boundary_on,repaired,p,1,0,nan,nan,0,0.0,0,0,0
22529065_15,556,medium,repaired+q+boundary_off,repaired,q,0,0,nan,nan,0,0.0,0,0,0
22529065_15,556,medium,repaired+q+boundary_on,repaired,q,1,0,nan,nan,0,0.0,0,0,0
22529065_15,557,medium,original+p+boundary_off,original,p,0,0,nan,nan,0,0.0,0,0,0
22529065_15,557,medium,original+p+boundary_on,original,p,1,0,nan,nan,0,0.0,0,0,0
22529065_15,557,medium,original+q+boundary_off,original,q,0,0,nan,nan,0,0.0,0,0,0
22529065_15,557,medium,original+q+boundary_on,original,q,1,0,nan,nan,0,0.0,0,0,0
22529065_15,557,medium,repaired+p+boundary_off,repaired,p,0,1,0.03722826086956521,4340.913272672077,173978,4284.231100000056,0,1,1
22529065_15,557,medium,repaired+p+boundary_on,repaired,p,1,1,0.021656740660530582,4373.96709654124,170486,4464.495100000022,0,1,1
22529065_15,557,medium,repaired+q+boundary_off,repaired,q,0,1,0.035840347542764106,4345.984340483943,170436,4184.8635999999715,0,1,1
22529065_15,557,medium,repaired+q+boundary_on,repaired,q,1,1,0.021656740660530582,4373.967096541239,168371,4444.824100000005,0,1,1
22529065_15,558,medium,original+p+boundary_off,original,p,0,0,nan,nan,0,0.0,0,0,0
22529065_15,558,medium,original+p+boundary_on,original,p,1,0,nan,nan,0,0.0,0,0,0
22529065_15,558,medium,original+q+boundary_off,original,q,0,0,nan,nan,0,0.0,0,0,0
22529065_15,558,medium,original+q+boundary_on,original,q,1,0,nan,nan,0,0.0,0,0,0
22529065_15,558,medium,repaired+p+boundary_off,repaired,p,0,0,nan,nan,0,0.0,0,0,0
22529065_15,558,medium,repaired+p+boundary_on,repaired,p,1,0,nan,nan,0,0.0,0,0,0
22529065_15,558,medium,repaired+q+boundary_off,repaired,q,0,0,nan,nan,0,0.0,0,0,0
22529065_15,558,medium,repaired+q+boundary_on,repaired,q,1,0,nan,nan,0,0.0,0,0,0
22529065_15,559,long,original+p+boundary_off,original,p,0,0,nan,nan,0,0.0,0,0,0
22529065_15,559,long,original+p+boundary_on,original,p,1,0,nan,nan,0,0.0,0,0,0
22529065_15,559,long,original+q+boundary_off,original,q,0,0,nan,nan,0,0.0,0,0,0
22529065_15,559,long,original+q+boundary_on,original,q,1,0,nan,nan,0,0.0,0,0,0
22529065_15,559,long,repaired+p+boundary_off,repaired,p,0,0,nan,nan,0,0.0,0,0,0
22529065_15,559,long,repaired+p+boundary_on,repaired,p,1,0,nan,nan,0,0.0,0,0,0
22529065_15,559,long,repaired+q+boundary_off,repaired,q,0,0,nan,nan,0,0.0,0,0,0
22529065_15,559,long,repaired+q+boundary_on,repaired,q,1,0,nan,nan,0,0.0,0,0,0
22529065_15,560,long,original+p+boundary_off,original,p,0,0,nan,nan,0,0.0,0,0,0
22529065_15,560,long,original+p+boundary_on,original,p,1,0,nan,nan,0,0.0,0,0,0
22529065_15,560,long,original+q+boundary_off,original,q,0,0,nan,nan,0,0.0,0,0,0
22529065_15,560,long,original+q+boundary_on,original,q,1,0,nan,nan,0,0.0,0,0,0
22529065_15,560,long,repaired+p+boundary_off,repaired,p,0,0,nan,nan,0,0.0,0,0,0
22529065_15,560,long,repaired+p+boundary_on,repaired,p,1,0,nan,nan,0,0.0,0,0,0
22529065_15,560,long,repaired+q+boundary_off,repaired,q,0,0,nan,nan,0,0.0,0,0,0
22529065_15,560,long,repaired+q+boundary_on,repaired,q,1,0,nan,nan,0,0.0,0,0,0
22529065_15,561,long,original+p+boundary_off,original,p,0,0,nan,nan,0,0.0,0,0,0
22529065_15,561,long,original+p+boundary_on,original,p,1,0,nan,nan,0,0.0,0,0,0
22529065_15,561,long,original+q+boundary_off,original,q,0,0,nan,nan,0,0.0,0,0,0
22529065_15,561,long,original+q+boundary_on,original,q,1,0,nan,nan,0,0.0,0,0,0
22529065_15,561,long,repaired+p+boundary_off,repaired,p,0,0,nan,nan,200001,4934.4586000000845,0,0,0
22529065_15,561,long,repaired+p+boundary_on,repaired,p,1,1,0.023674729799279426,4593.719405220251,189958,5027.822899999933,0,1,1
22529065_15,561,long,repaired+q+boundary_off,repaired,q,0,1,0.03664516129032258,4564.079794913459,199406,4937.583200000063,0,1,1
22529065_15,561,long,repaired+q+boundary_on,repaired,q,1,1,0.023417395779722128,4594.547832344998,189762,5051.034699999946,0,1,1
22529065_15,562,long,original+p+boundary_off,original,p,0,0,nan,nan,0,0.0,0,0,0
22529065_15,562,long,original+p+boundary_on,original,p,1,0,nan,nan,0,0.0,0,0,0
22529065_15,562,long,original+q+boundary_off,original,q,0,0,nan,nan,0,0.0,0,0,0
22529065_15,562,long,original+q+boundary_on,original,q,1,0,nan,nan,0,0.0,0,0,0
22529065_15,562,long,repaired+p+boundary_off,repaired,p,0,0,nan,nan,0,0.0,0,0,0
22529065_15,562,long,repaired+p+boundary_on,repaired,p,1,0,nan,nan,0,0.0,0,0,0
22529065_15,562,long,repaired+q+boundary_off,repaired,q,0,0,nan,nan,0,0.0,0,0,0
22529065_15,562,long,repaired+q+boundary_on,repaired,q,1,0,nan,nan,0,0.0,0,0,0
22529065_15,563,long,original+p+boundary_off,original,p,0,0,nan,nan,0,0.0,0,0,0
22529065_15,563,long,original+p+boundary_on,original,p,1,0,nan,nan,0,0.0,0,0,0
22529065_15,563,long,original+q+boundary_off,original,q,0,0,nan,nan,0,0.0,0,0,0
22529065_15,563,long,original+q+boundary_on,original,q,1,0,nan,nan,0,0.0,0,0,0
22529065_15,563,long,repaired+p+boundary_off,repaired,p,0,0,nan,nan,0,0.0,0,0,0
22529065_15,563,long,repaired+p+boundary_on,repaired,p,1,0,nan,nan,0,0.0,0,0,0
22529065_15,563,long,repaired+q+boundary_off,repaired,q,0,0,nan,nan,0,0.0,0,0,0
22529065_15,563,long,repaired+q+boundary_on,repaired,q,1,0,nan,nan,0,0.0,0,0,0
22529065_15,564,long,original+p+boundary_off,original,p,0,0,nan,nan,0,0.0,0,0,0
22529065_15,564,long,original+p+boundary_on,original,p,1,0,nan,nan,0,0.0,0,0,0
22529065_15,564,long,original+q+boundary_off,original,q,0,0,nan,nan,0,0.0,0,0,0
22529065_15,564,long,original+q+boundary_on,original,q,1,0,nan,nan,0,0.0,0,0,0
22529065_15,564,long,repaired+p+boundary_off,repaired,p,0,0,nan,nan,0,0.0,0,0,0
22529065_15,564,long,repaired+p+boundary_on,repaired,p,1,0,nan,nan,0,0.0,0,0,0
22529065_15,564,long,repaired+q+boundary_off,repaired,q,0,0,nan,nan,0,0.0,0,0,0
22529065_15,564,long,repaired+q+boundary_on,repaired,q,1,0,nan,nan,0,0.0,0,0,0
22529065_15,565,long,original+p+boundary_off,original,p,0,0,nan,nan,0,0.0,0,0,0
22529065_15,565,long,original+p+boundary_on,original,p,1,0,nan,nan,0,0.0,0,0,0
22529065_15,565,long,original+q+boundary_off,original,q,0,0,nan,nan,0,0.0,0,0,0
22529065_15,565,long,original+q+boundary_on,original,q,1,0,nan,nan,0,0.0,0,0,0
22529065_15,565,long,repaired+p+boundary_off,repaired,p,0,0,nan,nan,0,0.0,0,0,0
22529065_15,565,long,repaired+p+boundary_on,repaired,p,1,0,nan,nan,0,0.0,0,0,0
22529065_15,565,long,repaired+q+boundary_off,repaired,q,0,0,nan,nan,0,0.0,0,0,0
22529065_15,565,long,repaired+q+boundary_on,repaired,q,1,0,nan,nan,0,0.0,0,0,0
23278915_15,566,short,original+p+boundary_off,original,p,0,1,0.0,77.31370849898474,635,15.734800000018367,1,1,1
23278915_15,566,short,original+p+boundary_on,original,p,1,1,0.0,78.97056274847711,1041,24.385799999890878,1,1,1
23278915_15,566,short,original+q+boundary_off,original,q,0,1,0.0,77.31370849898474,652,14.691099999936341,1,1,1
23278915_15,566,short,original+q+boundary_on,original,q,1,1,0.0,78.97056274847711,1041,27.55879999995159,1,1,1
23278915_15,566,short,repaired+p+boundary_off,repaired,p,0,1,0.0,77.31370849898474,635,14.07619999997678,1,1,1
23278915_15,566,short,repaired+p+boundary_on,repaired,p,1,1,0.0,78.97056274847711,1041,23.134599999934835,1,1,1
23278915_15,566,short,repaired+q+boundary_off,repaired,q,0,1,0.0,77.31370849898474,652,15.147599999977501,1,1,1
23278915_15,566,short,repaired+q+boundary_on,repaired,q,1,1,0.0,78.97056274847711,1041,26.361599999972896,1,1,1
23278915_15,567,short,original+p+boundary_off,original,p,0,1,0.03591954022988508,878.4966081312853,76234,1893.6612999999625,0,1,1
23278915_15,567,short,original+p+boundary_on,original,p,1,1,0.025495750708215303,888.4966081312853,107197,2863.315000000057,0,1,1
23278915_15,567,short,original+q+boundary_off,original,q,0,1,0.03147353361945637,880.2539674441659,74193,1880.2522000000863,0,1,1
23278915_15,567,short,original+q+boundary_on,original,q,1,1,0.021186440677966156,890.4966081312853,105756,2815.1656000000003,0,1,1
23278915_15,567,short,repaired+p+boundary_off,repaired,p,0,1,0.03591954022988508,878.4966081312853,76234,1993.3322000000544,0,1,1
23278915_15,567,short,repaired+p+boundary_on,repaired,p,1,1,0.025495750708215303,888.4966081312853,107197,2871.7864999999847,0,1,1
23278915_15,567,short,repaired+q+boundary_off,repaired,q,0,1,0.03147353361945637,880.2539674441659,74193,1864.3468000000212,0,1,1
23278915_15,567,short,repaired+q+boundary_on,repaired,q,1,1,0.021186440677966156,890.4966081312853,105756,2872.2129000000223,0,1,1
23278915_15,568,short,original+p+boundary_off,original,p,0,1,0.0,254.82337649086327,5880,145.5386999999746,1,1,1
23278915_15,568,short,original+p+boundary_on,original,p,1,1,0.004424778761061954,257.3086578651018,6650,169.99490000000606,1,1,1
23278915_15,568,short,original+q+boundary_off,original,q,0,1,0.0,254.82337649086327,5901,151.55990000005204,1,1,1
23278915_15,568,short,original+q+boundary_on,original,q,1,1,0.0,258.48023074035564,6670,198.32269999994878,1,1,1
23278915_15,568,short,repaired+p+boundary_off,repaired,p,0,1,0.0,254.82337649086327,5880,146.57799999997678,1,1,1
23278915_15,568,short,repaired+p+boundary_on,repaired,p,1,1,0.004424778761061954,257.3086578651018,6650,172.2707999999784,1,1,1
23278915_15,568,short,repaired+q+boundary_off,repaired,q,0,1,0.0,254.82337649086327,5901,145.9227999999939,1,1,1
23278915_15,568,short,repaired+q+boundary_on,repaired,q,1,1,0.0,258.48023074035564,6670,179.77080000002843,1,1,1
23278915_15,569,short,original+p+boundary_off,original,p,0,1,0.02857142857142858,453.79603128039497,12388,288.0199999999604,0,1,1
23278915_15,569,short,original+p+boundary_on,original,p,1,1,0.011363636363636354,457.4528855298874,15853,393.77170000000206,0,1,1
23278915_15,569,short,original+q+boundary_off,original,q,0,1,0.02285714285714291,454.6244584051412,12360,299.7330000000602,0,1,1
23278915_15,569,short,original+q+boundary_on,original,q,1,1,0.011363636363636354,457.4528855298874,15711,394.6839000000182,0,1,1
23278915_15,569,short,repaired+p+boundary_off,repaired,p,0,1,0.02857142857142858,453.79603128039497,12388,303.29199999994216,0,1,1
23278915_15,569,short,repaired+p+boundary_on,repaired,p,1,1,0.011363636363636354,457.4528855298874,15853,394.43019999998796,0,1,1
23278915_15,569,short,repaired+q+boundary_off,repaired,q,0,1,0.02285714285714291,454.6244584051412,12360,297.5804000000153,0,1,1
23278915_15,569,short,repaired+q+boundary_on,repaired,q,1,1,0.011363636363636354,457.4528855298874,15711,405.2703999999494,0,1,1
23278915_15,570,short,original+p+boundary_off,original,p,0,1,0.036363636363636376,593.9158723275407,15286,387.8127000000404,0,1,1
23278915_15,570,short,original+p+boundary_on,original,p,1,1,0.03167420814479638,596.7442994522869,25263,644.1968999999972,0,1,1
23278915_15,570,short,original+q+boundary_off,original,q,0,1,0.036363636363636376,593.9158723275407,15262,358.71529999997165,0,1,1
23278915_15,570,short,original+q+boundary_on,original,q,1,1,0.03167420814479638,596.7442994522869,25063,627.241300000037,0,1,1
23278915_15,570,short,repaired+p+boundary_off,repaired,p,0,1,0.036363636363636376,593.9158723275407,15286,356.9253000000572,0,1,1
23278915_15,570,short,repaired+p+boundary_on,repaired,p,1,1,0.03167420814479638,596.7442994522869,25263,652.8860000000805,0,1,1
23278915_15,570,short,repaired+q+boundary_off,repaired,q,0,1,0.036363636363636376,593.9158723275407,15262,382.6080000000047,0,1,1
23278915_15,570,short,repaired+q+boundary_on,repaired,q,1,1,0.03167420814479638,596.7442994522869,25063,678.626300000019,0,1,1
23278915_15,571,short,original+p+boundary_off,original,p,0,1,0.12403100775193798,309.19090885901096,13039,325.12149999990925,0,0,0
23278915_15,571,short,original+p+boundary_on,original,p,1,1,0.015444015444015413,310.60512242138407,15939,426.63119999997434,0,1,1
23278915_15,571,short,original+q+boundary_off,original,q,0,1,0.10810810810810811,309.77669529663785,12824,323.33649999998215,0,0,0
23278915_15,571,short,original+q+boundary_on,original,q,1,1,0.015444015444015413,310.60512242138407,15666,412.67670000002,0,1,1
23278915_15,571,short,repaired+p+boundary_off,repaired,p,0,1,0.12403100775193798,309.19090885901096,13039,320.7428999999138,0,0,0
23278915_15,571,short,repaired+p+boundary_on,repaired,p,1,1,0.015444015444015413,310.60512242138407,15939,424.6481000000131,0,1,1
23278915_15,571,short,repaired+q+boundary_off,repaired,q,0,1,0.10810810810810811,309.77669529663785,12824,325.44959999995626,0,0,0
23278915_15,571,short,repaired+q+boundary_on,repaired,q,1,1,0.015444015444015413,310.60512242138407,15666,410.15379999998913,0,1,1
23278915_15,572,medium,original+p+boundary_off,original,p,0,1,0.16744913928012517,1519.72914755064,85094,2132.047299999954,0,0,0
23278915_15,572,medium,original+p+boundary_on,original,p,1,1,0.09062499999999996,1528.3565645486094,90205,2339.6425999999337,0,0,1
23278915_15,572,medium,original+q+boundary_off,original,q,0,1,0.16860916860916864,1531.6286424872515,84364,2128.9246999999705,0,0,0
23278915_15,572,medium,original+q+boundary_on,original,q,1,1,0.09367681498829039,1529.7707781109825,89142,2344.567600000005,0,0,1
23278915_15,572,medium,repaired+p+boundary_off,repaired,p,0,1,0.16744913928012517,1519.72914755064,85207,2103.6291000000347,0,0,0
23278915_15,572,medium,repaired+p+boundary_on,repaired,p,1,1,0.09062499999999996,1528.3565645486094,90633,2336.3752000000204,0,0,1
23278915_15,572,medium,repaired+q+boundary_off,repaired,q,0,1,0.16860916860916864,1531.6286424872515,84446,2120.253200000093,0,0,0
23278915_15,572,medium,repaired+q+boundary_on,repaired,q,1,1,0.09367681498829039,1529.7707781109825,89598,2355.2846000000045,0,0,1
23278915_15,573,medium,original+p+boundary_off,original,p,0,1,0.121852970795569,1260.4103884177723,77597,1934.2824999999948,0,0,0
23278915_15,573,medium,original+p+boundary_on,original,p,1,1,0.04509018036072143,1269.13831047913,101201,2671.969900000022,0,1,1
23278915_15,573,medium,original+q+boundary_off,original,q,0,1,0.12261306532663319,1263.2388155425183,77242,1924.0376000000197,0,0,0
23278915_15,573,medium,original+q+boundary_on,original,q,1,1,0.05700000000000005,1270.3098833543838,100521,2693.421199999989,0,0,1
23278915_15,573,medium,repaired+p+boundary_off,repaired,p,0,1,0.121852970795569,1260.4103884177723,77597,1913.4816999999202,0,0,0
23278915_15,573,medium,repaired+p+boundary_on,repaired,p,1,1,0.04509018036072143,1269.13831047913,101201,2653.8203000000067,0,1,1
23278915_15,573,medium,repaired+q+boundary_off,repaired,q,0,1,0.12261306532663319,1263.2388155425183,77242,1974.8881000000438,0,0,0
23278915_15,573,medium,repaired+q+boundary_on,repaired,q,1,1,0.05700000000000005,1270.3098833543838,100521,2660.5120000000397,0,0,1
23278915_15,574,medium,original+p+boundary_off,original,p,0,1,0.1707182320441989,2251.380084614451,155388,3783.5609999999633,0,0,0
23278915_15,574,medium,original+p+boundary_on,original,p,1,1,0.0720175920835624,2266.5932880500454,196215,5203.913199999988,0,0,1
23278915_15,574,medium,original+q+boundary_off,original,q,0,1,0.1708930540242558,2255.380084614451,154384,3818.9265000000887,0,0,0
23278915_15,574,medium,original+q+boundary_on,original,q,1,1,0.08671789242590555,2269.179074487672,193658,5128.081899999984,0,0,1
23278915_15,574,medium,repaired+p+boundary_off,repaired,p,0,1,0.1707182320441989,2251.380084614451,155855,3857.6673999999684,0,0,0
23278915_15,574,medium,repaired+p+boundary_on,repaired,p,1,1,0.0720175920835624,2266.5932880500454,196684,5214.513000000011,0,0,1
23278915_15,574,medium,repaired+q+boundary_off,repaired,q,0,1,0.1708930540242558,2255.380084614451,154792,3800.212600000009,0,0,0
23278915_15,574,medium,repaired+q+boundary_on,repaired,q,1,1,0.08671789242590555,2269.179074487672,194138,5233.699300000012,0,0,1
23278915_15,575,medium,original+p+boundary_off,original,p,0,0,nan,nan,200001,5115.809799999965,0,0,0
23278915_15,575,medium,original+p+boundary_on,original,p,1,0,nan,nan,200001,5322.929999999928,0,0,0
23278915_15,575,medium,original+q+boundary_off,original,q,0,0,nan,nan,200001,5065.457200000083,0,0,0
23278915_15,575,medium,original+q+boundary_on,original,q,1,0,nan,nan,200001,5268.695699999967,0,0,0
23278915_15,575,medium,repaired+p+boundary_off,repaired,p,0,0,nan,nan,200001,5091.142800000057,0,0,0
23278915_15,575,medium,repaired+p+boundary_on,repaired,p,1,0,nan,nan,200001,5348.87399999991,0,0,0
23278915_15,575,medium,repaired+q+boundary_off,repaired,q,0,0,nan,nan,200001,5108.869400000003,0,0,0
23278915_15,575,medium,repaired+q+boundary_on,repaired,q,1,0,nan,nan,200001,5497.376000000031,0,0,0
23278915_15,576,medium,original+p+boundary_off,original,p,0,0,nan,nan,0,0.0,0,0,0
23278915_15,576,medium,original+p+boundary_on,original,p,1,0,nan,nan,0,0.0,0,0,0
23278915_15,576,medium,original+q+boundary_off,original,q,0,0,nan,nan,0,0.0,0,0,0
23278915_15,576,medium,original+q+boundary_on,original,q,1,0,nan,nan,0,0.0,0,0,0
23278915_15,576,medium,repaired+p+boundary_off,repaired,p,0,0,nan,nan,0,0.0,0,0,0
23278915_15,576,medium,repaired+p+boundary_on,repaired,p,1,0,nan,nan,0,0.0,0,0,0
23278915_15,576,medium,repaired+q+boundary_off,repaired,q,0,0,nan,nan,0,0.0,0,0,0
23278915_15,576,medium,repaired+q+boundary_on,repaired,q,1,0,nan,nan,0,0.0,0,0,0
23278915_15,577,medium,original+p+boundary_off,original,p,0,1,0.11727078891257992,1782.5201281971529,142655,3719.757999999956,0,0,0
23278915_15,577,medium,original+p+boundary_on,original,p,1,1,0.05590941259731064,1795.1475451951223,190241,5206.905099999972,0,0,1
23278915_15,577,medium,original+q+boundary_off,original,q,0,1,0.11764705882352944,1786.5201281971526,143877,4116.617599999927,0,0,0
23278915_15,577,medium,original+q+boundary_on,original,q,1,1,0.059985885673959016,1798.3191180703764,189626,5251.425500000096,0,0,1
23278915_15,577,medium,repaired+p+boundary_off,repaired,p,0,1,0.11727078891257992,1782.5201281971529,142655,3698.116499999969,0,0,0
23278915_15,577,medium,repaired+p+boundary_on,repaired,p,1,1,0.05590941259731064,1795.1475451951223,190367,5302.237300000002,0,0,1
23278915_15,577,medium,repaired+q+boundary_off,repaired,q,0,1,0.11764705882352944,1786.5201281971526,143877,3698.620699999992,0,0,0
23278915_15,577,medium,repaired+q+boundary_on,repaired,q,1,1,0.059985885673959016,1798.3191180703764,189749,5266.140299999961,0,0,1
23278915_15,578,medium,original+p+boundary_off,original,p,0,1,0.2023076923076923,1656.880517890363,135584,3481.546099999946,0,0,0
23278915_15,578,medium,original+p+boundary_on,original,p,1,1,0.08396946564885499,1670.194226389348,145767,3940.607900000032,0,0,1
23278915_15,578,medium,original+q+boundary_off,original,q,0,1,0.1986196319018405,1660.0520907656169,133776,3367.144699999926,0,0,0
23278915_15,578,medium,original+q+boundary_on,original,q,1,1,0.1091603053435114,1670.194226389348,144393,3796.9762000000173,0,0,0
23278915_15,578,medium,repaired+p+boundary_off,repaired,p,0,1,0.2023076923076923,1656.880517890363,135863,3389.90119999994,0,0,0
23278915_15,578,medium,repaired+p+boundary_on,repaired,p,1,1,0.08396946564885499,1670.194226389348,146047,3811.055599999918,0,0,1
23278915_15,578,medium,repaired+q+boundary_off,repaired,q,0,1,0.1986196319018405,1660.0520907656169,134060,3366.0178999999744,0,0,0
23278915_15,578,medium,repaired+q+boundary_on,repaired,q,1,1,0.1091603053435114,1670.194226389348,144669,3808.5364000000936,0,0,0
23278915_15,579,long,original+p+boundary_off,original,p,0,0,nan,nan,0,0.0,0,0,0
23278915_15,579,long,original+p+boundary_on,original,p,1,0,nan,nan,0,0.0,0,0,0
23278915_15,579,long,original+q+boundary_off,original,q,0,0,nan,nan,0,0.0,0,0,0
23278915_15,579,long,original+q+boundary_on,original,q,1,0,nan,nan,0,0.0,0,0,0
23278915_15,579,long,repaired+p+boundary_off,repaired,p,0,0,nan,nan,0,0.0,0,0,0
23278915_15,579,long,repaired+p+boundary_on,repaired,p,1,0,nan,nan,0,0.0,0,0,0
23278915_15,579,long,repaired+q+boundary_off,repaired,q,0,0,nan,nan,0,0.0,0,0,0
23278915_15,579,long,repaired+q+boundary_on,repaired,q,1,0,nan,nan,0,0.0,0,0,0
23278915_15,580,long,original+p+boundary_off,original,p,0,1,0.0357142857142857,1876.5028842544502,99034,2423.273199999926,0,1,1
23278915_15,580,long,original+p+boundary_on,original,p,1,1,0.028169014084507005,1888.0592334405542,194983,5231.888200000071,0,1,1
23278915_15,580,long,original+q+boundary_off,original,q,0,1,0.022222222222222254,1877.0886706920771,97930,2492.6868000000013,0,1,1
23278915_15,580,long,original+q+boundary_on,original,q,1,1,0.02680965147453085,1888.645019878181,191967,5222.34519999995,0,1,1
23278915_15,580,long,repaired+p+boundary_off,repaired,p,0,1,0.0357142857142857,1876.5028842544502,99034,2504.3239000000312,0,1,1
23278915_15,580,long,repaired+p+boundary_on,repaired,p,1,1,0.028169014084507005,1888.0592334405542,195797,5362.138099999925,0,1,1
23278915_15,580,long,repaired+q+boundary_off,repaired,q,0,1,0.022222222222222254,1877.0886706920771,97930,2477.609099999995,0,1,1
23278915_15,580,long,repaired+q+boundary_on,repaired,q,1,1,0.02680965147453085,1888.645019878181,192474,5413.260100000002,0,1,1
23278915_15,581,long,original+p+boundary_off,original,p,0,1,0.18558803535010193,1853.9759723198686,101877,2603.6532999999054,0,0,0
23278915_15,581,long,original+p+boundary_on,original,p,1,1,0.17523680649526385,1861.3901858822414,148831,4017.8313000000117,0,0,0
23278915_15,581,long,original+q+boundary_off,original,q,0,1,0.18817934782608692,1855.3901858822414,104502,2642.036100000041,0,0,0
23278915_15,581,long,original+q+boundary_on,original,q,1,1,0.17746288798920373,1865.3901858822414,148414,4029.493900000034,0,0,0
23278915_15,581,long,repaired+p+boundary_off,repaired,p,0,1,0.18558803535010193,1853.9759723198686,106297,2683.568799999989,0,0,0
23278915_15,581,long,repaired+p+boundary_on,repaired,p,1,1,0.17523680649526385,1861.3901858822414,153060,4123.256099999935,0,0,0
23278915_15,581,long,repaired+q+boundary_off,repaired,q,0,1,0.18817934782608692,1855.3901858822414,108820,2693.183900000008,0,0,0
23278915_15,581,long,repaired+q+boundary_on,repaired,q,1,1,0.17746288798920373,1865.3901858822414,152600,4118.754700000068,0,0,0
23278915_15,582,long,original+p+boundary_off,original,p,0,1,0.13517338995046002,1764.9099551418856,181343,4585.3223999999955,0,0,0
23278915_15,582,long,original+p+boundary_on,original,p,1,0,nan,nan,200001,5539.935499999956,0,0,0
23278915_15,582,long,original+q+boundary_off,original,q,0,1,0.13790664780763795,1766.3241687042587,185139,4735.103399999957,0,0,0
23278915_15,582,long,original+q+boundary_on,original,q,1,0,nan,nan,200001,5586.164199999985,0,0,0
23278915_15,582,long,repaired+p+boundary_off,repaired,p,0,1,0.13517338995046002,1764.9099551418856,181519,4820.170599999983,0,0,0
23278915_15,582,long,repaired+p+boundary_on,repaired,p,1,0,nan,nan,200001,5499.161800000024,0,0,0
23278915_15,582,long,repaired+q+boundary_off,repaired,q,0,1,0.13790664780763795,1766.3241687042587,185311,4895.051400000057,0,0,0
23278915_15,582,long,repaired+q+boundary_on,repaired,q,1,0,nan,nan,200001,5521.116900000038,0,0,0
23278915_15,583,long,original+p+boundary_off,original,p,0,0,nan,nan,200001,5339.072699999974,0,0,0
23278915_15,583,long,original+p+boundary_on,original,p,1,0,nan,nan,200001,5416.386399999965,0,0,0
23278915_15,583,long,original+q+boundary_off,original,q,0,0,nan,nan,200001,5274.450000000002,0,0,0
23278915_15,583,long,original+q+boundary_on,original,q,1,0,nan,nan,200001,5681.603700000096,0,0,0
23278915_15,583,long,repaired+p+boundary_off,repaired,p,0,0,nan,nan,200001,5277.599499999951,0,0,0
23278915_15,583,long,repaired+p+boundary_on,repaired,p,1,0,nan,nan,200001,5426.924000000099,0,0,0
23278915_15,583,long,repaired+q+boundary_off,repaired,q,0,0,nan,nan,200001,5030.90809999992,0,0,0
23278915_15,583,long,repaired+q+boundary_on,repaired,q,1,0,nan,nan,200001,5352.170000000001,0,0,0
23278915_15,584,long,original+p+boundary_off,original,p,0,0,nan,nan,200001,5074.662900000021,0,0,0
23278915_15,584,long,original+p+boundary_on,original,p,1,0,nan,nan,200001,5378.435700000068,0,0,0
23278915_15,584,long,original+q+boundary_off,original,q,0,0,nan,nan,200001,5310.105000000021,0,0,0
23278915_15,584,long,original+q+boundary_on,original,q,1,0,nan,nan,200001,5656.6508000000795,0,0,0
23278915_15,584,long,repaired+p+boundary_off,repaired,p,0,0,nan,nan,200001,5273.53230000017,0,0,0
23278915_15,584,long,repaired+p+boundary_on,repaired,p,1,0,nan,nan,200001,5492.922300000146,0,0,0
23278915_15,584,long,repaired+q+boundary_off,repaired,q,0,0,nan,nan,200001,4975.09869999999,0,0,0
23278915_15,584,long,repaired+q+boundary_on,repaired,q,1,0,nan,nan,200001,5229.008099999874,0,0,0
23278915_15,585,long,original+p+boundary_off,original,p,0,0,nan,nan,200001,5013.2659999999305,0,0,0
23278915_15,585,long,original+p+boundary_on,original,p,1,0,nan,nan,200001,5340.390200000002,0,0,0
23278915_15,585,long,original+q+boundary_off,original,q,0,0,nan,nan,200001,5133.556100000078,0,0,0
23278915_15,585,long,original+q+boundary_on,original,q,1,0,nan,nan,200001,5344.999499999858,0,0,0
23278915_15,585,long,repaired+p+boundary_off,repaired,p,0,0,nan,nan,200001,5062.460299999884,0,0,0
23278915_15,585,long,repaired+p+boundary_on,repaired,p,1,0,nan,nan,200001,5258.512399999972,0,0,0
23278915_15,585,long,repaired+q+boundary_off,repaired,q,0,0,nan,nan,200001,4975.031199999876,0,0,0
23278915_15,585,long,repaired+q+boundary_on,repaired,q,1,0,nan,nan,200001,5193.046500000037,0,0,0
23278930_15,586,short,original+p+boundary_off,original,p,0,1,0.026378896882493952,481.85995641732325,7341,177.8726000000006,0,1,1
23278930_15,586,short,original+p+boundary_on,original,p,1,1,0.009569377990430672,484.10259710444257,8667,247.32040000003508,1,1,1
23278930_15,586,short,original+q+boundary_off,original,q,0,1,0.014354066985645897,483.27416997969635,7303,190.08420000000115,0,1,1
23278930_15,586,short,original+q+boundary_on,original,q,1,1,0.009569377990430672,484.10259710444257,8611,233.16970000007586,1,1,1
23278930_15,586,short,repaired+p+boundary_off,repaired,p,0,1,0.026378896882493952,481.85995641732325,7341,172.1208999999817,0,1,1
23278930_15,586,short,repaired+p+boundary_on,repaired,p,1,1,0.009569377990430672,484.10259710444257,8728,245.69420000000264,1,1,1
23278930_15,586,short,repaired+q+boundary_off,repaired,q,0,1,0.014354066985645897,483.27416997969635,7303,184.41970000003494,0,1,1
23278930_15,586,short,repaired+q+boundary_on,repaired,q,1,1,0.009569377990430672,484.10259710444257,8656,212.65410000000884,1,1,1
23278930_15,587,short,original+p+boundary_off,original,p,0,1,0.002849002849002802,453.96760415564876,15942,388.4976000000506,1,1,1
23278930_15,587,short,original+p+boundary_on,original,p,1,1,0.0028409090909090606,454.5533905932757,17893,474.8772000000372,1,1,1
23278930_15,587,short,original+q+boundary_off,original,q,0,1,0.002849002849002802,453.96760415564876,15779,377.4562999999489,1,1,1
23278930_15,587,short,original+q+boundary_on,original,q,1,1,0.0028328611898017497,455.96760415564876,17726,444.7688999999855,1,1,1
23278930_15,587,short,repaired+p+boundary_off,repaired,p,0,1,0.002849002849002802,453.96760415564876,15942,388.84299999995164,1,1,1
23278930_15,587,short,repaired+p+boundary_on,repaired,p,1,1,0.0028409090909090606,454.5533905932757,17893,473.4389000000192,1,1,1
23278930_15,587,short,repaired+q+boundary_off,repaired,q,0,1,0.002849002849002802,453.96760415564876,15779,379.3597999999747,1,1,1
23278930_15,587,short,repaired+q+boundary_on,repaired,q,1,1,0.0028328611898017497,455.96760415564876,17726,467.35869999997703,1,1,1
23278930_15,588,short,original+p+boundary_off,original,p,0,0,nan,nan,0,0.0,0,0,0
23278930_15,588,short,original+p+boundary_on,original,p,1,0,nan,nan,0,0.0,0,0,0
23278930_15,588,short,original+q+boundary_off,original,q,0,0,nan,nan,0,0.0,0,0,0
23278930_15,588,short,original+q+boundary_on,original,q,1,0,nan,nan,0,0.0,0,0,0
23278930_15,588,short,repaired+p+boundary_off,repaired,p,0,1,0.13103448275862073,539.6244584051417,31547,774.5762999999215,0,0,0
23278930_15,588,short,repaired+p+boundary_on,repaired,p,1,1,0.14449541284403666,542.6955262170071,41272,1062.6509999999598,0,0,0
23278930_15,588,short,repaired+q+boundary_off,repaired,q,0,1,0.1578947368421053,541.6244584051417,33013,825.9211999999252,0,0,0
23278930_15,588,short,repaired+q+boundary_on,repaired,q,1,1,0.14840182648401823,546.3523804664995,42306,1090.0734000000512,0,0,0
23278930_15,589,short,original+p+boundary_off,original,p,0,0,nan,nan,0,0.0,0,0,0
23278930_15,589,short,original+p+boundary_on,original,p,1,0,nan,nan,0,0.0,0,0,0
23278930_15,589,short,original+q+boundary_off,original,q,0,0,nan,nan,0,0.0,0,0,0
23278930_15,589,short,original+q+boundary_on,original,q,1,0,nan,nan,0,0.0,0,0,0
23278930_15,589,short,repaired+p+boundary_off,repaired,p,0,0,nan,nan,0,0.0,0,0,0
23278930_15,589,short,repaired+p+boundary_on,repaired,p,1,0,nan,nan,0,0.0,0,0,0
23278930_15,589,short,repaired+q+boundary_off,repaired,q,0,0,nan,nan,0,0.0,0,0,0
23278930_15,589,short,repaired+q+boundary_on,repaired,q,1,0,nan,nan,0,0.0,0,0,0
23278930_15,590,short,original+p+boundary_off,original,p,0,0,nan,nan,0,0.0,0,0,0
23278930_15,590,short,original+p+boundary_on,original,p,1,0,nan,nan,0,0.0,0,0,0
23278930_15,590,short,original+q+boundary_off,original,q,0,0,nan,nan,0,0.0,0,0,0
23278930_15,590,short,original+q+boundary_on,original,q,1,0,nan,nan,0,0.0,0,0,0
23278930_15,590,short,repaired+p+boundary_off,repaired,p,0,1,0.09313725490196079,779.5849198858533,24638,602.2851000000173,0,0,1
23278930_15,590,short,repaired+p+boundary_on,repaired,p,1,1,0.08252427184466016,787.2417741353457,28537,728.3548000000337,0,0,1
23278930_15,590,short,repaired+q+boundary_off,repaired,q,0,1,0.08943089430894313,783.8275605729726,25569,640.8946000000242,0,0,1
23278930_15,590,short,repaired+q+boundary_on,repaired,q,1,1,0.08239095315024236,789.484414822465,29081,744.1775999999436,0,0,1
23278930_15,591,short,original+p+boundary_off,original,p,0,0,nan,nan,0,0.0,0,0,0
23278930_15,591,short,original+p+boundary_on,original,p,1,0,nan,nan,0,0.0,0,0,0
23278930_15,591,short,original+q+boundary_off,original,q,0,0,nan,nan,0,0.0,0,0,0
23278930_15,591,short,original+q+boundary_on,original,q,1,0,nan,nan,0,0.0,0,0,0
23278930_15,591,short,repaired+p+boundary_off,repaired,p,0,0,nan,nan,0,0.0,0,0,0
23278930_15,591,short,repaired+p+boundary_on,repaired,p,1,0,nan,nan,0,0.0,0,0,0
23278930_15,591,short,repaired+q+boundary_off,repaired,q,0,0,nan,nan,0,0.0,0,0,0
23278930_15,591,short,repaired+q+boundary_on,repaired,q,1,0,nan,nan,0,0.0,0,0,0
23278930_15,592,medium,original+p+boundary_off,original,p,0,0,nan,nan,0,0.0,0,0,0
23278930_15,592,medium,original+p+boundary_on,original,p,1,0,nan,nan,0,0.0,0,0,0
23278930_15,592,medium,original+q+boundary_off,original,q,0,0,nan,nan,0,0.0,0,0,0
23278930_15,592,medium,original+q+boundary_on,original,q,1,0,nan,nan,0,0.0,0,0,0
23278930_15,592,medium,repaired+p+boundary_off,repaired,p,0,1,0.07245080500894452,1442.9860735876337,101849,2546.029800000042,0,0,1
23278930_15,592,medium,repaired+p+boundary_on,repaired,p,1,1,0.0758928571428571,1448.2997820866185,159778,4234.632500000089,0,0,1
23278930_15,592,medium,repaired+q+boundary_off,repaired,q,0,1,0.07767857142857137,1445.8145007123799,104356,2594.8614000000134,0,0,1
23278930_15,592,medium,repaired+q+boundary_on,repaired,q,1,1,0.07404103479036572,1450.5424227737378,162547,4271.1815000000115,0,0,1
23278930_15,593,medium,original+p+boundary_off,original,p,0,0,nan,nan,0,0.0,0,0,0
23278930_15,593,medium,original+p+boundary_on,original,p,1,0,nan,nan,0,0.0,0,0,0
23278930_15,593,medium,original+q+boundary_off,original,q,0,0,nan,nan,0,0.0,0,0,0
23278930_15,593,medium,original+q+boundary_on,original,q,1,0,nan,nan,0,0.0,0,0,0
23278930_15,593,medium,repaired+p+boundary_off,repaired,p,0,1,0.02774108322324964,1970.2917728599089,174230,4326.276900000039,0,1,1
23278930_15,593,medium,repaired+p+boundary_on,repaired,p,1,0,nan,nan,200001,5395.387700000015,0,0,0
23278930_15,593,medium,repaired+q+boundary_off,repaired,q,0,1,0.030363036303630353,1971.705986422282,171388,4224.320699999907,0,1,1
23278930_15,593,medium,repaired+q+boundary_on,repaired,q,1,0,nan,nan,200001,5327.8903000000355,0,0,0
23278930_15,594,medium,original+p+boundary_off,original,p,0,1,0.23858173076923073,2015.0815280171394,195558,4884.459699999979,0,0,0
23278930_15,594,medium,original+p+boundary_on,original,p,1,0,nan,nan,200001,5287.769099999991,0,0,0
23278930_15,594,medium,original+q+boundary_off,original,q,0,1,0.23920863309352514,2018.2531008923931,196791,4870.852799999966,0,0,0
23278930_15,594,medium,original+q+boundary_on,original,q,1,0,nan,nan,200001,5340.329500000053,0,0,0
23278930_15,594,medium,repaired+p+boundary_off,repaired,p,0,1,0.23858173076923073,2015.0815280171394,197059,4866.718099999957,0,0,0
23278930_15,594,medium,repaired+p+boundary_on,repaired,p,1,0,nan,nan,200001,5233.97829999999,0,0,0
23278930_15,594,medium,repaired+q+boundary_off,repaired,q,0,1,0.23920863309352514,2018.2531008923931,198179,4933.795000000032,0,0,0
23278930_15,594,medium,repaired+q+boundary_on,repaired,q,1,0,nan,nan,200001,5310.529499999916,0,0,0
23278930_15,595,medium,original+p+boundary_off,original,p,0,0,nan,nan,0,0.0,0,0,0
23278930_15,595,medium,original+p+boundary_on,original,p,1,0,nan,nan,0,0.0,0,0,0
23278930_15,595,medium,original+q+boundary_off,original,q,0,0,nan,nan,0,0.0,0,0,0
23278930_15,595,medium,original+q+boundary_on,original,q,1,0,nan,nan,0,0.0,0,0,0
23278930_15,595,medium,repaired+p+boundary_off,repaired,p,0,0,nan,nan,200001,5061.6536,0,0,0
23278930_15,595,medium,repaired+p+boundary_on,repaired,p,1,0,nan,nan,200001,5344.625699999938,0,0,0
23278930_15,595,medium,repaired+q+boundary_off,repaired,q,0,0,nan,nan,200001,4962.022999999931,0,0,0
23278930_15,595,medium,repaired+q+boundary_on,repaired,q,1,0,nan,nan,200001,5352.524000000017,0,0,0
23278930_15,596,medium,original+p+boundary_off,original,p,0,0,nan,nan,0,0.0,0,0,0
23278930_15,596,medium,original+p+boundary_on,original,p,1,0,nan,nan,0,0.0,0,0,0
23278930_15,596,medium,original+q+boundary_off,original,q,0,0,nan,nan,0,0.0,0,0,0
23278930_15,596,medium,original+q+boundary_on,original,q,1,0,nan,nan,0,0.0,0,0,0
23278930_15,596,medium,repaired+p+boundary_off,repaired,p,0,0,nan,nan,0,0.0,0,0,0
23278930_15,596,medium,repaired+p+boundary_on,repaired,p,1,0,nan,nan,0,0.0,0,0,0
23278930_15,596,medium,repaired+q+boundary_off,repaired,q,0,0,nan,nan,0,0.0,0,0,0
23278930_15,596,medium,repaired+q+boundary_on,repaired,q,1,0,nan,nan,0,0.0,0,0,0
23278930_15,597,medium,original+p+boundary_off,original,p,0,1,0.017509727626459193,1372.868324581543,86175,2148.0112000000418,0,1,1
23278930_15,597,medium,original+p+boundary_on,original,p,1,1,0.005780346820809301,1382.868324581543,107391,2870.0397000000066,1,1,1
23278930_15,597,medium,original+q+boundary_off,original,q,0,1,0.014534883720930258,1376.0398974567968,82675,2066.428199999905,0,1,1
23278930_15,597,medium,original+q+boundary_on,original,q,1,1,0.004812319538017307,1383.4541110191699,105154,2838.788099999988,1,1,1
23278930_15,597,medium,repaired+p+boundary_off,repaired,p,0,1,0.017509727626459193,1372.868324581543,113193,2853.9837000000716,0,1,1
23278930_15,597,medium,repaired+p+boundary_on,repaired,p,1,1,0.005780346820809301,1382.868324581543,139400,3776.662999999985,1,1,1
23278930_15,597,medium,repaired+q+boundary_off,repaired,q,0,1,0.014534883720930258,1376.0398974567968,106108,2834.9595999999337,0,1,1
23278930_15,597,medium,repaired+q+boundary_on,repaired,q,1,1,0.004812319538017307,1383.4541110191699,134182,3776.134500000012,1,1,1
23278930_15,598,medium,original+p+boundary_off,original,p,0,0,nan,nan,0,0.0,0,0,0
23278930_15,598,medium,original+p+boundary_on,original,p,1,0,nan,nan,0,0.0,0,0,0
23278930_15,598,medium,original+q+boundary_off,original,q,0,0,nan,nan,0,0.0,0,0,0
23278930_15,598,medium,original+q+boundary_on,original,q,1,0,nan,nan,0,0.0,0,0,0
23278930_15,598,medium,repaired+p+boundary_off,repaired,p,0,1,0.01831501831501836,1480.7749621930923,89471,2279.308799999967,0,1,1
23278930_15,598,medium,repaired+p+boundary_on,repaired,p,1,1,0.004533091568449721,1495.5028842544502,149211,4177.789799999914,1,1,1
23278930_15,598,medium,repaired+q+boundary_off,repaired,q,0,1,0.01645338208409508,1484.4318164425847,88632,2615.6630000000405,0,1,1
23278930_15,598,medium,repaired+q+boundary_on,repaired,q,1,1,0.004533091568449721,1495.5028842544502,148290,4110.081900000068,1,1,1
23278930_15,599,long,original+p+boundary_off,original,p,0,0,nan,nan,0,0.0,0,0,0
23278930_15,599,long,original+p+boundary_on,original,p,1,0,nan,nan,0,0.0,0,0,0
23278930_15,599,long,original+q+boundary_off,original,q,0,0,nan,nan,0,0.0,0,0,0
23278930_15,599,long,original+q+boundary_on,original,q,1,0,nan,nan,0,0.0,0,0,0
23278930_15,599,long,repaired+p+boundary_off,repaired,p,0,0,nan,nan,0,0.0,0,0,0
23278930_15,599,long,repaired+p+boundary_on,repaired,p,1,0,nan,nan,0,0.0,0,0,0
23278930_15,599,long,repaired+q+boundary_off,repaired,q,0,0,nan,nan,0,0.0,0,0,0
23278930_15,599,long,repaired+q+boundary_on,repaired,q,1,0,nan,nan,0,0.0,0,0,0
23278930_15,600,long,original+p+boundary_off,original,p,0,0,nan,nan,200001,5129.2755000000625,0,0,0
23278930_15,600,long,original+p+boundary_on,original,p,1,0,nan,nan,200001,5499.73650000004,0,0,0
23278930_15,600,long,original+q+boundary_off,original,q,0,0,nan,nan,200001,5136.8966,0,0,0
23278930_15,600,long,original+q+boundary_on,original,q,1,0,nan,nan,200001,5408.584700000006,0,0,0
23278930_15,600,long,repaired+p+boundary_off,repaired,p,0,0,nan,nan,200001,5080.433699999958,0,0,0
23278930_15,600,long,repaired+p+boundary_on,repaired,p,1,0,nan,nan,200001,5333.502999999951,0,0,0
23278930_15,600,long,repaired+q+boundary_off,repaired,q,0,0,nan,nan,200001,4978.550499999983,0,0,0
23278930_15,600,long,repaired+q+boundary_on,repaired,q,1,0,nan,nan,200001,5323.35020000005,0,0,0
23278930_15,601,long,original+p+boundary_off,original,p,0,0,nan,nan,0,0.0,0,0,0
23278930_15,601,long,original+p+boundary_on,original,p,1,0,nan,nan,0,0.0,0,0,0
23278930_15,601,long,original+q+boundary_off,original,q,0,0,nan,nan,0,0.0,0,0,0
23278930_15,601,long,original+q+boundary_on,original,q,1,0,nan,nan,0,0.0,0,0,0
23278930_15,601,long,repaired+p+boundary_off,repaired,p,0,0,nan,nan,0,0.0,0,0,0
23278930_15,601,long,repaired+p+boundary_on,repaired,p,1,0,nan,nan,0,0.0,0,0,0
23278930_15,601,long,repaired+q+boundary_off,repaired,q,0,0,nan,nan,0,0.0,0,0,0
23278930_15,601,long,repaired+q+boundary_on,repaired,q,1,0,nan,nan,0,0.0,0,0,0
23278930_15,602,long,original+p+boundary_off,original,p,0,0,nan,nan,0,0.0,0,0,0
23278930_15,602,long,original+p+boundary_on,original,p,1,0,nan,nan,0,0.0,0,0,0
23278930_15,602,long,original+q+boundary_off,original,q,0,0,nan,nan,0,0.0,0,0,0
23278930_15,602,long,original+q+boundary_on,original,q,1,0,nan,nan,0,0.0,0,0,0
23278930_15,602,long,repaired+p+boundary_off,repaired,p,0,0,nan,nan,0,0.0,0,0,0
23278930_15,602,long,repaired+p+boundary_on,repaired,p,1,0,nan,nan,0,0.0,0,0,0
23278930_15,602,long,repaired+q+boundary_off,repaired,q,0,0,nan,nan,0,0.0,0,0,0
23278930_15,602,long,repaired+q+boundary_on,repaired,q,1,0,nan,nan,0,0.0,0,0,0
23278930_15,603,long,original+p+boundary_off,original,p,0,0,nan,nan,0,0.0,0,0,0
23278930_15,603,long,original+p+boundary_on,original,p,1,0,nan,nan,0,0.0,0,0,0
23278930_15,603,long,original+q+boundary_off,original,q,0,0,nan,nan,0,0.0,0,0,0
23278930_15,603,long,original+q+boundary_on,original,q,1,0,nan,nan,0,0.0,0,0,0
23278930_15,603,long,repaired+p+boundary_off,repaired,p,0,0,nan,nan,0,0.0,0,0,0
23278930_15,603,long,repaired+p+boundary_on,repaired,p,1,0,nan,nan,0,0.0,0,0,0
23278930_15,603,long,repaired+q+boundary_off,repaired,q,0,0,nan,nan,0,0.0,0,0,0
23278930_15,603,long,repaired+q+boundary_on,repaired,q,1,0,nan,nan,0,0.0,0,0,0
23278930_15,604,long,original+p+boundary_off,original,p,0,0,nan,nan,0,0.0,0,0,0
23278930_15,604,long,original+p+boundary_on,original,p,1,0,nan,nan,0,0.0,0,0,0
23278930_15,604,long,original+q+boundary_off,original,q,0,0,nan,nan,0,0.0,0,0,0
23278930_15,604,long,original+q+boundary_on,original,q,1,0,nan,nan,0,0.0,0,0,0
23278930_15,604,long,repaired+p+boundary_off,repaired,p,0,0,nan,nan,200001,4979.424800000061,0,0,0
23278930_15,604,long,repaired+p+boundary_on,repaired,p,1,0,nan,nan,200001,5233.034399999951,0,0,0
23278930_15,604,long,repaired+q+boundary_off,repaired,q,0,0,nan,nan,200001,5058.00499999998,0,0,0
23278930_15,604,long,repaired+q+boundary_on,repaired,q,1,0,nan,nan,200001,5435.497099999907,0,0,0
23278930_15,605,long,original+p+boundary_off,original,p,0,0,nan,nan,0,0.0,0,0,0
23278930_15,605,long,original+p+boundary_on,original,p,1,0,nan,nan,0,0.0,0,0,0
23278930_15,605,long,original+q+boundary_off,original,q,0,0,nan,nan,0,0.0,0,0,0
23278930_15,605,long,original+q+boundary_on,original,q,1,0,nan,nan,0,0.0,0,0,0
23278930_15,605,long,repaired+p+boundary_off,repaired,p,0,0,nan,nan,0,0.0,0,0,0
23278930_15,605,long,repaired+p+boundary_on,repaired,p,1,0,nan,nan,0,0.0,0,0,0
23278930_15,605,long,repaired+q+boundary_off,repaired,q,0,0,nan,nan,0,0.0,0,0,0
23278930_15,605,long,repaired+q+boundary_on,repaired,q,1,0,nan,nan,0,0.0,0,0,0
23428540_15,606,short,original+p+boundary_off,original,p,0,1,0.057640750670241325,944.2367235014638,26042,635.3513000000248,0,0,1
23428540_15,606,short,original+p+boundary_on,original,p,1,1,0.01719576719576721,955.8935777509561,25138,647.5976000000401,0,1,1
23428540_15,606,short,original+q+boundary_off,original,q,0,1,0.03609625668449201,947.8935777509562,25605,645.1967000000423,0,1,1
23428540_15,606,short,original+q+boundary_on,original,q,1,1,0.014531043593130732,957.3077913133293,24766,647.2999000000073,0,1,1
23428540_15,606,short,repaired+p+boundary_off,repaired,p,0,1,0.057640750670241325,944.2367235014638,26042,621.9128999999839,0,0,1
23428540_15,606,short,repaired+p+boundary_on,repaired,p,1,1,0.01719576719576721,955.8935777509561,25138,648.3792999999878,0,1,1
23428540_15,606,short,repaired+q+boundary_off,repaired,q,0,1,0.03609625668449201,947.8935777509562,25605,609.3897999999172,0,1,1
23428540_15,606,short,repaired+q+boundary_on,repaired,q,1,1,0.014531043593130732,957.3077913133293,24766,656.3575999999784,0,1,1
23428540_15,607,short,original+p+boundary_off,original,p,0,0,nan,nan,0,0.0,0,0,0
23428540_15,607,short,original+p+boundary_on,original,p,1,0,nan,nan,0,0.0,0,0,0
23428540_15,607,short,original+q+boundary_off,original,q,0,0,nan,nan,0,0.0,0,0,0
23428540_15,607,short,original+q+boundary_on,original,q,1,0,nan,nan,0,0.0,0,0,0
23428540_15,607,short,repaired+p+boundary_off,repaired,p,0,0,nan,nan,0,0.0,0,0,0
23428540_15,607,short,repaired+p+boundary_on,repaired,p,1,0,nan,nan,0,0.0,0,0,0
23428540_15,607,short,repaired+q+boundary_off,repaired,q,0,0,nan,nan,0,0.0,0,0,0
23428540_15,607,short,repaired+q+boundary_on,repaired,q,1,0,nan,nan,0,0.0,0,0,0
23428540_15,608,short,original+p+boundary_off,original,p,0,1,0.008802816901408494,707.8326112068553,15144,377.0770999999513,1,1,1
23428540_15,608,short,original+p+boundary_on,original,p,1,1,0.0,713.3889603929595,15018,388.3845000000292,1,1,1
23428540_15,608,short,original+q+boundary_off,original,q,0,1,0.008802816901408494,708.6610383316015,15054,375.0115000000278,1,1,1
23428540_15,608,short,original+q+boundary_on,original,q,1,1,0.0,713.9747468305864,14911,373.2385000000704,1,1,1
23428540_15,608,short,repaired+p+boundary_off,repaired,p,0,1,0.008802816901408494,707.8326112068553,15144,368.34910000004584,1,1,1
23428540_15,608,short,repaired+p+boundary_on,repaired,p,1,1,0.0,713.3889603929595,15018,386.2392999999429,1,1,1
23428540_15,608,short,repaired+q+boundary_off,repaired,q,0,1,0.008802816901408494,708.6610383316015,15054,349.84450000001743,1,1,1
23428540_15,608,short,repaired+q+boundary_on,repaired,q,1,1,0.0,713.9747468305864,14911,382.53199999996923,1,1,1
23428540_15,609,short,original+p+boundary_off,original,p,0,1,0.0,562.6072144624384,8616,214.63070000004336,1,1,1
23428540_15,609,short,original+p+boundary_on,original,p,1,1,0.0,562.6072144624384,14148,368.3595999999625,1,1,1
23428540_15,609,short,original+q+boundary_off,original,q,0,1,0.0,562.6072144624384,8469,212.14150000002974,1,1,1
23428540_15,609,short,original+q+boundary_on,original,q,1,1,0.0,562.6072144624384,13832,359.3760999999631,1,1,1
23428540_15,609,short,repaired+p+boundary_off,repaired,p,0,1,0.0,562.6072144624384,8616,214.59939999999733,1,1,1
23428540_15,609,short,repaired+p+boundary_on,repaired,p,1,1,0.0,562.6072144624384,14148,365.2704999999514,1,1,1
23428540_15,609,short,repaired+q+boundary_off,repaired,q,0,1,0.0,562.6072144624384,8469,207.00060000001486,1,1,1
23428540_15,609,short,repaired+q+boundary_on,repaired,q,1,1,0.0,562.6072144624384,13832,372.8843000000097,1,1,1
23428540_15,610,short,original+p+boundary_off,original,p,0,1,0.016949152542372836,643.9087296526036,21227,516.9866999999613,0,1,1
23428540_15,610,short,original+p+boundary_on,original,p,1,1,0.0074906367041198685,647.3229432149766,25641,650.7265999999845,1,1,1
23428540_15,610,short,original+q+boundary_off,original,q,0,1,0.016949152542372836,643.9087296526035,23278,583.1514999999854,0,1,1
23428540_15,610,short,original+q+boundary_on,original,q,1,1,0.005617977528089901,648.1513703397228,27610,745.9203999999318,1,1,1
23428540_15,610,short,repaired+p+boundary_off,repaired,p,0,1,0.016949152542372836,643.9087296526036,22220,536.3496999999597,0,1,1
23428540_15,610,short,repaired+p+boundary_on,repaired,p,1,1,0.0074906367041198685,647.3229432149766,27354,698.9375000000564,1,1,1
23428540_15,610,short,repaired+q+boundary_off,repaired,q,0,1,0.016949152542372836,643.9087296526035,24437,593.3454999999412,0,1,1
23428540_15,610,short,repaired+q+boundary_on,repaired,q,1,1,0.005617977528089901,648.1513703397228,29276,782.8431000000364,1,1,1
23428540_15,611,short,original+p+boundary_off,original,p,0,1,0.02645502645502651,233.56349186104086,3992,101.05079999993904,0,1,1
23428540_15,611,short,original+p+boundary_on,original,p,1,1,0.0,236.39191898578707,4693,127.09649999999328,1,1,1
23428540_15,611,short,original+q+boundary_off,original,q,0,1,0.005291005291005346,234.39191898578704,3931,107.10330000006252,1,1,1
23428540_15,611,short,original+q+boundary_on,original,q,1,1,0.0,237.22034611053326,4536,115.0711999999885,1,1,1
23428540_15,611,short,repaired+p+boundary_off,repaired,p,0,1,0.02645502645502651,233.56349186104086,3992,99.14040000001023,0,1,1
23428540_15,611,short,repaired+p+boundary_on,repaired,p,1,1,0.0,236.39191898578707,4693,149.2712000000438,1,1,1
23428540_15,611,short,repaired+q+boundary_off,repaired,q,0,1,0.005291005291005346,234.39191898578704,3931,91.95490000001882,1,1,1
23428540_15,611,short,repaired+q+boundary_on,repaired,q,1,1,0.0,237.22034611053326,4536,115.620100000001,1,1,1
23428540_15,612,medium,original+p+boundary_off,original,p,0,1,0.0012755102040816757,970.2245301926431,16831,406.9023000000698,1,1,1
23428540_15,612,medium,original+p+boundary_on,original,p,1,1,0.0025510204081632404,971.0529573173893,16116,444.9192000000721,1,1,1
23428540_15,612,medium,original+q+boundary_off,original,q,0,1,0.0012755102040816757,971.0529573173893,16317,387.35250000002,1,1,1
23428540_15,612,medium,original+q+boundary_on,original,q,1,1,0.0,971.6387437550162,15770,415.63890000008996,1,1,1
23428540_15,612,medium,repaired+p+boundary_off,repaired,p,0,1,0.0012755102040816757,970.2245301926431,16831,417.3802999999907,1,1,1
23428540_15,612,medium,repaired+p+boundary_on,repaired,p,1,1,0.0025510204081632404,971.0529573173893,16116,426.77690000004986,1,1,1
23428540_15,612,medium,repaired+q+boundary_off,repaired,q,0,1,0.0012755102040816757,971.0529573173893,16317,407.11080000005495,1,1,1
23428540_15,612,medium,repaired+q+boundary_on,repaired,q,1,1,0.0,971.6387437550162,15770,400.43200000002344,1,1,1
23428540_15,613,medium,original+p+boundary_off,original,p,0,1,0.01585288522511097,1994.3556979968366,62759,1511.7239999999583,0,1,1
23428540_15,613,medium,original+p+boundary_on,original,p,1,1,0.005681818181818232,2002.598338683956,59117,1556.0479000000669,1,1,1
23428540_15,613,medium,original+q+boundary_off,original,q,0,1,0.010766307789740304,1996.3556979968366,61357,1498.9391000000296,0,1,1
23428540_15,613,medium,original+q+boundary_on,original,q,1,1,0.004416403785488909,2004.012552246329,58102,1525.840500000072,1,1,1
23428540_15,613,medium,repaired+p+boundary_off,repaired,p,0,1,0.01585288522511097,1994.3556979968366,64946,1564.4786999999951,0,1,1
23428540_15,613,medium,repaired+p+boundary_on,repaired,p,1,1,0.005681818181818232,2002.598338683956,61283,1604.9112000000605,1,1,1
23428540_15,613,medium,repaired+q+boundary_off,repaired,q,0,1,0.010766307789740304,1996.3556979968366,63325,1585.9883000000536,0,1,1
23428540_15,613,medium,repaired+q+boundary_on,repaired,q,1,1,0.004416403785488909,2004.012552246329,60196,1536.4185000000816,1,1,1
23428540_15,614,medium,original+p+boundary_off,original,p,0,1,0.004906771344455385,1298.0083681642188,37076,939.0903999999409,1,1,1
23428540_15,614,medium,original+p+boundary_on,original,p,1,1,0.0009794319294809117,1300.836795288965,49744,1298.3837000000449,1,1,1
23428540_15,614,medium,original+q+boundary_off,original,q,0,1,0.0009813542688911214,1298.836795288965,36713,927.7494000000388,1,1,1
23428540_15,614,medium,original+q+boundary_on,original,q,1,1,0.0,1301.6652224137113,49431,1318.095699999958,1,1,1
23428540_15,614,medium,repaired+p+boundary_off,repaired,p,0,1,0.004906771344455385,1298.0083681642188,37076,896.0895000000164,1,1,1
23428540_15,614,medium,repaired+p+boundary_on,repaired,p,1,1,0.0009794319294809117,1300.836795288965,49913,1290.9455999999864,1,1,1
23428540_15,614,medium,repaired+q+boundary_off,repaired,q,0,1,0.0009813542688911214,1298.836795288965,36713,909.5308000000841,1,1,1
23428540_15,614,medium,repaired+q+boundary_on,repaired,q,1,1,0.0,1301.6652224137113,49590,1291.3237999999865,1,1,1
23428540_15,615,medium,original+p+boundary_off,original,p,0,1,0.021804511278195493,1682.3241687042591,68059,1690.5921000000035,0,1,1
23428540_15,615,medium,original+p+boundary_on,original,p,1,1,0.008221225710014934,1691.1525958290053,66526,1766.3569999999709,1,1,1
23428540_15,615,medium,original+q+boundary_off,original,q,0,1,0.016528925619834656,1683.7383822666322,69345,1754.8686000000089,0,1,1
23428540_15,615,medium,original+q+boundary_on,original,q,1,1,0.007473841554558991,1691.9810229537513,67405,1789.4053999999642,1,1,1
23428540_15,615,medium,repaired+p+boundary_off,repaired,p,0,1,0.021804511278195493,1682.3241687042591,68959,1712.4032000000398,0,1,1
23428540_15,615,medium,repaired+p+boundary_on,repaired,p,1,1,0.008221225710014934,1691.1525958290053,68135,1781.5550000000258,1,1,1
23428540_15,615,medium,repaired+q+boundary_off,repaired,q,0,1,0.016528925619834656,1683.7383822666322,70455,1781.5059000000701,0,1,1
23428540_15,615,medium,repaired+q+boundary_on,repaired,q,1,1,0.007473841554558991,1691.9810229537513,68984,1809.9640000000363,1,1,1
23428540_15,616,medium,original+p+boundary_off,original,p,0,1,0.0039525691699604515,1604.0693347083193,45138,1150.652599999944,1,1,1
23428540_15,616,medium,original+p+boundary_on,original,p,1,1,0.0007892659826361781,1606.8977618330655,60542,1589.992700000039,1,1,1
23428540_15,616,medium,original+q+boundary_off,original,q,0,1,0.0007905138339920903,1604.8977618330655,44661,1139.490099999989,1,1,1
23428540_15,616,medium,original+q+boundary_on,original,q,1,1,0.0,1607.7261889578117,59653,1638.7417000000823,1,1,1
23428540_15,616,medium,repaired+p+boundary_off,repaired,p,0,1,0.0039525691699604515,1604.0693347083193,45138,1168.5842000000548,1,1,1
23428540_15,616,medium,repaired+p+boundary_on,repaired,p,1,1,0.0007892659826361781,1606.8977618330655,60846,1665.069399999993,1,1,1
23428540_15,616,medium,repaired+q+boundary_off,repaired,q,0,1,0.0007905138339920903,1604.8977618330655,44661,1114.0788000000157,1,1,1
23428540_15,616,medium,repaired+q+boundary_on,repaired,q,1,1,0.0,1607.7261889578117,59875,1613.3760000000166,1,1,1
23428540_15,617,medium,original+p+boundary_off,original,p,0,1,0.02727981293842552,1613.3708498984847,55273,1387.458699999911,0,1,1
23428540_15,617,medium,original+p+boundary_on,original,p,1,1,0.009287925696594423,1623.613490585604,54622,1422.662100000025,1,1,1
23428540_15,617,medium,original+q+boundary_off,original,q,0,1,0.02180685358255452,1614.7850634608578,54075,1370.4540999999608,0,1,1
23428540_15,617,medium,original+q+boundary_on,original,q,1,1,0.007733952049497339,1625.027704147977,53712,1486.5967999999157,1,1,1
23428540_15,617,medium,repaired+p+boundary_off,repaired,p,0,1,0.02727981293842552,1613.3708498984847,57704,1558.187500000031,0,1,1
23428540_15,617,medium,repaired+p+boundary_on,repaired,p,1,1,0.009287925696594423,1623.613490585604,56978,1760.6206000000384,1,1,1
23428540_15,617,medium,repaired+q+boundary_off,repaired,q,0,1,0.02180685358255452,1614.7850634608578,56266,1423.78460000009,0,1,1
23428540_15,617,medium,repaired+q+boundary_on,repaired,q,1,1,0.007733952049497339,1625.027704147977,56063,1519.278800000052,1,1,1
23428540_15,618,medium,original+p+boundary_off,original,p,0,1,0.0,1113.278354061806,18846,455.870599999912,1,1,1
23428540_15,618,medium,original+p+boundary_on,original,p,1,1,0.005506607929515406,1113.278354061806,20875,561.2437999999429,1,1,1
23428540_15,618,medium,original+q+boundary_off,original,q,0,1,0.0,1113.278354061806,18264,458.49459999999453,1,1,1
23428540_15,618,medium,original+q+boundary_on,original,q,1,1,0.004405286343612369,1113.278354061806,20278,533.1484000000728,1,1,1
23428540_15,618,medium,repaired+p+boundary_off,repaired,p,0,1,0.0,1113.278354061806,18846,470.05449999994653,1,1,1
23428540_15,618,medium,repaired+p+boundary_on,repaired,p,1,1,0.005506607929515406,1113.278354061806,20875,568.3566000000155,1,1,1
23428540_15,618,medium,repaired+q+boundary_off,repaired,q,0,1,0.0,1113.278354061806,18264,465.1929999999993,1,1,1
23428540_15,618,medium,repaired+q+boundary_on,repaired,q,1,1,0.004405286343612369,1113.278354061806,20278,530.7653999999502,1,1,1
23428540_15,619,long,original+p+boundary_off,original,p,0,1,0.0031036623215394687,2027.5272708720906,65359,1669.452500000034,1,1,1
23428540_15,619,long,original+p+boundary_on,original,p,1,1,0.000619962802231866,2030.3556979968369,80395,2285.5279999999993,1,1,1
23428540_15,619,long,original+q+boundary_off,original,q,0,1,0.0006207324643079382,2028.3556979968369,64645,1611.6793999999572,1,1,1
23428540_15,619,long,original+q+boundary_on,original,q,1,1,0.0,2031.184125121583,78789,2133.7941000000455,1,1,1
23428540_15,619,long,repaired+p+boundary_off,repaired,p,0,1,0.0031036623215394687,2027.5272708720906,65359,1724.968600000011,1,1,1
23428540_15,619,long,repaired+p+boundary_on,repaired,p,1,1,0.000619962802231866,2030.3556979968369,80662,2145.052600000099,1,1,1
23428540_15,619,long,repaired+q+boundary_off,repaired,q,0,1,0.0006207324643079382,2028.3556979968369,64645,1604.806900000085,1,1,1
23428540_15,619,long,repaired+q+boundary_on,repaired,q,1,1,0.0,2031.184125121583,78975,2120.560400000045,1,1,1
23428540_15,620,long,original+p+boundary_off,original,p,0,1,0.0,1569.7190462828744,27346,675.6960000000163,1,1,1
23428540_15,620,long,original+p+boundary_on,original,p,1,1,0.003937007874015741,1569.7190462828744,30011,780.6831999999986,1,1,1
23428540_15,620,long,original+q+boundary_off,original,q,0,1,0.0,1569.7190462828742,26469,666.4036999999325,1,1,1
23428540_15,620,long,original+q+boundary_on,original,q,1,1,0.0031496062992125706,1569.7190462828742,29035,782.5222999999824,1,1,1
23428540_15,620,long,repaired+p+boundary_off,repaired,p,0,1,0.0,1569.7190462828744,27346,703.0455000000302,1,1,1
23428540_15,620,long,repaired+p+boundary_on,repaired,p,1,1,0.003937007874015741,1569.7190462828744,30270,785.751800000071,1,1,1
23428540_15,620,long,repaired+q+boundary_off,repaired,q,0,1,0.0,1569.7190462828742,26469,679.7296999999389,1,1,1
23428540_15,620,long,repaired+q+boundary_on,repaired,q,1,1,0.0031496062992125706,1569.7190462828742,29127,787.7920000000813,1,1,1
23428540_15,621,long,original+p+boundary_off,original,p,0,1,0.0030030030030030463,2100.166881178876,46528,1155.4125000000113,1,1,1
23428540_15,621,long,original+p+boundary_on,original,p,1,1,0.0005998800239952473,2102.995308303622,53350,1414.9002999999993,1,1,1
23428540_15,621,long,original+q+boundary_off,original,q,0,1,0.0006006006006006315,2100.995308303622,44830,1139.2279000000372,1,1,1
23428540_15,621,long,original+q+boundary_on,original,q,1,1,0.0,2103.8237354283683,52344,1349.4468000000097,1,1,1
23428540_15,621,long,repaired+p+boundary_off,repaired,p,0,1,0.0030030030030030463,2100.166881178876,48385,1184.24600000003,1,1,1
23428540_15,621,long,repaired+p+boundary_on,repaired,p,1,1,0.0005998800239952473,2102.995308303622,55412,1458.027599999923,1,1,1
23428540_15,621,long,repaired+q+boundary_off,repaired,q,0,1,0.0006006006006006315,2100.995308303622,46258,1094.0633999999818,1,1,1
23428540_15,621,long,repaired+q+boundary_on,repaired,q,1,1,0.0,2103.8237354283683,54365,1435.131800000022,1,1,1
23428540_15,622,long,original+p+boundary_off,original,p,0,1,0.009043927648578864,1974.8826099314178,51482,1246.722200000022,1,1,1
23428540_15,622,long,original+p+boundary_on,original,p,1,1,0.0025756600128783447,1980.296823493791,51198,1341.2565999999515,1,1,1
23428540_15,622,long,original+q+boundary_off,original,q,0,1,0.006459948320413411,1975.711037056164,48857,1182.9070000000002,1,1,1
23428540_15,622,long,original+q+boundary_on,original,q,1,1,0.0019317450096587585,1981.1252506185372,49981,1306.5368000000035,1,1,1
23428540_15,622,long,repaired+p+boundary_off,repaired,p,0,1,0.009043927648578864,1974.8826099314178,53296,1278.8791000000401,1,1,1
23428540_15,622,long,repaired+p+boundary_on,repaired,p,1,1,0.0025756600128783447,1980.296823493791,53318,1390.9706999999116,1,1,1
23428540_15,622,long,repaired+q+boundary_off,repaired,q,0,1,0.006459948320413411,1975.711037056164,50212,1193.0895000000419,1,1,1
23428540_15,622,long,repaired+q+boundary_on,repaired,q,1,1,0.0019317450096587585,1981.1252506185372,51950,1335.6089999999767,1,1,1
23428540_15,623,long,original+p+boundary_off,original,p,0,1,0.008821676118462518,2023.8237354283724,53833,1297.359599999936,1,1,1
23428540_15,623,long,original+p+boundary_on,original,p,1,1,0.002512562814070307,2029.2379489907455,52730,1377.9504000000316,1,1,1
23428540_15,623,long,original+q+boundary_off,original,q,0,1,0.006301197227473243,2024.6521625531186,51108,1234.3730999999707,1,1,1
23428540_15,623,long,original+q+boundary_on,original,q,1,1,0.0018844221105527303,2030.0663761154917,51406,1308.336699999927,1,1,1
23428540_15,623,long,repaired+p+boundary_off,repaired,p,0,1,0.008821676118462518,2023.8237354283724,55670,1337.1971999999914,1,1,1
23428540_15,623,long,repaired+p+boundary_on,repaired,p,1,1,0.002512562814070307,2029.2379489907455,54856,1456.5406000000394,1,1,1
23428540_15,623,long,repaired+q+boundary_off,repaired,q,0,1,0.006301197227473243,2024.6521625531186,52539,1321.3607000000138,1,1,1
23428540_15,623,long,repaired+q+boundary_on,repaired,q,1,1,0.0018844221105527303,2030.0663761154917,53510,1471.545600000013,1,1,1
23428540_15,624,long,original+p+boundary_off,original,p,0,1,0.015078407720144793,2099.794298176845,62481,1557.1881000000758,0,1,1
23428540_15,624,long,original+p+boundary_on,original,p,1,1,0.00540540540540535,2108.0369388639633,58830,1583.3211000000347,1,1,1
23428540_15,624,long,original+q+boundary_off,original,q,0,1,0.010240963855421725,2101.794298176845,60959,1495.6885000000284,0,1,1
23428540_15,624,long,original+q+boundary_on,original,q,1,1,0.004201680672268893,2109.4511524263366,57730,1544.0277999999807,1,1,1
23428540_15,624,long,repaired+p+boundary_off,repaired,p,0,1,0.015078407720144793,2099.794298176845,64667,1618.822899999941,0,1,1
23428540_15,624,long,repaired+p+boundary_on,repaired,p,1,1,0.00540540540540535,2108.0369388639633,60983,1582.6950999999099,1,1,1
23428540_15,624,long,repaired+q+boundary_off,repaired,q,0,1,0.010240963855421725,2101.794298176845,62927,1558.3621000000676,0,1,1
23428540_15,624,long,repaired+q+boundary_on,repaired,q,1,1,0.004201680672268893,2109.4511524263366,59828,1598.1272000000217,1,1,1
23428540_15,625,long,original+p+boundary_off,original,p,0,1,0.009821976672805377,2068.3090168026083,58792,1492.6136999999926,1,1,1
23428540_15,625,long,original+p+boundary_on,original,p,1,1,0.002447980416156681,2074.551657489727,69046,1872.1963000000414,1,1,1
23428540_15,625,long,original+q+boundary_off,original,q,0,1,0.007366482504604033,2069.1374439273545,58108,1464.384999999993,1,1,1
23428540_15,625,long,original+q+boundary_on,original,q,1,1,0.001835985312117483,2075.380084614473,67735,1813.8414999999668,1,1,1
23428540_15,625,long,repaired+p+boundary_off,repaired,p,0,1,0.009821976672805377,2068.3090168026083,58792,1476.9423999999844,1,1,1
23428540_15,625,long,repaired+p+boundary_on,repaired,p,1,1,0.002447980416156681,2074.551657489727,69397,1947.8522000000567,1,1,1
23428540_15,625,long,repaired+q+boundary_off,repaired,q,0,1,0.007366482504604033,2069.1374439273545,58108,1492.423400000007,1,1,1
23428540_15,625,long,repaired+q+boundary_on,repaired,q,1,1,0.001835985312117483,2075.380084614473,67996,1844.790400000079,1,1,1
23428810_15,626,short,original+p+boundary_off,original,p,0,1,0.016414141414141437,854.7888886054582,26921,691.4396000000806,0,1,1
23428810_15,626,short,original+p+boundary_on,original,p,1,1,0.012626262626262652,858.102597104443,27210,746.8466999999919,0,1,1
23428810_15,626,short,original+q+boundary_off,original,q,0,1,0.016414141414141437,854.7888886054582,26336,675.6093999999848,0,1,1
23428810_15,626,short,original+q+boundary_on,original,q,1,1,0.008816120906801062,859.2741699796968,26876,716.4586999999756,1,1,1
23428810_15,626,short,repaired+p+boundary_off,repaired,p,0,1,0.016414141414141437,854.7888886054582,27501,704.1329999999562,0,1,1
23428810_15,626,short,repaired+p+boundary_on,repaired,p,1,1,0.012626262626262652,858.102597104443,27744,750.1230000000305,0,1,1
23428810_15,626,short,repaired+q+boundary_off,repaired,q,0,1,0.016414141414141437,854.7888886054582,26895,657.4439000000893,0,1,1
23428810_15,626,short,repaired+q+boundary_on,repaired,q,1,1,0.008816120906801062,859.2741699796968,27406,720.6705999999485,1,1,1
23428810_15,627,short,original+p+boundary_off,original,p,0,1,0.1551020408163265,288.73506473629527,5830,143.67560000005142,0,0,0
23428810_15,627,short,original+p+boundary_on,original,p,1,1,0.08835341365461846,291.90663761154906,6251,160.19149999999627,0,0,1
23428810_15,627,short,original+q+boundary_off,original,q,0,1,0.1497975708502024,290.73506473629527,5647,145.15109999990727,0,0,0
23428810_15,627,short,original+q+boundary_on,original,q,1,1,0.08799999999999997,292.49242404917595,6098,163.8842999999497,0,0,1
23428810_15,627,short,repaired+p+boundary_off,repaired,p,0,1,0.1551020408163265,288.73506473629527,5832,140.23599999995895,0,0,0
23428810_15,627,short,repaired+p+boundary_on,repaired,p,1,1,0.08835341365461846,291.90663761154906,6460,171.15980000005493,0,0,1
23428810_15,627,short,repaired+q+boundary_off,repaired,q,0,1,0.1497975708502024,290.73506473629527,5647,143.64710000006653,0,0,0
23428810_15,627,short,repaired+q+boundary_on,repaired,q,1,1,0.08799999999999997,292.49242404917595,6207,174.29610000010598,0,0,1
23428810_15,628,short,original+p+boundary_off,original,p,0,1,0.029527559055118058,552.1492782986684,18175,469.56840000007105,0,1,1
23428810_15,628,short,original+p+boundary_on,original,p,1,1,0.0117647058823529,559.9482681718919,17465,457.8933000000234,0,1,1
23428810_15,628,short,original+q+boundary_off,original,q,0,1,0.021568627450980427,554.1492782986684,17833,452.1280999999817,0,1,1
23428810_15,628,short,original+q+boundary_on,original,q,1,1,0.01171875,561.1198410471457,17224,446.2907999999288,0,1,1
23428810_15,628,short,repaired+p+boundary_off,repaired,p,0,1,0.029527559055118058,552.1492782986684,18175,462.6162000000704,0,1,1
23428810_15,628,short,repaired+p+boundary_on,repaired,p,1,1,0.0117647058823529,559.9482681718919,17465,466.2603000000445,0,1,1
23428810_15,628,short,repaired+q+boundary_off,repaired,q,0,1,0.021568627450980427,554.1492782986684,17833,441.9016000000511,0,1,1
23428810_15,628,short,repaired+q+boundary_on,repaired,q,1,1,0.01171875,561.1198410471457,17224,473.8646000000699,0,1,1
23428810_15,629,short,original+p+boundary_off,original,p,0,0,nan,nan,0,0.0,0,0,0
23428810_15,629,short,original+p+boundary_on,original,p,1,0,nan,nan,0,0.0,0,0,0
23428810_15,629,short,original+q+boundary_off,original,q,0,0,nan,nan,0,0.0,0,0,0
23428810_15,629,short,original+q+boundary_on,original,q,1,0,nan,nan,0,0.0,0,0,0
23428810_15,629,short,repaired+p+boundary_off,repaired,p,0,0,nan,nan,0,0.0,0,0,0
23428810_15,629,short,repaired+p+boundary_on,repaired,p,1,0,nan,nan,0,0.0,0,0,0
23428810_15,629,short,repaired+q+boundary_off,repaired,q,0,0,nan,nan,0,0.0,0,0,0
23428810_15,629,short,repaired+q+boundary_on,repaired,q,1,0,nan,nan,0,0.0,0,0,0
23428810_15,630,short,original+p+boundary_off,original,p,0,0,nan,nan,0,0.0,0,0,0
23428810_15,630,short,original+p+boundary_on,original,p,1,0,nan,nan,0,0.0,0,0,0
23428810_15,630,short,original+q+boundary_off,original,q,0,0,nan,nan,0,0.0,0,0,0
23428810_15,630,short,original+q+boundary_on,original,q,1,0,nan,nan,0,0.0,0,0,0
23428810_15,630,short,repaired+p+boundary_off,repaired,p,0,0,nan,nan,0,0.0,0,0,0
23428810_15,630,short,repaired+p+boundary_on,repaired,p,1,0,nan,nan,0,0.0,0,0,0
23428810_15,630,short,repaired+q+boundary_off,repaired,q,0,0,nan,nan,0,0.0,0,0,0
23428810_15,630,short,repaired+q+boundary_on,repaired,q,1,0,nan,nan,0,0.0,0,0,0
23428810_15,631,short,original+p+boundary_off,original,p,0,1,0.010869565217391353,898.244732728174,24503,642.3933999999463,0,1,1
23428810_15,631,short,original+p+boundary_on,original,p,1,1,0.00965018094089265,902.9726547895319,29375,781.4407999999275,1,1,1
23428810_15,631,short,original+q+boundary_off,original,q,0,1,0.00965018094089265,898.8305191658009,24103,605.4279999999608,1,1,1
23428810_15,631,short,original+q+boundary_on,original,q,1,1,0.006016847172081841,904.1442276647857,29098,783.5721999999805,1,1,1
23428810_15,631,short,repaired+p+boundary_off,repaired,p,0,1,0.010869565217391353,898.244732728174,24503,623.8136999999142,0,1,1
23428810_15,631,short,repaired+p+boundary_on,repaired,p,1,1,0.00965018094089265,902.9726547895319,29375,792.573999999945,1,1,1
23428810_15,631,short,repaired+q+boundary_off,repaired,q,0,1,0.00965018094089265,898.8305191658009,24103,600.7630999999947,1,1,1
23428810_15,631,short,repaired+q+boundary_on,repaired,q,1,1,0.006016847172081841,904.1442276647857,29098,786.0090000000355,1,1,1
23428810_15,632,medium,original+p+boundary_off,original,p,0,1,0.004464285714285698,963.3452377915623,22450,555.3655999999592,1,1,1
23428810_15,632,medium,original+p+boundary_on,original,p,1,1,0.03125,967.4873734152934,26184,705.9499999999161,0,1,1
23428810_15,632,medium,original+q+boundary_off,original,q,0,1,0.004464285714285698,964.1736649163086,21956,532.4404000000413,1,1,1
23428810_15,632,medium,original+q+boundary_on,original,q,1,1,0.011135857461024523,967.830519165801,25817,673.2200999999804,0,1,1
23428810_15,632,medium,repaired+p+boundary_off,repaired,p,0,1,0.004464285714285698,963.3452377915623,23048,565.0578999999425,1,1,1
23428810_15,632,medium,repaired+p+boundary_on,repaired,p,1,1,0.03125,967.4873734152934,26792,746.7389000000821,0,1,1
23428810_15,632,medium,repaired+q+boundary_off,repaired,q,0,1,0.004464285714285698,964.1736649163086,22508,568.893199999934,1,1,1
23428810_15,632,medium,repaired+q+boundary_on,repaired,q,1,1,0.011135857461024523,967.830519165801,26411,712.171699999999,0,1,1
23428810_15,633,medium,original+p+boundary_off,original,p,0,1,0.004301075268817178,995.2741699796968,26633,664.6377999999231,1,1,1
23428810_15,633,medium,original+p+boundary_on,original,p,1,1,0.004301075268817178,997.7594513539354,30143,785.2030999999897,1,1,1
23428810_15,633,medium,original+q+boundary_off,original,q,0,1,0.004301075268817178,996.102597104443,26103,635.9672999999475,1,1,1
23428810_15,633,medium,original+q+boundary_on,original,q,1,1,0.0032223415682062218,998.3452377915623,29679,779.6221999999489,1,1,1
23428810_15,633,medium,repaired+p+boundary_off,repaired,p,0,1,0.004301075268817178,995.2741699796968,27151,661.5132000000585,1,1,1
23428810_15,633,medium,repaired+p+boundary_on,repaired,p,1,1,0.004301075268817178,997.7594513539354,30677,820.2624000000469,1,1,1
23428810_15,633,medium,repaired+q+boundary_off,repaired,q,0,1,0.004301075268817178,996.102597104443,26543,647.1103999999741,1,1,1
23428810_15,633,medium,repaired+q+boundary_on,repaired,q,1,1,0.0032223415682062218,998.3452377915623,30213,768.323500000065,1,1,1
23428810_15,634,medium,original+p+boundary_off,original,p,0,0,nan,nan,0,0.0,0,0,0
23428810_15,634,medium,original+p+boundary_on,original,p,1,0,nan,nan,0,0.0,0,0,0
23428810_15,634,medium,original+q+boundary_off,original,q,0,0,nan,nan,0,0.0,0,0,0
23428810_15,634,medium,original+q+boundary_on,original,q,1,0,nan,nan,0,0.0,0,0,0
23428810_15,634,medium,repaired+p+boundary_off,repaired,p,0,0,nan,nan,0,0.0,0,0,0
23428810_15,634,medium,repaired+p+boundary_on,repaired,p,1,0,nan,nan,0,0.0,0,0,0
23428810_15,634,medium,repaired+q+boundary_off,repaired,q,0,0,nan,nan,0,0.0,0,0,0
23428810_15,634,medium,repaired+q+boundary_on,repaired,q,1,0,nan,nan,0,0.0,0,0,0
23428810_15,635,medium,original+p+boundary_off,original,p,0,0,nan,nan,0,0.0,0,0,0
23428810_15,635,medium,original+p+boundary_on,original,p,1,0,nan,nan,0,0.0,0,0,0
23428810_15,635,medium,original+q+boundary_off,original,q,0,0,nan,nan,0,0.0,0,0,0
23428810_15,635,medium,original+q+boundary_on,original,q,1,0,nan,nan,0,0.0,0,0,0
23428810_15,635,medium,repaired+p+boundary_off,repaired,p,0,0,nan,nan,0,0.0,0,0,0
23428810_15,635,medium,repaired+p+boundary_on,repaired,p,1,0,nan,nan,0,0.0,0,0,0
23428810_15,635,medium,repaired+q+boundary_off,repaired,q,0,0,nan,nan,0,0.0,0,0,0
23428810_15,635,medium,repaired+q+boundary_on,repaired,q,1,0,nan,nan,0,0.0,0,0,0
23428810_15,636,medium,original+p+boundary_off,original,p,0,0,nan,nan,0,0.0,0,0,0
23428810_15,636,medium,original+p+boundary_on,original,p,1,0,nan,nan,0,0.0,0,0,0
23428810_15,636,medium,original+q+boundary_off,original,q,0,0,nan,nan,0,0.0,0,0,0
23428810_15,636,medium,original+q+boundary_on,original,q,1,0,nan,nan,0,0.0,0,0,0
23428810_15,636,medium,repaired+p+boundary_off,repaired,p,0,0,nan,nan,0,0.0,0,0,0
23428810_15,636,medium,repaired+p+boundary_on,repaired,p,1,0,nan,nan,0,0.0,0,0,0
23428810_15,636,medium,repaired+q+boundary_off,repaired,q,0,0,nan,nan,0,0.0,0,0,0
23428810_15,636,medium,repaired+q+boundary_on,repaired,q,1,0,nan,nan,0,0.0,0,0,0
23428810_15,637,medium,original+p+boundary_off,original,p,0,0,nan,nan,0,0.0,0,0,0
23428810_15,637,medium,original+p+boundary_on,original,p,1,0,nan,nan,0,0.0,0,0,0
23428810_15,637,medium,original+q+boundary_off,original,q,0,0,nan,nan,0,0.0,0,0,0
23428810_15,637,medium,original+q+boundary_on,original,q,1,0,nan,nan,0,0.0,0,0,0
23428810_15,637,medium,repaired+p+boundary_off,repaired,p,0,0,nan,nan,0,0.0,0,0,0
23428810_15,637,medium,repaired+p+boundary_on,repaired,p,1,0,nan,nan,0,0.0,0,0,0
23428810_15,637,medium,repaired+q+boundary_off,repaired,q,0,0,nan,nan,0,0.0,0,0,0
23428810_15,637,medium,repaired+q+boundary_on,repaired,q,1,0,nan,nan,0,0.0,0,0,0
23428810_15,638,medium,original+p+boundary_off,original,p,0,0,nan,nan,0,0.0,0,0,0
23428810_15,638,medium,original+p+boundary_on,original,p,1,0,nan,nan,0,0.0,0,0,0
23428810_15,638,medium,original+q+boundary_off,original,q,0,0,nan,nan,0,0.0,0,0,0
23428810_15,638,medium,original+q+boundary_on,original,q,1,0,nan,nan,0,0.0,0,0,0
23428810_15,638,medium,repaired+p+boundary_off,repaired,p,0,0,nan,nan,0,0.0,0,0,0
23428810_15,638,medium,repaired+p+boundary_on,repaired,p,1,0,nan,nan,0,0.0,0,0,0
23428810_15,638,medium,repaired+q+boundary_off,repaired,q,0,0,nan,nan,0,0.0,0,0,0
23428810_15,638,medium,repaired+q+boundary_on,repaired,q,1,0,nan,nan,0,0.0,0,0,0
23429080_15,639,short,original+p+boundary_off,original,p,0,1,0.0,75.41421356237309,201,6.978099999969345,1,1,1
23429080_15,639,short,original+p+boundary_on,original,p,1,1,0.0,75.41421356237309,715,18.013499999938176,1,1,1
23429080_15,639,short,original+q+boundary_off,original,q,0,1,0.0,75.41421356237309,204,4.624799999987772,1,1,1
23429080_15,639,short,original+q+boundary_on,original,q,1,1,0.0,75.41421356237309,716,16.896200000019235,1,1,1
23429080_15,639,short,repaired+p+boundary_off,repaired,p,0,1,0.0,75.41421356237309,201,4.264299999931609,1,1,1
23429080_15,639,short,repaired+p+boundary_on,repaired,p,1,1,0.0,75.41421356237309,715,16.175100000054954,1,1,1
23429080_15,639,short,repaired+q+boundary_off,repaired,q,0,1,0.0,75.41421356237309,204,6.976200000053723,1,1,1
23429080_15,639,short,repaired+q+boundary_on,repaired,q,1,1,0.0,75.41421356237309,716,18.1671999999935,1,1,1
23429080_15,640,short,original+p+boundary_off,original,p,0,1,0.09539473684210531,700.198051533948,30739,787.9285000000209,0,0,1
23429080_15,640,short,original+p+boundary_on,original,p,1,1,0.07692307692307687,706.925973595306,40143,1113.7661000000207,0,0,1
23429080_15,640,short,original+q+boundary_off,original,q,0,1,0.08183306055646478,704.4406922210674,32678,846.3630999999623,0,0,1
23429080_15,640,short,original+q+boundary_on,original,q,1,1,0.07679738562091498,707.5117600329329,41084,1099.8437999999169,0,0,1
23429080_15,640,short,repaired+p+boundary_off,repaired,p,0,1,0.09539473684210531,700.198051533948,30739,759.6146000000772,0,0,1
23429080_15,640,short,repaired+p+boundary_on,repaired,p,1,1,0.07692307692307687,706.925973595306,40143,1075.7624999999962,0,0,1
23429080_15,640,short,repaired+q+boundary_off,repaired,q,0,1,0.08183306055646478,704.4406922210674,32678,827.0968000000494,0,0,1
23429080_15,640,short,repaired+q+boundary_on,repaired,q,1,1,0.07679738562091498,707.5117600329329,41084,1081.2617000000273,0,0,1
23429080_15,641,short,original+p+boundary_off,original,p,0,1,0.008113590263691739,579.399061660725,36067,931.5156999999772,1,1,1
23429080_15,641,short,original+p+boundary_on,original,p,1,1,0.0,585.0559159102174,41523,1135.8782999999448,1,1,1
23429080_15,641,short,original+q+boundary_off,original,q,0,1,0.004048582995951455,580.8132752230981,35940,881.9873999999572,1,1,1
23429080_15,641,short,original+q+boundary_on,original,q,1,1,0.0,585.0559159102174,41459,1101.708799999983,1,1,1
23429080_15,641,short,repaired+p+boundary_off,repaired,p,0,1,0.008113590263691739,579.399061660725,36067,914.3205999999964,1,1,1
23429080_15,641,short,repaired+p+boundary_on,repaired,p,1,1,0.0,585.0559159102174,42284,1103.3912000000328,1,1,1
23429080_15,641,short,repaired+q+boundary_off,repaired,q,0,1,0.004048582995951455,580.8132752230981,35940,880.2339999999731,1,1,1
23429080_15,641,short,repaired+q+boundary_on,repaired,q,1,1,0.0,585.0559159102174,42201,1158.7138999999524,1,1,1
23429080_15,642,short,original+p+boundary_off,original,p,0,0,nan,nan,0,0.0,0,0,0
23429080_15,642,short,original+p+boundary_on,original,p,1,0,nan,nan,0,0.0,0,0,0
23429080_15,642,short,original+q+boundary_off,original,q,0,0,nan,nan,0,0.0,0,0,0
23429080_15,642,short,original+q+boundary_on,original,q,1,0,nan,nan,0,0.0,0,0,0
23429080_15,642,short,repaired+p+boundary_off,repaired,p,0,0,nan,nan,0,0.0,0,0,0
23429080_15,642,short,repaired+p+boundary_on,repaired,p,1,0,nan,nan,0,0.0,0,0,0
23429080_15,642,short,repaired+q+boundary_off,repaired,q,0,0,nan,nan,0,0.0,0,0,0
23429080_15,642,short,repaired+q+boundary_on,repaired,q,1,0,nan,nan,0,0.0,0,0,0
23429080_15,643,short,original+p+boundary_off,original,p,0,1,0.004376367614879695,473.39696961967036,15446,395.29379999999037,1,1,1
23429080_15,643,short,original+p+boundary_on,original,p,1,1,0.0021834061135370675,474.81118318204346,22216,585.2519999999686,1,1,1
23429080_15,643,short,original+q+boundary_off,original,q,0,1,0.0021834061135370675,473.98275605729725,15139,377.8201000000081,1,1,1
23429080_15,643,short,original+q+boundary_on,original,q,1,1,0.0021834061135370675,474.81118318204346,21916,584.7284999999829,1,1,1
23429080_15,643,short,repaired+p+boundary_off,repaired,p,0,1,0.004376367614879695,473.39696961967036,15446,387.7742000000808,1,1,1
23429080_15,643,short,repaired+p+boundary_on,repaired,p,1,1,0.0021834061135370675,474.81118318204346,22216,601.4119999999821,1,1,1
23429080_15,643,short,repaired+q+boundary_off,repaired,q,0,1,0.0021834061135370675,473.98275605729725,15139,389.20069999994666,1,1,1
23429080_15,643,short,repaired+q+boundary_on,repaired,q,1,1,0.0021834061135370675,474.81118318204346,21916,631.3425000000734,1,1,1
23429080_15,644,short,original+p+boundary_off,original,p,0,1,0.02473498233215543,320.9360748630718,9214,226.40679999994973,0,1,1
23429080_15,644,short,original+p+boundary_on,original,p,1,1,0.007042253521126751,325.6639969244297,11219,316.6789000000563,1,1,1
23429080_15,644,short,original+q+boundary_off,original,q,0,1,0.017605633802816878,323.1787155501911,9469,238.41809999998986,0,1,1
23429080_15,644,short,original+q+boundary_on,original,q,1,1,0.007042253521126751,325.6639969244297,11528,300.1156999999921,1,1,1
23429080_15,644,short,repaired+p+boundary_off,repaired,p,0,1,0.02473498233215543,320.9360748630718,9214,219.41770000000815,0,1,1
23429080_15,644,short,repaired+p+boundary_on,repaired,p,1,1,0.007042253521126751,325.6639969244297,11219,292.19799999998486,1,1,1
23429080_15,644,short,repaired+q+boundary_off,repaired,q,0,1,0.017605633802816878,323.1787155501911,9469,230.27249999995547,0,1,1
23429080_15,644,short,repaired+q+boundary_on,repaired,q,1,1,0.007042253521126751,325.6639969244297,11528,303.91389999999774,1,1,1
23429080_15,645,medium,original+p+boundary_off,original,p,0,0,nan,nan,0,0.0,0,0,0
23429080_15,645,medium,original+p+boundary_on,original,p,1,0,nan,nan,0,0.0,0,0,0
23429080_15,645,medium,original+q+boundary_off,original,q,0,0,nan,nan,0,0.0,0,0,0
23429080_15,645,medium,original+q+boundary_on,original,q,1,0,nan,nan,0,0.0,0,0,0
23429080_15,645,medium,repaired+p+boundary_off,repaired,p,0,0,nan,nan,0,0.0,0,0,0
23429080_15,645,medium,repaired+p+boundary_on,repaired,p,1,0,nan,nan,0,0.0,0,0,0
23429080_15,645,medium,repaired+q+boundary_off,repaired,q,0,0,nan,nan,0,0.0,0,0,0
23429080_15,645,medium,repaired+q+boundary_on,repaired,q,1,0,nan,nan,0,0.0,0,0,0
23429080_15,646,medium,original+p+boundary_off,original,p,0,1,0.007479431563201189,1386.5340546095188,114790,2932.2356000000127,1,1,1
23429080_15,646,medium,original+p+boundary_on,original,p,1,1,0.006726457399103158,1390.4335495461305,157581,4363.596600000051,1,1,1
23429080_15,646,medium,original+q+boundary_off,original,q,0,1,0.005974607916355512,1388.5340546095188,112713,2964.2103999999563,1,1,1
23429080_15,646,medium,original+q+boundary_on,original,q,1,1,0.0052238805970149516,1391.6051224213843,155981,4498.976999999968,1,1,1
23429080_15,646,medium,repaired+p+boundary_off,repaired,p,0,1,0.007479431563201189,1386.5340546095188,115788,3038.163799999893,1,1,1
23429080_15,646,medium,repaired+p+boundary_on,repaired,p,1,1,0.006726457399103158,1390.4335495461305,163793,4573.489699999982,1,1,1
23429080_15,646,medium,repaired+q+boundary_off,repaired,q,0,1,0.005974607916355512,1388.5340546095188,113523,3256.984799999941,1,1,1
23429080_15,646,medium,repaired+q+boundary_on,repaired,q,1,1,0.0052238805970149516,1391.6051224213843,161233,4691.060099999959,1,1,1
23429080_15,647,medium,original+p+boundary_off,original,p,0,0,nan,nan,0,0.0,0,0,0
23429080_15,647,medium,original+p+boundary_on,original,p,1,0,nan,nan,0,0.0,0,0,0
23429080_15,647,medium,original+q+boundary_off,original,q,0,0,nan,nan,0,0.0,0,0,0
23429080_15,647,medium,original+q+boundary_on,original,q,1,0,nan,nan,0,0.0,0,0,0
23429080_15,647,medium,repaired+p+boundary_off,repaired,p,0,0,nan,nan,0,0.0,0,0,0
23429080_15,647,medium,repaired+p+boundary_on,repaired,p,1,0,nan,nan,0,0.0,0,0,0
23429080_15,647,medium,repaired+q+boundary_off,repaired,q,0,0,nan,nan,0,0.0,0,0,0
23429080_15,647,medium,repaired+q+boundary_on,repaired,q,1,0,nan,nan,0,0.0,0,0,0
23429080_15,648,medium,original+p+boundary_off,original,p,0,1,0.004003202562049668,1308.4751801064735,98892,2595.922500000029,1,1,1
23429080_15,648,medium,original+p+boundary_on,original,p,1,1,0.0023980815347721673,1312.9604614807122,162335,4671.603300000015,1,1,1
23429080_15,648,medium,original+q+boundary_off,original,q,0,1,0.003197442046362964,1309.6467529817273,97643,2502.0600999999942,1,1,1
23429080_15,648,medium,original+q+boundary_on,original,q,1,1,0.0023980815347721673,1312.9604614807122,160593,4531.513899999936,1,1,1
23429080_15,648,medium,repaired+p+boundary_off,repaired,p,0,1,0.004003202562049668,1308.4751801064735,98892,2578.448900000012,1,1,1
23429080_15,648,medium,repaired+p+boundary_on,repaired,p,1,1,0.0023980815347721673,1312.9604614807122,162433,4581.288000000086,1,1,1
23429080_15,648,medium,repaired+q+boundary_off,repaired,q,0,1,0.003197442046362964,1309.6467529817273,97643,2524.745199999984,1,1,1
23429080_15,648,medium,repaired+q+boundary_on,repaired,q,1,1,0.0023980815347721673,1312.9604614807122,160695,4477.477399999998,1,1,1
23429080_15,649,medium,original+p+boundary_off,original,p,0,1,0.027552674230145846,1318.7422074112324,96527,2468.2782000001,0,1,1
23429080_15,649,medium,original+p+boundary_on,original,p,1,1,0.022617124394184174,1326.8843430349634,137299,3722.5917000000663,0,1,1
23429080_15,649,medium,original+q+boundary_off,original,q,0,1,0.023443815683104274,1322.1564209736055,95993,2474.0721999999096,0,1,1
23429080_15,649,medium,original+q+boundary_on,original,q,1,1,0.021001615508885352,1326.0559159102172,136836,3674.3725999999697,0,1,1
23429080_15,649,medium,repaired+p+boundary_off,repaired,p,0,1,0.027552674230145846,1318.7422074112324,96617,2421.020500000054,0,1,1
23429080_15,649,medium,repaired+p+boundary_on,repaired,p,1,1,0.022617124394184174,1326.8843430349634,137397,3760.8814000000166,0,1,1
23429080_15,649,medium,repaired+q+boundary_off,repaired,q,0,1,0.023443815683104274,1322.1564209736055,96069,2460.406199999966,0,1,1
23429080_15,649,medium,repaired+q+boundary_on,repaired,q,1,1,0.021001615508885352,1326.0559159102172,136937,3732.2143999999753,0,1,1
23429080_15,650,medium,original+p+boundary_off,original,p,0,1,0.0336071695294996,1467.6488450227819,180572,4716.010899999901,0,1,1
23429080_15,650,medium,original+p+boundary_on,original,p,1,0,nan,nan,200001,5553.076900000065,0,0,0
23429080_15,650,medium,original+q+boundary_off,original,q,0,1,0.03358208955223885,1469.8914857099012,174934,4566.083399999911,0,1,1
23429080_15,650,medium,original+q+boundary_on,original,q,1,0,nan,nan,200001,5612.458100000026,0,0,0
23429080_15,650,medium,repaired+p+boundary_off,repaired,p,0,1,0.0336071695294996,1467.6488450227819,180572,4869.85100000004,0,1,1
23429080_15,650,medium,repaired+p+boundary_on,repaired,p,1,0,nan,nan,200001,5663.04290000005,0,0,0
23429080_15,650,medium,repaired+q+boundary_off,repaired,q,0,1,0.03358208955223885,1469.8914857099012,174934,4624.963800000046,0,1,1
23429080_15,650,medium,repaired+q+boundary_on,repaired,q,1,0,nan,nan,200001,5597.599299999956,0,0,0
23429080_15,651,medium,original+p+boundary_off,original,p,0,1,0.01261034047919296,973.8397538817932,42022,1040.9045000000106,0,1,1
23429080_15,651,medium,original+p+boundary_on,original,p,1,1,0.008782936010037656,977.8397538817932,73838,2034.037499999954,1,1,1
23429080_15,651,medium,original+q+boundary_off,original,q,0,1,0.01132075471698113,975.8397538817932,43221,1089.1360000000532,0,1,1
23429080_15,651,medium,original+q+boundary_on,original,q,1,1,0.008782936010037656,978.6681810065394,74564,2088.300000000004,1,1,1
23429080_15,651,medium,repaired+p+boundary_off,repaired,p,0,1,0.01261034047919296,973.8397538817932,42291,1073.2425999999577,0,1,1
23429080_15,651,medium,repaired+p+boundary_on,repaired,p,1,1,0.008782936010037656,977.8397538817932,74854,1987.8596999999445,1,1,1
23429080_15,651,medium,repaired+q+boundary_off,repaired,q,0,1,0.01132075471698113,975.8397538817932,43498,1093.0938000000197,0,1,1
23429080_15,651,medium,repaired+q+boundary_on,repaired,q,1,1,0.008782936010037656,978.6681810065394,75545,2124.6128000000226,1,1,1
23429080_15,652,long,original+p+boundary_off,original,p,0,0,nan,nan,200001,5160.379700000021,0,0,0
23429080_15,652,long,original+p+boundary_on,original,p,1,0,nan,nan,200001,5635.429899999963,0,0,0
23429080_15,652,long,original+q+boundary_off,original,q,0,0,nan,nan,200001,5238.576099999932,0,0,0
23429080_15,652,long,original+q+boundary_on,original,q,1,0,nan,nan,200001,5651.675000000068,0,0,0
23429080_15,652,long,repaired+p+boundary_off,repaired,p,0,0,nan,nan,200001,5344.67189999998,0,0,0
23429080_15,652,long,repaired+p+boundary_on,repaired,p,1,0,nan,nan,200001,5547.4832999999535,0,0,0
23429080_15,652,long,repaired+q+boundary_off,repaired,q,0,0,nan,nan,200001,5484.899799999994,0,0,0
23429080_15,652,long,repaired+q+boundary_on,repaired,q,1,0,nan,nan,200001,5619.743200000016,0,0,0
23429080_15,653,long,original+p+boundary_off,original,p,0,0,nan,nan,0,0.0,0,0,0
23429080_15,653,long,original+p+boundary_on,original,p,1,0,nan,nan,0,0.0,0,0,0
23429080_15,653,long,original+q+boundary_off,original,q,0,0,nan,nan,0,0.0,0,0,0
23429080_15,653,long,original+q+boundary_on,original,q,1,0,nan,nan,0,0.0,0,0,0
23429080_15,653,long,repaired+p+boundary_off,repaired,p,0,0,nan,nan,0,0.0,0,0,0
23429080_15,653,long,repaired+p+boundary_on,repaired,p,1,0,nan,nan,0,0.0,0,0,0
23429080_15,653,long,repaired+q+boundary_off,repaired,q,0,0,nan,nan,0,0.0,0,0,0
23429080_15,653,long,repaired+q+boundary_on,repaired,q,1,0,nan,nan,0,0.0,0,0,0
23429080_15,654,long,original+p+boundary_off,original,p,0,0,nan,nan,0,0.0,0,0,0
23429080_15,654,long,original+p+boundary_on,original,p,1,0,nan,nan,0,0.0,0,0,0
23429080_15,654,long,original+q+boundary_off,original,q,0,0,nan,nan,0,0.0,0,0,0
23429080_15,654,long,original+q+boundary_on,original,q,1,0,nan,nan,0,0.0,0,0,0
23429080_15,654,long,repaired+p+boundary_off,repaired,p,0,0,nan,nan,200001,5474.333499999943,0,0,0
23429080_15,654,long,repaired+p+boundary_on,repaired,p,1,0,nan,nan,200001,5658.767300000022,0,0,0
23429080_15,654,long,repaired+q+boundary_off,repaired,q,0,0,nan,nan,200001,5381.078699999989,0,0,0
23429080_15,654,long,repaired+q+boundary_on,repaired,q,1,0,nan,nan,200001,5797.7505000000065,0,0,0
23429080_15,655,long,original+p+boundary_off,original,p,0,0,nan,nan,0,0.0,0,0,0
23429080_15,655,long,original+p+boundary_on,original,p,1,0,nan,nan,0,0.0,0,0,0
23429080_15,655,long,original+q+boundary_off,original,q,0,0,nan,nan,0,0.0,0,0,0
23429080_15,655,long,original+q+boundary_on,original,q,1,0,nan,nan,0,0.0,0,0,0
23429080_15,655,long,repaired+p+boundary_off,repaired,p,0,0,nan,nan,200001,5343.501100000026,0,0,0
23429080_15,655,long,repaired+p+boundary_on,repaired,p,1,0,nan,nan,200001,5444.84389999991,0,0,0
23429080_15,655,long,repaired+q+boundary_off,repaired,q,0,0,nan,nan,200001,5150.446100000067,0,0,0
23429080_15,655,long,repaired+q+boundary_on,repaired,q,1,0,nan,nan,200001,5499.732699999981,0,0,0
23429080_15,656,long,original+p+boundary_off,original,p,0,0,nan,nan,0,0.0,0,0,0
23429080_15,656,long,original+p+boundary_on,original,p,1,0,nan,nan,0,0.0,0,0,0
23429080_15,656,long,original+q+boundary_off,original,q,0,0,nan,nan,0,0.0,0,0,0
23429080_15,656,long,original+q+boundary_on,original,q,1,0,nan,nan,0,0.0,0,0,0
23429080_15,656,long,repaired+p+boundary_off,repaired,p,0,0,nan,nan,0,0.0,0,0,0
23429080_15,656,long,repaired+p+boundary_on,repaired,p,1,0,nan,nan,0,0.0,0,0,0
23429080_15,656,long,repaired+q+boundary_off,repaired,q,0,0,nan,nan,0,0.0,0,0,0
23429080_15,656,long,repaired+q+boundary_on,repaired,q,1,0,nan,nan,0,0.0,0,0,0
23429080_15,657,long,original+p+boundary_off,original,p,0,0,nan,nan,0,0.0,0,0,0
23429080_15,657,long,original+p+boundary_on,original,p,1,0,nan,nan,0,0.0,0,0,0
23429080_15,657,long,original+q+boundary_off,original,q,0,0,nan,nan,0,0.0,0,0,0
23429080_15,657,long,original+q+boundary_on,original,q,1,0,nan,nan,0,0.0,0,0,0
23429080_15,657,long,repaired+p+boundary_off,repaired,p,0,0,nan,nan,0,0.0,0,0,0
23429080_15,657,long,repaired+p+boundary_on,repaired,p,1,0,nan,nan,0,0.0,0,0,0
23429080_15,657,long,repaired+q+boundary_off,repaired,q,0,0,nan,nan,0,0.0,0,0,0
23429080_15,657,long,repaired+q+boundary_on,repaired,q,1,0,nan,nan,0,0.0,0,0,0
23429080_15,658,long,original+p+boundary_off,original,p,0,0,nan,nan,200001,5181.697799999938,0,0,0
23429080_15,658,long,original+p+boundary_on,original,p,1,0,nan,nan,200001,5765.097200000014,0,0,0
23429080_15,658,long,original+q+boundary_off,original,q,0,0,nan,nan,200001,5399.348699999905,0,0,0
23429080_15,658,long,original+q+boundary_on,original,q,1,0,nan,nan,200001,5743.984799999907,0,0,0
23429080_15,658,long,repaired+p+boundary_off,repaired,p,0,0,nan,nan,200001,5419.832099999894,0,0,0
23429080_15,658,long,repaired+p+boundary_on,repaired,p,1,0,nan,nan,200001,5489.481500000011,0,0,0
23429080_15,658,long,repaired+q+boundary_off,repaired,q,0,0,nan,nan,200001,5205.88459999999,0,0,0
23429080_15,658,long,repaired+q+boundary_on,repaired,q,1,0,nan,nan,200001,5417.412200000172,0,0,0
23729020_15,659,short,original+p+boundary_off,original,p,0,0,nan,nan,0,0.0,0,0,0
23729020_15,659,short,original+p+boundary_on,original,p,1,0,nan,nan,0,0.0,0,0,0
23729020_15,659,short,original+q+boundary_off,original,q,0,0,nan,nan,0,0.0,0,0,0
23729020_15,659,short,original+q+boundary_on,original,q,1,0,nan,nan,0,0.0,0,0,0
23729020_15,659,short,repaired+p+boundary_off,repaired,p,0,0,nan,nan,0,0.0,0,0,0
23729020_15,659,short,repaired+p+boundary_on,repaired,p,1,0,nan,nan,0,0.0,0,0,0
23729020_15,659,short,repaired+q+boundary_off,repaired,q,0,0,nan,nan,0,0.0,0,0,0
23729020_15,659,short,repaired+q+boundary_on,repaired,q,1,0,nan,nan,0,0.0,0,0,0
23729020_15,660,short,original+p+boundary_off,original,p,0,0,nan,nan,0,0.0,0,0,0
23729020_15,660,short,original+p+boundary_on,original,p,1,0,nan,nan,0,0.0,0,0,0
23729020_15,660,short,original+q+boundary_off,original,q,0,0,nan,nan,0,0.0,0,0,0
23729020_15,660,short,original+q+boundary_on,original,q,1,0,nan,nan,0,0.0,0,0,0
23729020_15,660,short,repaired+p+boundary_off,repaired,p,0,0,nan,nan,0,0.0,0,0,0
23729020_15,660,short,repaired+p+boundary_on,repaired,p,1,0,nan,nan,0,0.0,0,0,0
23729020_15,660,short,repaired+q+boundary_off,repaired,q,0,0,nan,nan,0,0.0,0,0,0
23729020_15,660,short,repaired+q+boundary_on,repaired,q,1,0,nan,nan,0,0.0,0,0,0
23729020_15,661,short,original+p+boundary_off,original,p,0,0,nan,nan,0,0.0,0,0,0
23729020_15,661,short,original+p+boundary_on,original,p,1,0,nan,nan,0,0.0,0,0,0
23729020_15,661,short,original+q+boundary_off,original,q,0,0,nan,nan,0,0.0,0,0,0
23729020_15,661,short,original+q+boundary_on,original,q,1,0,nan,nan,0,0.0,0,0,0
23729020_15,661,short,repaired+p+boundary_off,repaired,p,0,0,nan,nan,0,0.0,0,0,0
23729020_15,661,short,repaired+p+boundary_on,repaired,p,1,0,nan,nan,0,0.0,0,0,0
23729020_15,661,short,repaired+q+boundary_off,repaired,q,0,0,nan,nan,0,0.0,0,0,0
23729020_15,661,short,repaired+q+boundary_on,repaired,q,1,0,nan,nan,0,0.0,0,0,0
23729020_15,662,short,original+p+boundary_off,original,p,0,0,nan,nan,0,0.0,0,0,0
23729020_15,662,short,original+p+boundary_on,original,p,1,0,nan,nan,0,0.0,0,0,0
23729020_15,662,short,original+q+boundary_off,original,q,0,0,nan,nan,0,0.0,0,0,0
23729020_15,662,short,original+q+boundary_on,original,q,1,0,nan,nan,0,0.0,0,0,0
23729020_15,662,short,repaired+p+boundary_off,repaired,p,0,0,nan,nan,0,0.0,0,0,0
23729020_15,662,short,repaired+p+boundary_on,repaired,p,1,0,nan,nan,0,0.0,0,0,0
23729020_15,662,short,repaired+q+boundary_off,repaired,q,0,0,nan,nan,0,0.0,0,0,0
23729020_15,662,short,repaired+q+boundary_on,repaired,q,1,0,nan,nan,0,0.0,0,0,0
23729020_15,663,short,original+p+boundary_off,original,p,0,0,nan,nan,0,0.0,0,0,0
23729020_15,663,short,original+p+boundary_on,original,p,1,0,nan,nan,0,0.0,0,0,0
23729020_15,663,short,original+q+boundary_off,original,q,0,0,nan,nan,0,0.0,0,0,0
23729020_15,663,short,original+q+boundary_on,original,q,1,0,nan,nan,0,0.0,0,0,0
23729020_15,663,short,repaired+p+boundary_off,repaired,p,0,0,nan,nan,0,0.0,0,0,0
23729020_15,663,short,repaired+p+boundary_on,repaired,p,1,0,nan,nan,0,0.0,0,0,0
23729020_15,663,short,repaired+q+boundary_off,repaired,q,0,0,nan,nan,0,0.0,0,0,0
23729020_15,663,short,repaired+q+boundary_on,repaired,q,1,0,nan,nan,0,0.0,0,0,0
23729020_15,664,short,original+p+boundary_off,original,p,0,0,nan,nan,0,0.0,0,0,0
23729020_15,664,short,original+p+boundary_on,original,p,1,0,nan,nan,0,0.0,0,0,0
23729020_15,664,short,original+q+boundary_off,original,q,0,0,nan,nan,0,0.0,0,0,0
23729020_15,664,short,original+q+boundary_on,original,q,1,0,nan,nan,0,0.0,0,0,0
23729020_15,664,short,repaired+p+boundary_off,repaired,p,0,0,nan,nan,0,0.0,0,0,0
23729020_15,664,short,repaired+p+boundary_on,repaired,p,1,0,nan,nan,0,0.0,0,0,0
23729020_15,664,short,repaired+q+boundary_off,repaired,q,0,0,nan,nan,0,0.0,0,0,0
23729020_15,664,short,repaired+q+boundary_on,repaired,q,1,0,nan,nan,0,0.0,0,0,0
23729020_15,665,medium,original+p+boundary_off,original,p,0,0,nan,nan,0,0.0,0,0,0
23729020_15,665,medium,original+p+boundary_on,original,p,1,0,nan,nan,0,0.0,0,0,0
23729020_15,665,medium,original+q+boundary_off,original,q,0,0,nan,nan,0,0.0,0,0,0
23729020_15,665,medium,original+q+boundary_on,original,q,1,0,nan,nan,0,0.0,0,0,0
23729020_15,665,medium,repaired+p+boundary_off,repaired,p,0,0,nan,nan,0,0.0,0,0,0
23729020_15,665,medium,repaired+p+boundary_on,repaired,p,1,0,nan,nan,0,0.0,0,0,0
23729020_15,665,medium,repaired+q+boundary_off,repaired,q,0,0,nan,nan,0,0.0,0,0,0
23729020_15,665,medium,repaired+q+boundary_on,repaired,q,1,0,nan,nan,0,0.0,0,0,0
23729020_15,666,medium,original+p+boundary_off,original,p,0,0,nan,nan,0,0.0,0,0,0
23729020_15,666,medium,original+p+boundary_on,original,p,1,0,nan,nan,0,0.0,0,0,0
23729020_15,666,medium,original+q+boundary_off,original,q,0,0,nan,nan,0,0.0,0,0,0
23729020_15,666,medium,original+q+boundary_on,original,q,1,0,nan,nan,0,0.0,0,0,0
23729020_15,666,medium,repaired+p+boundary_off,repaired,p,0,0,nan,nan,0,0.0,0,0,0
23729020_15,666,medium,repaired+p+boundary_on,repaired,p,1,0,nan,nan,0,0.0,0,0,0
23729020_15,666,medium,repaired+q+boundary_off,repaired,q,0,0,nan,nan,0,0.0,0,0,0
23729020_15,666,medium,repaired+q+boundary_on,repaired,q,1,0,nan,nan,0,0.0,0,0,0
23729020_15,667,medium,original+p+boundary_off,original,p,0,0,nan,nan,0,0.0,0,0,0
23729020_15,667,medium,original+p+boundary_on,original,p,1,0,nan,nan,0,0.0,0,0,0
23729020_15,667,medium,original+q+boundary_off,original,q,0,0,nan,nan,0,0.0,0,0,0
23729020_15,667,medium,original+q+boundary_on,original,q,1,0,nan,nan,0,0.0,0,0,0
23729020_15,667,medium,repaired+p+boundary_off,repaired,p,0,0,nan,nan,0,0.0,0,0,0
23729020_15,667,medium,repaired+p+boundary_on,repaired,p,1,0,nan,nan,0,0.0,0,0,0
23729020_15,667,medium,repaired+q+boundary_off,repaired,q,0,0,nan,nan,0,0.0,0,0,0
23729020_15,667,medium,repaired+q+boundary_on,repaired,q,1,0,nan,nan,0,0.0,0,0,0
23729020_15,668,medium,original+p+boundary_off,original,p,0,0,nan,nan,0,0.0,0,0,0
23729020_15,668,medium,original+p+boundary_on,original,p,1,0,nan,nan,0,0.0,0,0,0
23729020_15,668,medium,original+q+boundary_off,original,q,0,0,nan,nan,0,0.0,0,0,0
23729020_15,668,medium,original+q+boundary_on,original,q,1,0,nan,nan,0,0.0,0,0,0
23729020_15,668,medium,repaired+p+boundary_off,repaired,p,0,0,nan,nan,0,0.0,0,0,0
23729020_15,668,medium,repaired+p+boundary_on,repaired,p,1,0,nan,nan,0,0.0,0,0,0
23729020_15,668,medium,repaired+q+boundary_off,repaired,q,0,0,nan,nan,0,0.0,0,0,0
23729020_15,668,medium,repaired+q+boundary_on,repaired,q,1,0,nan,nan,0,0.0,0,0,0
23729020_15,669,medium,original+p+boundary_off,original,p,0,0,nan,nan,0,0.0,0,0,0
23729020_15,669,medium,original+p+boundary_on,original,p,1,0,nan,nan,0,0.0,0,0,0
23729020_15,669,medium,original+q+boundary_off,original,q,0,0,nan,nan,0,0.0,0,0,0
23729020_15,669,medium,original+q+boundary_on,original,q,1,0,nan,nan,0,0.0,0,0,0
23729020_15,669,medium,repaired+p+boundary_off,repaired,p,0,0,nan,nan,0,0.0,0,0,0
23729020_15,669,medium,repaired+p+boundary_on,repaired,p,1,0,nan,nan,0,0.0,0,0,0
23729020_15,669,medium,repaired+q+boundary_off,repaired,q,0,0,nan,nan,0,0.0,0,0,0
23729020_15,669,medium,repaired+q+boundary_on,repaired,q,1,0,nan,nan,0,0.0,0,0,0
23729020_15,670,medium,original+p+boundary_off,original,p,0,0,nan,nan,0,0.0,0,0,0
23729020_15,670,medium,original+p+boundary_on,original,p,1,0,nan,nan,0,0.0,0,0,0
23729020_15,670,medium,original+q+boundary_off,original,q,0,0,nan,nan,0,0.0,0,0,0
23729020_15,670,medium,original+q+boundary_on,original,q,1,0,nan,nan,0,0.0,0,0,0
23729020_15,670,medium,repaired+p+boundary_off,repaired,p,0,0,nan,nan,0,0.0,0,0,0
23729020_15,670,medium,repaired+p+boundary_on,repaired,p,1,0,nan,nan,0,0.0,0,0,0
23729020_15,670,medium,repaired+q+boundary_off,repaired,q,0,0,nan,nan,0,0.0,0,0,0
23729020_15,670,medium,repaired+q+boundary_on,repaired,q,1,0,nan,nan,0,0.0,0,0,0
23729020_15,671,medium,original+p+boundary_off,original,p,0,0,nan,nan,0,0.0,0,0,0
23729020_15,671,medium,original+p+boundary_on,original,p,1,0,nan,nan,0,0.0,0,0,0
23729020_15,671,medium,original+q+boundary_off,original,q,0,0,nan,nan,0,0.0,0,0,0
23729020_15,671,medium,original+q+boundary_on,original,q,1,0,nan,nan,0,0.0,0,0,0
23729020_15,671,medium,repaired+p+boundary_off,repaired,p,0,0,nan,nan,0,0.0,0,0,0
23729020_15,671,medium,repaired+p+boundary_on,repaired,p,1,0,nan,nan,0,0.0,0,0,0
23729020_15,671,medium,repaired+q+boundary_off,repaired,q,0,0,nan,nan,0,0.0,0,0,0
23729020_15,671,medium,repaired+q+boundary_on,repaired,q,1,0,nan,nan,0,0.0,0,0,0
23878540_15,672,short,original+p+boundary_off,original,p,0,1,0.025954198473282397,736.0142853498749,19354,500.715600000035,0,1,1
23878540_15,672,short,original+p+boundary_on,original,p,1,1,0.015128593040847238,741.1858582251286,22313,588.3219999999483,0,1,1
23878540_15,672,short,original+q+boundary_off,original,q,0,1,0.030441400304414,738.0142853498749,19112,473.0051999999887,0,1,1
23878540_15,672,short,original+q+boundary_on,original,q,1,1,0.015128593040847238,741.1858582251286,22101,600.4124999999476,0,1,1
23878540_15,672,short,repaired+p+boundary_off,repaired,p,0,1,0.025954198473282397,736.0142853498749,19354,473.1097999999747,0,1,1
23878540_15,672,short,repaired+p+boundary_on,repaired,p,1,1,0.015128593040847238,741.1858582251286,22313,628.2181000000264,0,1,1
23878540_15,672,short,repaired+q+boundary_off,repaired,q,0,1,0.030441400304414,738.0142853498749,19112,503.17979999999807,0,1,1
23878540_15,672,short,repaired+q+boundary_on,repaired,q,1,1,0.015128593040847238,741.1858582251286,22101,603.9548999999624,0,1,1
23878540_15,673,short,original+p+boundary_off,original,p,0,1,0.0,380.62950903902373,6657,157.34650000001693,1,1,1
23878540_15,673,short,original+p+boundary_on,original,p,1,1,0.0,381.8010819142776,8254,215.81449999996494,1,1,1
23878540_15,673,short,original+q+boundary_off,original,q,0,1,0.0,380.62950903902373,6538,166.0808999999972,1,1,1
23878540_15,673,short,original+q+boundary_on,original,q,1,1,0.0,381.8010819142776,8220,226.1637999999948,1,1,1
23878540_15,673,short,repaired+p+boundary_off,repaired,p,0,1,0.0,380.62950903902373,6657,157.51720000002933,1,1,1
23878540_15,673,short,repaired+p+boundary_on,repaired,p,1,1,0.0,381.8010819142776,8254,208.03590000002714,1,1,1
23878540_15,673,short,repaired+q+boundary_off,repaired,q,0,1,0.0,380.62950903902373,6538,164.70059999994646,1,1,1
23878540_15,673,short,repaired+q+boundary_on,repaired,q,1,1,0.0,381.8010819142776,8220,217.71560000001955,1,1,1
23878540_15,674,short,original+p+boundary_off,original,p,0,1,0.0,484.3107499061565,8084,193.89190000003964,1,1,1
23878540_15,674,short,original+p+boundary_on,original,p,1,1,0.0,486.8965363437834,8920,238.4890999999243,1,1,1
23878540_15,674,short,original+q+boundary_off,original,q,0,1,0.0,484.3107499061565,8047,202.19280000003437,1,1,1
23878540_15,674,short,original+q+boundary_on,original,q,1,1,0.0,486.8965363437834,8883,236.71109999997952,1,1,1
23878540_15,674,short,repaired+p+boundary_off,repaired,p,0,1,0.0,484.3107499061565,8084,209.4685000000709,1,1,1
23878540_15,674,short,repaired+p+boundary_on,repaired,p,1,1,0.0,486.8965363437834,8920,252.9863000000887,1,1,1
23878540_15,674,short,repaired+q+boundary_off,repaired,q,0,1,0.0,484.3107499061565,8047,208.39239999997972,1,1,1
23878540_15,674,short,repaired+q+boundary_on,repaired,q,1,1,0.0,486.8965363437834,8883,243.0367000000615,1,1,1
23878540_15,675,short,original+p+boundary_off,original,p,0,1,0.008784773060029227,864.2539674441658,23656,639.8609999999962,1,1,1
23878540_15,675,short,original+p+boundary_on,original,p,1,1,0.002915451895043719,866.8397538817927,27966,742.8506999999627,1,1,1
23878540_15,675,short,original+q+boundary_off,original,q,0,1,0.008784773060029227,864.2539674441658,23353,635.2018000000044,1,1,1
23878540_15,675,short,original+q+boundary_on,original,q,1,1,0.002915451895043719,866.8397538817927,27734,853.3575999999812,1,1,1
23878540_15,675,short,repaired+p+boundary_off,repaired,p,0,1,0.008784773060029227,864.2539674441658,23656,627.0049000000881,1,1,1
23878540_15,675,short,repaired+p+boundary_on,repaired,p,1,1,0.002915451895043719,866.8397538817927,27966,920.9669000000531,1,1,1
23878540_15,675,short,repaired+q+boundary_off,repaired,q,0,1,0.008784773060029227,864.2539674441658,23353,603.9213999999902,1,1,1
23878540_15,675,short,repaired+q+boundary_on,repaired,q,1,1,0.002915451895043719,866.8397538817927,27734,740.6902000000173,1,1,1
23878540_15,676,short,original+p+boundary_off,original,p,0,1,0.005357142857142838,709.3595231414367,23429,579.3472999999949,1,1,1
23878540_15,676,short,original+p+boundary_on,original,p,1,1,0.005338078291814985,711.3595231414367,23981,666.6069999999991,1,1,1
23878540_15,676,short,original+q+boundary_off,original,q,0,1,0.005347593582887722,709.9453095790636,23321,603.6604000000807,1,1,1
23878540_15,676,short,original+q+boundary_on,original,q,1,1,0.001779359430605032,712.187950266183,23847,631.9545000000062,1,1,1
23878540_15,676,short,repaired+p+boundary_off,repaired,p,0,1,0.005357142857142838,709.3595231414367,23429,607.1062000000893,1,1,1
23878540_15,676,short,repaired+p+boundary_on,repaired,p,1,1,0.005338078291814985,711.3595231414367,23981,651.4636000000564,1,1,1
23878540_15,676,short,repaired+q+boundary_off,repaired,q,0,1,0.005347593582887722,709.9453095790636,23321,579.6179999999822,1,1,1
23878540_15,676,short,repaired+q+boundary_on,repaired,q,1,1,0.001779359430605032,712.187950266183,23847,649.095299999999,1,1,1
23878540_15,677,short,original+p+boundary_off,original,p,0,1,0.02732240437158473,421.7472580451151,8003,199.1222999999991,0,1,1
23878540_15,677,short,original+p+boundary_on,original,p,1,1,0.016348773841961872,423.1614716074882,10014,283.95979999993415,0,1,1
23878540_15,677,short,original+q+boundary_off,original,q,0,1,0.02732240437158473,421.7472580451151,7895,196.41589999991993,0,1,1
23878540_15,677,short,original+q+boundary_on,original,q,1,1,0.016348773841961872,423.1614716074882,9687,265.7537999999704,0,1,1
23878540_15,677,short,repaired+p+boundary_off,repaired,p,0,1,0.02732240437158473,421.7472580451151,8003,201.94309999999405,0,1,1
23878540_15,677,short,repaired+p+boundary_on,repaired,p,1,1,0.016348773841961872,423.1614716074882,10014,317.6031000000421,0,1,1
23878540_15,677,short,repaired+q+boundary_off,repaired,q,0,1,0.02732240437158473,421.7472580451151,7895,204.03490000001057,0,1,1
23878540_15,677,short,repaired+q+boundary_on,repaired,q,1,1,0.016348773841961872,423.1614716074882,9687,269.77770000007695,0,1,1
23878540_15,678,medium,original+p+boundary_off,original,p,0,1,0.02197802197802201,984.5138520739882,18352,452.859599999897,0,1,1
23878540_15,678,medium,original+p+boundary_on,original,p,1,1,0.015815085158150888,987.9280656363613,29857,809.0374999999312,0,1,1
23878540_15,678,medium,original+q+boundary_off,original,q,0,1,0.02195121951219514,985.0996385116151,18256,521.5873000000784,0,1,1
23878540_15,678,medium,original+q+boundary_on,original,q,1,1,0.012135922330097082,989.9280656363613,29636,813.634699999966,0,1,1
23878540_15,678,medium,repaired+p+boundary_off,repaired,p,0,1,0.02197802197802201,984.5138520739882,18352,451.46379999994224,0,1,1
23878540_15,678,medium,repaired+p+boundary_on,repaired,p,1,1,0.015815085158150888,987.9280656363613,29857,790.4809999999998,0,1,1
23878540_15,678,medium,repaired+q+boundary_off,repaired,q,0,1,0.02195121951219514,985.0996385116151,18256,443.9567999999099,0,1,1
23878540_15,678,medium,repaired+q+boundary_on,repaired,q,1,1,0.012135922330097082,989.9280656363613,29636,775.1500000000533,0,1,1
23878540_15,679,medium,original+p+boundary_off,original,p,0,1,0.011004126547455306,1677.503750806223,44965,1094.6250000000646,0,1,1
23878540_15,679,medium,original+p+boundary_on,original,p,1,1,0.006168608636052064,1683.7463914933423,75474,2095.3647000000046,1,1,1
23878540_15,679,medium,original+q+boundary_off,original,q,0,1,0.010302197802197766,1678.6753236814768,44685,1096.3639999999941,0,1,1
23878540_15,679,medium,original+q+boundary_on,original,q,1,1,0.005479452054794498,1685.1606050557155,75046,1970.2358000000686,1,1,1
23878540_15,679,medium,repaired+p+boundary_off,repaired,p,0,1,0.011004126547455306,1677.503750806223,44965,1156.2128000000484,0,1,1
23878540_15,679,medium,repaired+p+boundary_on,repaired,p,1,1,0.006168608636052064,1683.7463914933423,75474,2074.9258000000737,1,1,1
23878540_15,679,medium,repaired+q+boundary_off,repaired,q,0,1,0.010302197802197766,1678.6753236814768,44685,1109.326699999997,0,1,1
23878540_15,679,medium,repaired+q+boundary_on,repaired,q,1,1,0.005479452054794498,1685.1606050557155,75046,2042.399899999964,1,1,1
23878540_15,680,medium,original+p+boundary_off,original,p,0,1,0.03455882352941175,1525.099638511615,37047,904.4531999999208,0,1,1
23878540_15,680,medium,original+p+boundary_on,original,p,1,1,0.011687363038714427,1536.1707063234805,41062,1088.769999999954,0,1,1
23878540_15,680,medium,original+q+boundary_off,original,q,0,1,0.03671071953010274,1527.099638511615,36483,915.3714000000264,0,1,1
23878540_15,680,medium,original+q+boundary_on,original,q,1,1,0.011687363038714427,1536.1707063234805,40575,1060.892899999999,0,1,1
23878540_15,680,medium,repaired+p+boundary_off,repaired,p,0,1,0.03455882352941175,1525.099638511615,38281,953.4204999999929,0,1,1
23878540_15,680,medium,repaired+p+boundary_on,repaired,p,1,1,0.011687363038714427,1536.1707063234805,42141,1123.9048999999568,0,1,1
23878540_15,680,medium,repaired+q+boundary_off,repaired,q,0,1,0.03671071953010274,1527.099638511615,37648,939.4142999999531,0,1,1
23878540_15,680,medium,repaired+q+boundary_on,repaired,q,1,1,0.011687363038714427,1536.1707063234805,41632,1098.0837999999267,0,1,1
23878540_15,681,medium,original+p+boundary_off,original,p,0,1,0.003284072249589487,1425.3494218736714,26843,636.1589999999069,1,1,1
23878540_15,681,medium,original+p+boundary_on,original,p,1,1,0.0008176614881438837,1429.9352083112985,44935,1189.2814000000271,1,1,1
23878540_15,681,medium,original+q+boundary_off,original,q,0,1,0.003284072249589487,1425.3494218736714,26797,653.0362999999397,1,1,1
23878540_15,681,medium,original+q+boundary_on,original,q,1,1,0.0,1430.7636354360448,44689,1168.879600000082,1,1,1
23878540_15,681,medium,repaired+p+boundary_off,repaired,p,0,1,0.003284072249589487,1425.3494218736714,26843,656.4850000000888,1,1,1
23878540_15,681,medium,repaired+p+boundary_on,repaired,p,1,1,0.0008176614881438837,1429.9352083112985,44935,1157.046400000013,1,1,1
23878540_15,681,medium,repaired+q+boundary_off,repaired,q,0,1,0.003284072249589487,1425.3494218736714,26797,654.2122000000745,1,1,1
23878540_15,681,medium,repaired+q+boundary_on,repaired,q,1,1,0.0,1430.7636354360448,44689,1172.047500000076,1,1,1
23878540_15,682,medium,original+p+boundary_off,original,p,0,1,0.004123711340206171,1808.566809391378,38465,936.025299999983,1,1,1
23878540_15,682,medium,original+p+boundary_on,original,p,1,1,0.0034199726402188713,1814.3241687042585,46671,1193.606900000077,1,1,1
23878540_15,682,medium,original+q+boundary_off,original,q,0,1,0.004120879120879106,1809.152595829005,38220,938.9515000000301,1,1,1
23878540_15,682,medium,original+q+boundary_on,original,q,1,1,0.0034199726402188713,1814.3241687042585,46163,1175.5642000000535,1,1,1
23878540_15,682,medium,repaired+p+boundary_off,repaired,p,0,1,0.004123711340206171,1808.566809391378,38729,937.8844999999956,1,1,1
23878540_15,682,medium,repaired+p+boundary_on,repaired,p,1,1,0.0034199726402188713,1814.3241687042585,47582,1203.1915000000026,1,1,1
23878540_15,682,medium,repaired+q+boundary_off,repaired,q,0,1,0.004120879120879106,1809.152595829005,38441,936.6112999999814,1,1,1
23878540_15,682,medium,repaired+q+boundary_on,repaired,q,1,1,0.0034199726402188713,1814.3241687042585,47070,1223.7204000000474,1,1,1
23878540_15,683,medium,original+p+boundary_off,original,p,0,1,0.017970401691331905,1191.0428560496243,42096,1045.0078999999732,0,1,1
23878540_15,683,medium,original+p+boundary_on,original,p,1,1,0.006295907660020972,1200.9423509862359,49227,1329.694399999994,1,1,1
23878540_15,683,medium,original+q+boundary_off,original,q,0,1,0.01793248945147674,1192.2144289248781,41796,1027.603900000031,0,1,1
23878540_15,683,medium,original+q+boundary_on,original,q,1,1,0.00524109014675056,1202.356564548609,48990,1251.6460000000507,1,1,1
23878540_15,683,medium,repaired+p+boundary_off,repaired,p,0,1,0.017970401691331905,1191.0428560496243,42096,1051.044900000079,0,1,1
23878540_15,683,medium,repaired+p+boundary_on,repaired,p,1,1,0.006295907660020972,1200.9423509862359,49227,1270.790199999965,1,1,1
23878540_15,683,medium,repaired+q+boundary_off,repaired,q,0,1,0.01793248945147674,1192.2144289248781,41796,1046.2420000000066,0,1,1
23878540_15,683,medium,repaired+q+boundary_on,repaired,q,1,1,0.00524109014675056,1202.356564548609,48990,1293.9004999999497,1,1,1
23878540_15,684,medium,original+p+boundary_off,original,p,0,1,0.015138023152270752,1404.0794359760846,54751,1388.335100000063,0,1,1
23878540_15,684,medium,original+p+boundary_on,original,p,1,1,0.005314437555358764,1412.5647173503232,59855,1563.3741000000327,1,1,1
23878540_15,684,medium,original+q+boundary_off,original,q,0,1,0.015111111111111075,1405.2510088513382,54285,1312.489199999959,0,1,1
23878540_15,684,medium,original+q+boundary_on,original,q,1,1,0.004424778761061954,1413.9789309126961,59439,1558.364499999925,1,1,1
23878540_15,684,medium,repaired+p+boundary_off,repaired,p,0,1,0.015138023152270752,1404.0794359760846,54751,1451.1242999999467,0,1,1
23878540_15,684,medium,repaired+p+boundary_on,repaired,p,1,1,0.005314437555358764,1412.5647173503232,59855,1582.9464999999345,1,1,1
23878540_15,684,medium,repaired+q+boundary_off,repaired,q,0,1,0.015111111111111075,1405.2510088513382,54285,1342.9094999999052,0,1,1
23878540_15,684,medium,repaired+q+boundary_on,repaired,q,1,1,0.004424778761061954,1413.9789309126961,59439,1594.97070000009,1,1,1
23878540_15,685,long,original+p+boundary_off,original,p,0,1,0.02824519230769229,2039.9343417595262,92303,2371.5758999999252,0,1,1
23878540_15,685,long,original+p+boundary_on,original,p,1,1,0.011356843992827215,2051.0054095713913,101911,2793.495099999973,0,1,1
23878540_15,685,long,original+q+boundary_off,original,q,0,1,0.028228228228228236,2040.520128197153,91354,2307.2810999999547,0,1,1
23878540_15,685,long,original+q+boundary_on,original,q,1,1,0.010155316606929476,2051.591196009018,101249,2795.3886999999895,0,1,1
23878540_15,685,long,repaired+p+boundary_off,repaired,p,0,1,0.02824519230769229,2039.9343417595262,92303,2395.9800000000087,0,1,1
23878540_15,685,long,repaired+p+boundary_on,repaired,p,1,1,0.011356843992827215,2051.0054095713913,101954,2774.2681999999377,0,1,1
23878540_15,685,long,repaired+q+boundary_off,repaired,q,0,1,0.028228228228228236,2040.520128197153,91354,2311.3846999999623,0,1,1
23878540_15,685,long,repaired+q+boundary_on,repaired,q,1,1,0.010155316606929476,2051.591196009018,101294,2723.0084999999917,0,1,1
23878540_15,686,long,original+p+boundary_off,original,p,0,1,0.026925148088314477,2254.059233440534,97157,2494.610800000032,0,1,1
23878540_15,686,long,original+p+boundary_on,original,p,1,1,0.0112540192926045,2266.7871555018905,101519,2734.830000000102,0,1,1
23878540_15,686,long,original+q+boundary_off,original,q,0,1,0.02635825712748785,2256.0592334405337,96476,2478.5892999999533,0,1,1
23878540_15,686,long,original+q+boundary_on,original,q,1,1,0.010171306209850073,2267.9587283771443,100784,2731.576000000018,0,1,1
23878540_15,686,long,repaired+p+boundary_off,repaired,p,0,1,0.026925148088314477,2254.059233440534,97159,2475.285299999996,0,1,1
23878540_15,686,long,repaired+p+boundary_on,repaired,p,1,1,0.0112540192926045,2266.7871555018905,101558,2668.6872999999878,0,1,1
23878540_15,686,long,repaired+q+boundary_off,repaired,q,0,1,0.02635825712748785,2256.0592334405337,96476,2410.3843000000325,0,1,1
23878540_15,686,long,repaired+q+boundary_on,repaired,q,1,1,0.010171306209850073,2267.9587283771443,100819,2672.875799999929,0,1,1
23878540_15,687,long,original+p+boundary_off,original,p,0,1,0.025821596244131495,1992.5352800988012,84426,2135.917999999947,0,1,1
23878540_15,687,long,original+p+boundary_on,original,p,1,1,0.012287887653598561,1999.6063479106667,105208,2856.8301999999903,0,1,1
23878540_15,687,long,original+q+boundary_off,original,q,0,1,0.02228739002932556,1993.121066536428,83813,2123.6057999999502,0,1,1
23878540_15,687,long,original+q+boundary_on,original,q,1,1,0.011702750146284413,2000.434775035413,104322,2917.8282999999965,0,1,1
23878540_15,687,long,repaired+p+boundary_off,repaired,p,0,1,0.025821596244131495,1992.5352800988012,85275,2154.442300000028,0,1,1
23878540_15,687,long,repaired+p+boundary_on,repaired,p,1,1,0.012287887653598561,1999.6063479106667,106302,2857.431399999996,0,1,1
23878540_15,687,long,repaired+q+boundary_off,repaired,q,0,1,0.02228739002932556,1993.121066536428,84464,2141.3486999999805,0,1,1
23878540_15,687,long,repaired+q+boundary_on,repaired,q,1,1,0.011702750146284413,2000.434775035413,105399,2870.3109000000495,0,1,1
23878540_15,688,long,original+p+boundary_off,original,p,0,1,0.027945205479452007,2197.206419698156,96055,2499.1704000000254,0,1,1
23878540_15,688,long,original+p+boundary_on,original,p,1,1,0.010905125408942173,2209.1059146347666,98818,2632.461400000011,0,1,1
23878540_15,688,long,original+q+boundary_off,original,q,0,1,0.027367268746579132,2199.206419698156,95438,2500.8119000000306,0,1,1
23878540_15,688,long,original+q+boundary_on,original,q,1,1,0.009803921568627416,2210.2774875100204,98044,2603.243599999928,1,1,1
23878540_15,688,long,repaired+p+boundary_off,repaired,p,0,1,0.027945205479452007,2197.206419698156,96097,2498.721600000067,0,1,1
23878540_15,688,long,repaired+p+boundary_on,repaired,p,1,1,0.010905125408942173,2209.1059146347666,98856,2815.6659999999647,0,1,1
23878540_15,688,long,repaired+q+boundary_off,repaired,q,0,1,0.027367268746579132,2199.206419698156,95489,2371.368500000017,0,1,1
23878540_15,688,long,repaired+q+boundary_on,repaired,q,1,1,0.009803921568627416,2210.2774875100204,98085,2675.6378999999697,1,1,1
23878540_15,689,long,original+p+boundary_off,original,p,0,1,0.02828520919269295,2072.934341759525,99341,2654.912500000023,0,1,1
23878540_15,689,long,original+p+boundary_on,original,p,1,1,0.011143695014662724,2083.4196231337637,108377,3010.567500000093,0,1,1
23878540_15,689,long,original+q+boundary_off,original,q,0,1,0.027663331371394984,2074.934341759525,98213,2481.8321000000196,0,1,1
23878540_15,689,long,original+q+boundary_on,original,q,1,1,0.00995899238429998,2084.5911960090175,107590,2881.0139999999365,1,1,1
23878540_15,689,long,repaired+p+boundary_off,repaired,p,0,1,0.02828520919269295,2072.934341759525,99341,2615.197999999964,0,1,1
23878540_15,689,long,repaired+p+boundary_on,repaired,p,1,1,0.011143695014662724,2083.4196231337637,108420,2962.2696000000133,0,1,1
23878540_15,689,long,repaired+q+boundary_off,repaired,q,0,1,0.027663331371394984,2074.934341759525,98213,2501.3428000000886,0,1,1
23878540_15,689,long,repaired+q+boundary_on,repaired,q,1,1,0.00995899238429998,2084.5911960090175,107635,3086.75089999997,1,1,1
23878540_15,690,long,original+p+boundary_off,original,p,0,1,0.02795573675014562,2096.2480502585054,83265,2141.315899999995,0,1,1
23878540_15,690,long,original+p+boundary_on,original,p,1,1,0.011014492753623206,2106.7333316327426,92975,2579.451400000039,0,1,1
23878540_15,690,long,original+q+boundary_off,original,q,0,1,0.02734147760325767,2098.248050258505,82526,2113.2420999999795,0,1,1
23878540_15,690,long,original+q+boundary_on,original,q,1,1,0.009843659525188175,2107.904904507996,92101,2439.412700000048,1,1,1
23878540_15,690,long,repaired+p+boundary_off,repaired,p,0,1,0.02795573675014562,2096.2480502585054,83265,2063.5101000000304,0,1,1
23878540_15,690,long,repaired+p+boundary_on,repaired,p,1,1,0.011014492753623206,2106.7333316327426,93010,2494.059199999924,0,1,1
23878540_15,690,long,repaired+q+boundary_off,repaired,q,0,1,0.02734147760325767,2098.248050258505,82526,1978.971099999967,0,1,1
23878540_15,690,long,repaired+q+boundary_on,repaired,q,1,1,0.009843659525188175,2107.904904507996,92138,2521.4544999998907,1,1,1
23878540_15,691,long,original+p+boundary_off,original,p,0,1,0.027350427350427364,2159.515077563263,96395,2440.5793000000813,0,1,1
23878540_15,691,long,original+p+boundary_on,original,p,1,1,0.010764872521246471,2172.8287860622463,104781,2807.8113000000258,0,1,1
23878540_15,691,long,original+q+boundary_off,original,q,0,1,0.026750142287990886,2161.515077563263,95206,2386.7532000000438,0,1,1
23878540_15,691,long,original+q+boundary_on,original,q,1,1,0.009620826259196358,2174.0003589375006,104136,2760.6018000000176,1,1,1
23878540_15,691,long,repaired+p+boundary_off,repaired,p,0,1,0.027350427350427364,2159.515077563263,96395,2415.99640000004,0,1,1
23878540_15,691,long,repaired+p+boundary_on,repaired,p,1,1,0.010764872521246471,2172.8287860622463,104824,3001.9666000000598,0,1,1
23878540_15,691,long,repaired+q+boundary_off,repaired,q,0,1,0.026750142287990886,2161.515077563263,95206,2444.027099999971,0,1,1
23878540_15,691,long,repaired+q+boundary_on,repaired,q,1,1,0.009620826259196358,2174.0003589375006,104181,2876.5306000000237,1,1,1
24029035_15,692,short,original+p+boundary_off,original,p,0,1,0.0,148.1543289325507,1673,39.807699999983015,1,1,1
24029035_15,692,short,original+p+boundary_on,original,p,1,1,0.0,148.1543289325507,1707,42.49939999999697,1,1,1
24029035_15,692,short,original+q+boundary_off,original,q,0,1,0.0,148.1543289325507,1658,39.59450000002107,1,1,1
24029035_15,692,short,original+q+boundary_on,original,q,1,1,0.0,148.1543289325507,1701,44.993400000066686,1,1,1
24029035_15,692,short,repaired+p+boundary_off,repaired,p,0,1,0.0,148.1543289325507,1673,41.027399999961744,1,1,1
24029035_15,692,short,repaired+p+boundary_on,repaired,p,1,1,0.0,148.1543289325507,1707,45.6239000000096,1,1,1
24029035_15,692,short,repaired+q+boundary_off,repaired,q,0,1,0.0,148.1543289325507,1658,38.50169999998343,1,1,1
24029035_15,692,short,repaired+q+boundary_on,repaired,q,1,1,0.0,148.1543289325507,1701,42.95809999996436,1,1,1
24029035_15,693,short,original+p+boundary_off,original,p,0,0,nan,nan,0,0.0,0,0,0
24029035_15,693,short,original+p+boundary_on,original,p,1,0,nan,nan,0,0.0,0,0,0
24029035_15,693,short,original+q+boundary_off,original,q,0,0,nan,nan,0,0.0,0,0,0
24029035_15,693,short,original+q+boundary_on,original,q,1,0,nan,nan,0,0.0,0,0,0
24029035_15,693,short,repaired+p+boundary_off,repaired,p,0,0,nan,nan,0,0.0,0,0,0
24029035_15,693,short,repaired+p+boundary_on,repaired,p,1,0,nan,nan,0,0.0,0,0,0
24029035_15,693,short,repaired+q+boundary_off,repaired,q,0,0,nan,nan,0,0.0,0,0,0
24029035_15,693,short,repaired+q+boundary_on,repaired,q,1,0,nan,nan,0,0.0,0,0,0
24029035_15,694,short,original+p+boundary_off,original,p,0,0,nan,nan,0,0.0,0,0,0
24029035_15,694,short,original+p+boundary_on,original,p,1,0,nan,nan,0,0.0,0,0,0
24029035_15,694,short,original+q+boundary_off,original,q,0,0,nan,nan,0,0.0,0,0,0
24029035_15,694,short,original+q+boundary_on,original,q,1,0,nan,nan,0,0.0,0,0,0
24029035_15,694,short,repaired+p+boundary_off,repaired,p,0,0,nan,nan,0,0.0,0,0,0
24029035_15,694,short,repaired+p+boundary_on,repaired,p,1,0,nan,nan,0,0.0,0,0,0
24029035_15,694,short,repaired+q+boundary_off,repaired,q,0,0,nan,nan,0,0.0,0,0,0
24029035_15,694,short,repaired+q+boundary_on,repaired,q,1,0,nan,nan,0,0.0,0,0,0
24029035_15,695,short,original+p+boundary_off,original,p,0,0,nan,nan,0,0.0,0,0,0
24029035_15,695,short,original+p+boundary_on,original,p,1,0,nan,nan,0,0.0,0,0,0
24029035_15,695,short,original+q+boundary_off,original,q,0,0,nan,nan,0,0.0,0,0,0
24029035_15,695,short,original+q+boundary_on,original,q,1,0,nan,nan,0,0.0,0,0,0
24029035_15,695,short,repaired+p+boundary_off,repaired,p,0,1,0.4347826086956522,769.7493500861697,32169,796.0633000000144,0,0,0
24029035_15,695,short,repaired+p+boundary_on,repaired,p,1,1,0.391640866873065,773.4062043356621,36697,978.3904000000803,0,0,0
24029035_15,695,short,repaired+q+boundary_off,repaired,q,0,1,0.4294573643410853,771.991990773289,36126,913.3280999999442,0,0,0
24029035_15,695,short,repaired+q+boundary_on,repaired,q,1,1,0.4003091190108191,775.6488450227814,37757,1024.3712000000187,0,0,0
24029035_15,696,short,original+p+boundary_off,original,p,0,1,0.0,176.26702730475895,2627,109.71799999992982,1,1,1
24029035_15,696,short,original+p+boundary_on,original,p,1,1,0.0,177.09545442950514,2700,72.18540000008034,1,1,1
24029035_15,696,short,original+q+boundary_off,original,q,0,1,0.0,177.09545442950514,2626,59.61720000004789,1,1,1
24029035_15,696,short,original+q+boundary_on,original,q,1,1,0.0,177.09545442950514,2696,70.54579999999078,1,1,1
24029035_15,696,short,repaired+p+boundary_off,repaired,p,0,1,0.0,176.26702730475895,2627,66.1585999999943,1,1,1
24029035_15,696,short,repaired+p+boundary_on,repaired,p,1,1,0.0,177.09545442950514,2700,73.4332000000677,1,1,1
24029035_15,696,short,repaired+q+boundary_off,repaired,q,0,1,0.0,177.09545442950514,2626,71.38550000001942,1,1,1
24029035_15,696,short,repaired+q+boundary_on,repaired,q,1,1,0.0,177.09545442950514,2696,65.31180000001768,1,1,1
24029035_15,697,short,original+p+boundary_off,original,p,0,0,nan,nan,0,0.0,0,0,0
24029035_15,697,short,original+p+boundary_on,original,p,1,0,nan,nan,0,0.0,0,0,0
24029035_15,697,short,original+q+boundary_off,original,q,0,0,nan,nan,0,0.0,0,0,0
24029035_15,697,short,original+q+boundary_on,original,q,1,0,nan,nan,0,0.0,0,0,0
24029035_15,697,short,repaired+p+boundary_off,repaired,p,0,0,nan,nan,0,0.0,0,0,0
24029035_15,697,short,repaired+p+boundary_on,repaired,p,1,0,nan,nan,0,0.0,0,0,0
24029035_15,697,short,repaired+q+boundary_off,repaired,q,0,0,nan,nan,0,0.0,0,0,0
24029035_15,697,short,repaired+q+boundary_on,repaired,q,1,0,nan,nan,0,0.0,0,0,0
24029035_15,698,medium,original+p+boundary_off,original,p,0,1,0.0713513513513514,1111.2245301926434,48887,1216.3017999999965,0,0,1
24029035_15,698,medium,original+p+boundary_on,original,p,1,1,0.27313769751693007,1063.5260453828082,59513,1702.6779999999917,0,0,0
24029035_15,698,medium,original+q+boundary_off,original,q,0,1,0.08414239482200647,1113.2245301926434,45038,1107.8978000000461,0,0,1
24029035_15,698,medium,original+q+boundary_on,original,q,1,1,0.052744886975242156,1116.8813844421359,58587,1499.0631000000576,0,0,1
24029035_15,698,medium,repaired+p+boundary_off,repaired,p,0,1,0.0713513513513514,1111.2245301926434,49156,1261.9995000000017,0,0,1
24029035_15,698,medium,repaired+p+boundary_on,repaired,p,1,1,0.27313769751693007,1063.5260453828082,61113,1667.0126999999866,0,0,0
24029035_15,698,medium,repaired+q+boundary_off,repaired,q,0,1,0.08414239482200647,1113.2245301926434,45156,1094.7337000000061,0,0,1
24029035_15,698,medium,repaired+q+boundary_on,repaired,q,1,1,0.052744886975242156,1116.8813844421359,59729,1596.0194000000456,0,0,1
24029035_15,699,medium,original+p+boundary_off,original,p,0,0,nan,nan,0,0.0,0,0,0
24029035_15,699,medium,original+p+boundary_on,original,p,1,0,nan,nan,0,0.0,0,0,0
24029035_15,699,medium,original+q+boundary_off,original,q,0,0,nan,nan,0,0.0,0,0,0
24029035_15,699,medium,original+q+boundary_on,original,q,1,0,nan,nan,0,0.0,0,0,0
24029035_15,699,medium,repaired+p+boundary_off,repaired,p,0,0,nan,nan,0,0.0,0,0,0
24029035_15,699,medium,repaired+p+boundary_on,repaired,p,1,0,nan,nan,0,0.0,0,0,0
24029035_15,699,medium,repaired+q+boundary_off,repaired,q,0,0,nan,nan,0,0.0,0,0,0
24029035_15,699,medium,repaired+q+boundary_on,repaired,q,1,0,nan,nan,0,0.0,0,0,0
24029035_15,700,medium,original+p+boundary_off,original,p,0,0,nan,nan,0,0.0,0,0,0
24029035_15,700,medium,original+p+boundary_on,original,p,1,0,nan,nan,0,0.0,0,0,0
24029035_15,700,medium,original+q+boundary_off,original,q,0,0,nan,nan,0,0.0,0,0,0
24029035_15,700,medium,original+q+boundary_on,original,q,1,0,nan,nan,0,0.0,0,0,0
24029035_15,700,medium,repaired+p+boundary_off,repaired,p,0,0,nan,nan,0,0.0,0,0,0
24029035_15,700,medium,repaired+p+boundary_on,repaired,p,1,0,nan,nan,0,0.0,0,0,0
24029035_15,700,medium,repaired+q+boundary_off,repaired,q,0,0,nan,nan,0,0.0,0,0,0
24029035_15,700,medium,repaired+q+boundary_on,repaired,q,1,0,nan,nan,0,0.0,0,0,0
24029035_15,701,medium,original+p+boundary_off,original,p,0,1,0.2717733473242392,1123.8986283848385,47636,1196.6697999999951,0,0,0
24029035_15,701,medium,original+p+boundary_on,original,p,1,1,0.24737945492662472,1126.969696196704,63587,1710.499700000014,0,0,0
24029035_15,701,medium,original+q+boundary_off,original,q,0,1,0.25130890052356025,1126.7270555095847,49483,1218.894999999975,0,0,0
24029035_15,701,medium,original+q+boundary_on,original,q,1,1,0.25130890052356025,1127.555482634331,64642,1744.3961999999829,0,0,0
24029035_15,701,medium,repaired+p+boundary_off,repaired,p,0,1,0.2717733473242392,1123.8986283848385,48198,1234.9697000000788,0,0,0
24029035_15,701,medium,repaired+p+boundary_on,repaired,p,1,1,0.24737945492662472,1126.969696196704,66691,1795.1831999999968,0,0,0
24029035_15,701,medium,repaired+q+boundary_off,repaired,q,0,1,0.25130890052356025,1126.7270555095847,49943,1267.7466999999751,0,0,0
24029035_15,701,medium,repaired+q+boundary_on,repaired,q,1,1,0.25130890052356025,1127.555482634331,67651,1801.5336000000843,0,0,0
24029035_15,702,medium,original+p+boundary_off,original,p,0,1,0.06256015399422521,1239.3077913133293,50796,1258.5751999999957,0,0,1
24029035_15,702,medium,original+p+boundary_on,original,p,1,1,0.241,1192.4377336282403,62425,1642.6529999999957,0,0,0
24029035_15,702,medium,original+q+boundary_off,original,q,0,1,0.07396733909702213,1242.1362184380753,45717,1108.2483000000138,0,0,1
24029035_15,702,medium,original+q+boundary_on,original,q,1,1,0.0460210930009588,1245.7930726875677,61781,1609.8054999999931,0,1,1
24029035_15,702,medium,repaired+p+boundary_off,repaired,p,0,1,0.06256015399422521,1239.3077913133293,51112,1242.16279999996,0,0,1
24029035_15,702,medium,repaired+p+boundary_on,repaired,p,1,1,0.241,1192.4377336282403,64621,1694.4852999999966,0,0,0
24029035_15,702,medium,repaired+q+boundary_off,repaired,q,0,1,0.07396733909702213,1242.1362184380753,45853,1108.2283000000643,0,0,1
24029035_15,702,medium,repaired+q+boundary_on,repaired,q,1,1,0.0460210930009588,1245.7930726875677,63205,1647.907299999929,0,1,1
24029035_15,703,medium,original+p+boundary_off,original,p,0,0,nan,nan,0,0.0,0,0,0
24029035_15,703,medium,original+p+boundary_on,original,p,1,0,nan,nan,0,0.0,0,0,0
24029035_15,703,medium,original+q+boundary_off,original,q,0,0,nan,nan,0,0.0,0,0,0
24029035_15,703,medium,original+q+boundary_on,original,q,1,0,nan,nan,0,0.0,0,0,0
24029035_15,703,medium,repaired+p+boundary_off,repaired,p,0,0,nan,nan,0,0.0,0,0,0
24029035_15,703,medium,repaired+p+boundary_on,repaired,p,1,0,nan,nan,0,0.0,0,0,0
24029035_15,703,medium,repaired+q+boundary_off,repaired,q,0,0,nan,nan,0,0.0,0,0,0
24029035_15,703,medium,repaired+q+boundary_on,repaired,q,1,0,nan,nan,0,0.0,0,0,0
24029035_15,704,medium,original+p+boundary_off,original,p,0,1,0.04507936507936505,1886.7312395916947,116503,2854.450500000098,0,1,1
24029035_15,704,medium,original+p+boundary_on,original,p,1,1,0.16135328562134033,1841.2753954689788,120811,3202.6467000000594,0,0,0
24029035_15,704,medium,original+q+boundary_off,original,q,0,1,0.052631578947368474,1888.7312395916947,112498,2853.406699999937,0,0,1
24029035_15,704,medium,original+q+boundary_on,original,q,1,1,0.034810126582278444,1894.6307345283064,118593,3133.230000000026,0,1,1
24029035_15,704,medium,repaired+p+boundary_off,repaired,p,0,1,0.04507936507936505,1886.7312395916947,121064,3045.3997999999274,0,1,1
24029035_15,704,medium,repaired+p+boundary_on,repaired,p,1,1,0.16135328562134033,1841.2753954689788,127830,3452.8653999999506,0,0,0
24029035_15,704,medium,repaired+q+boundary_off,repaired,q,0,1,0.052631578947368474,1888.7312395916947,116868,2881.36320000001,0,0,1
24029035_15,704,medium,repaired+q+boundary_on,repaired,q,1,1,0.034810126582278444,1894.6307345283064,125160,3421.4101999999684,0,1,1
24029035_15,705,long,original+p+boundary_off,original,p,0,1,0.040983606557377095,2059.0815280171387,116347,2884.0854000000036,0,1,1
24029035_15,705,long,original+p+boundary_on,original,p,1,1,0.14850299401197609,2012.7972567696777,119502,3223.856299999966,0,0,0
24029035_15,705,long,original+q+boundary_off,original,q,0,1,0.04795321637426897,2061.0815280171387,112088,2870.28650000002,0,1,1
24029035_15,705,long,original+q+boundary_on,original,q,1,1,0.031523642732048995,2066.1525958290035,117339,3152.3142999999436,0,1,1
24029035_15,705,long,repaired+p+boundary_off,repaired,p,0,1,0.040983606557377095,2059.0815280171387,120959,3116.7427000000316,0,1,1
24029035_15,705,long,repaired+p+boundary_on,repaired,p,1,1,0.14850299401197609,2012.7972567696777,126339,3461.147800000049,0,0,0
24029035_15,705,long,repaired+q+boundary_off,repaired,q,0,1,0.04795321637426897,2061.0815280171387,116459,2920.4151999999794,0,1,1
24029035_15,705,long,repaired+q+boundary_on,repaired,q,1,1,0.031523642732048995,2066.1525958290035,123688,3356.187400000067,0,1,1
24029035_15,706,long,original+p+boundary_off,original,p,0,1,0.08227040816326525,1881.3880938411871,101523,2552.6603000000705,0,0,1
24029035_15,706,long,original+p+boundary_on,original,p,1,1,0.08216560509554138,1885.8733752154258,102731,2769.6450999999342,0,0,1
24029035_15,706,long,original+q+boundary_off,original,q,0,1,0.08992346938775508,1883.8733752154258,108541,2688.408699999968,0,0,1
24029035_15,706,long,original+q+boundary_on,original,q,1,1,0.08030592734225617,1886.116015902545,104900,2817.096499999934,0,0,1
24029035_15,706,long,repaired+p+boundary_off,repaired,p,0,1,0.08227040816326525,1881.3880938411871,103383,2517.5312999999733,0,0,1
24029035_15,706,long,repaired+p+boundary_on,repaired,p,1,1,0.08216560509554138,1885.8733752154258,107437,2830.018799999948,0,0,1
24029035_15,706,long,repaired+q+boundary_off,repaired,q,0,1,0.08992346938775508,1883.8733752154258,110956,2809.0174999999817,0,0,1
24029035_15,706,long,repaired+q+boundary_on,repaired,q,1,1,0.08030592734225617,1886.116015902545,109901,2905.20499999991,0,0,1
24029035_15,707,long,original+p+boundary_off,original,p,0,0,nan,nan,0,0.0,0,0,0
24029035_15,707,long,original+p+boundary_on,original,p,1,0,nan,nan,0,0.0,0,0,0
24029035_15,707,long,original+q+boundary_off,original,q,0,0,nan,nan,0,0.0,0,0,0
24029035_15,707,long,original+q+boundary_on,original,q,1,0,nan,nan,0,0.0,0,0,0
24029035_15,707,long,repaired+p+boundary_off,repaired,p,0,0,nan,nan,0,0.0,0,0,0
24029035_15,707,long,repaired+p+boundary_on,repaired,p,1,0,nan,nan,0,0.0,0,0,0
24029035_15,707,long,repaired+q+boundary_off,repaired,q,0,0,nan,nan,0,0.0,0,0,0
24029035_15,707,long,repaired+q+boundary_on,repaired,q,1,0,nan,nan,0,0.0,0,0,0
24029035_15,708,long,original+p+boundary_off,original,p,0,0,nan,nan,0,0.0,0,0,0
24029035_15,708,long,original+p+boundary_on,original,p,1,0,nan,nan,0,0.0,0,0,0
24029035_15,708,long,original+q+boundary_off,original,q,0,0,nan,nan,0,0.0,0,0,0
24029035_15,708,long,original+q+boundary_on,original,q,1,0,nan,nan,0,0.0,0,0,0
24029035_15,708,long,repaired+p+boundary_off,repaired,p,0,0,nan,nan,0,0.0,0,0,0
24029035_15,708,long,repaired+p+boundary_on,repaired,p,1,0,nan,nan,0,0.0,0,0,0
24029035_15,708,long,repaired+q+boundary_off,repaired,q,0,0,nan,nan,0,0.0,0,0,0
24029035_15,708,long,repaired+q+boundary_on,repaired,q,1,0,nan,nan,0,0.0,0,0,0
24029035_15,709,long,original+p+boundary_off,original,p,0,1,0.07857974388824218,2049.199277023231,117570,2971.966099999918,0,0,1
24029035_15,709,long,original+p+boundary_on,original,p,1,1,0.17342073897497023,2005.8855685242459,120065,3312.92499999995,0,0,0
24029035_15,709,long,original+q+boundary_off,original,q,0,1,0.0796974985456661,2051.44191771035,113537,2867.269599999986,0,0,1
24029035_15,709,long,original+q+boundary_on,original,q,1,1,0.05578152237071465,2059.2409075835735,117985,3184.2444000000114,0,0,1
24029035_15,709,long,repaired+p+boundary_off,repaired,p,0,1,0.07857974388824218,2049.199277023231,122266,3191.898500000093,0,0,1
24029035_15,709,long,repaired+p+boundary_on,repaired,p,1,1,0.17342073897497023,2005.8855685242459,126974,3456.7127000000255,0,0,0
24029035_15,709,long,repaired+q+boundary_off,repaired,q,0,1,0.0796974985456661,2051.44191771035,117983,3027.114900000015,0,0,1
24029035_15,709,long,repaired+q+boundary_on,repaired,q,1,1,0.05578152237071465,2059.2409075835735,124420,3390.877499999988,0,0,1
24029035_15,710,long,original+p+boundary_off,original,p,0,0,nan,nan,0,0.0,0,0,0
24029035_15,710,long,original+p+boundary_on,original,p,1,0,nan,nan,0,0.0,0,0,0
24029035_15,710,long,original+q+boundary_off,original,q,0,0,nan,nan,0,0.0,0,0,0
24029035_15,710,long,original+q+boundary_on,original,q,1,0,nan,nan,0,0.0,0,0,0
24029035_15,710,long,repaired+p+boundary_off,repaired,p,0,0,nan,nan,0,0.0,0,0,0
24029035_15,710,long,repaired+p+boundary_on,repaired,p,1,0,nan,nan,0,0.0,0,0,0
24029035_15,710,long,repaired+q+boundary_off,repaired,q,0,0,nan,nan,0,0.0,0,0,0
24029035_15,710,long,repaired+q+boundary_on,repaired,q,1,0,nan,nan,0,0.0,0,0,0
24029035_15,711,long,original+p+boundary_off,original,p,0,1,0.08353221957040569,2005.542422773738,113815,2784.687100000042,0,0,1
24029035_15,711,long,original+p+boundary_on,original,p,1,1,0.17959682345754424,1961.986073587634,113793,3199.209499999938,0,0,0
24029035_15,711,long,original+q+boundary_off,original,q,0,1,0.08407871198568873,2007.7850634608574,113787,2914.7923999998966,0,0,1
24029035_15,711,long,original+q+boundary_on,original,q,1,1,0.05892857142857144,2015.3414126469618,111917,3052.258599999959,0,0,1
24029035_15,711,long,repaired+p+boundary_off,repaired,p,0,1,0.08353221957040569,2005.542422773738,116353,2948.5564000000295,0,0,1
24029035_15,711,long,repaired+p+boundary_on,repaired,p,1,1,0.17959682345754424,1961.986073587634,119276,3387.7449999999953,0,0,0
24029035_15,711,long,repaired+q+boundary_off,repaired,q,0,1,0.08407871198568873,2007.7850634608574,116103,2874.5301000000154,0,0,1
24029035_15,711,long,repaired+q+boundary_on,repaired,q,1,1,0.05892857142857144,2015.3414126469618,117475,3186.42669999997,0,0,1
24478825_15,712,short,original+p+boundary_off,original,p,0,1,0.054704595185995575,481.6812408671326,14027,359.8621999999523,0,0,1
24478825_15,712,short,original+p+boundary_on,original,p,1,1,0.04148471615720528,483.0954544295057,14762,409.9346999998943,0,1,1
24478825_15,712,short,original+q+boundary_off,original,q,0,1,0.07221006564551424,481.6812408671326,14492,385.63920000001417,0,0,1
24478825_15,712,short,original+q+boundary_on,original,q,1,1,0.04148471615720528,483.0954544295057,15226,419.5376000000124,0,1,1
24478825_15,712,short,repaired+p+boundary_off,repaired,p,0,1,0.054704595185995575,481.6812408671326,14027,356.10970000004727,0,0,1
24478825_15,712,short,repaired+p+boundary_on,repaired,p,1,1,0.04148471615720528,483.0954544295057,14762,396.262800000045,0,1,1
24478825_15,712,short,repaired+q+boundary_off,repaired,q,0,1,0.07221006564551424,481.6812408671326,14492,377.4007999999185,0,0,1
24478825_15,712,short,repaired+q+boundary_on,repaired,q,1,1,0.04148471615720528,483.0954544295057,15226,417.69449999992503,0,1,1
24478825_15,713,short,original+p+boundary_off,original,p,0,1,0.05472636815920395,239.35028842544418,5136,130.60209999991912,0,0,1
24478825_15,713,short,original+p+boundary_on,original,p,1,1,0.41666666666666663,241.9360748630711,6269,173.3245000000352,0,0,0
24478825_15,713,short,original+q+boundary_off,original,q,0,1,0.05472636815920395,239.35028842544418,5049,124.46699999998145,0,0,1
24478825_15,713,short,original+q+boundary_on,original,q,1,1,0.3448275862068966,241.3502884254442,6289,186.0882999999376,0,0,0
24478825_15,713,short,repaired+p+boundary_off,repaired,p,0,1,0.05472636815920395,239.35028842544418,5136,137.73070000002008,0,0,1
24478825_15,713,short,repaired+p+boundary_on,repaired,p,1,1,0.41666666666666663,241.9360748630711,6269,169.5991999999933,0,0,0
24478825_15,713,short,repaired+q+boundary_off,repaired,q,0,1,0.05472636815920395,239.35028842544418,5049,127.80229999998483,0,0,1
24478825_15,713,short,repaired+q+boundary_on,repaired,q,1,1,0.3448275862068966,241.3502884254442,6289,177.20700000006673,0,0,0
24478825_15,714,short,original+p+boundary_off,original,p,0,0,nan,nan,0,0.0,0,0,0
24478825_15,714,short,original+p+boundary_on,original,p,1,0,nan,nan,0,0.0,0,0,0
24478825_15,714,short,original+q+boundary_off,original,q,0,0,nan,nan,0,0.0,0,0,0
24478825_15,714,short,original+q+boundary_on,original,q,1,0,nan,nan,0,0.0,0,0,0
24478825_15,714,short,repaired+p+boundary_off,repaired,p,0,0,nan,nan,0,0.0,0,0,0
24478825_15,714,short,repaired+p+boundary_on,repaired,p,1,0,nan,nan,0,0.0,0,0,0
24478825_15,714,short,repaired+q+boundary_off,repaired,q,0,0,nan,nan,0,0.0,0,0,0
24478825_15,714,short,repaired+q+boundary_on,repaired,q,1,0,nan,nan,0,0.0,0,0,0
24478825_15,715,short,original+p+boundary_off,original,p,0,1,0.015945330296127547,457.88225099390877,17960,474.2094000000634,0,1,1
24478825_15,715,short,original+p+boundary_on,original,p,1,1,0.015945330296127547,462.852813742386,25500,723.3760999999959,0,1,1
24478825_15,715,short,original+q+boundary_off,original,q,0,1,0.01777777777777778,480.06601717798264,26522,698.1326000000081,0,1,1
24478825_15,715,short,original+q+boundary_on,original,q,1,1,0.03104212860310418,485.62236636408676,34537,968.1145000000697,0,1,1
24478825_15,715,short,repaired+p+boundary_off,repaired,p,0,1,0.015945330296127547,457.88225099390877,17960,472.02790000005734,0,1,1
24478825_15,715,short,repaired+p+boundary_on,repaired,p,1,1,0.015945330296127547,462.852813742386,25500,684.8410999999714,0,1,1
24478825_15,715,short,repaired+q+boundary_off,repaired,q,0,1,0.01777777777777778,480.06601717798264,26522,675.021900000047,0,1,1
24478825_15,715,short,repaired+q+boundary_on,repaired,q,1,1,0.03104212860310418,485.62236636408676,34537,975.8494999999812,0,1,1
24478825_15,716,short,original+p+boundary_off,original,p,0,1,0.02997275204359673,932.650937063837,49167,1273.7838000000465,0,1,1
24478825_15,716,short,original+p+boundary_on,original,p,1,1,0.01621621621621616,938.650937063837,53831,1441.612300000088,0,1,1
24478825_15,716,short,original+q+boundary_off,original,q,0,1,0.036684782608695676,934.650937063837,43736,1097.8456999999935,0,1,1
24478825_15,716,short,original+q+boundary_on,original,q,1,1,0.013477088948787075,939.8225099390908,51100,1383.9483000000428,0,1,1
24478825_15,716,short,repaired+p+boundary_off,repaired,p,0,1,0.02997275204359673,932.650937063837,49400,1298.6776999999847,0,1,1
24478825_15,716,short,repaired+p+boundary_on,repaired,p,1,1,0.01621621621621616,938.650937063837,54125,1475.1238000000058,0,1,1
24478825_15,716,short,repaired+q+boundary_off,repaired,q,0,1,0.036684782608695676,934.650937063837,43928,1096.2965999999597,0,1,1
24478825_15,716,short,repaired+q+boundary_on,repaired,q,1,1,0.013477088948787075,939.8225099390908,51378,1361.0491000000593,0,1,1
24478825_15,717,short,original+p+boundary_off,original,p,0,1,0.04136029411764708,1269.6681810065393,124028,3250.032400000009,0,1,1
24478825_15,717,short,original+p+boundary_on,original,p,1,1,0.07221206581352835,1276.4966081312855,132404,3590.2465000000348,0,0,1
24478825_15,717,short,original+q+boundary_off,original,q,0,1,0.045913682277318624,1271.0823945689124,115683,3037.7919999999676,0,1,1
24478825_15,717,short,original+q+boundary_on,original,q,1,1,0.06751824817518248,1278.4966081312855,128498,3538.576599999942,0,0,1
24478825_15,717,short,repaired+p+boundary_off,repaired,p,0,1,0.04136029411764708,1269.6681810065393,124568,3204.542999999944,0,1,1
24478825_15,717,short,repaired+p+boundary_on,repaired,p,1,1,0.07221206581352835,1276.4966081312855,133469,3655.823899999973,0,0,1
24478825_15,717,short,repaired+q+boundary_off,repaired,q,0,1,0.045913682277318624,1271.0823945689124,116117,3100.598600000012,0,1,1
24478825_15,717,short,repaired+q+boundary_on,repaired,q,1,1,0.06751824817518248,1278.4966081312855,129515,3657.4384000000464,0,0,1
24478825_15,718,medium,original+p+boundary_off,original,p,0,1,0.09867039888033591,1683.9839815465793,84125,2119.389399999932,0,0,1
24478825_15,718,medium,original+p+boundary_on,original,p,1,1,0.11821974965229487,1696.7119036079375,119529,3349.040299999956,0,0,0
24478825_15,718,medium,original+q+boundary_off,original,q,0,1,0.09160839160839163,1687.8834764831913,82647,2201.000000000022,0,0,1
24478825_15,718,medium,original+q+boundary_on,original,q,1,1,0.11335187760778864,1696.7119036079373,116563,3250.725599999896,0,0,0
24478825_15,718,medium,repaired+p+boundary_off,repaired,p,0,1,0.09867039888033591,1683.9839815465793,84551,2210.4421999999886,0,0,1
24478825_15,718,medium,repaired+p+boundary_on,repaired,p,1,1,0.11821974965229487,1696.7119036079375,120056,3352.995299999975,0,0,0
24478825_15,718,medium,repaired+q+boundary_off,repaired,q,0,1,0.09160839160839163,1687.8834764831913,82989,2134.326499999929,0,0,1
24478825_15,718,medium,repaired+q+boundary_on,repaired,q,1,1,0.11335187760778864,1696.7119036079373,117046,3302.505100000076,0,0,0
24478825_15,719,medium,original+p+boundary_off,original,p,0,1,0.012072434607645843,1660.6559876977192,171905,4505.093700000089,0,1,1
24478825_15,719,medium,original+p+boundary_on,original,p,1,0,nan,nan,200001,5552.493299999924,0,0,0
24478825_15,719,medium,original+q+boundary_off,original,q,0,1,0.011386470194239773,1661.827560572973,166205,4384.007400000087,0,1,1
24478825_15,719,medium,original+q+boundary_on,original,q,1,1,0.0060240963855421326,1669.0407640085696,196734,5541.329599999926,1,1,1
24478825_15,719,medium,repaired+p+boundary_off,repaired,p,0,1,0.012072434607645843,1660.6559876977192,172884,4528.695299999981,0,1,1
24478825_15,719,medium,repaired+p+boundary_on,repaired,p,1,0,nan,nan,200001,5736.1980000000585,0,0,0
24478825_15,719,medium,repaired+q+boundary_off,repaired,q,0,1,0.011386470194239773,1661.827560572973,167092,4364.771799999971,0,1,1
24478825_15,719,medium,repaired+q+boundary_on,repaired,q,1,1,0.0060240963855421326,1669.0407640085696,198152,5438.819399999943,1,1,1
24478825_15,720,medium,original+p+boundary_off,original,p,0,1,0.04729729729729726,1073.521861300699,70460,1767.955700000016,0,1,1
24478825_15,720,medium,original+p+boundary_on,original,p,1,1,0.08959537572254339,1085.4629867976532,82228,2199.2932000000565,0,0,1
24478825_15,720,medium,original+q+boundary_off,original,q,0,1,0.012524084778420042,1077.1787155501913,78828,1971.880800000008,0,1,1
24478825_15,720,medium,original+q+boundary_on,original,q,1,1,0.0855769230769231,1087.4629867976532,87558,2418.8675999999987,0,0,1
24478825_15,720,medium,repaired+p+boundary_off,repaired,p,0,1,0.04729729729729726,1073.521861300699,70789,1840.3376999999637,0,1,1
24478825_15,720,medium,repaired+p+boundary_on,repaired,p,1,1,0.08959537572254339,1085.4629867976532,83000,2237.2647999999344,0,0,1
24478825_15,720,medium,repaired+q+boundary_off,repaired,q,0,1,0.012524084778420042,1077.1787155501913,79164,2061.111299999993,0,1,1
24478825_15,720,medium,repaired+q+boundary_on,repaired,q,1,1,0.0855769230769231,1087.4629867976532,88403,2400.314099999946,0,0,1
24478825_15,721,medium,original+p+boundary_off,original,p,0,1,0.04084507042253516,1575.9869401394071,53147,1329.4978000000128,0,1,1
24478825_15,721,medium,original+p+boundary_on,original,p,1,1,0.011267605633802802,1581.7859300126306,62355,1681.256400000052,0,1,1
24478825_15,721,medium,original+q+boundary_off,original,q,0,1,0.028149190710767047,1577.4011537017802,51697,1307.9149000000143,0,1,1
24478825_15,721,medium,original+q+boundary_on,original,q,1,1,0.009845288326300938,1582.9575028878844,61535,1840.5010999999831,1,1,1
24478825_15,721,medium,repaired+p+boundary_off,repaired,p,0,1,0.04084507042253516,1575.9869401394071,53147,1396.5438000000177,0,1,1
24478825_15,721,medium,repaired+p+boundary_on,repaired,p,1,1,0.011267605633802802,1581.7859300126306,62472,1701.4077000000043,0,1,1
24478825_15,721,medium,repaired+q+boundary_off,repaired,q,0,1,0.028149190710767047,1577.4011537017802,51697,1369.3076000000701,0,1,1
24478825_15,721,medium,repaired+q+boundary_on,repaired,q,1,1,0.009845288326300938,1582.9575028878844,61663,1721.1591000000226,1,1,1
24478825_15,722,medium,original+p+boundary_off,original,p,0,0,nan,nan,0,0.0,0,0,0
24478825_15,722,medium,original+p+boundary_on,original,p,1,0,nan,nan,0,0.0,0,0,0
24478825_15,722,medium,original+q+boundary_off,original,q,0,0,nan,nan,0,0.0,0,0,0
24478825_15,722,medium,original+q+boundary_on,original,q,1,0,nan,nan,0,0.0,0,0,0
24478825_15,722,medium,repaired+p+boundary_off,repaired,p,0,0,nan,nan,0,0.0,0,0,0
24478825_15,722,medium,repaired+p+boundary_on,repaired,p,1,0,nan,nan,0,0.0,0,0,0
24478825_15,722,medium,repaired+q+boundary_off,repaired,q,0,0,nan,nan,0,0.0,0,0,0
24478825_15,722,medium,repaired+q+boundary_on,repaired,q,1,0,nan,nan,0,0.0,0,0,0
24478825_15,723,medium,original+p+boundary_off,original,p,0,1,0.04764605785592735,1850.6417023478448,156858,4222.176300000001,0,1,1
24478825_15,723,medium,original+p+boundary_on,original,p,1,1,0.029461756373937664,1863.4112549695453,190857,5345.772500000066,0,1,1
24478825_15,723,medium,original+q+boundary_off,original,q,0,1,0.024332344213649826,1871.224530192644,153019,3870.2038000001266,0,1,1
24478825_15,723,medium,original+q+boundary_on,original,q,1,1,0.02716468590831922,1865.4112549695456,188441,5134.1867000001,0,1,1
24478825_15,723,medium,repaired+p+boundary_off,repaired,p,0,1,0.04764605785592735,1850.6417023478448,157734,3981.9052000000283,0,1,1
24478825_15,723,medium,repaired+p+boundary_on,repaired,p,1,1,0.029461756373937664,1863.4112549695453,192016,5179.407099999935,0,1,1
24478825_15,723,medium,repaired+q+boundary_off,repaired,q,0,1,0.024332344213649826,1871.224530192644,153622,3940.090699999928,0,1,1
24478825_15,723,medium,repaired+q+boundary_on,repaired,q,1,1,0.02716468590831922,1865.4112549695456,189628,5151.449999999841,0,1,1
24478825_15,724,medium,original+p+boundary_off,original,p,0,0,nan,nan,0,0.0,0,0,0
24478825_15,724,medium,original+p+boundary_on,original,p,1,0,nan,nan,0,0.0,0,0,0
24478825_15,724,medium,original+q+boundary_off,original,q,0,0,nan,nan,0,0.0,0,0,0
24478825_15,724,medium,original+q+boundary_on,original,q,1,0,nan,nan,0,0.0,0,0,0
24478825_15,724,medium,repaired+p+boundary_off,repaired,p,0,0,nan,nan,0,0.0,0,0,0
24478825_15,724,medium,repaired+p+boundary_on,repaired,p,1,0,nan,nan,0,0.0,0,0,0
24478825_15,724,medium,repaired+q+boundary_off,repaired,q,0,0,nan,nan,0,0.0,0,0,0
24478825_15,724,medium,repaired+q+boundary_on,repaired,q,1,0,nan,nan,0,0.0,0,0,0
24478825_15,725,long,original+p+boundary_off,original,p,0,1,0.018276762402088753,1698.3422791987348,59835,1578.3407000001262,0,1,1
24478825_15,725,long,original+p+boundary_on,original,p,1,1,0.01171875,1706.4844148224659,112234,3066.4326000000983,0,1,1
24478825_15,725,long,original+q+boundary_off,original,q,0,1,0.0182648401826484,1699.7564927611081,59488,1469.9588000000858,0,1,1
24478825_15,725,long,original+q+boundary_on,original,q,1,1,0.01236979166666663,1705.6559876977196,109957,2941.7208999998365,0,1,1
24478825_15,725,long,repaired+p+boundary_off,repaired,p,0,1,0.018276762402088753,1698.3422791987348,60190,1460.421100000076,0,1,1
24478825_15,725,long,repaired+p+boundary_on,repaired,p,1,1,0.01171875,1706.4844148224659,112838,2996.0338000000775,0,1,1
24478825_15,725,long,repaired+q+boundary_off,repaired,q,0,1,0.0182648401826484,1699.7564927611081,59804,1511.1711999998079,0,1,1
24478825_15,725,long,repaired+q+boundary_on,repaired,q,1,1,0.01236979166666663,1705.6559876977196,110524,2913.504699999976,0,1,1
24478825_15,726,long,original+p+boundary_off,original,p,0,1,0.01813784764207982,1843.9524522540019,92916,2289.2073000000437,0,1,1
24478825_15,726,long,original+p+boundary_on,original,p,1,1,0.012673506336753126,1851.508801440106,127916,3427.204300000085,0,1,1
24478825_15,726,long,original+q+boundary_off,original,q,0,1,0.016908212560386437,1845.9524522540019,92388,2298.312200000055,0,1,1
24478825_15,726,long,original+q+boundary_on,original,q,1,1,0.011452682338758291,1852.6803743153598,126665,3424.744500000088,0,1,1
24478825_15,726,long,repaired+p+boundary_off,repaired,p,0,1,0.01813784764207982,1843.9524522540019,93269,2330.8880000001864,0,1,1
24478825_15,726,long,repaired+p+boundary_on,repaired,p,1,1,0.012673506336753126,1851.508801440106,128430,3509.1511000000537,0,1,1
24478825_15,726,long,repaired+q+boundary_off,repaired,q,0,1,0.016908212560386437,1845.9524522540019,92704,2288.1846000000223,0,1,1
24478825_15,726,long,repaired+q+boundary_on,repaired,q,1,1,0.011452682338758291,1852.6803743153598,127142,3459.1104999999516,0,1,1
24478825_15,727,long,original+p+boundary_off,original,p,0,0,nan,nan,0,0.0,0,0,0
24478825_15,727,long,original+p+boundary_on,original,p,1,0,nan,nan,0,0.0,0,0,0
24478825_15,727,long,original+q+boundary_off,original,q,0,0,nan,nan,0,0.0,0,0,0
24478825_15,727,long,original+q+boundary_on,original,q,1,0,nan,nan,0,0.0,0,0,0
24478825_15,727,long,repaired+p+boundary_off,repaired,p,0,0,nan,nan,0,0.0,0,0,0
24478825_15,727,long,repaired+p+boundary_on,repaired,p,1,0,nan,nan,0,0.0,0,0,0
24478825_15,727,long,repaired+q+boundary_off,repaired,q,0,0,nan,nan,0,0.0,0,0,0
24478825_15,727,long,repaired+q+boundary_on,repaired,q,1,0,nan,nan,0,0.0,0,0,0
24478825_15,728,long,original+p+boundary_off,original,p,0,1,0.04082714740190885,2112.4032457428348,161555,4052.698400000054,0,1,1
24478825_15,728,long,original+p+boundary_on,original,p,1,0,nan,nan,200001,5367.28509999989,0,0,0
24478825_15,728,long,original+q+boundary_off,original,q,0,1,0.04559915164369033,2112.4032457428348,155932,4031.101900000067,0,1,1
24478825_15,728,long,original+q+boundary_on,original,q,1,0,nan,nan,200001,5490.20059999998,0,0,0
24478825_15,728,long,repaired+p+boundary_off,repaired,p,0,1,0.04082714740190885,2112.4032457428348,162859,4220.349499999884,0,1,1
24478825_15,728,long,repaired+p+boundary_on,repaired,p,1,0,nan,nan,200001,5431.481699999949,0,0,0
24478825_15,728,long,repaired+q+boundary_off,repaired,q,0,1,0.04559915164369033,2112.4032457428348,157161,4192.662899999959,0,1,1
24478825_15,728,long,repaired+q+boundary_on,repaired,q,1,0,nan,nan,200001,5473.413599999958,0,0,0
24478825_15,729,long,original+p+boundary_off,original,p,0,0,nan,nan,200001,5343.839099999968,0,0,0
24478825_15,729,long,original+p+boundary_on,original,p,1,0,nan,nan,200001,5802.269099999876,0,0,0
24478825_15,729,long,original+q+boundary_off,original,q,0,0,nan,nan,200001,5158.796800000118,0,0,0
24478825_15,729,long,original+q+boundary_on,original,q,1,0,nan,nan,200001,5506.16100000002,0,0,0
24478825_15,729,long,repaired+p+boundary_off,repaired,p,0,0,nan,nan,200001,5295.1792999999725,0,0,0
24478825_15,729,long,repaired+p+boundary_on,repaired,p,1,0,nan,nan,200001,5414.387900000065,0,0,0
24478825_15,729,long,repaired+q+boundary_off,repaired,q,0,0,nan,nan,200001,5204.1907000000265,0,0,0
24478825_15,729,long,repaired+q+boundary_on,repaired,q,1,0,nan,nan,200001,5460.171300000184,0,0,0
24478825_15,730,long,original+p+boundary_off,original,p,0,1,0.015457788347205681,1864.496608131286,92249,2329.9747999999454,0,1,1
24478825_15,730,long,original+p+boundary_on,original,p,1,1,0.00949554896142435,1873.7098115668825,126276,3402.189500000077,1,1,1
24478825_15,730,long,original+q+boundary_off,original,q,0,1,0.013666072489601944,1866.7392488184055,91264,2291.6943000000174,0,1,1
24478825_15,730,long,original+q+boundary_on,original,q,1,1,0.008896797153024938,1874.2955980045094,124909,3323.8718000000063,1,1,1
24478825_15,730,long,repaired+p+boundary_off,repaired,p,0,1,0.015457788347205681,1864.496608131286,92604,2278.2830999999533,0,1,1
24478825_15,730,long,repaired+p+boundary_on,repaired,p,1,1,0.00949554896142435,1873.7098115668825,126765,3551.0309999999663,1,1,1
24478825_15,730,long,repaired+q+boundary_off,repaired,q,0,1,0.013666072489601944,1866.7392488184055,91580,2415.623000000096,0,1,1
24478825_15,730,long,repaired+q+boundary_on,repaired,q,1,1,0.008896797153024938,1874.2955980045094,125360,3567.8636000000097,1,1,1
24478825_15,731,long,original+p+boundary_off,original,p,0,1,0.04021739130434787,2079.6580797387733,109652,2880.172899999934,0,1,1
24478825_15,731,long,original+p+boundary_on,original,p,1,1,0.018959913326110467,2087.3149339882652,180392,5038.663300000053,0,1,1
24478825_15,731,long,original+q+boundary_off,original,q,0,1,0.03802281368821292,2081.0722933011466,106387,2771.3326000000507,0,1,1
24478825_15,731,long,original+q+boundary_on,original,q,1,1,0.018959913326110467,2087.3149339882652,175996,4876.198700000032,0,1,1
24478825_15,731,long,repaired+p+boundary_off,repaired,p,0,1,0.04021739130434787,2079.6580797387733,109772,2813.3181999999124,0,1,1
24478825_15,731,long,repaired+p+boundary_on,repaired,p,1,1,0.018959913326110467,2087.3149339882652,181656,4947.332700000061,0,1,1
24478825_15,731,long,repaired+q+boundary_off,repaired,q,0,1,0.03802281368821292,2081.0722933011466,106491,2767.366400000128,0,1,1
24478825_15,731,long,repaired+q+boundary_on,repaired,q,1,1,0.018959913326110467,2087.3149339882652,177250,4855.0926999998865,0,1,1
24478855_15,732,short,original+p+boundary_off,original,p,0,0,nan,nan,0,0.0,0,0,0
24478855_15,732,short,original+p+boundary_on,original,p,1,0,nan,nan,0,0.0,0,0,0
24478855_15,732,short,original+q+boundary_off,original,q,0,0,nan,nan,0,0.0,0,0,0
24478855_15,732,short,original+q+boundary_on,original,q,1,0,nan,nan,0,0.0,0,0,0
24478855_15,732,short,repaired+p+boundary_off,repaired,p,0,0,nan,nan,0,0.0,0,0,0
24478855_15,732,short,repaired+p+boundary_on,repaired,p,1,0,nan,nan,0,0.0,0,0,0
24478855_15,732,short,repaired+q+boundary_off,repaired,q,0,0,nan,nan,0,0.0,0,0,0
24478855_15,732,short,repaired+q+boundary_on,repaired,q,1,0,nan,nan,0,0.0,0,0,0
24478855_15,733,short,original+p+boundary_off,original,p,0,0,nan,nan,0,0.0,0,0,0
24478855_15,733,short,original+p+boundary_on,original,p,1,0,nan,nan,0,0.0,0,0,0
24478855_15,733,short,original+q+boundary_off,original,q,0,0,nan,nan,0,0.0,0,0,0
24478855_15,733,short,original+q+boundary_on,original,q,1,0,nan,nan,0,0.0,0,0,0
24478855_15,733,short,repaired+p+boundary_off,repaired,p,0,0,nan,nan,0,0.0,0,0,0
24478855_15,733,short,repaired+p+boundary_on,repaired,p,1,0,nan,nan,0,0.0,0,0,0
24478855_15,733,short,repaired+q+boundary_off,repaired,q,0,0,nan,nan,0,0.0,0,0,0
24478855_15,733,short,repaired+q+boundary_on,repaired,q,1,0,nan,nan,0,0.0,0,0,0
24478855_15,734,short,original+p+boundary_off,original,p,0,1,0.018541409147095234,877.5878784786809,37501,929.2745000000195,0,1,1
24478855_15,734,short,original+p+boundary_on,original,p,1,1,0.019728729963008673,881.2447327281733,45256,1204.3639999999414,0,1,1
24478855_15,734,short,original+q+boundary_off,original,q,0,1,0.01851851851851849,878.1736649163078,37309,933.7482000000819,0,1,1
24478855_15,734,short,original+q+boundary_on,original,q,1,1,0.019728729963008673,881.2447327281733,44794,1187.269399999991,0,1,1
24478855_15,734,short,repaired+p+boundary_off,repaired,p,0,1,0.018541409147095234,877.5878784786809,37501,946.5420000000222,0,1,1
24478855_15,734,short,repaired+p+boundary_on,repaired,p,1,1,0.019728729963008673,881.2447327281733,45364,1227.8899000000365,0,1,1
24478855_15,734,short,repaired+q+boundary_off,repaired,q,0,1,0.01851851851851849,878.1736649163078,37309,910.0789999999961,0,1,1
24478855_15,734,short,repaired+q+boundary_on,repaired,q,1,1,0.019728729963008673,881.2447327281733,44895,1181.1256999999387,0,1,1
24478855_15,735,short,original+p+boundary_off,original,p,0,1,0.0,267.6295090390235,2063,59.77159999997639,1,1,1
24478855_15,735,short,original+p+boundary_on,original,p,1,1,0.0,268.2152954766504,4667,123.97400000008929,1,1,1
24478855_15,735,short,original+q+boundary_off,original,q,0,1,0.0,267.6295090390235,2358,67.53900000001067,1,1,1
24478855_15,735,short,original+q+boundary_on,original,q,1,1,0.0,268.2152954766504,4553,127.1487999999863,1,1,1
24478855_15,735,short,repaired+p+boundary_off,repaired,p,0,1,0.0,267.6295090390235,2063,55.929699999978766,1,1,1
24478855_15,735,short,repaired+p+boundary_on,repaired,p,1,1,0.0,268.2152954766504,4667,127.60020000007444,1,1,1
24478855_15,735,short,repaired+q+boundary_off,repaired,q,0,1,0.0,267.6295090390235,2358,58.65959999994175,1,1,1
24478855_15,735,short,repaired+q+boundary_on,repaired,q,1,1,0.0,268.2152954766504,4553,115.78959999997096,1,1,1
24478855_15,736,short,original+p+boundary_off,original,p,0,1,0.07642487046632129,810.7645019878179,27250,681.6049999999905,0,0,1
24478855_15,736,short,original+p+boundary_on,original,p,1,1,0.020645161290322567,822.462986797653,41933,1118.0969999999206,0,1,1
24478855_15,736,short,original+q+boundary_off,original,q,0,1,0.06589147286821706,813.5929291125641,27040,739.2142999999578,0,0,1
24478855_15,736,short,original+q+boundary_on,original,q,1,1,0.019329896907216537,823.0487732352799,41427,1169.1715000000613,0,1,1
24478855_15,736,short,repaired+p+boundary_off,repaired,p,0,1,0.07642487046632129,810.7645019878179,27250,671.7376999999942,0,0,1
24478855_15,736,short,repaired+p+boundary_on,repaired,p,1,1,0.020645161290322567,822.462986797653,42020,1116.7758999999933,0,1,1
24478855_15,736,short,repaired+q+boundary_off,repaired,q,0,1,0.06589147286821706,813.5929291125641,27040,701.9981999999345,0,0,1
24478855_15,736,short,repaired+q+boundary_on,repaired,q,1,1,0.019329896907216537,823.0487732352799,41514,1133.1901999999445,0,1,1
24478855_15,737,short,original+p+boundary_off,original,p,0,1,0.13960113960113962,366.1543289325509,10523,253.3418000000438,0,0,0
24478855_15,737,short,original+p+boundary_on,original,p,1,1,0.031161473087818692,377.26702730475915,12116,355.99869999998646,0,1,1
24478855_15,737,short,original+q+boundary_off,original,q,0,1,0.04249291784702547,373.9533188057743,10641,255.438599999934,0,1,1
24478855_15,737,short,original+q+boundary_on,original,q,1,1,0.02824858757062143,377.85281374238605,12079,311.4274999999225,0,1,1
24478855_15,737,short,repaired+p+boundary_off,repaired,p,0,1,0.13960113960113962,366.1543289325509,10523,266.8222000000924,0,0,0
24478855_15,737,short,repaired+p+boundary_on,repaired,p,1,1,0.031161473087818692,377.26702730475915,12116,308.7251000000606,0,1,1
24478855_15,737,short,repaired+q+boundary_off,repaired,q,0,1,0.04249291784702547,373.9533188057743,10641,272.7332000000615,0,1,1
24478855_15,737,short,repaired+q+boundary_on,repaired,q,1,1,0.02824858757062143,377.85281374238605,12079,339.8818000000574,0,1,1
24478855_15,738,medium,original+p+boundary_off,original,p,0,1,0.02833638025594154,1252.8864350760182,95241,2473.8287000000128,0,1,1
24478855_15,738,medium,original+p+boundary_on,original,p,1,1,0.01458523245214216,1259.6143571373761,107104,3009.7624999999653,0,1,1
24478855_15,738,medium,original+q+boundary_off,original,q,0,1,0.027422303473491727,1252.8864350760182,94667,2406.98789999999,0,1,1
24478855_15,738,medium,original+q+boundary_on,original,q,1,1,0.013673655423883324,1259.6143571373761,106105,2898.8694999999325,0,1,1
24478855_15,738,medium,repaired+p+boundary_off,repaired,p,0,1,0.02833638025594154,1252.8864350760182,95831,2459.0945999999576,0,1,1
24478855_15,738,medium,repaired+p+boundary_on,repaired,p,1,1,0.01458523245214216,1259.6143571373761,107646,2954.679600000077,0,1,1
24478855_15,738,medium,repaired+q+boundary_off,repaired,q,0,1,0.027422303473491727,1252.8864350760182,94717,2490.339800000015,0,1,1
24478855_15,738,medium,repaired+q+boundary_on,repaired,q,1,1,0.013673655423883324,1259.6143571373761,106710,2943.83449999998,0,1,1
24478855_15,739,medium,original+p+boundary_off,original,p,0,1,0.011830635118306398,1743.347329832617,100018,2583.592700000054,0,1,1
24478855_15,739,medium,original+p+boundary_on,original,p,1,1,0.00498132004981322,1749.9747468305868,129159,3424.616399999991,1,1,1
24478855_15,739,medium,original+q+boundary_off,original,q,0,1,0.011194029850746245,1745.347329832617,98520,2760.5948000000353,0,1,1
24478855_15,739,medium,original+q+boundary_on,original,q,1,1,0.0024875621890547706,1751.1463197058406,127805,3427.7627999999822,1,1,1
24478855_15,739,medium,repaired+p+boundary_off,repaired,p,0,1,0.011830635118306398,1743.347329832617,100109,2589.762799999903,0,1,1
24478855_15,739,medium,repaired+p+boundary_on,repaired,p,1,1,0.00498132004981322,1749.9747468305868,129245,3783.8423000000603,1,1,1
24478855_15,739,medium,repaired+q+boundary_off,repaired,q,0,1,0.011194029850746245,1745.347329832617,98615,2523.7108000000035,0,1,1
24478855_15,739,medium,repaired+q+boundary_on,repaired,q,1,1,0.0024875621890547706,1751.1463197058406,127894,3519.959199999903,1,1,1
24478855_15,740,medium,original+p+boundary_off,original,p,0,0,nan,nan,0,0.0,0,0,0
24478855_15,740,medium,original+p+boundary_on,original,p,1,0,nan,nan,0,0.0,0,0,0
24478855_15,740,medium,original+q+boundary_off,original,q,0,0,nan,nan,0,0.0,0,0,0
24478855_15,740,medium,original+q+boundary_on,original,q,1,0,nan,nan,0,0.0,0,0,0
24478855_15,740,medium,repaired+p+boundary_off,repaired,p,0,0,nan,nan,0,0.0,0,0,0
24478855_15,740,medium,repaired+p+boundary_on,repaired,p,1,0,nan,nan,0,0.0,0,0,0
24478855_15,740,medium,repaired+q+boundary_off,repaired,q,0,0,nan,nan,0,0.0,0,0,0
24478855_15,740,medium,repaired+q+boundary_on,repaired,q,1,0,nan,nan,0,0.0,0,0,0
24478855_15,741,medium,original+p+boundary_off,original,p,0,1,0.062395543175487456,1972.5260453828078,108961,2828.5006999999496,0,0,1
24478855_15,741,medium,original+p+boundary_on,original,p,1,1,0.03157894736842104,1989.9818895055237,130418,3581.466599999999,0,1,1
24478855_15,741,medium,original+q+boundary_off,original,q,0,1,0.053333333333333344,1976.2834046956884,107755,2810.2324999999837,0,0,1
24478855_15,741,medium,original+q+boundary_on,original,q,1,1,0.03100775193798455,1990.5676759431506,129773,3693.2649999999967,0,1,1
24478855_15,741,medium,repaired+p+boundary_off,repaired,p,0,1,0.062395543175487456,1972.5260453828078,109075,2800.412000000051,0,0,1
24478855_15,741,medium,repaired+p+boundary_on,repaired,p,1,1,0.03157894736842104,1989.9818895055237,130537,3587.567799999988,0,1,1
24478855_15,741,medium,repaired+q+boundary_off,repaired,q,0,1,0.053333333333333344,1976.2834046956884,107864,2716.7299000000185,0,0,1
24478855_15,741,medium,repaired+q+boundary_on,repaired,q,1,1,0.03100775193798455,1990.5676759431506,129889,3455.876900000021,0,1,1
24478855_15,742,medium,original+p+boundary_off,original,p,0,1,0.02035928143712573,996.78593001263,28482,696.5091000000712,0,1,1
24478855_15,742,medium,original+p+boundary_on,original,p,1,1,0.010701545778834753,1006.9280656363611,62814,1664.8083000000042,0,1,1
24478855_15,742,medium,original+q+boundary_off,original,q,0,1,0.027511961722488043,999.8569978244956,28427,728.3745999999383,0,1,1
24478855_15,742,medium,original+q+boundary_on,original,q,1,1,0.010701545778834753,1006.9280656363611,61867,1692.1472999999878,0,1,1
24478855_15,742,medium,repaired+p+boundary_off,repaired,p,0,1,0.02035928143712573,996.78593001263,28482,695.9190000000035,0,1,1
24478855_15,742,medium,repaired+p+boundary_on,repaired,p,1,1,0.010701545778834753,1006.9280656363611,62951,1735.1447999999436,0,1,1
24478855_15,742,medium,repaired+q+boundary_off,repaired,q,0,1,0.027511961722488043,999.8569978244956,28427,693.9502999999831,0,1,1
24478855_15,742,medium,repaired+q+boundary_on,repaired,q,1,1,0.010701545778834753,1006.9280656363611,62027,1678.18520000003,0,1,1
24478855_15,743,medium,original+p+boundary_off,original,p,0,1,0.01273885350318471,1451.3372285648522,65964,1673.4769999999344,0,1,1
24478855_15,743,medium,original+p+boundary_on,original,p,1,1,0.003971405877680745,1460.5504320004486,88270,2401.072900000031,1,1,1
24478855_15,743,medium,original+q+boundary_off,original,q,0,1,0.01828298887122415,1454.9940828143447,66286,1644.631200000049,0,1,1
24478855_15,743,medium,original+q+boundary_on,original,q,1,1,0.003971405877680745,1461.3788591251948,88445,2388.2706000000553,1,1,1
24478855_15,743,medium,repaired+p+boundary_off,repaired,p,0,1,0.01273885350318471,1451.3372285648522,66055,1829.4091000000208,0,1,1
24478855_15,743,medium,repaired+p+boundary_on,repaired,p,1,1,0.003971405877680745,1460.5504320004486,88357,2424.7464999999693,1,1,1
24478855_15,743,medium,repaired+q+boundary_off,repaired,q,0,1,0.01828298887122415,1454.9940828143447,66375,1755.695800000126,0,1,1
24478855_15,743,medium,repaired+q+boundary_on,repaired,q,1,1,0.003971405877680745,1461.3788591251948,88532,2458.453499999905,1,1,1
24478855_15,744,medium,original+p+boundary_off,original,p,0,1,0.031877213695395534,1914.1900423072382,159104,4235.365199999933,0,1,1
24478855_15,744,medium,original+p+boundary_on,original,p,1,1,0.0052631578947368585,1929.361615182492,162749,4557.795700000042,1,1,1
24478855_15,744,medium,original+q+boundary_off,original,q,0,1,0.0365350618738951,1916.775828744865,157326,3993.1402999998227,0,1,1
24478855_15,744,medium,original+q+boundary_on,original,q,1,1,0.0052631578947368585,1929.361615182492,161399,4352.7398999999605,1,1,1
24478855_15,744,medium,repaired+p+boundary_off,repaired,p,0,1,0.031877213695395534,1914.1900423072382,159927,3957.6477000000523,0,1,1
24478855_15,744,medium,repaired+p+boundary_on,repaired,p,1,1,0.0052631578947368585,1929.361615182492,163579,4333.449400000063,1,1,1
24478855_15,744,medium,repaired+q+boundary_off,repaired,q,0,1,0.0365350618738951,1916.775828744865,157906,3959.1468000000987,0,1,1
24478855_15,744,medium,repaired+q+boundary_on,repaired,q,1,1,0.0052631578947368585,1929.361615182492,162279,4350.276500000064,1,1,1
24478855_15,745,long,original+p+boundary_off,original,p,0,0,nan,nan,0,0.0,0,0,0
24478855_15,745,long,original+p+boundary_on,original,p,1,0,nan,nan,0,0.0,0,0,0
24478855_15,745,long,original+q+boundary_off,original,q,0,0,nan,nan,0,0.0,0,0,0
24478855_15,745,long,original+q+boundary_on,original,q,1,0,nan,nan,0,0.0,0,0,0
24478855_15,745,long,repaired+p+boundary_off,repaired,p,0,0,nan,nan,0,0.0,0,0,0
24478855_15,745,long,repaired+p+boundary_on,repaired,p,1,0,nan,nan,0,0.0,0,0,0
24478855_15,745,long,repaired+q+boundary_off,repaired,q,0,0,nan,nan,0,0.0,0,0,0
24478855_15,745,long,repaired+q+boundary_on,repaired,q,1,0,nan,nan,0,0.0,0,0,0
24478855_15,746,long,original+p+boundary_off,original,p,0,0,nan,nan,0,0.0,0,0,0
24478855_15,746,long,original+p+boundary_on,original,p,1,0,nan,nan,0,0.0,0,0,0
24478855_15,746,long,original+q+boundary_off,original,q,0,0,nan,nan,0,0.0,0,0,0
24478855_15,746,long,original+q+boundary_on,original,q,1,0,nan,nan,0,0.0,0,0,0
24478855_15,746,long,repaired+p+boundary_off,repaired,p,0,0,nan,nan,0,0.0,0,0,0
24478855_15,746,long,repaired+p+boundary_on,repaired,p,1,0,nan,nan,0,0.0,0,0,0
24478855_15,746,long,repaired+q+boundary_off,repaired,q,0,0,nan,nan,0,0.0,0,0,0
24478855_15,746,long,repaired+q+boundary_on,repaired,q,1,0,nan,nan,0,0.0,0,0,0
24478855_15,747,long,original+p+boundary_off,original,p,0,0,nan,nan,200001,5018.207400000165,0,0,0
24478855_15,747,long,original+p+boundary_on,original,p,1,0,nan,nan,200001,5286.432300000115,0,0,0
24478855_15,747,long,original+q+boundary_off,original,q,0,0,nan,nan,200001,4990.958399999954,0,0,0
24478855_15,747,long,original+q+boundary_on,original,q,1,0,nan,nan,200001,5268.7609000001885,0,0,0
24478855_15,747,long,repaired+p+boundary_off,repaired,p,0,0,nan,nan,200001,5024.143699999968,0,0,0
24478855_15,747,long,repaired+p+boundary_on,repaired,p,1,0,nan,nan,200001,5303.285000000187,0,0,0
24478855_15,747,long,repaired+q+boundary_off,repaired,q,0,0,nan,nan,200001,5103.79520000015,0,0,0
24478855_15,747,long,repaired+q+boundary_on,repaired,q,1,0,nan,nan,200001,5299.58160000001,0,0,0
24478855_15,748,long,original+p+boundary_off,original,p,0,0,nan,nan,0,0.0,0,0,0
24478855_15,748,long,original+p+boundary_on,original,p,1,0,nan,nan,0,0.0,0,0,0
24478855_15,748,long,original+q+boundary_off,original,q,0,0,nan,nan,0,0.0,0,0,0
24478855_15,748,long,original+q+boundary_on,original,q,1,0,nan,nan,0,0.0,0,0,0
24478855_15,748,long,repaired+p+boundary_off,repaired,p,0,0,nan,nan,0,0.0,0,0,0
24478855_15,748,long,repaired+p+boundary_on,repaired,p,1,0,nan,nan,0,0.0,0,0,0
24478855_15,748,long,repaired+q+boundary_off,repaired,q,0,0,nan,nan,0,0.0,0,0,0
24478855_15,748,long,repaired+q+boundary_on,repaired,q,1,0,nan,nan,0,0.0,0,0,0
24478855_15,749,long,original+p+boundary_off,original,p,0,0,nan,nan,0,0.0,0,0,0
24478855_15,749,long,original+p+boundary_on,original,p,1,0,nan,nan,0,0.0,0,0,0
24478855_15,749,long,original+q+boundary_off,original,q,0,0,nan,nan,0,0.0,0,0,0
24478855_15,749,long,original+q+boundary_on,original,q,1,0,nan,nan,0,0.0,0,0,0
24478855_15,749,long,repaired+p+boundary_off,repaired,p,0,0,nan,nan,0,0.0,0,0,0
24478855_15,749,long,repaired+p+boundary_on,repaired,p,1,0,nan,nan,0,0.0,0,0,0
24478855_15,749,long,repaired+q+boundary_off,repaired,q,0,0,nan,nan,0,0.0,0,0,0
24478855_15,749,long,repaired+q+boundary_on,repaired,q,1,0,nan,nan,0,0.0,0,0,0
24478855_15,750,long,original+p+boundary_off,original,p,0,1,0.03241758241758241,1971.8448045156754,122356,3084.5645000001696,0,1,1
24478855_15,750,long,original+p+boundary_on,original,p,1,1,0.00657534246575342,1982.2295808265258,155436,4122.703100000081,1,1,1
24478855_15,750,long,original+q+boundary_off,original,q,0,1,0.0164563905650027,1974.4305909533023,119638,2948.5791999998128,0,1,1
24478855_15,750,long,original+q+boundary_on,original,q,1,1,0.006571741511500528,1982.8153672641529,153314,4136.679300000196,1,1,1
24478855_15,750,long,repaired+p+boundary_off,repaired,p,0,1,0.03241758241758241,1971.8448045156754,122451,3070.1848999999584,0,1,1
24478855_15,750,long,repaired+p+boundary_on,repaired,p,1,1,0.00657534246575342,1982.2295808265258,155529,4153.657399999929,1,1,1
24478855_15,750,long,repaired+q+boundary_off,repaired,q,0,1,0.0164563905650027,1974.4305909533023,119743,3034.3902999998136,0,1,1
24478855_15,750,long,repaired+q+boundary_on,repaired,q,1,1,0.006571741511500528,1982.8153672641529,153414,4143.496800000094,1,1,1
24478855_15,751,long,original+p+boundary_off,original,p,0,0,nan,nan,200001,5033.357199999955,0,0,0
24478855_15,751,long,original+p+boundary_on,original,p,1,0,nan,nan,200001,5595.6882000000405,0,0,0
24478855_15,751,long,original+q+boundary_off,original,q,0,0,nan,nan,200001,5232.262399999854,0,0,0
24478855_15,751,long,original+q+boundary_on,original,q,1,0,nan,nan,200001,5674.905299999864,0,0,0
24478855_15,751,long,repaired+p+boundary_off,repaired,p,0,0,nan,nan,200001,5088.1358000001455,0,0,0
24478855_15,751,long,repaired+p+boundary_on,repaired,p,1,0,nan,nan,200001,5310.399300000199,0,0,0
24478855_15,751,long,repaired+q+boundary_off,repaired,q,0,0,nan,nan,200001,5220.334900000125,0,0,0
24478855_15,751,long,repaired+q+boundary_on,repaired,q,1,0,nan,nan,200001,5463.551399999915,0,0,0
24479170_15,752,short,original+p+boundary_off,original,p,0,1,0.03164556962025311,1007.4751801064732,21695,555.1070999999865,0,1,1
24479170_15,752,short,original+p+boundary_on,original,p,1,1,0.01577287066246058,1015.8599564173235,33562,990.9393000000364,0,1,1
24479170_15,752,short,original+q+boundary_off,original,q,0,1,0.027368421052631597,1009.4751801064732,21309,541.883299999995,0,1,1
24479170_15,752,short,original+q+boundary_on,original,q,1,1,0.014705882352941124,1016.4457428549504,33074,944.6425999999519,0,1,1
24479170_15,752,short,repaired+p+boundary_off,repaired,p,0,1,0.03164556962025311,1007.4751801064732,21695,560.4593000000477,0,1,1
24479170_15,752,short,repaired+p+boundary_on,repaired,p,1,1,0.01577287066246058,1015.8599564173235,33562,908.5168000000294,0,1,1
24479170_15,752,short,repaired+q+boundary_off,repaired,q,0,1,0.027368421052631597,1009.4751801064732,21309,535.4429000000209,0,1,1
24479170_15,752,short,repaired+q+boundary_on,repaired,q,1,1,0.014705882352941124,1016.4457428549504,33074,903.9500999999746,0,1,1
24479170_15,753,short,original+p+boundary_off,original,p,0,1,0.09922178988326846,1144.2224381515884,65052,1672.0276999999442,0,0,1
24479170_15,753,short,original+p+boundary_on,original,p,1,1,0.015564202334630295,1154.991990773289,75358,2121.3824999999815,0,1,1
24479170_15,753,short,original+q+boundary_off,original,q,0,1,0.09922178988326846,1147.5361466505733,64268,1580.9419999999363,0,0,1
24479170_15,753,short,original+q+boundary_on,original,q,1,1,0.01553398058252431,1156.1635636485428,74687,1995.4869999999119,0,1,1
24479170_15,753,short,repaired+p+boundary_off,repaired,p,0,1,0.09922178988326846,1144.2224381515884,65052,1598.621900000012,0,0,1
24479170_15,753,short,repaired+p+boundary_on,repaired,p,1,1,0.015564202334630295,1154.991990773289,75358,2010.496900000021,0,1,1
24479170_15,753,short,repaired+q+boundary_off,repaired,q,0,1,0.09922178988326846,1147.5361466505733,64268,1605.2367999999433,0,0,1
24479170_15,753,short,repaired+q+boundary_on,repaired,q,1,1,0.01553398058252431,1156.1635636485428,74687,1989.4597999999633,0,1,1
24479170_15,754,short,original+p+boundary_off,original,p,0,0,nan,nan,0,0.0,0,0,0
24479170_15,754,short,original+p+boundary_on,original,p,1,0,nan,nan,0,0.0,0,0,0
24479170_15,754,short,original+q+boundary_off,original,q,0,0,nan,nan,0,0.0,0,0,0
24479170_15,754,short,original+q+boundary_on,original,q,1,0,nan,nan,0,0.0,0,0,0
24479170_15,754,short,repaired+p+boundary_off,repaired,p,0,0,nan,nan,0,0.0,0,0,0
24479170_15,754,short,repaired+p+boundary_on,repaired,p,1,0,nan,nan,0,0.0,0,0,0
24479170_15,754,short,repaired+q+boundary_off,repaired,q,0,0,nan,nan,0,0.0,0,0,0
24479170_15,754,short,repaired+q+boundary_on,repaired,q,1,0,nan,nan,0,0.0,0,0,0
24479170_15,755,short,original+p+boundary_off,original,p,0,1,0.013043478260869601,475.5685424949241,11097,264.8297000000639,0,1,1
24479170_15,755,short,original+p+boundary_on,original,p,1,1,0.00649350649350644,481.71067811865515,15378,407.1455999999216,1,1,1
24479170_15,755,short,original+q+boundary_off,original,q,0,1,0.00649350649350644,477.5685424949241,11124,299.23280000002705,1,1,1
24479170_15,755,short,original+q+boundary_on,original,q,1,1,0.008639308855291628,482.29646455628205,15293,410.6765000000223,1,1,1
24479170_15,755,short,repaired+p+boundary_off,repaired,p,0,1,0.013043478260869601,475.5685424949241,11097,264.90690000002814,0,1,1
24479170_15,755,short,repaired+p+boundary_on,repaired,p,1,1,0.00649350649350644,481.71067811865515,15378,421.88900000007834,1,1,1
24479170_15,755,short,repaired+q+boundary_off,repaired,q,0,1,0.00649350649350644,477.5685424949241,11124,285.0946000000931,1,1,1
24479170_15,755,short,repaired+q+boundary_on,repaired,q,1,1,0.008639308855291628,482.29646455628205,15293,429.22619999990275,1,1,1
24479170_15,756,short,original+p+boundary_off,original,p,0,0,nan,nan,0,0.0,0,0,0
24479170_15,756,short,original+p+boundary_on,original,p,1,0,nan,nan,0,0.0,0,0,0
24479170_15,756,short,original+q+boundary_off,original,q,0,0,nan,nan,0,0.0,0,0,0
24479170_15,756,short,original+q+boundary_on,original,q,1,0,nan,nan,0,0.0,0,0,0
24479170_15,756,short,repaired+p+boundary_off,repaired,p,0,0,nan,nan,0,0.0,0,0,0
24479170_15,756,short,repaired+p+boundary_on,repaired,p,1,0,nan,nan,0,0.0,0,0,0
24479170_15,756,short,repaired+q+boundary_off,repaired,q,0,0,nan,nan,0,0.0,0,0,0
24479170_15,756,short,repaired+q+boundary_on,repaired,q,1,0,nan,nan,0,0.0,0,0,0
24479170_15,757,short,original+p+boundary_off,original,p,0,1,0.010703363914373099,691.1076477383256,12360,323.6527000000251,0,1,1
24479170_15,757,short,original+p+boundary_on,original,p,1,1,0.010687022900763399,695.8355697996834,16255,440.64300000002277,0,1,1
24479170_15,757,short,original+q+boundary_off,original,q,0,1,0.009160305343511421,692.5218613006986,12124,309.5945000000029,1,1,1
24479170_15,757,short,original+q+boundary_on,original,q,1,1,0.010687022900763399,695.8355697996834,16123,424.3066000000226,0,1,1
24479170_15,757,short,repaired+p+boundary_off,repaired,p,0,1,0.010703363914373099,691.1076477383256,12360,300.95430000005763,0,1,1
24479170_15,757,short,repaired+p+boundary_on,repaired,p,1,1,0.010687022900763399,695.8355697996834,16255,427.044799999976,0,1,1
24479170_15,757,short,repaired+q+boundary_off,repaired,q,0,1,0.009160305343511421,692.5218613006986,12124,310.49510000002556,1,1,1
24479170_15,757,short,repaired+q+boundary_on,repaired,q,1,1,0.010687022900763399,695.8355697996834,16123,438.7576999999965,0,1,1
24479170_15,758,medium,original+p+boundary_off,original,p,0,1,0.013340448239060887,2083.0062761231625,174830,4482.865100000026,0,1,1
24479170_15,758,medium,original+p+boundary_on,original,p,1,0,nan,nan,200001,5458.733299999949,0,0,0
24479170_15,758,medium,original+q+boundary_off,original,q,0,1,0.008519701810436597,2087.8347032479087,172580,4579.143800000111,1,1,1
24479170_15,758,medium,original+q+boundary_on,original,q,1,1,0.002119766825649183,2099.7341981845198,198361,5560.59550000009,1,1,1
24479170_15,758,medium,repaired+p+boundary_off,repaired,p,0,1,0.013340448239060887,2083.0062761231625,174830,4629.349300000058,0,1,1
24479170_15,758,medium,repaired+p+boundary_on,repaired,p,1,0,nan,nan,200001,5337.749499999973,0,0,0
24479170_15,758,medium,repaired+q+boundary_off,repaired,q,0,1,0.008519701810436597,2087.8347032479087,172580,4367.17950000002,1,1,1
24479170_15,758,medium,repaired+q+boundary_on,repaired,q,1,1,0.002119766825649183,2099.7341981845198,198361,5233.88749999981,1,1,1
24479170_15,759,medium,original+p+boundary_off,original,p,0,1,0.0006896551724138167,1562.0803025278578,55484,1408.9770999999018,1,1,1
24479170_15,759,medium,original+p+boundary_on,original,p,1,1,0.0006868131868131844,1568.908729652604,116538,3081.431600000087,1,1,1
24479170_15,759,medium,original+q+boundary_off,original,q,0,1,0.0006887052341597588,1564.0803025278578,54950,1360.0318000001153,1,1,1
24479170_15,759,medium,original+q+boundary_on,original,q,1,1,0.0006868131868131844,1568.908729652604,115434,3077.7159000001575,1,1,1
24479170_15,759,medium,repaired+p+boundary_off,repaired,p,0,1,0.0006896551724138167,1562.0803025278578,55484,1436.4558000002035,1,1,1
24479170_15,759,medium,repaired+p+boundary_on,repaired,p,1,1,0.0006868131868131844,1568.908729652604,116538,3132.0954000000256,1,1,1
24479170_15,759,medium,repaired+q+boundary_off,repaired,q,0,1,0.0006887052341597588,1564.0803025278578,54950,1378.6382999999205,1,1,1
24479170_15,759,medium,repaired+q+boundary_on,repaired,q,1,1,0.0006868131868131844,1568.908729652604,115434,3111.8821000000025,1,1,1
24479170_15,760,medium,original+p+boundary_off,original,p,0,1,0.005624999999999991,1830.9595949289387,82791,2077.4467999999615,1,1,1
24479170_15,760,medium,original+p+boundary_on,original,p,1,1,0.005593536357986317,1842.0306627408045,94208,2544.8963000001186,1,1,1
24479170_15,760,medium,original+q+boundary_off,original,q,0,1,0.004366812227074246,1834.373808491312,81426,2011.1061000000063,1,1,1
24479170_15,760,medium,original+q+boundary_on,original,q,1,1,0.0049720323182100845,1842.8590898655507,93251,2455.605900000137,1,1,1
24479170_15,760,medium,repaired+p+boundary_off,repaired,p,0,1,0.005624999999999991,1830.9595949289387,83059,2058.7787000001754,1,1,1
24479170_15,760,medium,repaired+p+boundary_on,repaired,p,1,1,0.005593536357986317,1842.0306627408045,94447,2456.3344000000598,1,1,1
24479170_15,760,medium,repaired+q+boundary_off,repaired,q,0,1,0.004366812227074246,1834.373808491312,81713,1989.806999999928,1,1,1
24479170_15,760,medium,repaired+q+boundary_on,repaired,q,1,1,0.0049720323182100845,1842.8590898655507,93510,2487.102699999923,1,1,1
24479170_15,761,medium,original+p+boundary_off,original,p,0,1,0.028000000000000025,1175.4549775709431,38139,949.9670999998671,0,1,1
24479170_15,761,medium,original+p+boundary_on,original,p,1,1,0.017000000000000015,1183.7392488184055,59232,1563.4536000000026,0,1,1
24479170_15,761,medium,original+q+boundary_off,original,q,0,1,0.025974025974025983,1176.04076400857,37762,929.0248999998312,0,1,1
24479170_15,761,medium,original+q+boundary_on,original,q,1,1,0.014970059880239472,1184.910821693659,58764,1530.087099999946,0,1,1
24479170_15,761,medium,repaired+p+boundary_off,repaired,p,0,1,0.028000000000000025,1175.4549775709431,38139,957.9190000001745,0,1,1
24479170_15,761,medium,repaired+p+boundary_on,repaired,p,1,1,0.017000000000000015,1183.7392488184055,59232,1566.1734000000251,0,1,1
24479170_15,761,medium,repaired+q+boundary_off,repaired,q,0,1,0.025974025974025983,1176.04076400857,37762,936.9234000000688,0,1,1
24479170_15,761,medium,repaired+q+boundary_on,repaired,q,1,1,0.014970059880239472,1184.910821693659,58764,1600.3851000000395,0,1,1
24479170_15,762,medium,original+p+boundary_off,original,p,0,1,0.011618257261410747,1299.269119345814,53152,1316.293099999939,0,1,1
24479170_15,762,medium,original+p+boundary_on,original,p,1,1,0.011560693641618491,1306.9259735953065,65807,1767.0395000000099,0,1,1
24479170_15,762,medium,original+q+boundary_off,original,q,0,1,0.011599005799502904,1301.269119345814,52983,1310.9513000001698,0,1,1
24479170_15,762,medium,original+q+boundary_on,original,q,1,1,0.011560693641618491,1306.9259735953065,66199,1779.7038000001066,0,1,1
24479170_15,762,medium,repaired+p+boundary_off,repaired,p,0,1,0.011618257261410747,1299.269119345814,53152,1335.5907000000116,0,1,1
24479170_15,762,medium,repaired+p+boundary_on,repaired,p,1,1,0.011560693641618491,1306.9259735953065,65807,1740.2529999999388,0,1,1
24479170_15,762,medium,repaired+q+boundary_off,repaired,q,0,1,0.011599005799502904,1301.269119345814,52983,1346.7775999999958,0,1,1
24479170_15,762,medium,repaired+q+boundary_on,repaired,q,1,1,0.011560693641618491,1306.9259735953065,66199,1724.5994999998402,0,1,1
24479170_15,763,medium,original+p+boundary_off,original,p,0,1,0.02898550724637683,1032.864140499433,33993,851.2328000001617,0,1,1
24479170_15,763,medium,original+p+boundary_on,original,p,1,1,0.016887816646562137,1040.0773439350296,48537,1242.0216999998956,0,1,1
24479170_15,763,medium,original+q+boundary_off,original,q,0,1,0.02777777777777779,1032.864140499433,33749,815.8476000000974,0,1,1
24479170_15,763,medium,original+q+boundary_on,original,q,1,1,0.015662650602409678,1040.6631303726565,48147,1252.5198000000728,0,1,1
24479170_15,763,medium,repaired+p+boundary_off,repaired,p,0,1,0.02898550724637683,1032.864140499433,33993,823.6472000000958,0,1,1
24479170_15,763,medium,repaired+p+boundary_on,repaired,p,1,1,0.016887816646562137,1040.0773439350296,48537,1364.0069000000494,0,1,1
24479170_15,763,medium,repaired+q+boundary_off,repaired,q,0,1,0.02777777777777779,1032.864140499433,33749,845.47439999983,0,1,1
24479170_15,763,medium,repaired+q+boundary_on,repaired,q,1,1,0.015662650602409678,1040.6631303726565,48147,1257.6607000000877,0,1,1
24479170_15,764,medium,original+p+boundary_off,original,p,0,1,0.0,1781.4377336282405,60834,1498.3687999999802,1,1,1
24479170_15,764,medium,original+p+boundary_on,original,p,1,1,0.0006273525721455231,1785.1950929411212,103122,2785.479599999917,1,1,1
24479170_15,764,medium,original+q+boundary_off,original,q,0,1,0.0,1782.8519471906134,60403,1573.2926000000589,1,1,1
24479170_15,764,medium,original+q+boundary_on,original,q,1,1,0.0006273525721455231,1785.1950929411212,102198,2698.5783000000083,1,1,1
24479170_15,764,medium,repaired+p+boundary_off,repaired,p,0,1,0.0,1781.4377336282405,60834,1536.4904000000479,1,1,1
24479170_15,764,medium,repaired+p+boundary_on,repaired,p,1,1,0.0006273525721455231,1785.1950929411212,103122,2764.633700000104,1,1,1
24479170_15,764,medium,repaired+q+boundary_off,repaired,q,0,1,0.0,1782.8519471906134,60403,1528.7329000000227,1,1,1
24479170_15,764,medium,repaired+q+boundary_on,repaired,q,1,1,0.0006273525721455231,1785.1950929411212,102198,2745.264099999986,1,1,1
24479170_15,765,long,original+p+boundary_off,original,p,0,1,0.024985127900059467,2034.1525958290056,127195,3362.0508999999856,0,1,1
24479170_15,765,long,original+p+boundary_on,original,p,1,1,0.012426035502958621,2046.8805178903635,196829,5405.23619999999,0,1,1
24479170_15,765,long,original+q+boundary_off,original,q,0,1,0.014251781472684133,2037.5668093913787,126687,3350.098900000148,0,1,1
24479170_15,765,long,original+q+boundary_on,original,q,1,1,0.011834319526627168,2047.7089450151097,195686,5576.463899999908,0,1,1
24479170_15,765,long,repaired+p+boundary_off,repaired,p,0,1,0.024985127900059467,2034.1525958290056,127195,3322.7964000000156,0,1,1
24479170_15,765,long,repaired+p+boundary_on,repaired,p,1,1,0.012426035502958621,2046.8805178903635,196829,5340.213299999959,0,1,1
24479170_15,765,long,repaired+q+boundary_off,repaired,q,0,1,0.014251781472684133,2037.5668093913787,126687,3264.355499999965,0,1,1
24479170_15,765,long,repaired+q+boundary_on,repaired,q,1,1,0.011834319526627168,2047.7089450151097,195686,5401.676699999825,0,1,1
24479170_15,766,long,original+p+boundary_off,original,p,0,1,0.0,1847.3616151824922,70551,1804.959899999858,1,1,1
24479170_15,766,long,original+p+boundary_on,original,p,1,1,0.0006123698714023407,1851.118974495373,129564,3469.70280000005,1,1,1
24479170_15,766,long,original+q+boundary_off,original,q,0,1,0.0,1848.7758287448655,70031,1796.3615000001028,1,1,1
24479170_15,766,long,original+q+boundary_on,original,q,1,1,0.0006123698714023407,1851.118974495373,128546,3515.3139999999894,1,1,1
24479170_15,766,long,repaired+p+boundary_off,repaired,p,0,1,0.0,1847.3616151824922,70551,1797.907699999996,1,1,1
24479170_15,766,long,repaired+p+boundary_on,repaired,p,1,1,0.0006123698714023407,1851.118974495373,129564,3519.983400000001,1,1,1
24479170_15,766,long,repaired+q+boundary_off,repaired,q,0,1,0.0,1848.7758287448655,70031,1819.3780000001425,1,1,1
24479170_15,766,long,repaired+q+boundary_on,repaired,q,1,1,0.0006123698714023407,1851.118974495373,128546,3426.6130999999405,1,1,1
24479170_15,767,long,original+p+boundary_off,original,p,0,1,0.001170275014628408,1876.170706323481,55701,1382.3924999999235,1,1,1
24479170_15,767,long,original+p+boundary_on,original,p,1,1,0.0011648223645893685,1882.5138520739886,101593,2684.733499999993,1,1,1
24479170_15,767,long,original+q+boundary_off,original,q,0,1,0.0011695906432748204,1876.756492761108,54277,1384.1688999998496,1,1,1
24479170_15,767,long,original+q+boundary_on,original,q,1,1,0.0011648223645893685,1882.5138520739886,100714,2671.70370000008,1,1,1
24479170_15,767,long,repaired+p+boundary_off,repaired,p,0,1,0.001170275014628408,1876.170706323481,55701,1363.454000000047,1,1,1
24479170_15,767,long,repaired+p+boundary_on,repaired,p,1,1,0.0011648223645893685,1882.5138520739886,101593,2892.5274000000627,1,1,1
24479170_15,767,long,repaired+q+boundary_off,repaired,q,0,1,0.0011695906432748204,1876.756492761108,54277,1430.1095000000714,1,1,1
24479170_15,767,long,repaired+q+boundary_on,repaired,q,1,1,0.0011648223645893685,1882.5138520739886,100714,2710.3921999998875,1,1,1
24479170_15,768,long,original+p+boundary_off,original,p,0,0,nan,nan,0,0.0,0,0,0
24479170_15,768,long,original+p+boundary_on,original,p,1,0,nan,nan,0,0.0,0,0,0
24479170_15,768,long,original+q+boundary_off,original,q,0,0,nan,nan,0,0.0,0,0,0
24479170_15,768,long,original+q+boundary_on,original,q,1,0,nan,nan,0,0.0,0,0,0
24479170_15,768,long,repaired+p+boundary_off,repaired,p,0,1,0.0022522522522522292,1940.6854249492426,73573,1956.9543999998587,1,1,1
24479170_15,768,long,repaired+p+boundary_on,repaired,p,1,1,0.0016797312430011369,1950.6854249492424,131374,3609.750899999881,1,1,1
24479170_15,768,long,repaired+q+boundary_off,repaired,q,0,1,0.001686340640809414,1942.4427842621233,72753,1857.1031999999832,1,1,1
24479170_15,768,long,repaired+q+boundary_on,repaired,q,1,1,0.0016797312430011369,1950.6854249492424,130371,3566.9753000001947,1,1,1
24479170_15,769,long,original+p+boundary_off,original,p,0,1,0.024945770065075923,2222.4196231337396,135971,3470.255199999883,0,1,1
24479170_15,769,long,original+p+boundary_on,original,p,1,1,0.01132075471698113,2237.9759723198426,186922,5003.270699999803,0,1,1
24479170_15,769,long,original+q+boundary_off,original,q,0,1,0.016774891774891776,2226.419623133739,135603,3426.2876000000233,0,1,1
24479170_15,769,long,original+q+boundary_on,original,q,1,1,0.010781671159029615,2238.804399444589,185913,5035.447399999839,0,1,1
24479170_15,769,long,repaired+p+boundary_off,repaired,p,0,1,0.024945770065075923,2222.4196231337396,135971,3597.713399999975,0,1,1
24479170_15,769,long,repaired+p+boundary_on,repaired,p,1,1,0.01132075471698113,2237.9759723198426,186922,5035.512700000027,0,1,1
24479170_15,769,long,repaired+q+boundary_off,repaired,q,0,1,0.016774891774891776,2226.419623133739,135603,3611.784700000044,0,1,1
24479170_15,769,long,repaired+q+boundary_on,repaired,q,1,1,0.010781671159029615,2238.804399444589,185913,5032.2874999999385,0,1,1
24479170_15,770,long,original+p+boundary_off,original,p,0,0,nan,nan,0,0.0,0,0,0
24479170_15,770,long,original+p+boundary_on,original,p,1,0,nan,nan,0,0.0,0,0,0
24479170_15,770,long,original+q+boundary_off,original,q,0,0,nan,nan,0,0.0,0,0,0
24479170_15,770,long,original+q+boundary_on,original,q,1,0,nan,nan,0,0.0,0,0,0
24479170_15,770,long,repaired+p+boundary_off,repaired,p,0,0,nan,nan,0,0.0,0,0,0
24479170_15,770,long,repaired+p+boundary_on,repaired,p,1,0,nan,nan,0,0.0,0,0,0
24479170_15,770,long,repaired+q+boundary_off,repaired,q,0,0,nan,nan,0,0.0,0,0,0
24479170_15,770,long,repaired+q+boundary_on,repaired,q,1,0,nan,nan,0,0.0,0,0,0
24479170_15,771,long,original+p+boundary_off,original,p,0,1,0.015625,2162.1353518862966,119048,2990.265200000067,0,1,1
24479170_15,771,long,original+p+boundary_on,original,p,1,1,0.009465478841870878,2170.2774875100276,161025,4292.413299999907,1,1,1
24479170_15,771,long,original+q+boundary_off,original,q,0,1,0.007242339832869038,2165.5495654486695,117412,2955.0019000000702,1,1,1
24479170_15,771,long,original+q+boundary_on,original,q,1,1,0.008908685968819552,2171.1059146347734,158953,4218.284799999992,1,1,1
24479170_15,771,long,repaired+p+boundary_off,repaired,p,0,1,0.015625,2162.1353518862966,119048,2965.804900000194,0,1,1
24479170_15,771,long,repaired+p+boundary_on,repaired,p,1,1,0.009465478841870878,2170.2774875100276,161025,4371.752600000036,1,1,1
24479170_15,771,long,repaired+q+boundary_off,repaired,q,0,1,0.007242339832869038,2165.5495654486695,117412,2961.819099999957,1,1,1
24479170_15,771,long,repaired+q+boundary_on,repaired,q,1,1,0.008908685968819552,2171.1059146347734,158953,4225.548899999922,1,1,1
24479215_15,772,short,original+p+boundary_off,original,p,0,0,nan,nan,0,0.0,0,0,0
24479215_15,772,short,original+p+boundary_on,original,p,1,0,nan,nan,0,0.0,0,0,0
24479215_15,772,short,original+q+boundary_off,original,q,0,0,nan,nan,0,0.0,0,0,0
24479215_15,772,short,original+q+boundary_on,original,q,1,0,nan,nan,0,0.0,0,0,0
24479215_15,772,short,repaired+p+boundary_off,repaired,p,0,0,nan,nan,0,0.0,0,0,0
24479215_15,772,short,repaired+p+boundary_on,repaired,p,1,0,nan,nan,0,0.0,0,0,0
24479215_15,772,short,repaired+q+boundary_off,repaired,q,0,0,nan,nan,0,0.0,0,0,0
24479215_15,772,short,repaired+q+boundary_on,repaired,q,1,0,nan,nan,0,0.0,0,0,0
24479215_15,773,short,original+p+boundary_off,original,p,0,1,0.06896551724137934,466.2985565973362,15588,372.2791000000143,0,0,1
24479215_15,773,short,original+p+boundary_on,original,p,1,1,0.08443271767810023,468.29855659733624,17904,468.55800000003,0,0,1
24479215_15,773,short,original+q+boundary_off,original,q,0,1,0.07161803713527848,466.2985565973362,15321,373.5721000000467,0,0,1
24479215_15,773,short,original+q+boundary_on,original,q,1,1,0.08179419525065967,469.12698372208246,17647,453.6252999998851,0,0,1
24479215_15,773,short,repaired+p+boundary_off,repaired,p,0,1,0.06896551724137934,466.2985565973362,15588,392.3882000001413,0,0,1
24479215_15,773,short,repaired+p+boundary_on,repaired,p,1,1,0.08443271767810023,468.29855659733624,17904,448.19380000012643,0,0,1
24479215_15,773,short,repaired+q+boundary_off,repaired,q,0,1,0.07161803713527848,466.2985565973362,15321,370.74680000000626,0,0,1
24479215_15,773,short,repaired+q+boundary_on,repaired,q,1,1,0.08179419525065967,469.12698372208246,17647,452.3963999999978,0,0,1
24479215_15,774,short,original+p+boundary_off,original,p,0,1,0.1875,206.0660171779823,4624,127.83330000002024,0,0,0
24479215_15,774,short,original+p+boundary_on,original,p,1,1,0.15254237288135597,208.30865786510162,4925,124.89099999993414,0,0,0
24479215_15,774,short,original+q+boundary_off,original,q,0,1,0.202247191011236,208.0660171779823,4715,112.89579999993293,0,0,0
24479215_15,774,short,original+q+boundary_on,original,q,1,1,0.202247191011236,209.72287142747473,4984,121.0235000000921,0,0,0
24479215_15,774,short,repaired+p+boundary_off,repaired,p,0,1,0.1875,206.0660171779823,4624,120.32210000006671,0,0,0
24479215_15,774,short,repaired+p+boundary_on,repaired,p,1,1,0.15254237288135597,208.30865786510162,4925,139.17799999990166,0,0,0
24479215_15,774,short,repaired+q+boundary_off,repaired,q,0,1,0.202247191011236,208.0660171779823,4715,120.86909999993622,0,0,0
24479215_15,774,short,repaired+q+boundary_on,repaired,q,1,1,0.202247191011236,209.72287142747473,4984,126.11970000011752,0,0,0
24479215_15,775,short,original+p+boundary_off,original,p,0,1,0.10737628384687203,1343.7951647286227,97231,2345.763600000055,0,0,0
24479215_15,775,short,original+p+boundary_on,original,p,1,1,0.08449396471680592,1353.1088732276075,106849,2774.4471999999405,0,0,1
24479215_15,775,short,original+q+boundary_off,original,q,0,1,0.11173184357541899,1348.037805415742,97329,2412.1350999998867,0,0,0
24479215_15,775,short,original+q+boundary_on,original,q,1,1,0.08155699721964782,1356.7657274771,106853,2829.5863000000736,0,0,1
24479215_15,775,short,repaired+p+boundary_off,repaired,p,0,1,0.10737628384687203,1343.7951647286227,97763,2410.054500000115,0,0,0
24479215_15,775,short,repaired+p+boundary_on,repaired,p,1,1,0.08449396471680592,1353.1088732276075,107806,2853.726300000062,0,0,1
24479215_15,775,short,repaired+q+boundary_off,repaired,q,0,1,0.11173184357541899,1348.037805415742,97736,2444.7444999998424,0,0,0
24479215_15,775,short,repaired+q+boundary_on,repaired,q,1,1,0.08155699721964782,1356.7657274771,107792,2891.976399999976,0,0,1
24479215_15,776,short,original+p+boundary_off,original,p,0,1,0.009433962264150941,813.5260453828081,34280,839.6044999999503,1,1,1
24479215_15,776,short,original+p+boundary_on,original,p,1,1,0.00470219435736674,815.5260453828081,41246,1101.3611999999284,1,1,1
24479215_15,776,short,original+q+boundary_off,original,q,0,1,0.009433962264150941,813.5260453828081,34024,825.9131999998317,1,1,1
24479215_15,776,short,original+q+boundary_on,original,q,1,1,0.0046948356807511304,816.9402589451812,40810,1075.4268999999113,1,1,1
24479215_15,776,short,repaired+p+boundary_off,repaired,p,0,1,0.009433962264150941,813.5260453828081,34280,823.9046999999573,1,1,1
24479215_15,776,short,repaired+p+boundary_on,repaired,p,1,1,0.00470219435736674,815.5260453828081,41246,1088.3170000001883,1,1,1
24479215_15,776,short,repaired+q+boundary_off,repaired,q,0,1,0.009433962264150941,813.5260453828081,34024,853.5045999999511,1,1,1
24479215_15,776,short,repaired+q+boundary_on,repaired,q,1,1,0.0046948356807511304,816.9402589451812,40810,1045.6977999999708,1,1,1
24479215_15,777,short,original+p+boundary_off,original,p,0,1,0.06304985337243407,825.5605332682132,39578,949.8344000000998,0,0,1
24479215_15,777,short,original+p+boundary_on,original,p,1,1,0.0613138686131387,829.8031739553326,46389,1244.739700000082,0,0,1
24479215_15,777,short,original+q+boundary_off,original,q,0,1,0.051244509516837455,827.8031739553325,39170,969.4180000001325,0,0,1
24479215_15,777,short,original+q+boundary_on,original,q,1,1,0.0613138686131387,831.460028204825,45951,1185.7923000000028,0,0,1
24479215_15,777,short,repaired+p+boundary_off,repaired,p,0,1,0.06304985337243407,825.5605332682132,39578,1002.1120999999766,0,0,1
24479215_15,777,short,repaired+p+boundary_on,repaired,p,1,1,0.0613138686131387,829.8031739553326,46389,1197.6271000000906,0,0,1
24479215_15,777,short,repaired+q+boundary_off,repaired,q,0,1,0.051244509516837455,827.8031739553325,39170,976.6325000000506,0,0,1
24479215_15,777,short,repaired+q+boundary_on,repaired,q,1,1,0.0613138686131387,831.460028204825,45951,1181.7883000001075,0,0,1
24479215_15,778,medium,original+p+boundary_off,original,p,0,1,0.04996755353666449,1901.6084399517213,137317,3372.1656000000166,0,1,1
24479215_15,778,medium,original+p+boundary_on,original,p,1,1,0.03806451612903228,1915.9932162625717,133302,3501.8148999999994,0,1,1
24479215_15,778,medium,original+q+boundary_off,original,q,0,1,0.055735580038885235,1906.09372132596,138021,3418.5176999999385,0,0,1
24479215_15,778,medium,original+q+boundary_on,original,q,1,1,0.04255319148936165,1932.3191180703768,132351,3481.040000000121,0,1,1
24479215_15,778,medium,repaired+p+boundary_off,repaired,p,0,1,0.04996755353666449,1901.6084399517213,137544,3434.5256000001427,0,1,1
24479215_15,778,medium,repaired+p+boundary_on,repaired,p,1,1,0.03806451612903228,1915.9932162625717,133668,3506.876300000158,0,1,1
24479215_15,778,medium,repaired+q+boundary_off,repaired,q,0,1,0.055735580038885235,1906.09372132596,138135,3454.9656000001505,0,0,1
24479215_15,778,medium,repaired+q+boundary_on,repaired,q,1,1,0.04255319148936165,1932.3191180703768,132745,3491.2027000000307,0,1,1
24479215_15,779,medium,original+p+boundary_off,original,p,0,1,0.03703703703703709,1254.0600999923272,75215,1813.7067999998635,0,1,1
24479215_15,779,medium,original+p+boundary_on,original,p,1,1,0.024319066147859947,1264.3443712397893,90514,2390.6039000000874,0,1,1
24479215_15,779,medium,original+q+boundary_off,original,q,0,1,0.03898635477582846,1258.202235616058,73042,1872.7996000000076,0,1,1
24479215_15,779,medium,original+q+boundary_on,original,q,1,1,0.01844660194174752,1266.3443712397893,89070,2332.4003000000175,0,1,1
24479215_15,779,medium,repaired+p+boundary_off,repaired,p,0,1,0.03703703703703709,1254.0600999923272,75982,1894.5929999999862,0,1,1
24479215_15,779,medium,repaired+p+boundary_on,repaired,p,1,1,0.024319066147859947,1264.3443712397893,91360,2370.7687000000988,0,1,1
24479215_15,779,medium,repaired+q+boundary_off,repaired,q,0,1,0.03898635477582846,1258.202235616058,73695,1820.753599999989,0,1,1
24479215_15,779,medium,repaired+q+boundary_on,repaired,q,1,1,0.01844660194174752,1266.3443712397893,89918,2394.76169999989,0,1,1
24479215_15,780,medium,original+p+boundary_off,original,p,0,0,nan,nan,0,0.0,0,0,0
24479215_15,780,medium,original+p+boundary_on,original,p,1,0,nan,nan,0,0.0,0,0,0
24479215_15,780,medium,original+q+boundary_off,original,q,0,0,nan,nan,0,0.0,0,0,0
24479215_15,780,medium,original+q+boundary_on,original,q,1,0,nan,nan,0,0.0,0,0,0
24479215_15,780,medium,repaired+p+boundary_off,repaired,p,0,0,nan,nan,0,0.0,0,0,0
24479215_15,780,medium,repaired+p+boundary_on,repaired,p,1,0,nan,nan,0,0.0,0,0,0
24479215_15,780,medium,repaired+q+boundary_off,repaired,q,0,0,nan,nan,0,0.0,0,0,0
24479215_15,780,medium,repaired+q+boundary_on,repaired,q,1,0,nan,nan,0,0.0,0,0,0
24479215_15,781,medium,original+p+boundary_off,original,p,0,1,0.05640423031727382,1041.366665816374,26997,700.7485999999972,0,0,1
24479215_15,781,medium,original+p+boundary_on,original,p,1,1,0.053801169590643294,1049.5088014401051,50786,1343.252899999925,0,0,1
24479215_15,781,medium,original+q+boundary_off,original,q,0,1,0.05522914218566388,1043.0235200658665,26981,649.4328000001133,0,0,1
24479215_15,781,medium,original+q+boundary_on,original,q,1,1,0.054970760233918115,1050.3372285648513,50472,1311.9928999999502,0,0,1
24479215_15,781,medium,repaired+p+boundary_off,repaired,p,0,1,0.05640423031727382,1041.366665816374,26997,689.6114999999554,0,0,1
24479215_15,781,medium,repaired+p+boundary_on,repaired,p,1,1,0.053801169590643294,1049.5088014401051,50786,1361.404999999877,0,0,1
24479215_15,781,medium,repaired+q+boundary_off,repaired,q,0,1,0.05522914218566388,1043.0235200658665,26981,666.3101999999981,0,0,1
24479215_15,781,medium,repaired+q+boundary_on,repaired,q,1,1,0.054970760233918115,1050.3372285648513,50472,1318.3974000000944,0,0,1
24479215_15,782,medium,original+p+boundary_off,original,p,0,1,0.1473799126637555,1174.711903607937,81215,2144.80750000007,0,0,0
24479215_15,782,medium,original+p+boundary_on,original,p,1,1,0.13029315960912047,1181.7829714198026,92752,2600.794199999882,0,0,0
24479215_15,782,medium,original+q+boundary_off,original,q,0,1,0.15016322089227419,1178.1261171703102,83008,2089.245699999992,0,0,0
24479215_15,782,medium,original+q+boundary_on,original,q,1,1,0.13015184381778744,1183.1971849821757,92911,2600.755100000015,0,0,0
24479215_15,782,medium,repaired+p+boundary_off,repaired,p,0,1,0.1473799126637555,1174.711903607937,81215,2075.6094999999277,0,0,0
24479215_15,782,medium,repaired+p+boundary_on,repaired,p,1,1,0.13029315960912047,1181.7829714198026,92752,2584.920999999895,0,0,0
24479215_15,782,medium,repaired+q+boundary_off,repaired,q,0,1,0.15016322089227419,1178.1261171703102,83008,2243.901299999834,0,0,0
24479215_15,782,medium,repaired+q+boundary_on,repaired,q,1,1,0.13015184381778744,1183.1971849821757,92911,2564.2720000000736,0,0,0
24479215_15,783,medium,original+p+boundary_off,original,p,0,1,0.05362776025236593,1121.0702012600925,27972,674.1562000001977,0,0,1
24479215_15,783,medium,original+p+boundary_on,original,p,1,1,0.05323590814196244,1130.141269071958,32849,895.5885000000308,0,0,1
24479215_15,783,medium,original+q+boundary_off,original,q,0,1,0.05257623554153523,1121.8986283848387,27587,688.9772000001813,0,0,1
24479215_15,783,medium,original+q+boundary_on,original,q,1,1,0.051148225469728636,1130.141269071958,32436,853.993599999967,0,0,1
24479215_15,783,medium,repaired+p+boundary_off,repaired,p,0,1,0.05362776025236593,1121.0702012600925,27972,674.9254999999721,0,0,1
24479215_15,783,medium,repaired+p+boundary_on,repaired,p,1,1,0.05323590814196244,1130.141269071958,32849,858.0378000001474,0,0,1
24479215_15,783,medium,repaired+q+boundary_off,repaired,q,0,1,0.05257623554153523,1121.8986283848387,27587,655.7390999998916,0,0,1
24479215_15,783,medium,repaired+q+boundary_on,repaired,q,1,1,0.051148225469728636,1130.141269071958,32436,855.056599999898,0,0,1
24479215_15,784,medium,original+p+boundary_off,original,p,0,1,0.026485325697924167,1676.0083681642197,83692,2095.2663000000484,0,1,1
24479215_15,784,medium,original+p+boundary_on,original,p,1,1,0.013542409123307175,1683.6652224137122,92490,2455.082299999958,0,1,1
24479215_15,784,medium,original+q+boundary_off,original,q,0,1,0.02863278453829632,1678.4936495384584,86350,2240.15200000008,0,1,1
24479215_15,784,medium,original+q+boundary_on,original,q,1,1,0.013532763532763559,1685.0794359760853,94292,2586.2736999999925,0,1,1
24479215_15,784,medium,repaired+p+boundary_off,repaired,p,0,1,0.026485325697924167,1676.0083681642197,83853,2073.1680999999753,0,1,1
24479215_15,784,medium,repaired+p+boundary_on,repaired,p,1,1,0.013542409123307175,1683.6652224137122,92810,2464.671599999974,0,1,1
24479215_15,784,medium,repaired+q+boundary_off,repaired,q,0,1,0.02863278453829632,1678.4936495384584,86472,2141.9078999999783,0,1,1
24479215_15,784,medium,repaired+q+boundary_on,repaired,q,1,1,0.013532763532763559,1685.0794359760853,94628,2569.9211999999534,0,1,1
24479215_15,785,long,original+p+boundary_off,original,p,0,1,0.07452966714905929,1694.973880278814,51460,1289.6198000000823,0,0,1
24479215_15,785,long,original+p+boundary_on,original,p,1,1,0.07075812274368232,1701.701802340172,68506,1827.2690000001148,0,0,1
24479215_15,785,long,original+q+boundary_off,original,q,0,1,0.07664497469269704,1698.0449480906796,56759,1426.6604000001735,0,0,1
24479215_15,785,long,original+q+boundary_on,original,q,1,1,0.06777217015140591,1702.8733752154258,70359,1875.9727999999996,0,0,1
24479215_15,785,long,repaired+p+boundary_off,repaired,p,0,1,0.07452966714905929,1694.973880278814,51492,1263.2998999999927,0,0,1
24479215_15,785,long,repaired+p+boundary_on,repaired,p,1,1,0.07075812274368232,1701.701802340172,68716,1834.3887999999424,0,0,1
24479215_15,785,long,repaired+q+boundary_off,repaired,q,0,1,0.07664497469269704,1698.0449480906796,56808,1378.7067000000661,0,0,1
24479215_15,785,long,repaired+q+boundary_on,repaired,q,1,1,0.06777217015140591,1702.8733752154258,70563,1858.8426999999683,0,0,1
24479215_15,786,long,original+p+boundary_off,original,p,0,1,0.021192052980132492,1840.370849898485,83842,2054.7275999999783,0,1,1
24479215_15,786,long,original+p+boundary_on,original,p,1,1,0.005932762030323002,1846.9566363361118,99749,2622.3013000001174,1,1,1
24479215_15,786,long,original+q+boundary_off,original,q,0,1,0.02384105960264904,1841.1992770232312,83614,2083.957499999997,0,1,1
24479215_15,786,long,original+q+boundary_on,original,q,1,1,0.00856954515491104,1847.785063460858,98990,2673.4059000000343,1,1,1
24479215_15,786,long,repaired+p+boundary_off,repaired,p,0,1,0.021192052980132492,1840.370849898485,83842,2167.1971000000667,0,1,1
24479215_15,786,long,repaired+p+boundary_on,repaired,p,1,1,0.005932762030323002,1846.9566363361118,100093,2805.506899999955,1,1,1
24479215_15,786,long,repaired+q+boundary_off,repaired,q,0,1,0.02384105960264904,1841.1992770232312,83614,2228.9432999998553,0,1,1
24479215_15,786,long,repaired+q+boundary_on,repaired,q,1,1,0.00856954515491104,1847.785063460858,99362,2771.127299999989,1,1,1
24479215_15,787,long,original+p+boundary_off,original,p,0,1,0.08123249299719892,1742.6307345283064,67565,1725.8884999998827,0,0,1
24479215_15,787,long,original+p+boundary_on,original,p,1,1,0.07202797202797206,1750.42972440153,125429,3412.031599999864,0,0,1
24479215_15,787,long,original+q+boundary_off,original,q,0,1,0.07907627711686493,1746.5302294649182,71861,1892.438299999867,0,0,1
24479215_15,787,long,original+q+boundary_on,original,q,1,1,0.07122905027932958,1751.6012972767837,124488,3301.357800000005,0,0,1
24479215_15,787,long,repaired+p+boundary_off,repaired,p,0,1,0.08123249299719892,1742.6307345283064,67922,1692.771700000094,0,0,1
24479215_15,787,long,repaired+p+boundary_on,repaired,p,1,1,0.07202797202797206,1750.42972440153,128317,3431.3801000000694,0,0,1
24479215_15,787,long,repaired+q+boundary_off,repaired,q,0,1,0.07907627711686493,1746.5302294649182,72217,1770.0929000000087,0,0,1
24479215_15,787,long,repaired+q+boundary_on,repaired,q,1,1,0.07122905027932958,1751.6012972767837,127323,3419.3723000000773,0,0,1
24479215_15,788,long,original+p+boundary_off,original,p,0,0,nan,nan,0,0.0,0,0,0
24479215_15,788,long,original+p+boundary_on,original,p,1,0,nan,nan,0,0.0,0,0,0
24479215_15,788,long,original+q+boundary_off,original,q,0,0,nan,nan,0,0.0,0,0,0
24479215_15,788,long,original+q+boundary_on,original,q,1,0,nan,nan,0,0.0,0,0,0
24479215_15,788,long,repaired+p+boundary_off,repaired,p,0,0,nan,nan,0,0.0,0,0,0
24479215_15,788,long,repaired+p+boundary_on,repaired,p,1,0,nan,nan,0,0.0,0,0,0
24479215_15,788,long,repaired+q+boundary_off,repaired,q,0,0,nan,nan,0,0.0,0,0,0
24479215_15,788,long,repaired+q+boundary_on,repaired,q,1,0,nan,nan,0,0.0,0,0,0
24479215_15,789,long,original+p+boundary_off,original,p,0,1,0.029482551143200975,1977.8733752154258,96482,2427.4163999998564,0,1,1
24479215_15,789,long,original+p+boundary_on,original,p,1,1,0.029904306220095656,1996.986073587634,103643,2846.54589999991,0,1,1
24479215_15,789,long,original+q+boundary_off,original,q,0,1,0.027577937649880147,1985.5302294649182,95541,2452.7550999998766,0,1,1
24479215_15,789,long,original+q+boundary_on,original,q,1,1,0.02923627684964203,2000.986073587634,102674,2772.82050000008,0,1,1
24479215_15,789,long,repaired+p+boundary_off,repaired,p,0,1,0.029482551143200975,1977.8733752154258,96986,2466.466099999934,0,1,1
24479215_15,789,long,repaired+p+boundary_on,repaired,p,1,1,0.029904306220095656,1996.986073587634,104387,2939.8215999999593,0,1,1
24479215_15,789,long,repaired+q+boundary_off,repaired,q,0,1,0.027577937649880147,1985.5302294649182,96038,2488.9630000000125,0,1,1
24479215_15,789,long,repaired+q+boundary_on,repaired,q,1,1,0.02923627684964203,2000.986073587634,103476,2765.431499999977,0,1,1
24479215_15,790,long,original+p+boundary_off,original,p,0,0,nan,nan,0,0.0,0,0,0
24479215_15,790,long,original+p+boundary_on,original,p,1,0,nan,nan,0,0.0,0,0,0
24479215_15,790,long,original+q+boundary_off,original,q,0,0,nan,nan,0,0.0,0,0,0
24479215_15,790,long,original+q+boundary_on,original,q,1,0,nan,nan,0,0.0,0,0,0
24479215_15,790,long,repaired+p+boundary_off,repaired,p,0,0,nan,nan,0,0.0,0,0,0
24479215_15,790,long,repaired+p+boundary_on,repaired,p,1,0,nan,nan,0,0.0,0,0,0
24479215_15,790,long,repaired+q+boundary_off,repaired,q,0,0,nan,nan,0,0.0,0,0,0
24479215_15,790,long,repaired+q+boundary_on,repaired,q,1,0,nan,nan,0,0.0,0,0,0
24479215_15,791,long,original+p+boundary_off,original,p,0,0,nan,nan,200001,4957.2345000001405,0,0,0
24479215_15,791,long,original+p+boundary_on,original,p,1,1,0.22001888574126538,2556.066376115436,190158,5025.7107999998425,0,0,0
24479215_15,791,long,original+q+boundary_off,original,q,0,1,0.2098531501657982,2543.6815998045868,198172,4928.321500000038,0,0,0
24479215_15,791,long,original+q+boundary_on,original,q,1,1,0.21897121283624355,2557.480589677809,187321,5073.369599999978,0,0,0
24479215_15,791,long,repaired+p+boundary_off,repaired,p,0,0,nan,nan,200001,5062.647599999991,0,0,0
24479215_15,791,long,repaired+p+boundary_on,repaired,p,1,1,0.22001888574126538,2556.066376115436,191913,5031.580200000008,0,0,0
24479215_15,791,long,repaired+q+boundary_off,repaired,q,0,1,0.2098531501657982,2543.6815998045868,199510,4676.565299999993,0,0,0
24479215_15,791,long,repaired+q+boundary_on,repaired,q,1,1,0.21897121283624355,2557.480589677809,189096,4679.488499999934,0,0,0
24628885_15,792,short,original+p+boundary_off,original,p,0,1,0.0774550484094052,775.4335495461304,29926,752.9629000000568,0,0,1
24628885_15,792,short,original+p+boundary_on,original,p,1,1,0.023480662983425438,789.2741699796966,44263,1183.2870999999159,0,1,1
24628885_15,792,short,original+q+boundary_off,original,q,0,1,0.0816044260027663,775.4335495461304,29782,761.9421000001694,0,0,1
24628885_15,792,short,original+q+boundary_on,original,q,1,1,0.02063273727647863,791.8599564173235,43742,1145.3930000000128,0,1,1
24628885_15,792,short,repaired+p+boundary_off,repaired,p,0,1,0.0774550484094052,775.4335495461304,29926,722.687599999972,0,0,1
24628885_15,792,short,repaired+p+boundary_on,repaired,p,1,1,0.023480662983425438,789.2741699796966,44263,1168.7984000000142,0,1,1
24628885_15,792,short,repaired+q+boundary_off,repaired,q,0,1,0.0816044260027663,775.4335495461304,29782,753.1486000000314,0,0,1
24628885_15,792,short,repaired+q+boundary_on,repaired,q,1,1,0.02063273727647863,791.8599564173235,43742,1153.9241000000402,0,1,1
24628885_15,793,short,original+p+boundary_off,original,p,0,1,0.017743979721166037,870.0142853498744,20577,490.3254000000743,0,1,1
24628885_15,793,short,original+p+boundary_on,original,p,1,1,0.008871989860583018,873.3279938488593,25886,666.0694000001968,1,1,1
24628885_15,793,short,original+q+boundary_off,original,q,0,1,0.017721518987341756,871.4284989122475,20336,493.2432999999037,0,1,1
24628885_15,793,short,original+q+boundary_on,original,q,1,1,0.0075949367088608,873.9137802864861,25571,669.3840000000364,1,1,1
24628885_15,793,short,repaired+p+boundary_off,repaired,p,0,1,0.017743979721166037,870.0142853498744,20585,498.5381999999845,0,1,1
24628885_15,793,short,repaired+p+boundary_on,repaired,p,1,1,0.008871989860583018,873.3279938488593,26322,670.3053000001091,1,1,1
24628885_15,793,short,repaired+q+boundary_off,repaired,q,0,1,0.017721518987341756,871.4284989122475,20344,490.05110000007335,0,1,1
24628885_15,793,short,repaired+q+boundary_on,repaired,q,1,1,0.0075949367088608,873.9137802864861,25940,664.1979000000902,1,1,1
24628885_15,794,short,original+p+boundary_off,original,p,0,1,0.05631399317406138,700.9797974644695,29633,787.0849999999336,0,0,1
24628885_15,794,short,original+p+boundary_on,original,p,1,1,0.027118644067796627,710.778787337693,36491,939.6613000001253,0,1,1
24628885_15,794,short,original+q+boundary_off,original,q,0,1,0.05621805792163548,701.5655839020964,29601,715.7065999999759,0,0,1
24628885_15,794,short,original+q+boundary_on,original,q,1,1,0.025380710659898442,711.3645737753199,36218,947.5932000000284,0,1,1
24628885_15,794,short,repaired+p+boundary_off,repaired,p,0,1,0.05631399317406138,700.9797974644695,29633,737.478499999952,0,0,1
24628885_15,794,short,repaired+p+boundary_on,repaired,p,1,1,0.027118644067796627,710.778787337693,36491,950.61869999995,0,1,1
24628885_15,794,short,repaired+q+boundary_off,repaired,q,0,1,0.05621805792163548,701.5655839020964,29601,722.3097999999482,0,0,1
24628885_15,794,short,repaired+q+boundary_on,repaired,q,1,1,0.025380710659898442,711.3645737753199,36218,959.5128000000841,0,1,1
24628885_15,795,short,original+p+boundary_off,original,p,0,1,0.001529051987767538,756.9676041556486,21000,530.8440000001156,1,1,1
24628885_15,795,short,original+p+boundary_on,original,p,1,1,0.00455927051671734,760.9676041556486,38710,1020.9684999999808,1,1,1
24628885_15,795,short,original+q+boundary_off,original,q,0,1,0.0,758.9676041556486,21633,533.4234999997989,1,1,1
24628885_15,795,short,original+q+boundary_on,original,q,1,1,0.00455927051671734,760.9676041556486,38744,1005.8298999999806,1,1,1
24628885_15,795,short,repaired+p+boundary_off,repaired,p,0,1,0.001529051987767538,756.9676041556486,21000,509.1610999998011,1,1,1
24628885_15,795,short,repaired+p+boundary_on,repaired,p,1,1,0.00455927051671734,760.9676041556486,38710,1050.833399999874,1,1,1
24628885_15,795,short,repaired+q+boundary_off,repaired,q,0,1,0.0,758.9676041556486,21633,518.9923000000363,1,1,1
24628885_15,795,short,repaired+q+boundary_on,repaired,q,1,1,0.00455927051671734,760.9676041556486,38744,1048.9110999999411,1,1,1
24628885_15,796,short,original+p+boundary_off,original,p,0,1,0.024316109422492405,758.4823227814102,16033,388.8371999998981,0,1,1
24628885_15,796,short,original+p+boundary_on,original,p,1,1,0.010590015128593033,766.0386719675143,23856,649.4990999999573,0,1,1
24628885_15,796,short,original+q+boundary_off,original,q,0,1,0.022727272727272707,760.4823227814102,15931,389.14160000013,0,1,1
24628885_15,796,short,original+q+boundary_on,original,q,1,1,0.010590015128593033,766.0386719675143,23739,629.8248000000513,0,1,1
24628885_15,796,short,repaired+p+boundary_off,repaired,p,0,1,0.024316109422492405,758.4823227814102,16033,385.12790000004316,0,1,1
24628885_15,796,short,repaired+p+boundary_on,repaired,p,1,1,0.010590015128593033,766.0386719675143,23856,631.3577000000805,0,1,1
24628885_15,796,short,repaired+q+boundary_off,repaired,q,0,1,0.022727272727272707,760.4823227814102,15931,400.95050000013543,0,1,1
24628885_15,796,short,repaired+q+boundary_on,repaired,q,1,1,0.010590015128593033,766.0386719675143,23739,645.4862000000503,0,1,1
24628885_15,797,short,original+p+boundary_off,original,p,0,1,0.029082774049216997,533.8132752230981,11086,280.2153999998609,0,1,1
24628885_15,797,short,original+p+boundary_on,original,p,1,1,0.022271714922049046,536.6417023478443,21424,567.303400000128,0,1,1
24628885_15,797,short,original+q+boundary_off,original,q,0,1,0.026726057906458767,534.9848480983519,10920,268.72529999991457,0,1,1
24628885_15,797,short,original+q+boundary_on,original,q,1,1,0.022271714922049046,536.6417023478443,21045,577.119299999822,0,1,1
24628885_15,797,short,repaired+p+boundary_off,repaired,p,0,1,0.029082774049216997,533.8132752230981,11086,264.3481000000065,0,1,1
24628885_15,797,short,repaired+p+boundary_on,repaired,p,1,1,0.022271714922049046,536.6417023478443,21424,544.2743999999493,0,1,1
24628885_15,797,short,repaired+q+boundary_off,repaired,q,0,1,0.026726057906458767,534.9848480983519,10920,279.30339999988973,0,1,1
24628885_15,797,short,repaired+q+boundary_on,repaired,q,1,1,0.022271714922049046,536.6417023478443,21045,547.3336000000018,0,1,1
24628885_15,798,medium,original+p+boundary_off,original,p,0,1,0.002159827213822907,1108.4966081312853,44763,1112.4050000000807,1,1,1
24628885_15,798,medium,original+p+boundary_on,original,p,1,1,0.0032017075773745907,1119.0823945689122,57129,1491.3785000001099,1,1,1
24628885_15,798,medium,original+q+boundary_off,original,q,0,1,0.0010764262648008671,1111.0823945689122,44933,1107.2629000000234,1,1,1
24628885_15,798,medium,original+q+boundary_on,original,q,1,1,0.0032017075773745907,1119.0823945689122,56989,1541.0617000000002,1,1,1
24628885_15,798,medium,repaired+p+boundary_off,repaired,p,0,1,0.002159827213822907,1108.4966081312853,44827,1102.8818999998293,1,1,1
24628885_15,798,medium,repaired+p+boundary_on,repaired,p,1,1,0.0032017075773745907,1119.0823945689122,57575,1533.8921000000028,1,1,1
24628885_15,798,medium,repaired+q+boundary_off,repaired,q,0,1,0.0010764262648008671,1111.0823945689122,44933,1097.9010000000926,1,1,1
24628885_15,798,medium,repaired+q+boundary_on,repaired,q,1,1,0.0032017075773745907,1119.0823945689122,57386,1545.945999999958,1,1,1
24628885_15,799,medium,original+p+boundary_off,original,p,0,0,nan,nan,0,0.0,0,0,0
24628885_15,799,medium,original+p+boundary_on,original,p,1,0,nan,nan,0,0.0,0,0,0
24628885_15,799,medium,original+q+boundary_off,original,q,0,0,nan,nan,0,0.0,0,0,0
24628885_15,799,medium,original+q+boundary_on,original,q,1,0,nan,nan,0,0.0,0,0,0
24628885_15,799,medium,repaired+p+boundary_off,repaired,p,0,0,nan,nan,0,0.0,0,0,0
24628885_15,799,medium,repaired+p+boundary_on,repaired,p,1,0,nan,nan,0,0.0,0,0,0
24628885_15,799,medium,repaired+q+boundary_off,repaired,q,0,0,nan,nan,0,0.0,0,0,0
24628885_15,799,medium,repaired+q+boundary_on,repaired,q,1,0,nan,nan,0,0.0,0,0,0
24628885_15,800,medium,original+p+boundary_off,original,p,0,0,nan,nan,0,0.0,0,0,0
24628885_15,800,medium,original+p+boundary_on,original,p,1,0,nan,nan,0,0.0,0,0,0
24628885_15,800,medium,original+q+boundary_off,original,q,0,0,nan,nan,0,0.0,0,0,0
24628885_15,800,medium,original+q+boundary_on,original,q,1,0,nan,nan,0,0.0,0,0,0
24628885_15,800,medium,repaired+p+boundary_off,repaired,p,0,0,nan,nan,0,0.0,0,0,0
24628885_15,800,medium,repaired+p+boundary_on,repaired,p,1,0,nan,nan,0,0.0,0,0,0
24628885_15,800,medium,repaired+q+boundary_off,repaired,q,0,0,nan,nan,0,0.0,0,0,0
24628885_15,800,medium,repaired+q+boundary_on,repaired,q,1,0,nan,nan,0,0.0,0,0,0
24628885_15,801,medium,original+p+boundary_off,original,p,0,0,nan,nan,0,0.0,0,0,0
24628885_15,801,medium,original+p+boundary_on,original,p,1,0,nan,nan,0,0.0,0,0,0
24628885_15,801,medium,original+q+boundary_off,original,q,0,0,nan,nan,0,0.0,0,0,0
24628885_15,801,medium,original+q+boundary_on,original,q,1,0,nan,nan,0,0.0,0,0,0
24628885_15,801,medium,repaired+p+boundary_off,repaired,p,0,0,nan,nan,0,0.0,0,0,0
24628885_15,801,medium,repaired+p+boundary_on,repaired,p,1,0,nan,nan,0,0.0,0,0,0
24628885_15,801,medium,repaired+q+boundary_off,repaired,q,0,0,nan,nan,0,0.0,0,0,0
24628885_15,801,medium,repaired+q+boundary_on,repaired,q,1,0,nan,nan,0,0.0,0,0,0
24628885_15,802,medium,original+p+boundary_off,original,p,0,0,nan,nan,0,0.0,0,0,0
24628885_15,802,medium,original+p+boundary_on,original,p,1,0,nan,nan,0,0.0,0,0,0
24628885_15,802,medium,original+q+boundary_off,original,q,0,0,nan,nan,0,0.0,0,0,0
24628885_15,802,medium,original+q+boundary_on,original,q,1,0,nan,nan,0,0.0,0,0,0
24628885_15,802,medium,repaired+p+boundary_off,repaired,p,0,0,nan,nan,0,0.0,0,0,0
24628885_15,802,medium,repaired+p+boundary_on,repaired,p,1,0,nan,nan,0,0.0,0,0,0
24628885_15,802,medium,repaired+q+boundary_off,repaired,q,0,0,nan,nan,0,0.0,0,0,0
24628885_15,802,medium,repaired+q+boundary_on,repaired,q,1,0,nan,nan,0,0.0,0,0,0
24628885_15,803,medium,original+p+boundary_off,original,p,0,1,0.02860061287027582,1112.6194077712591,51734,1275.3720000000612,0,1,1
24628885_15,803,medium,original+p+boundary_on,original,p,1,1,0.015243902439024404,1123.0041840821095,60762,1558.760900000152,0,1,1
24628885_15,803,medium,original+q+boundary_off,original,q,0,1,0.025432349949135347,1115.7909806465127,51338,1295.3292000001966,0,1,1
24628885_15,803,medium,original+q+boundary_on,original,q,1,1,0.015243902439024404,1123.0041840821095,60011,1642.2479000000294,0,1,1
24628885_15,803,medium,repaired+p+boundary_off,repaired,p,0,1,0.02860061287027582,1112.6194077712591,51734,1336.797800000113,0,1,1
24628885_15,803,medium,repaired+p+boundary_on,repaired,p,1,1,0.015243902439024404,1123.0041840821095,60762,1565.6940999999733,0,1,1
24628885_15,803,medium,repaired+q+boundary_off,repaired,q,0,1,0.025432349949135347,1115.7909806465127,51338,1308.590200000026,0,1,1
24628885_15,803,medium,repaired+q+boundary_on,repaired,q,1,1,0.015243902439024404,1123.0041840821095,60011,1608.9392999999745,0,1,1
24628885_15,804,medium,original+p+boundary_off,original,p,0,0,nan,nan,0,0.0,0,0,0
24628885_15,804,medium,original+p+boundary_on,original,p,1,0,nan,nan,0,0.0,0,0,0
24628885_15,804,medium,original+q+boundary_off,original,q,0,0,nan,nan,0,0.0,0,0,0
24628885_15,804,medium,original+q+boundary_on,original,q,1,0,nan,nan,0,0.0,0,0,0
24628885_15,804,medium,repaired+p+boundary_off,repaired,p,0,0,nan,nan,0,0.0,0,0,0
24628885_15,804,medium,repaired+p+boundary_on,repaired,p,1,0,nan,nan,0,0.0,0,0,0
24628885_15,804,medium,repaired+q+boundary_off,repaired,q,0,0,nan,nan,0,0.0,0,0,0
24628885_15,804,medium,repaired+q+boundary_on,repaired,q,1,0,nan,nan,0,0.0,0,0,0
24628885_15,805,long,original+p+boundary_off,original,p,0,0,nan,nan,0,0.0,0,0,0
24628885_15,805,long,original+p+boundary_on,original,p,1,0,nan,nan,0,0.0,0,0,0
24628885_15,805,long,original+q+boundary_off,original,q,0,0,nan,nan,0,0.0,0,0,0
24628885_15,805,long,original+q+boundary_on,original,q,1,0,nan,nan,0,0.0,0,0,0
24628885_15,805,long,repaired+p+boundary_off,repaired,p,0,1,0.015058561070831034,2021.4743135547005,155126,3961.0479999998915,0,1,1
24628885_15,805,long,repaired+p+boundary_on,repaired,p,1,1,0.02342442833240377,2023.131167804193,159603,4324.340900000152,0,1,1
24628885_15,805,long,repaired+q+boundary_off,repaired,q,0,1,0.015050167224080258,2022.0600999923274,154260,3915.192700000034,0,1,1
24628885_15,805,long,repaired+q+boundary_on,repaired,q,1,1,0.01950947603121511,2023.7169542418198,161071,4475.833899999998,0,1,1
24628885_15,806,long,original+p+boundary_off,original,p,0,1,0.021636240703177823,1654.0407640085698,51944,1302.7542999998332,0,1,1
24628885_15,806,long,original+p+boundary_on,original,p,1,1,0.01284651791751179,1658.1828996323009,81431,2177.8189999999995,0,1,1
24628885_15,806,long,original+q+boundary_off,original,q,0,1,0.020283975659229236,1654.0407640085698,50240,1245.4265999999734,0,1,1
24628885_15,806,long,original+q+boundary_on,original,q,1,1,0.007427413909520619,1660.1828996323009,79309,2269.471199999998,1,1,1
24628885_15,806,long,repaired+p+boundary_off,repaired,p,0,1,0.021636240703177823,1654.0407640085698,52205,1313.4664000001521,0,1,1
24628885_15,806,long,repaired+p+boundary_on,repaired,p,1,1,0.01284651791751179,1658.1828996323009,84912,2357.514999999921,0,1,1
24628885_15,806,long,repaired+q+boundary_off,repaired,q,0,1,0.020283975659229236,1654.0407640085698,50474,1389.9696999999378,0,1,1
24628885_15,806,long,repaired+q+boundary_on,repaired,q,1,1,0.007427413909520619,1660.1828996323009,82647,2381.1006000000816,1,1,1
24628885_15,807,long,original+p+boundary_off,original,p,0,0,nan,nan,0,0.0,0,0,0
24628885_15,807,long,original+p+boundary_on,original,p,1,0,nan,nan,0,0.0,0,0,0
24628885_15,807,long,original+q+boundary_off,original,q,0,0,nan,nan,0,0.0,0,0,0
24628885_15,807,long,original+q+boundary_on,original,q,1,0,nan,nan,0,0.0,0,0,0
24628885_15,807,long,repaired+p+boundary_off,repaired,p,0,0,nan,nan,0,0.0,0,0,0
24628885_15,807,long,repaired+p+boundary_on,repaired,p,1,0,nan,nan,0,0.0,0,0,0
24628885_15,807,long,repaired+q+boundary_off,repaired,q,0,0,nan,nan,0,0.0,0,0,0
24628885_15,807,long,repaired+q+boundary_on,repaired,q,1,0,nan,nan,0,0.0,0,0,0
24628885_15,808,long,original+p+boundary_off,original,p,0,0,nan,nan,0,0.0,0,0,0
24628885_15,808,long,original+p+boundary_on,original,p,1,0,nan,nan,0,0.0,0,0,0
24628885_15,808,long,original+q+boundary_off,original,q,0,0,nan,nan,0,0.0,0,0,0
24628885_15,808,long,original+q+boundary_on,original,q,1,0,nan,nan,0,0.0,0,0,0
24628885_15,808,long,repaired+p+boundary_off,repaired,p,0,0,nan,nan,0,0.0,0,0,0
24628885_15,808,long,repaired+p+boundary_on,repaired,p,1,0,nan,nan,0,0.0,0,0,0
24628885_15,808,long,repaired+q+boundary_off,repaired,q,0,0,nan,nan,0,0.0,0,0,0
24628885_15,808,long,repaired+q+boundary_on,repaired,q,1,0,nan,nan,0,0.0,0,0,0
24628885_15,809,long,original+p+boundary_off,original,p,0,0,nan,nan,0,0.0,0,0,0
24628885_15,809,long,original+p+boundary_on,original,p,1,0,nan,nan,0,0.0,0,0,0
24628885_15,809,long,original+q+boundary_off,original,q,0,0,nan,nan,0,0.0,0,0,0
24628885_15,809,long,original+q+boundary_on,original,q,1,0,nan,nan,0,0.0,0,0,0
24628885_15,809,long,repaired+p+boundary_off,repaired,p,0,0,nan,nan,0,0.0,0,0,0
24628885_15,809,long,repaired+p+boundary_on,repaired,p,1,0,nan,nan,0,0.0,0,0,0
24628885_15,809,long,repaired+q+boundary_off,repaired,q,0,0,nan,nan,0,0.0,0,0,0
24628885_15,809,long,repaired+q+boundary_on,repaired,q,1,0,nan,nan,0,0.0,0,0,0
24628885_15,810,long,original+p+boundary_off,original,p,0,0,nan,nan,0,0.0,0,0,0
24628885_15,810,long,original+p+boundary_on,original,p,1,0,nan,nan,0,0.0,0,0,0
24628885_15,810,long,original+q+boundary_off,original,q,0,0,nan,nan,0,0.0,0,0,0
24628885_15,810,long,original+q+boundary_on,original,q,1,0,nan,nan,0,0.0,0,0,0
24628885_15,810,long,repaired+p+boundary_off,repaired,p,0,0,nan,nan,0,0.0,0,0,0
24628885_15,810,long,repaired+p+boundary_on,repaired,p,1,0,nan,nan,0,0.0,0,0,0
24628885_15,810,long,repaired+q+boundary_off,repaired,q,0,0,nan,nan,0,0.0,0,0,0
24628885_15,810,long,repaired+q+boundary_on,repaired,q,1,0,nan,nan,0,0.0,0,0,0
24628885_15,811,long,original+p+boundary_off,original,p,0,0,nan,nan,0,0.0,0,0,0
24628885_15,811,long,original+p+boundary_on,original,p,1,0,nan,nan,0,0.0,0,0,0
24628885_15,811,long,original+q+boundary_off,original,q,0,0,nan,nan,0,0.0,0,0,0
24628885_15,811,long,original+q+boundary_on,original,q,1,0,nan,nan,0,0.0,0,0,0
24628885_15,811,long,repaired+p+boundary_off,repaired,p,0,1,0.022905027932960897,2013.5037508062233,82607,2093.6036000000513,0,1,1
24628885_15,811,long,repaired+p+boundary_on,repaired,p,1,1,0.02010050251256279,2022.3738084913123,128857,3481.924299999946,0,1,1
24628885_15,811,long,repaired+q+boundary_off,repaired,q,0,1,0.022892238972641032,2014.0895372438501,82252,2012.6172000000224,0,1,1
24628885_15,811,long,repaired+q+boundary_on,repaired,q,1,1,0.01953125,2022.9595949289392,127531,3389.407800000072,0,1,1
24629200_15,812,short,original+p+boundary_off,original,p,0,0,nan,nan,0,0.0,0,0,0
24629200_15,812,short,original+p+boundary_on,original,p,1,0,nan,nan,0,0.0,0,0,0
24629200_15,812,short,original+q+boundary_off,original,q,0,0,nan,nan,0,0.0,0,0,0
24629200_15,812,short,original+q+boundary_on,original,q,1,0,nan,nan,0,0.0,0,0,0
24629200_15,812,short,repaired+p+boundary_off,repaired,p,0,0,nan,nan,0,0.0,0,0,0
24629200_15,812,short,repaired+p+boundary_on,repaired,p,1,0,nan,nan,0,0.0,0,0,0
24629200_15,812,short,repaired+q+boundary_off,repaired,q,0,0,nan,nan,0,0.0,0,0,0
24629200_15,812,short,repaired+q+boundary_on,repaired,q,1,0,nan,nan,0,0.0,0,0,0
24629200_15,813,short,original+p+boundary_off,original,p,0,1,0.08571428571428574,603.7371567773497,15805,396.0936999999376,0,0,1
24629200_15,813,short,original+p+boundary_on,original,p,1,1,0.06693711967545635,607.1513703397228,18877,487.635199999886,0,0,1
24629200_15,813,short,original+q+boundary_off,original,q,0,1,0.07926829268292679,605.7371567773497,15640,392.69080000008216,0,0,1
24629200_15,813,short,original+q+boundary_on,original,q,1,1,0.06275303643724695,608.5655839020959,18707,479.24539999985427,0,0,1
24629200_15,813,short,repaired+p+boundary_off,repaired,p,0,1,0.08571428571428574,603.7371567773497,15805,371.0070000001906,0,0,1
24629200_15,813,short,repaired+p+boundary_on,repaired,p,1,1,0.06693711967545635,607.1513703397228,18877,485.4043999998794,0,0,1
24629200_15,813,short,repaired+q+boundary_off,repaired,q,0,1,0.07926829268292679,605.7371567773497,15640,365.1259000000664,0,0,1
24629200_15,813,short,repaired+q+boundary_on,repaired,q,1,1,0.06275303643724695,608.5655839020959,18707,481.650099999797,0,0,1
24629200_15,814,short,original+p+boundary_off,original,p,0,1,0.008988764044943864,540.5117600329329,14509,381.07930000001033,1,1,1
24629200_15,814,short,original+p+boundary_on,original,p,1,1,0.004484304932735439,542.7544007200522,22924,586.679600000025,1,1,1
24629200_15,814,short,original+q+boundary_off,original,q,0,1,0.008988764044943864,540.5117600329329,14116,345.0709999999617,1,1,1
24629200_15,814,short,original+q+boundary_on,original,q,1,1,0.0022371364653244186,543.3401871576791,22451,563.8596999999663,1,1,1
24629200_15,814,short,repaired+p+boundary_off,repaired,p,0,1,0.008988764044943864,540.5117600329329,14509,348.1959000000643,1,1,1
24629200_15,814,short,repaired+p+boundary_on,repaired,p,1,1,0.004484304932735439,542.7544007200522,22924,569.430900000043,1,1,1
24629200_15,814,short,repaired+q+boundary_off,repaired,q,0,1,0.008988764044943864,540.5117600329329,14116,330.7032000000163,1,1,1
24629200_15,814,short,repaired+q+boundary_on,repaired,q,1,1,0.0022371364653244186,543.3401871576791,22451,576.7676000000392,1,1,1
24629200_15,815,short,original+p+boundary_off,original,p,0,0,nan,nan,0,0.0,0,0,0
24629200_15,815,short,original+p+boundary_on,original,p,1,0,nan,nan,0,0.0,0,0,0
24629200_15,815,short,original+q+boundary_off,original,q,0,0,nan,nan,0,0.0,0,0,0
24629200_15,815,short,original+q+boundary_on,original,q,1,0,nan,nan,0,0.0,0,0,0
24629200_15,815,short,repaired+p+boundary_off,repaired,p,0,0,nan,nan,0,0.0,0,0,0
24629200_15,815,short,repaired+p+boundary_on,repaired,p,1,0,nan,nan,0,0.0,0,0,0
24629200_15,815,short,repaired+q+boundary_off,repaired,q,0,0,nan,nan,0,0.0,0,0,0
24629200_15,815,short,repaired+q+boundary_on,repaired,q,1,0,nan,nan,0,0.0,0,0,0
24629200_15,816,short,original+p+boundary_off,original,p,0,1,0.0,614.4234482783652,10886,271.73480000010386,1,1,1
24629200_15,816,short,original+p+boundary_on,original,p,1,1,0.0,614.4234482783652,20836,533.578800000214,1,1,1
24629200_15,816,short,original+q+boundary_off,original,q,0,1,0.0,614.4234482783652,10703,278.39749999998276,1,1,1
24629200_15,816,short,original+q+boundary_on,original,q,1,1,0.0,614.4234482783652,20604,559.0713000001415,1,1,1
24629200_15,816,short,repaired+p+boundary_off,repaired,p,0,1,0.0,614.4234482783652,10886,272.76549999987765,1,1,1
24629200_15,816,short,repaired+p+boundary_on,repaired,p,1,1,0.0,614.4234482783652,20836,571.607399999948,1,1,1
24629200_15,816,short,repaired+q+boundary_off,repaired,q,0,1,0.0,614.4234482783652,10703,265.3460999999879,1,1,1
24629200_15,816,short,repaired+q+boundary_on,repaired,q,1,1,0.0,614.4234482783652,20604,546.3975000000119,1,1,1
24629200_15,817,short,original+p+boundary_off,original,p,0,1,0.02370370370370367,788.3229432149767,14176,356.51300000017727,0,1,1
24629200_15,817,short,original+p+boundary_on,original,p,1,1,0.016296296296296253,790.8082245892153,20078,520.5633000000489,0,1,1
24629200_15,817,short,original+q+boundary_off,original,q,0,1,0.0251851851851852,788.3229432149767,14303,351.20449999999437,0,1,1
24629200_15,817,short,original+q+boundary_on,original,q,1,1,0.016296296296296253,790.8082245892153,19949,491.65590000006887,0,1,1
24629200_15,817,short,repaired+p+boundary_off,repaired,p,0,1,0.02370370370370367,788.3229432149767,14176,335.72209999988445,0,1,1
24629200_15,817,short,repaired+p+boundary_on,repaired,p,1,1,0.016296296296296253,790.8082245892153,20078,505.2618000001985,0,1,1
24629200_15,817,short,repaired+q+boundary_off,repaired,q,0,1,0.0251851851851852,788.3229432149767,14303,342.4148999999943,0,1,1
24629200_15,817,short,repaired+q+boundary_on,repaired,q,1,1,0.016296296296296253,790.8082245892153,19949,539.235299999973,0,1,1
24629200_15,818,medium,original+p+boundary_off,original,p,0,1,0.02696871628910469,1148.8468965567306,41996,1045.6928000000971,0,1,1
24629200_15,818,medium,original+p+boundary_on,original,p,1,1,0.0064446831364124435,1153.6753236814768,45652,1198.4249999998156,1,1,1
24629200_15,818,medium,original+q+boundary_off,original,q,0,1,0.017241379310344862,1150.2611101191037,40561,1005.4666000000907,0,1,1
24629200_15,818,medium,original+q+boundary_on,original,q,1,1,0.004287245444801746,1156.503750806223,44857,1204.3619999999464,1,1,1
24629200_15,818,medium,repaired+p+boundary_off,repaired,p,0,1,0.02696871628910469,1148.8468965567306,42669,1049.7812000000977,0,1,1
24629200_15,818,medium,repaired+p+boundary_on,repaired,p,1,1,0.0064446831364124435,1153.6753236814768,46214,1205.3223999998863,1,1,1
24629200_15,818,medium,repaired+q+boundary_off,repaired,q,0,1,0.017241379310344862,1150.2611101191037,41137,1044.7665999997753,0,1,1
24629200_15,818,medium,repaired+q+boundary_on,repaired,q,1,1,0.004287245444801746,1156.503750806223,45484,1178.2373000000916,1,1,1
24629200_15,819,medium,original+p+boundary_off,original,p,0,1,0.0022123893805309214,1093.9524522540007,31455,752.0136999999067,1,1,1
24629200_15,819,medium,original+p+boundary_on,original,p,1,1,0.0,1095.6093065034934,56898,1485.1192999999512,1,1,1
24629200_15,819,medium,original+q+boundary_off,original,q,0,1,0.0022123893805309214,1093.9524522540007,31232,764.64749999991,1,1,1
24629200_15,819,medium,original+q+boundary_on,original,q,1,1,0.0,1095.6093065034934,56265,1470.4576999999972,1,1,1
24629200_15,819,medium,repaired+p+boundary_off,repaired,p,0,1,0.0022123893805309214,1093.9524522540007,31593,768.4452999999394,1,1,1
24629200_15,819,medium,repaired+p+boundary_on,repaired,p,1,1,0.0,1095.6093065034934,58797,1537.7270999999837,1,1,1
24629200_15,819,medium,repaired+q+boundary_off,repaired,q,0,1,0.0022123893805309214,1093.9524522540007,31311,752.7258000000074,1,1,1
24629200_15,819,medium,repaired+q+boundary_on,repaired,q,1,1,0.0,1095.6093065034934,58156,1728.7841999998363,1,1,1
24629200_15,820,medium,original+p+boundary_off,original,p,0,1,0.04921077065923862,1269.43773362824,106388,2654.9170999999205,0,1,1
24629200_15,820,medium,original+p+boundary_on,original,p,1,1,0.03614457831325302,1278.0651506262095,131065,3546.01660000003,0,1,1
24629200_15,820,medium,original+q+boundary_off,original,q,0,1,0.04726598702502316,1271.4377336282398,106575,2740.058599999884,0,1,1
24629200_15,820,medium,original+q+boundary_on,original,q,1,1,0.03419593345656191,1280.6509370638364,131265,3728.5715000000437,0,1,1
24629200_15,820,medium,repaired+p+boundary_off,repaired,p,0,1,0.04921077065923862,1269.43773362824,109599,2796.4382000000114,0,1,1
24629200_15,820,medium,repaired+p+boundary_on,repaired,p,1,1,0.03614457831325302,1278.0651506262095,134431,3638.6190000000624,0,1,1
24629200_15,820,medium,repaired+q+boundary_off,repaired,q,0,1,0.04726598702502316,1271.4377336282398,109560,2700.5967000000055,0,1,1
24629200_15,820,medium,repaired+q+boundary_on,repaired,q,1,1,0.03419593345656191,1280.6509370638364,134628,3598.649400000113,0,1,1
24629200_15,821,medium,original+p+boundary_off,original,p,0,1,0.025850340136054473,940.2783540618059,43805,1102.046099999825,0,1,1
24629200_15,821,medium,original+p+boundary_on,original,p,1,1,0.017663043478260865,944.1778489984175,63905,1709.8899000000074,0,1,1
24629200_15,821,medium,original+q+boundary_off,original,q,0,1,0.02717391304347827,940.8641404994327,44637,1120.447600000034,0,1,1
24629200_15,821,medium,original+q+boundary_on,original,q,1,1,0.01763907734056991,944.7636354360444,63393,1705.2151000000322,0,1,1
24629200_15,821,medium,repaired+p+boundary_off,repaired,p,0,1,0.025850340136054473,940.2783540618059,45288,1085.8459000000948,0,1,1
24629200_15,821,medium,repaired+p+boundary_on,repaired,p,1,1,0.017663043478260865,944.1778489984175,66223,1724.040400000149,0,1,1
24629200_15,821,medium,repaired+q+boundary_off,repaired,q,0,1,0.02717391304347827,940.8641404994327,46073,1129.9073000000135,0,1,1
24629200_15,821,medium,repaired+q+boundary_on,repaired,q,1,1,0.01763907734056991,944.7636354360444,65722,1737.3858999999356,0,1,1
24629200_15,822,medium,original+p+boundary_off,original,p,0,1,0.07271241830065356,1434.2489168102838,79866,1992.698799999971,0,0,1
24629200_15,822,medium,original+p+boundary_on,original,p,1,1,0.0699186991869919,1441.0773439350298,97091,2625.6249999999,0,0,1
24629200_15,822,medium,original+q+boundary_off,original,q,0,1,0.0709624796084829,1437.905771059776,79629,2033.3118000000923,0,0,1
24629200_15,822,medium,original+q+boundary_on,original,q,1,1,0.06812652068126523,1444.491557497403,95424,2512.558800000079,0,0,1
24629200_15,822,medium,repaired+p+boundary_off,repaired,p,0,1,0.07271241830065356,1434.2489168102838,79866,2021.6714000000593,0,0,1
24629200_15,822,medium,repaired+p+boundary_on,repaired,p,1,1,0.0699186991869919,1441.0773439350298,97693,2600.0139000000217,0,0,1
24629200_15,822,medium,repaired+q+boundary_off,repaired,q,0,1,0.0709624796084829,1437.905771059776,79629,1948.480500000187,0,0,1
24629200_15,822,medium,repaired+q+boundary_on,repaired,q,1,1,0.06812652068126523,1444.491557497403,95748,2560.0228999999217,0,0,1
24629200_15,823,medium,original+p+boundary_off,original,p,0,1,0.02460850111856827,1148.569767984206,37364,912.4643000000106,0,1,1
24629200_15,823,medium,original+p+boundary_on,original,p,1,1,0.010022271714922093,1154.2266222336984,62474,1611.2609000001612,0,1,1
24629200_15,823,medium,original+q+boundary_off,original,q,0,1,0.022346368715083775,1150.8124086713253,37674,928.7322999998651,0,1,1
24629200_15,823,medium,original+q+boundary_on,original,q,1,1,0.006674082313681828,1156.4692629208178,62329,1615.0445999999192,1,1,1
24629200_15,823,medium,repaired+p+boundary_off,repaired,p,0,1,0.02460850111856827,1148.569767984206,37364,893.5776999999234,0,1,1
24629200_15,823,medium,repaired+p+boundary_on,repaired,p,1,1,0.010022271714922093,1154.2266222336984,62848,1676.9501999999648,0,1,1
24629200_15,823,medium,repaired+q+boundary_off,repaired,q,0,1,0.022346368715083775,1150.8124086713253,37674,996.668100000079,0,1,1
24629200_15,823,medium,repaired+q+boundary_on,repaired,q,1,1,0.006674082313681828,1156.4692629208178,62730,1687.2005999998692,1,1,1
24629200_15,824,medium,original+p+boundary_off,original,p,0,1,0.043209876543209846,1217.8712831743705,58786,1526.321299999836,0,1,1
24629200_15,824,medium,original+p+boundary_on,original,p,1,1,0.006256517205422307,1242.5647173503232,70436,1879.2693999998846,1,1,1
24629200_15,824,medium,original+q+boundary_off,original,q,0,1,0.04831932773109249,1233.4936495384577,57245,1503.8247999998475,0,1,1
24629200_15,824,medium,original+q+boundary_on,original,q,1,1,0.006256517205422307,1242.5647173503232,67199,1838.1070000000364,1,1,1
24629200_15,824,medium,repaired+p+boundary_off,repaired,p,0,1,0.043209876543209846,1217.8712831743705,58810,1510.1032000000032,0,1,1
24629200_15,824,medium,repaired+p+boundary_on,repaired,p,1,1,0.006256517205422307,1242.5647173503232,70619,1850.3246999998737,1,1,1
24629200_15,824,medium,repaired+q+boundary_off,repaired,q,0,1,0.04831932773109249,1233.4936495384577,57248,1442.6912000001266,0,1,1
24629200_15,824,medium,repaired+q+boundary_on,repaired,q,1,1,0.006256517205422307,1242.5647173503232,67362,1855.054900000141,1,1,1
24629200_15,825,long,original+p+boundary_off,original,p,0,1,0.020477815699658675,1891.4683963690452,122077,3141.2234999997963,0,1,1
24629200_15,825,long,original+p+boundary_on,original,p,1,1,0.015635622025832796,1899.1252506185376,146993,3944.215799999938,0,1,1
24629200_15,825,long,original+q+boundary_off,original,q,0,1,0.022479564032697574,1893.2257556819259,120841,3047.6922999998806,0,1,1
24629200_15,825,long,original+q+boundary_on,original,q,1,1,0.015625,1899.7110370561645,144605,3855.612299999848,0,1,1
24629200_15,825,long,repaired+p+boundary_off,repaired,p,0,1,0.020477815699658675,1891.4683963690452,124357,3137.3415000000477,0,1,1
24629200_15,825,long,repaired+p+boundary_on,repaired,p,1,1,0.015635622025832796,1899.1252506185376,150533,4069.3542999999863,0,1,1
24629200_15,825,long,repaired+q+boundary_off,repaired,q,0,1,0.022479564032697574,1893.2257556819259,123002,3086.8416999999226,0,1,1
24629200_15,825,long,repaired+q+boundary_on,repaired,q,1,1,0.015625,1899.7110370561645,148170,3981.824700000061,0,1,1
24629200_15,826,long,original+p+boundary_off,original,p,0,1,0.015927977839335195,1867.9831149948066,117773,3100.5604000001767,0,1,1
24629200_15,826,long,original+p+boundary_on,original,p,1,1,0.008977900552486151,1874.4683963690452,139930,3729.153100000076,1,1,1
24629200_15,826,long,original+q+boundary_off,original,q,0,1,0.01384083044982698,1869.3973285571797,116117,2881.1339000001226,0,1,1
24629200_15,826,long,original+q+boundary_on,original,q,1,1,0.00897170462387853,1875.882609931418,138089,3677.9590999999527,1,1,1
24629200_15,826,long,repaired+p+boundary_off,repaired,p,0,1,0.015927977839335195,1867.9831149948066,119989,3017.67719999998,0,1,1
24629200_15,826,long,repaired+p+boundary_on,repaired,p,1,1,0.008977900552486151,1874.4683963690452,143467,3802.110599999878,1,1,1
24629200_15,826,long,repaired+q+boundary_off,repaired,q,0,1,0.01384083044982698,1869.3973285571797,118218,3024.7750000000906,0,1,1
24629200_15,826,long,repaired+q+boundary_on,repaired,q,1,1,0.00897170462387853,1875.882609931418,141638,3778.686400000197,1,1,1
24629200_15,827,long,original+p+boundary_off,original,p,0,0,nan,nan,0,0.0,0,0,0
24629200_15,827,long,original+p+boundary_on,original,p,1,0,nan,nan,0,0.0,0,0,0
24629200_15,827,long,original+q+boundary_off,original,q,0,0,nan,nan,0,0.0,0,0,0
24629200_15,827,long,original+q+boundary_on,original,q,1,0,nan,nan,0,0.0,0,0,0
24629200_15,827,long,repaired+p+boundary_off,repaired,p,0,0,nan,nan,0,0.0,0,0,0
24629200_15,827,long,repaired+p+boundary_on,repaired,p,1,0,nan,nan,0,0.0,0,0,0
24629200_15,827,long,repaired+q+boundary_off,repaired,q,0,0,nan,nan,0,0.0,0,0,0
24629200_15,827,long,repaired+q+boundary_on,repaired,q,1,0,nan,nan,0,0.0,0,0,0
24629200_15,828,long,original+p+boundary_off,original,p,0,1,0.03443708609271523,1937.7110370561647,107353,2646.8135000000075,0,1,1
24629200_15,828,long,original+p+boundary_on,original,p,1,1,0.01851851851851849,1946.3384540541344,134443,3664.5231999998487,0,1,1
24629200_15,828,long,original+q+boundary_off,original,q,0,1,0.03441429516876238,1939.1252506185378,105518,2626.686800000016,0,1,1
24629200_15,828,long,original+q+boundary_on,original,q,1,1,0.018506278916060825,1947.7526676165073,132662,3333.1640999999763,0,1,1
24629200_15,828,long,repaired+p+boundary_off,repaired,p,0,1,0.03443708609271523,1937.7110370561647,108450,2528.311600000052,0,1,1
24629200_15,828,long,repaired+p+boundary_on,repaired,p,1,1,0.01851851851851849,1946.3384540541344,136984,3386.6376000000855,0,1,1
24629200_15,828,long,repaired+q+boundary_off,repaired,q,0,1,0.03441429516876238,1939.1252506185378,106399,2447.8656999999657,0,1,1
24629200_15,828,long,repaired+q+boundary_on,repaired,q,1,1,0.018506278916060825,1947.7526676165073,135171,3203.3682999999655,0,1,1
24629200_15,829,long,original+p+boundary_off,original,p,0,1,0.012570710245128902,1968.1769824466453,157453,3536.136099999794,0,1,1
24629200_15,829,long,original+p+boundary_on,original,p,1,1,0.011882426516572897,1980.3191180703761,164233,3976.9496999999774,0,1,1
24629200_15,829,long,original+q+boundary_off,original,q,0,1,0.011919698870765383,1973.2480502585108,156057,3517.723599999954,0,1,1
24629200_15,829,long,original+q+boundary_on,original,q,1,1,0.009993753903810076,1983.9759723198686,162685,3885.4009000001497,1,1,1
24629200_15,829,long,repaired+p+boundary_off,repaired,p,0,1,0.012570710245128902,1968.1769824466453,160673,3603.202999999894,0,1,1
24629200_15,829,long,repaired+p+boundary_on,repaired,p,1,1,0.011882426516572897,1980.3191180703761,168314,3991.1400000000867,0,1,1
24629200_15,829,long,repaired+q+boundary_off,repaired,q,0,1,0.011919698870765383,1973.2480502585108,158838,3532.020999999986,0,1,1
24629200_15,829,long,repaired+q+boundary_on,repaired,q,1,1,0.009993753903810076,1983.9759723198686,166827,3982.4510999999347,1,1,1
24629200_15,830,long,original+p+boundary_off,original,p,0,0,nan,nan,0,0.0,0,0,0
24629200_15,830,long,original+p+boundary_on,original,p,1,0,nan,nan,0,0.0,0,0,0
24629200_15,830,long,original+q+boundary_off,original,q,0,0,nan,nan,0,0.0,0,0,0
24629200_15,830,long,original+q+boundary_on,original,q,1,0,nan,nan,0,0.0,0,0,0
24629200_15,830,long,repaired+p+boundary_off,repaired,p,0,0,nan,nan,0,0.0,0,0,0
24629200_15,830,long,repaired+p+boundary_on,repaired,p,1,0,nan,nan,0,0.0,0,0,0
24629200_15,830,long,repaired+q+boundary_off,repaired,q,0,0,nan,nan,0,0.0,0,0,0
24629200_15,830,long,repaired+q+boundary_on,repaired,q,1,0,nan,nan,0,0.0,0,0,0
24629200_15,831,long,original+p+boundary_off,original,p,0,0,nan,nan,0,0.0,0,0,0
24629200_15,831,long,original+p+boundary_on,original,p,1,0,nan,nan,0,0.0,0,0,0
24629200_15,831,long,original+q+boundary_off,original,q,0,0,nan,nan,0,0.0,0,0,0
24629200_15,831,long,original+q+boundary_on,original,q,1,0,nan,nan,0,0.0,0,0,0
24629200_15,831,long,repaired+p+boundary_off,repaired,p,0,0,nan,nan,0,0.0,0,0,0
24629200_15,831,long,repaired+p+boundary_on,repaired,p,1,0,nan,nan,0,0.0,0,0,0
24629200_15,831,long,repaired+q+boundary_off,repaired,q,0,0,nan,nan,0,0.0,0,0,0
24629200_15,831,long,repaired+q+boundary_on,repaired,q,1,0,nan,nan,0,0.0,0,0,0
24779275_15,832,short,original+p+boundary_off,original,p,0,1,0.0,757.5756851698616,11167,260.84419999983766,1,1,1
24779275_15,832,short,original+p+boundary_on,original,p,1,1,0.0,758.4041122946078,14417,393.8645999999153,1,1,1
24779275_15,832,short,original+q+boundary_off,original,q,0,1,0.0,757.5756851698616,10932,267.28879999996025,1,1,1
24779275_15,832,short,original+q+boundary_on,original,q,1,1,0.0,758.4041122946078,14028,374.5765000001029,1,1,1
24779275_15,832,short,repaired+p+boundary_off,repaired,p,0,1,0.0,757.5756851698616,11167,278.50949999992736,1,1,1
24779275_15,832,short,repaired+p+boundary_on,repaired,p,1,1,0.0,758.4041122946078,14417,402.7886999999737,1,1,1
24779275_15,832,short,repaired+q+boundary_off,repaired,q,0,1,0.0,757.5756851698616,10932,271.62670000006983,1,1,1
24779275_15,832,short,repaired+q+boundary_on,repaired,q,1,1,0.0,758.4041122946078,14028,363.302099999828,1,1,1
24779275_15,833,short,original+p+boundary_off,original,p,0,1,0.016949152542372836,520.9381669041264,8115,189.62679999981447,0,1,1
24779275_15,833,short,original+p+boundary_on,original,p,1,1,0.009685230024213065,520.9381669041264,8165,205.90199999992365,1,1,1
24779275_15,833,short,original+q+boundary_off,original,q,0,1,0.021791767554479424,520.9381669041264,7965,194.98590000011973,0,1,1
24779275_15,833,short,original+q+boundary_on,original,q,1,1,0.009685230024213065,520.9381669041264,8110,204.95280000000093,1,1,1
24779275_15,833,short,repaired+p+boundary_off,repaired,p,0,1,0.016949152542372836,520.9381669041264,8115,208.439799999951,0,1,1
24779275_15,833,short,repaired+p+boundary_on,repaired,p,1,1,0.009685230024213065,520.9381669041264,8165,212.75749999995242,1,1,1
24779275_15,833,short,repaired+q+boundary_off,repaired,q,0,1,0.021791767554479424,520.9381669041264,7965,208.12690000002476,0,1,1
24779275_15,833,short,repaired+q+boundary_on,repaired,q,1,1,0.009685230024213065,520.9381669041264,8110,203.04349999992155,1,1,1
24779275_15,834,short,original+p+boundary_off,original,p,0,0,nan,nan,0,0.0,0,0,0
24779275_15,834,short,original+p+boundary_on,original,p,1,0,nan,nan,0,0.0,0,0,0
24779275_15,834,short,original+q+boundary_off,original,q,0,0,nan,nan,0,0.0,0,0,0
24779275_15,834,short,original+q+boundary_on,original,q,1,0,nan,nan,0,0.0,0,0,0
24779275_15,834,short,repaired+p+boundary_off,repaired,p,0,0,nan,nan,0,0.0,0,0,0
24779275_15,834,short,repaired+p+boundary_on,repaired,p,1,0,nan,nan,0,0.0,0,0,0
24779275_15,834,short,repaired+q+boundary_off,repaired,q,0,0,nan,nan,0,0.0,0,0,0
24779275_15,834,short,repaired+q+boundary_on,repaired,q,1,0,nan,nan,0,0.0,0,0,0
24779275_15,835,short,original+p+boundary_off,original,p,0,1,0.004103967168262668,905.2123368838231,19573,474.9289999999746,1,1,1
24779275_15,835,short,original+p+boundary_on,original,p,1,1,0.004087193460490468,907.79812332145,18565,515.2207999999519,1,1,1
24779275_15,835,short,original+q+boundary_off,original,q,0,1,0.004098360655737654,906.6265504461961,18952,480.45239999987643,1,1,1
24779275_15,835,short,original+q+boundary_on,original,q,1,1,0.004087193460490468,907.79812332145,18323,477.3135000000366,1,1,1
24779275_15,835,short,repaired+p+boundary_off,repaired,p,0,1,0.004103967168262668,905.2123368838231,19573,471.5977999999268,1,1,1
24779275_15,835,short,repaired+p+boundary_on,repaired,p,1,1,0.004087193460490468,907.79812332145,18565,491.3348000000042,1,1,1
24779275_15,835,short,repaired+q+boundary_off,repaired,q,0,1,0.004098360655737654,906.6265504461961,18952,482.3796000000584,1,1,1
24779275_15,835,short,repaired+q+boundary_on,repaired,q,1,1,0.004087193460490468,907.79812332145,18323,480.74289999999564,1,1,1
24779275_15,836,short,original+p+boundary_off,original,p,0,1,0.010266940451745366,587.48232278141,11410,282.771799999864,0,1,1
24779275_15,836,short,original+p+boundary_on,original,p,1,1,0.0060975609756097615,591.2396820942906,12098,331.0164999998051,1,1,1
24779275_15,836,short,original+q+boundary_off,original,q,0,1,0.006134969325153339,588.6538956566637,11236,293.30609999988155,1,1,1
24779275_15,836,short,original+q+boundary_on,original,q,1,1,0.0060975609756097615,591.2396820942906,11976,302.8208000000632,1,1,1
24779275_15,836,short,repaired+p+boundary_off,repaired,p,0,1,0.010266940451745366,587.48232278141,11410,294.8413999999957,0,1,1
24779275_15,836,short,repaired+p+boundary_on,repaired,p,1,1,0.0060975609756097615,591.2396820942906,12098,307.29089999999815,1,1,1
24779275_15,836,short,repaired+q+boundary_off,repaired,q,0,1,0.006134969325153339,588.6538956566637,11236,267.53099999996266,1,1,1
24779275_15,836,short,repaired+q+boundary_on,repaired,q,1,1,0.0060975609756097615,591.2396820942906,11976,354.7227000001385,1,1,1
24779275_15,837,short,original+p+boundary_off,original,p,0,0,nan,nan,0,0.0,0,0,0
24779275_15,837,short,original+p+boundary_on,original,p,1,0,nan,nan,0,0.0,0,0,0
24779275_15,837,short,original+q+boundary_off,original,q,0,0,nan,nan,0,0.0,0,0,0
24779275_15,837,short,original+q+boundary_on,original,q,1,0,nan,nan,0,0.0,0,0,0
24779275_15,837,short,repaired+p+boundary_off,repaired,p,0,0,nan,nan,0,0.0,0,0,0
24779275_15,837,short,repaired+p+boundary_on,repaired,p,1,0,nan,nan,0,0.0,0,0,0
24779275_15,837,short,repaired+q+boundary_off,repaired,q,0,0,nan,nan,0,0.0,0,0,0
24779275_15,837,short,repaired+q+boundary_on,repaired,q,1,0,nan,nan,0,0.0,0,0,0
24779275_15,838,medium,original+p+boundary_off,original,p,0,1,0.005376344086021501,1450.9453095790636,24620,604.3356000000131,1,1,1
24779275_15,838,medium,original+p+boundary_on,original,p,1,1,0.003072196620583667,1451.7737367038098,34676,929.1269999998804,1,1,1
24779275_15,838,medium,original+q+boundary_off,original,q,0,1,0.00691244239631339,1450.9453095790636,24467,611.0037999999349,1,1,1
24779275_15,838,medium,original+q+boundary_on,original,q,1,1,0.003072196620583667,1451.7737367038098,34443,893.0306999998265,1,1,1
24779275_15,838,medium,repaired+p+boundary_off,repaired,p,0,1,0.005376344086021501,1450.9453095790636,24620,608.8518000001386,1,1,1
24779275_15,838,medium,repaired+p+boundary_on,repaired,p,1,1,0.003072196620583667,1451.7737367038098,34676,883.3199000000604,1,1,1
24779275_15,838,medium,repaired+q+boundary_off,repaired,q,0,1,0.00691244239631339,1450.9453095790636,24467,612.9722000000584,1,1,1
24779275_15,838,medium,repaired+q+boundary_on,repaired,q,1,1,0.003072196620583667,1451.7737367038098,34443,914.0316000000439,1,1,1
24779275_15,839,medium,original+p+boundary_off,original,p,0,1,0.0,988.2447327281737,15330,381.14539999992303,1,1,1
24779275_15,839,medium,original+p+boundary_on,original,p,1,1,0.0,989.07315985292,19286,509.8898999999619,1,1,1
24779275_15,839,medium,original+q+boundary_off,original,q,0,1,0.0,988.2447327281737,15245,371.8155999999908,1,1,1
24779275_15,839,medium,original+q+boundary_on,original,q,1,1,0.0,989.07315985292,19093,532.9999000000498,1,1,1
24779275_15,839,medium,repaired+p+boundary_off,repaired,p,0,1,0.0,988.2447327281737,15330,397.830200000044,1,1,1
24779275_15,839,medium,repaired+p+boundary_on,repaired,p,1,1,0.0,989.07315985292,19286,504.7501999999895,1,1,1
24779275_15,839,medium,repaired+q+boundary_off,repaired,q,0,1,0.0,988.2447327281737,15245,359.67630000004647,1,1,1
24779275_15,839,medium,repaired+q+boundary_on,repaired,q,1,1,0.0,989.07315985292,19093,497.05299999982344,1,1,1
24779275_15,840,medium,original+p+boundary_off,original,p,0,0,nan,nan,0,0.0,0,0,0
24779275_15,840,medium,original+p+boundary_on,original,p,1,0,nan,nan,0,0.0,0,0,0
24779275_15,840,medium,original+q+boundary_off,original,q,0,0,nan,nan,0,0.0,0,0,0
24779275_15,840,medium,original+q+boundary_on,original,q,1,0,nan,nan,0,0.0,0,0,0
24779275_15,840,medium,repaired+p+boundary_off,repaired,p,0,0,nan,nan,0,0.0,0,0,0
24779275_15,840,medium,repaired+p+boundary_on,repaired,p,1,0,nan,nan,0,0.0,0,0,0
24779275_15,840,medium,repaired+q+boundary_off,repaired,q,0,0,nan,nan,0,0.0,0,0,0
24779275_15,840,medium,repaired+q+boundary_on,repaired,q,1,0,nan,nan,0,0.0,0,0,0
24779275_15,841,medium,original+p+boundary_off,original,p,0,1,0.05149501661129563,748.4600282048252,12557,291.53809999979785,0,0,1
24779275_15,841,medium,original+p+boundary_on,original,p,1,1,0.013223140495867813,751.0458146424521,12345,322.85750000005464,0,1,1
24779275_15,841,medium,original+q+boundary_off,original,q,0,1,0.03476821192052981,749.631601080079,12318,288.2795000000442,0,1,1
24779275_15,841,medium,original+q+boundary_on,original,q,1,1,0.01320132013201325,751.631601080079,12261,313.13060000002224,0,1,1
24779275_15,841,medium,repaired+p+boundary_off,repaired,p,0,1,0.05149501661129563,748.4600282048252,12557,317.18579999983376,0,0,1
24779275_15,841,medium,repaired+p+boundary_on,repaired,p,1,1,0.013223140495867813,751.0458146424521,12345,328.00029999998515,0,1,1
24779275_15,841,medium,repaired+q+boundary_off,repaired,q,0,1,0.03476821192052981,749.631601080079,12318,307.68590000002405,0,1,1
24779275_15,841,medium,repaired+q+boundary_on,repaired,q,1,1,0.01320132013201325,751.631601080079,12261,314.8254000000179,0,1,1
24779275_15,842,medium,original+p+boundary_off,original,p,0,0,nan,nan,0,0.0,0,0,0
24779275_15,842,medium,original+p+boundary_on,original,p,1,0,nan,nan,0,0.0,0,0,0
24779275_15,842,medium,original+q+boundary_off,original,q,0,0,nan,nan,0,0.0,0,0,0
24779275_15,842,medium,original+q+boundary_on,original,q,1,0,nan,nan,0,0.0,0,0,0
24779275_15,842,medium,repaired+p+boundary_off,repaired,p,0,0,nan,nan,0,0.0,0,0,0
24779275_15,842,medium,repaired+p+boundary_on,repaired,p,1,0,nan,nan,0,0.0,0,0,0
24779275_15,842,medium,repaired+q+boundary_off,repaired,q,0,0,nan,nan,0,0.0,0,0,0
24779275_15,842,medium,repaired+q+boundary_on,repaired,q,1,0,nan,nan,0,0.0,0,0,0
24779275_15,843,medium,original+p+boundary_off,original,p,0,1,0.018796992481203034,1583.7413408594603,35291,884.1242000000875,0,1,1
24779275_15,843,medium,original+p+boundary_on,original,p,1,1,0.0029985007496251548,1587.7413408594603,38903,1001.3066999999864,1,1,1
24779275_15,843,medium,original+q+boundary_off,original,q,0,1,0.01126972201352372,1584.3271272970871,34843,837.9836999999952,0,1,1
24779275_15,843,medium,original+q+boundary_on,original,q,1,1,0.0029985007496251548,1587.7413408594603,38548,997.8111000000354,1,1,1
24779275_15,843,medium,repaired+p+boundary_off,repaired,p,0,1,0.018796992481203034,1583.7413408594603,35291,850.5339000000731,0,1,1
24779275_15,843,medium,repaired+p+boundary_on,repaired,p,1,1,0.0029985007496251548,1587.7413408594603,38903,1011.9853000001058,1,1,1
24779275_15,843,medium,repaired+q+boundary_off,repaired,q,0,1,0.01126972201352372,1584.3271272970871,34843,847.0846000000165,0,1,1
24779275_15,843,medium,repaired+q+boundary_on,repaired,q,1,1,0.0029985007496251548,1587.7413408594603,38548,1012.1422999998231,1,1,1
24779275_15,844,medium,original+p+boundary_off,original,p,0,0,nan,nan,0,0.0,0,0,0
24779275_15,844,medium,original+p+boundary_on,original,p,1,0,nan,nan,0,0.0,0,0,0
24779275_15,844,medium,original+q+boundary_off,original,q,0,0,nan,nan,0,0.0,0,0,0
24779275_15,844,medium,original+q+boundary_on,original,q,1,0,nan,nan,0,0.0,0,0,0
24779275_15,844,medium,repaired+p+boundary_off,repaired,p,0,0,nan,nan,0,0.0,0,0,0
24779275_15,844,medium,repaired+p+boundary_on,repaired,p,1,0,nan,nan,0,0.0,0,0,0
24779275_15,844,medium,repaired+q+boundary_off,repaired,q,0,0,nan,nan,0,0.0,0,0,0
24779275_15,844,medium,repaired+q+boundary_on,repaired,q,1,0,nan,nan,0,0.0,0,0,0
24779275_15,845,long,original+p+boundary_off,original,p,0,0,nan,nan,0,0.0,0,0,0
24779275_15,845,long,original+p+boundary_on,original,p,1,0,nan,nan,0,0.0,0,0,0
24779275_15,845,long,original+q+boundary_off,original,q,0,0,nan,nan,0,0.0,0,0,0
24779275_15,845,long,original+q+boundary_on,original,q,1,0,nan,nan,0,0.0,0,0,0
24779275_15,845,long,repaired+p+boundary_off,repaired,p,0,0,nan,nan,0,0.0,0,0,0
24779275_15,845,long,repaired+p+boundary_on,repaired,p,1,0,nan,nan,0,0.0,0,0,0
24779275_15,845,long,repaired+q+boundary_off,repaired,q,0,0,nan,nan,0,0.0,0,0,0
24779275_15,845,long,repaired+q+boundary_on,repaired,q,1,0,nan,nan,0,0.0,0,0,0
24779275_15,846,long,original+p+boundary_off,original,p,0,1,0.013220518244315138,2184.920056409647,49909,1196.298699999943,0,1,1
24779275_15,846,long,original+p+boundary_on,original,p,1,1,0.0021108179419525586,2188.920056409647,57321,1629.2731999999432,1,1,1
24779275_15,846,long,original+q+boundary_off,original,q,0,1,0.007928118393234707,2185.505842847274,49386,1229.49460000018,1,1,1
24779275_15,846,long,original+q+boundary_on,original,q,1,1,0.0021108179419525586,2188.920056409647,56763,1574.3838000000778,1,1,1
24779275_15,846,long,repaired+p+boundary_off,repaired,p,0,1,0.013220518244315138,2184.920056409647,49909,1251.910700000053,0,1,1
24779275_15,846,long,repaired+p+boundary_on,repaired,p,1,1,0.0021108179419525586,2188.920056409647,57321,1578.6431000001357,1,1,1
24779275_15,846,long,repaired+q+boundary_off,repaired,q,0,1,0.007928118393234707,2185.505842847274,49386,1298.564400000032,1,1,1
24779275_15,846,long,repaired+q+boundary_on,repaired,q,1,1,0.0021108179419525586,2188.920056409647,56763,1543.2014999998955,1,1,1
24779275_15,847,long,original+p+boundary_off,original,p,0,1,0.022920759659463052,1797.3098833543843,36847,968.5158000002048,0,1,1
24779275_15,847,long,original+p+boundary_on,original,p,1,1,0.007832898172323799,1803.5525240415036,41166,1110.7979999999316,1,1,1
24779275_15,847,long,original+q+boundary_off,original,q,0,1,0.0163612565445026,1797.8956697920112,36213,897.9413999998087,0,1,1
24779275_15,847,long,original+q+boundary_on,original,q,1,1,0.005870841487279899,1804.1383104791305,40839,1047.28729999988,1,1,1
24779275_15,847,long,repaired+p+boundary_off,repaired,p,0,1,0.022920759659463052,1797.3098833543843,36847,940.9140000000207,0,1,1
24779275_15,847,long,repaired+p+boundary_on,repaired,p,1,1,0.007832898172323799,1803.5525240415036,41166,1094.4600999998784,1,1,1
24779275_15,847,long,repaired+q+boundary_off,repaired,q,0,1,0.0163612565445026,1797.8956697920112,36213,941.6673000000628,0,1,1
24779275_15,847,long,repaired+q+boundary_on,repaired,q,1,1,0.005870841487279899,1804.1383104791305,40839,1156.7484999998214,1,1,1
24779275_15,848,long,original+p+boundary_off,original,p,0,1,0.02363268062120194,1746.75353416828,35861,882.4870999999348,0,1,1
24779275_15,848,long,original+p+boundary_on,original,p,1,1,0.004710632570659512,1752.1677477306532,39063,1011.9078000000172,1,1,1
24779275_15,848,long,original+q+boundary_off,original,q,0,1,0.01686909581646423,1747.339320605907,35093,874.5682999999644,0,1,1
24779275_15,848,long,original+q+boundary_on,original,q,1,1,0.00403496973772699,1752.75353416828,38678,1038.2970000000569,1,1,1
24779275_15,848,long,repaired+p+boundary_off,repaired,p,0,1,0.02363268062120194,1746.75353416828,35861,925.9320999999545,0,1,1
24779275_15,848,long,repaired+p+boundary_on,repaired,p,1,1,0.004710632570659512,1752.1677477306532,39063,1038.6971999998877,1,1,1
24779275_15,848,long,repaired+q+boundary_off,repaired,q,0,1,0.01686909581646423,1747.339320605907,35093,883.6690999999064,0,1,1
24779275_15,848,long,repaired+q+boundary_on,repaired,q,1,1,0.00403496973772699,1752.75353416828,38678,1018.0593999998564,1,1,1
24779275_15,849,long,original+p+boundary_off,original,p,0,1,0.016084303937881295,2070.4103884177707,39415,952.7173999999832,0,1,1
24779275_15,849,long,original+p+boundary_on,original,p,1,1,0.0022136137244050946,2076.067242667263,40649,1060.5078000000958,1,1,1
24779275_15,849,long,original+q+boundary_off,original,q,0,1,0.009423503325942328,2071.824601980144,38792,961.9678000001386,1,1,1
24779275_15,849,long,original+q+boundary_on,original,q,1,1,0.0022136137244050946,2076.067242667263,40284,1084.8324999999477,1,1,1
24779275_15,849,long,repaired+p+boundary_off,repaired,p,0,1,0.016084303937881295,2070.4103884177707,39415,939.2650999998295,0,1,1
24779275_15,849,long,repaired+p+boundary_on,repaired,p,1,1,0.0022136137244050946,2076.067242667263,40649,1065.9487999998873,1,1,1
24779275_15,849,long,repaired+q+boundary_off,repaired,q,0,1,0.009423503325942328,2071.824601980144,38792,950.4853000000821,1,1,1
24779275_15,849,long,repaired+q+boundary_on,repaired,q,1,1,0.0022136137244050946,2076.067242667263,40284,1065.5401999999867,1,1,1
24779275_15,850,long,original+p+boundary_off,original,p,0,0,nan,nan,0,0.0,0,0,0
24779275_15,850,long,original+p+boundary_on,original,p,1,0,nan,nan,0,0.0,0,0,0
24779275_15,850,long,original+q+boundary_off,original,q,0,0,nan,nan,0,0.0,0,0,0
24779275_15,850,long,original+q+boundary_on,original,q,1,0,nan,nan,0,0.0,0,0,0
24779275_15,850,long,repaired+p+boundary_off,repaired,p,0,0,nan,nan,0,0.0,0,0,0
24779275_15,850,long,repaired+p+boundary_on,repaired,p,1,0,nan,nan,0,0.0,0,0,0
24779275_15,850,long,repaired+q+boundary_off,repaired,q,0,0,nan,nan,0,0.0,0,0,0
24779275_15,850,long,repaired+q+boundary_on,repaired,q,1,0,nan,nan,0,0.0,0,0,0
24779275_15,851,long,original+p+boundary_off,original,p,0,1,0.016909620991253593,1976.197184982176,49197,1264.3616000000293,0,1,1
24779275_15,851,long,original+p+boundary_on,original,p,1,1,0.0023269342641070168,1982.6824663564146,55316,1478.9220000000114,1,1,1
24779275_15,851,long,original+q+boundary_off,original,q,0,1,0.009906759906759932,1977.6113985445493,48628,1216.978299999937,1,1,1
24779275_15,851,long,original+q+boundary_on,original,q,1,1,0.0023269342641070168,1982.6824663564146,54906,1480.563600000096,1,1,1
24779275_15,851,long,repaired+p+boundary_off,repaired,p,0,1,0.016909620991253593,1976.197184982176,49197,1230.4143999999724,0,1,1
24779275_15,851,long,repaired+p+boundary_on,repaired,p,1,1,0.0023269342641070168,1982.6824663564146,55316,1494.0518999999313,1,1,1
24779275_15,851,long,repaired+q+boundary_off,repaired,q,0,1,0.009906759906759932,1977.6113985445493,48628,1202.475899999854,1,1,1
24779275_15,851,long,repaired+q+boundary_on,repaired,q,1,1,0.0023269342641070168,1982.6824663564146,54906,1455.7867000000897,1,1,1
25079170_15,852,short,original+p+boundary_off,original,p,0,1,0.6584158415841583,250.70562748477192,6395,154.93369999990136,0,0,0
25079170_15,852,short,original+p+boundary_on,original,p,1,1,0.5343137254901961,256.0193359837568,8763,233.82250000008753,0,0,0
25079170_15,852,short,original+q+boundary_off,original,q,0,1,0.6683168316831682,251.53405460951814,6527,157.72969999989073,0,0,0
25079170_15,852,short,original+q+boundary_on,original,q,1,1,0.5343137254901961,256.0193359837568,8824,237.3605000000225,0,0,0
25079170_15,852,short,repaired+p+boundary_off,repaired,p,0,1,0.6584158415841583,250.70562748477192,6395,156.9387000001825,0,0,0
25079170_15,852,short,repaired+p+boundary_on,repaired,p,1,1,0.5343137254901961,256.0193359837568,8763,224.438199999895,0,0,0
25079170_15,852,short,repaired+q+boundary_off,repaired,q,0,1,0.6683168316831682,251.53405460951814,6527,159.9286000000575,0,0,0
25079170_15,852,short,repaired+q+boundary_on,repaired,q,1,1,0.5343137254901961,256.0193359837568,8824,234.3637999999828,0,0,0
25079170_15,853,short,original+p+boundary_off,original,p,0,1,0.008196721311475419,131.35533905932738,1750,39.25359999993816,1,1,1
25079170_15,853,short,original+p+boundary_on,original,p,1,1,0.008196721311475419,131.35533905932738,2559,81.3441000000239,1,1,1
25079170_15,853,short,original+q+boundary_off,original,q,0,1,0.008196721311475419,131.35533905932738,1730,40.50629999983357,1,1,1
25079170_15,853,short,original+q+boundary_on,original,q,1,1,0.008196721311475419,131.35533905932738,2527,64.90959999996448,1,1,1
25079170_15,853,short,repaired+p+boundary_off,repaired,p,0,1,0.008196721311475419,131.35533905932738,1750,44.693199999983335,1,1,1
25079170_15,853,short,repaired+p+boundary_on,repaired,p,1,1,0.008196721311475419,131.35533905932738,2559,65.25439999995797,1,1,1
25079170_15,853,short,repaired+q+boundary_off,repaired,q,0,1,0.008196721311475419,131.35533905932738,1730,38.03769999990436,1,1,1
25079170_15,853,short,repaired+q+boundary_on,repaired,q,1,1,0.008196721311475419,131.35533905932738,2527,64.88259999991897,1,1,1
25079170_15,854,short,original+p+boundary_off,original,p,0,0,nan,nan,0,0.0,0,0,0
25079170_15,854,short,original+p+boundary_on,original,p,1,0,nan,nan,0,0.0,0,0,0
25079170_15,854,short,original+q+boundary_off,original,q,0,0,nan,nan,0,0.0,0,0,0
25079170_15,854,short,original+q+boundary_on,original,q,1,0,nan,nan,0,0.0,0,0,0
25079170_15,854,short,repaired+p+boundary_off,repaired,p,0,0,nan,nan,0,0.0,0,0,0
25079170_15,854,short,repaired+p+boundary_on,repaired,p,1,0,nan,nan,0,0.0,0,0,0
25079170_15,854,short,repaired+q+boundary_off,repaired,q,0,0,nan,nan,0,0.0,0,0,0
25079170_15,854,short,repaired+q+boundary_on,repaired,q,1,0,nan,nan,0,0.0,0,0,0
25079170_15,855,short,original+p+boundary_off,original,p,0,1,0.0,136.4558441227157,1699,41.394199999786,1,1,1
25079170_15,855,short,original+p+boundary_on,original,p,1,1,0.0,136.4558441227157,1863,48.88340000002245,1,1,1
25079170_15,855,short,original+q+boundary_off,original,q,0,1,0.0,136.4558441227157,1753,41.225100000019665,1,1,1
25079170_15,855,short,original+q+boundary_on,original,q,1,1,0.0,136.4558441227157,1879,48.92990000007558,1,1,1
25079170_15,855,short,repaired+p+boundary_off,repaired,p,0,1,0.0,136.4558441227157,1699,39.582300000120085,1,1,1
25079170_15,855,short,repaired+p+boundary_on,repaired,p,1,1,0.0,136.4558441227157,1863,43.747899999971196,1,1,1
25079170_15,855,short,repaired+q+boundary_off,repaired,q,0,1,0.0,136.4558441227157,1753,43.90549999993709,1,1,1
25079170_15,855,short,repaired+q+boundary_on,repaired,q,1,1,0.0,136.4558441227157,1879,48.38219999987814,1,1,1
25079170_15,856,short,original+p+boundary_off,original,p,0,1,0.03865979381443296,437.9482681718917,8915,238.49279999990358,0,1,1
25079170_15,856,short,original+p+boundary_on,original,p,1,1,0.025575447570332477,444.6761902332496,11148,307.855600000039,0,1,1
25079170_15,856,short,original+q+boundary_off,original,q,0,1,0.03856041131105403,440.19090885901096,8825,230.56449999990036,0,1,1
25079170_15,856,short,original+q+boundary_on,original,q,1,1,0.025575447570332477,444.6761902332496,11020,301.4333000000988,0,1,1
25079170_15,856,short,repaired+p+boundary_off,repaired,p,0,1,0.03865979381443296,437.9482681718917,8915,221.07230000005984,0,1,1
25079170_15,856,short,repaired+p+boundary_on,repaired,p,1,1,0.025575447570332477,444.6761902332496,11148,298.0528000000504,0,1,1
25079170_15,856,short,repaired+q+boundary_off,repaired,q,0,1,0.03856041131105403,440.19090885901096,8825,212.28140000016538,0,1,1
25079170_15,856,short,repaired+q+boundary_on,repaired,q,1,1,0.025575447570332477,444.6761902332496,11020,278.2401000001755,0,1,1
25079170_15,857,short,original+p+boundary_off,original,p,0,1,0.09012875536480691,287.0904037956226,6056,140.0229999999283,0,0,1
25079170_15,857,short,original+p+boundary_on,original,p,1,1,0.03389830508474578,292.1614716074881,7762,197.0294999998714,0,1,1
25079170_15,857,short,original+q+boundary_off,original,q,0,1,0.10729613733905574,287.0904037956226,6082,144.84279999987848,0,0,0
25079170_15,857,short,original+q+boundary_on,original,q,1,1,0.03389830508474578,292.1614716074881,7698,206.28089999991062,0,1,1
25079170_15,857,short,repaired+p+boundary_off,repaired,p,0,1,0.09012875536480691,287.0904037956226,6056,143.62379999988661,0,0,1
25079170_15,857,short,repaired+p+boundary_on,repaired,p,1,1,0.03389830508474578,292.1614716074881,7762,194.24770000000535,0,1,1
25079170_15,857,short,repaired+q+boundary_off,repaired,q,0,1,0.10729613733905574,287.0904037956226,6082,144.75910000010117,0,0,0
25079170_15,857,short,repaired+q+boundary_on,repaired,q,1,1,0.03389830508474578,292.1614716074881,7698,188.62300000000687,0,1,1
25079170_15,858,medium,original+p+boundary_off,original,p,0,0,nan,nan,0,0.0,0,0,0
25079170_15,858,medium,original+p+boundary_on,original,p,1,0,nan,nan,0,0.0,0,0,0
25079170_15,858,medium,original+q+boundary_off,original,q,0,0,nan,nan,0,0.0,0,0,0
25079170_15,858,medium,original+q+boundary_on,original,q,1,0,nan,nan,0,0.0,0,0,0
25079170_15,858,medium,repaired+p+boundary_off,repaired,p,0,0,nan,nan,0,0.0,0,0,0
25079170_15,858,medium,repaired+p+boundary_on,repaired,p,1,0,nan,nan,0,0.0,0,0,0
25079170_15,858,medium,repaired+q+boundary_off,repaired,q,0,0,nan,nan,0,0.0,0,0,0
25079170_15,858,medium,repaired+q+boundary_on,repaired,q,1,0,nan,nan,0,0.0,0,0,0
25079170_15,859,medium,original+p+boundary_off,original,p,0,0,nan,nan,0,0.0,0,0,0
25079170_15,859,medium,original+p+boundary_on,original,p,1,0,nan,nan,0,0.0,0,0,0
25079170_15,859,medium,original+q+boundary_off,original,q,0,0,nan,nan,0,0.0,0,0,0
25079170_15,859,medium,original+q+boundary_on,original,q,1,0,nan,nan,0,0.0,0,0,0
25079170_15,859,medium,repaired+p+boundary_off,repaired,p,0,0,nan,nan,0,0.0,0,0,0
25079170_15,859,medium,repaired+p+boundary_on,repaired,p,1,0,nan,nan,0,0.0,0,0,0
25079170_15,859,medium,repaired+q+boundary_off,repaired,q,0,0,nan,nan,0,0.0,0,0,0
25079170_15,859,medium,repaired+q+boundary_on,repaired,q,1,0,nan,nan,0,0.0,0,0,0
25079170_15,860,medium,original+p+boundary_off,original,p,0,0,nan,nan,0,0.0,0,0,0
25079170_15,860,medium,original+p+boundary_on,original,p,1,0,nan,nan,0,0.0,0,0,0
25079170_15,860,medium,original+q+boundary_off,original,q,0,0,nan,nan,0,0.0,0,0,0
25079170_15,860,medium,original+q+boundary_on,original,q,1,0,nan,nan,0,0.0,0,0,0
25079170_15,860,medium,repaired+p+boundary_off,repaired,p,0,0,nan,nan,0,0.0,0,0,0
25079170_15,860,medium,repaired+p+boundary_on,repaired,p,1,0,nan,nan,0,0.0,0,0,0
25079170_15,860,medium,repaired+q+boundary_off,repaired,q,0,0,nan,nan,0,0.0,0,0,0
25079170_15,860,medium,repaired+q+boundary_on,repaired,q,1,0,nan,nan,0,0.0,0,0,0
25079170_15,861,medium,original+p+boundary_off,original,p,0,0,nan,nan,0,0.0,0,0,0
25079170_15,861,medium,original+p+boundary_on,original,p,1,0,nan,nan,0,0.0,0,0,0
25079170_15,861,medium,original+q+boundary_off,original,q,0,0,nan,nan,0,0.0,0,0,0
25079170_15,861,medium,original+q+boundary_on,original,q,1,0,nan,nan,0,0.0,0,0,0
25079170_15,861,medium,repaired+p+boundary_off,repaired,p,0,0,nan,nan,0,0.0,0,0,0
25079170_15,861,medium,repaired+p+boundary_on,repaired,p,1,0,nan,nan,0,0.0,0,0,0
25079170_15,861,medium,repaired+q+boundary_off,repaired,q,0,0,nan,nan,0,0.0,0,0,0
25079170_15,861,medium,repaired+q+boundary_on,repaired,q,1,0,nan,nan,0,0.0,0,0,0
25079170_15,862,medium,original+p+boundary_off,original,p,0,1,0.013648771610555,1199.4823227814109,39714,962.1062999999594,0,1,1
25079170_15,862,medium,original+p+boundary_on,original,p,1,1,0.0036396724294813776,1201.1391770309033,55977,1493.6867000001257,1,1,1
25079170_15,862,medium,original+q+boundary_off,original,q,0,1,0.013648771610555,1199.4823227814109,44450,1078.2024000000092,0,1,1
25079170_15,862,medium,original+q+boundary_on,original,q,1,1,0.0036396724294813776,1201.1391770309033,56956,1502.9779999999846,1,1,1
25079170_15,862,medium,repaired+p+boundary_off,repaired,p,0,1,0.013648771610555,1199.4823227814109,40110,988.84309999994,0,1,1
25079170_15,862,medium,repaired+p+boundary_on,repaired,p,1,1,0.0036396724294813776,1201.1391770309033,56334,1450.7399999999961,1,1,1
25079170_15,862,medium,repaired+q+boundary_off,repaired,q,0,1,0.013648771610555,1199.4823227814109,44818,1110.5035000000498,0,1,1
25079170_15,862,medium,repaired+q+boundary_on,repaired,q,1,1,0.0036396724294813776,1201.1391770309033,57335,1495.9006999999929,1,1,1
25079170_15,863,medium,original+p+boundary_off,original,p,0,0,nan,nan,0,0.0,0,0,0
25079170_15,863,medium,original+p+boundary_on,original,p,1,0,nan,nan,0,0.0,0,0,0
25079170_15,863,medium,original+q+boundary_off,original,q,0,0,nan,nan,0,0.0,0,0,0
25079170_15,863,medium,original+q+boundary_on,original,q,1,0,nan,nan,0,0.0,0,0,0
25079170_15,863,medium,repaired+p+boundary_off,repaired,p,0,0,nan,nan,0,0.0,0,0,0
25079170_15,863,medium,repaired+p+boundary_on,repaired,p,1,0,nan,nan,0,0.0,0,0,0
25079170_15,863,medium,repaired+q+boundary_off,repaired,q,0,0,nan,nan,0,0.0,0,0,0
25079170_15,863,medium,repaired+q+boundary_on,repaired,q,1,0,nan,nan,0,0.0,0,0,0
25079170_15,864,medium,original+p+boundary_off,original,p,0,0,nan,nan,0,0.0,0,0,0
25079170_15,864,medium,original+p+boundary_on,original,p,1,0,nan,nan,0,0.0,0,0,0
25079170_15,864,medium,original+q+boundary_off,original,q,0,0,nan,nan,0,0.0,0,0,0
25079170_15,864,medium,original+q+boundary_on,original,q,1,0,nan,nan,0,0.0,0,0,0
25079170_15,864,medium,repaired+p+boundary_off,repaired,p,0,0,nan,nan,0,0.0,0,0,0
25079170_15,864,medium,repaired+p+boundary_on,repaired,p,1,0,nan,nan,0,0.0,0,0,0
25079170_15,864,medium,repaired+q+boundary_off,repaired,q,0,0,nan,nan,0,0.0,0,0,0
25079170_15,864,medium,repaired+q+boundary_on,repaired,q,1,0,nan,nan,0,0.0,0,0,0
25079170_15,865,long,original+p+boundary_off,original,p,0,0,nan,nan,0,0.0,0,0,0
25079170_15,865,long,original+p+boundary_on,original,p,1,0,nan,nan,0,0.0,0,0,0
25079170_15,865,long,original+q+boundary_off,original,q,0,0,nan,nan,0,0.0,0,0,0
25079170_15,865,long,original+q+boundary_on,original,q,1,0,nan,nan,0,0.0,0,0,0
25079170_15,865,long,repaired+p+boundary_off,repaired,p,0,0,nan,nan,0,0.0,0,0,0
25079170_15,865,long,repaired+p+boundary_on,repaired,p,1,0,nan,nan,0,0.0,0,0,0
25079170_15,865,long,repaired+q+boundary_off,repaired,q,0,0,nan,nan,0,0.0,0,0,0
25079170_15,865,long,repaired+q+boundary_on,repaired,q,1,0,nan,nan,0,0.0,0,0,0
25079170_15,866,long,original+p+boundary_off,original,p,0,0,nan,nan,0,0.0,0,0,0
25079170_15,866,long,original+p+boundary_on,original,p,1,0,nan,nan,0,0.0,0,0,0
25079170_15,866,long,original+q+boundary_off,original,q,0,0,nan,nan,0,0.0,0,0,0
25079170_15,866,long,original+q+boundary_on,original,q,1,0,nan,nan,0,0.0,0,0,0
25079170_15,866,long,repaired+p+boundary_off,repaired,p,0,0,nan,nan,0,0.0,0,0,0
25079170_15,866,long,repaired+p+boundary_on,repaired,p,1,0,nan,nan,0,0.0,0,0,0
25079170_15,866,long,repaired+q+boundary_off,repaired,q,0,0,nan,nan,0,0.0,0,0,0
25079170_15,866,long,repaired+q+boundary_on,repaired,q,1,0,nan,nan,0,0.0,0,0,0
25079170_15,867,long,original+p+boundary_off,original,p,0,0,nan,nan,0,0.0,0,0,0
25079170_15,867,long,original+p+boundary_on,original,p,1,0,nan,nan,0,0.0,0,0,0
25079170_15,867,long,original+q+boundary_off,original,q,0,0,nan,nan,0,0.0,0,0,0
25079170_15,867,long,original+q+boundary_on,original,q,1,0,nan,nan,0,0.0,0,0,0
25079170_15,867,long,repaired+p+boundary_off,repaired,p,0,0,nan,nan,0,0.0,0,0,0
25079170_15,867,long,repaired+p+boundary_on,repaired,p,1,0,nan,nan,0,0.0,0,0,0
25079170_15,867,long,repaired+q+boundary_off,repaired,q,0,0,nan,nan,0,0.0,0,0,0
25079170_15,867,long,repaired+q+boundary_on,repaired,q,1,0,nan,nan,0,0.0,0,0,0
25079170_15,868,long,original+p+boundary_off,original,p,0,0,nan,nan,0,0.0,0,0,0
25079170_15,868,long,original+p+boundary_on,original,p,1,0,nan,nan,0,0.0,0,0,0
25079170_15,868,long,original+q+boundary_off,original,q,0,0,nan,nan,0,0.0,0,0,0
25079170_15,868,long,original+q+boundary_on,original,q,1,0,nan,nan,0,0.0,0,0,0
25079170_15,868,long,repaired+p+boundary_off,repaired,p,0,0,nan,nan,0,0.0,0,0,0
25079170_15,868,long,repaired+p+boundary_on,repaired,p,1,0,nan,nan,0,0.0,0,0,0
25079170_15,868,long,repaired+q+boundary_off,repaired,q,0,0,nan,nan,0,0.0,0,0,0
25079170_15,868,long,repaired+q+boundary_on,repaired,q,1,0,nan,nan,0,0.0,0,0,0
25079170_15,869,long,original+p+boundary_off,original,p,0,0,nan,nan,0,0.0,0,0,0
25079170_15,869,long,original+p+boundary_on,original,p,1,0,nan,nan,0,0.0,0,0,0
25079170_15,869,long,original+q+boundary_off,original,q,0,0,nan,nan,0,0.0,0,0,0
25079170_15,869,long,original+q+boundary_on,original,q,1,0,nan,nan,0,0.0,0,0,0
25079170_15,869,long,repaired+p+boundary_off,repaired,p,0,0,nan,nan,0,0.0,0,0,0
25079170_15,869,long,repaired+p+boundary_on,repaired,p,1,0,nan,nan,0,0.0,0,0,0
25079170_15,869,long,repaired+q+boundary_off,repaired,q,0,0,nan,nan,0,0.0,0,0,0
25079170_15,869,long,repaired+q+boundary_on,repaired,q,1,0,nan,nan,0,0.0,0,0,0
25079170_15,870,long,original+p+boundary_off,original,p,0,0,nan,nan,0,0.0,0,0,0
25079170_15,870,long,original+p+boundary_on,original,p,1,0,nan,nan,0,0.0,0,0,0
25079170_15,870,long,original+q+boundary_off,original,q,0,0,nan,nan,0,0.0,0,0,0
25079170_15,870,long,original+q+boundary_on,original,q,1,0,nan,nan,0,0.0,0,0,0
25079170_15,870,long,repaired+p+boundary_off,repaired,p,0,0,nan,nan,0,0.0,0,0,0
25079170_15,870,long,repaired+p+boundary_on,repaired,p,1,0,nan,nan,0,0.0,0,0,0
25079170_15,870,long,repaired+q+boundary_off,repaired,q,0,0,nan,nan,0,0.0,0,0,0
25079170_15,870,long,repaired+q+boundary_on,repaired,q,1,0,nan,nan,0,0.0,0,0,0
25079170_15,871,long,original+p+boundary_off,original,p,0,0,nan,nan,0,0.0,0,0,0
25079170_15,871,long,original+p+boundary_on,original,p,1,0,nan,nan,0,0.0,0,0,0
25079170_15,871,long,original+q+boundary_off,original,q,0,0,nan,nan,0,0.0,0,0,0
25079170_15,871,long,original+q+boundary_on,original,q,1,0,nan,nan,0,0.0,0,0,0
25079170_15,871,long,repaired+p+boundary_off,repaired,p,0,0,nan,nan,0,0.0,0,0,0
25079170_15,871,long,repaired+p+boundary_on,repaired,p,1,0,nan,nan,0,0.0,0,0,0
25079170_15,871,long,repaired+q+boundary_off,repaired,q,0,0,nan,nan,0,0.0,0,0,0
25079170_15,871,long,repaired+q+boundary_on,repaired,q,1,0,nan,nan,0,0.0,0,0,0
26278720_15,872,short,original+p+boundary_off,original,p,0,1,0.0,87.89949493661166,797,22.956099999873913,1,1,1
26278720_15,872,short,original+p+boundary_on,original,p,1,1,0.0,88.72792206135784,1016,29.754099999991013,1,1,1
26278720_15,872,short,original+q+boundary_off,original,q,0,1,0.0,87.89949493661166,814,22.66330000020389,1,1,1
26278720_15,872,short,original+q+boundary_on,original,q,1,1,0.0,88.72792206135784,1013,29.33470000016314,1,1,1
26278720_15,872,short,repaired+p+boundary_off,repaired,p,0,1,0.0,87.89949493661166,797,22.65450000004421,1,1,1
26278720_15,872,short,repaired+p+boundary_on,repaired,p,1,1,0.0,88.72792206135784,1016,26.509999999916545,1,1,1
26278720_15,872,short,repaired+q+boundary_off,repaired,q,0,1,0.0,87.89949493661166,814,21.511400000008507,1,1,1
26278720_15,872,short,repaired+q+boundary_on,repaired,q,1,1,0.0,88.72792206135784,1013,31.986799999913273,1,1,1
26278720_15,873,short,original+p+boundary_off,original,p,0,0,nan,nan,0,0.0,0,0,0
26278720_15,873,short,original+p+boundary_on,original,p,1,0,nan,nan,0,0.0,0,0,0
26278720_15,873,short,original+q+boundary_off,original,q,0,0,nan,nan,0,0.0,0,0,0
26278720_15,873,short,original+q+boundary_on,original,q,1,0,nan,nan,0,0.0,0,0,0
26278720_15,873,short,repaired+p+boundary_off,repaired,p,0,0,nan,nan,0,0.0,0,0,0
26278720_15,873,short,repaired+p+boundary_on,repaired,p,1,0,nan,nan,0,0.0,0,0,0
26278720_15,873,short,repaired+q+boundary_off,repaired,q,0,0,nan,nan,0,0.0,0,0,0
26278720_15,873,short,repaired+q+boundary_on,repaired,q,1,0,nan,nan,0,0.0,0,0,0
26278720_15,874,short,original+p+boundary_off,original,p,0,1,0.26249999999999996,100.53910524340085,1260,34.71749999994245,0,0,0
26278720_15,874,short,original+p+boundary_on,original,p,1,1,0.26249999999999996,100.53910524340085,1223,33.51850000012746,0,0,0
26278720_15,874,short,original+q+boundary_off,original,q,0,1,0.22499999999999998,100.53910524340085,1236,27.153400000088368,0,0,0
26278720_15,874,short,original+q+boundary_on,original,q,1,1,0.25,100.53910524340085,1222,32.55639999997584,0,0,0
26278720_15,874,short,repaired+p+boundary_off,repaired,p,0,1,0.26249999999999996,100.53910524340085,1386,32.02390000001287,0,0,0
26278720_15,874,short,repaired+p+boundary_on,repaired,p,1,1,0.26249999999999996,100.53910524340085,1466,37.634799999977986,0,0,0
26278720_15,874,short,repaired+q+boundary_off,repaired,q,0,1,0.22499999999999998,100.53910524340085,1542,32.97730000008414,0,0,0
26278720_15,874,short,repaired+q+boundary_on,repaired,q,1,1,0.25,100.53910524340085,1612,38.32640000018728,0,0,0
26278720_15,875,short,original+p+boundary_off,original,p,0,1,0.0,449.19595949289385,6938,170.56069999989631,1,1,1
26278720_15,875,short,original+p+boundary_on,original,p,1,1,0.0,451.68124086713243,7724,206.39909999999873,1,1,1
26278720_15,875,short,original+q+boundary_off,original,q,0,1,0.002336448598130869,450.6101730552669,6945,183.2018000000062,1,1,1
26278720_15,875,short,original+q+boundary_on,original,q,1,1,0.002336448598130869,452.2670273047593,7690,210.81570000001193,1,1,1
26278720_15,875,short,repaired+p+boundary_off,repaired,p,0,1,0.0,449.19595949289385,6938,175.90339999992466,1,1,1
26278720_15,875,short,repaired+p+boundary_on,repaired,p,1,1,0.0,451.68124086713243,7724,206.48929999993015,1,1,1
26278720_15,875,short,repaired+q+boundary_off,repaired,q,0,1,0.002336448598130869,450.6101730552669,6945,190.14810000021498,1,1,1
26278720_15,875,short,repaired+q+boundary_on,repaired,q,1,1,0.002336448598130869,452.2670273047593,7690,221.26320000006672,1,1,1
26278720_15,876,short,original+p+boundary_off,original,p,0,1,0.0079155672823219,415.6934341759522,10204,280.7513000000199,1,1,1
26278720_15,876,short,original+p+boundary_on,original,p,1,1,0.0,420.7645019878177,10451,287.1647000001758,1,1,1
26278720_15,876,short,original+q+boundary_off,original,q,0,1,0.005249343832021025,417.6934341759522,10108,270.9581999999955,1,1,1
26278720_15,876,short,original+q+boundary_on,original,q,1,1,0.0,422.1787155501908,10402,293.2223000000249,1,1,1
26278720_15,876,short,repaired+p+boundary_off,repaired,p,0,1,0.0079155672823219,415.6934341759522,10204,272.7244000000155,1,1,1
26278720_15,876,short,repaired+p+boundary_on,repaired,p,1,1,0.0,420.7645019878177,10451,302.6843000000099,1,1,1
26278720_15,876,short,repaired+q+boundary_off,repaired,q,0,1,0.005249343832021025,417.6934341759522,10108,259.22369999989314,1,1,1
26278720_15,876,short,repaired+q+boundary_on,repaired,q,1,1,0.0,422.1787155501908,10402,282.7213999999003,1,1,1
26278720_15,877,short,original+p+boundary_off,original,p,0,0,nan,nan,0,0.0,0,0,0
26278720_15,877,short,original+p+boundary_on,original,p,1,0,nan,nan,0,0.0,0,0,0
26278720_15,877,short,original+q+boundary_off,original,q,0,0,nan,nan,0,0.0,0,0,0
26278720_15,877,short,original+q+boundary_on,original,q,1,0,nan,nan,0,0.0,0,0,0
26278720_15,877,short,repaired+p+boundary_off,repaired,p,0,0,nan,nan,0,0.0,0,0,0
26278720_15,877,short,repaired+p+boundary_on,repaired,p,1,0,nan,nan,0,0.0,0,0,0
26278720_15,877,short,repaired+q+boundary_off,repaired,q,0,0,nan,nan,0,0.0,0,0,0
26278720_15,877,short,repaired+q+boundary_on,repaired,q,1,0,nan,nan,0,0.0,0,0,0
26278720_15,878,medium,original+p+boundary_off,original,p,0,0,nan,nan,0,0.0,0,0,0
26278720_15,878,medium,original+p+boundary_on,original,p,1,0,nan,nan,0,0.0,0,0,0
26278720_15,878,medium,original+q+boundary_off,original,q,0,0,nan,nan,0,0.0,0,0,0
26278720_15,878,medium,original+q+boundary_on,original,q,1,0,nan,nan,0,0.0,0,0,0
26278720_15,878,medium,repaired+p+boundary_off,repaired,p,0,0,nan,nan,0,0.0,0,0,0
26278720_15,878,medium,repaired+p+boundary_on,repaired,p,1,0,nan,nan,0,0.0,0,0,0
26278720_15,878,medium,repaired+q+boundary_off,repaired,q,0,0,nan,nan,0,0.0,0,0,0
26278720_15,878,medium,repaired+q+boundary_on,repaired,q,1,0,nan,nan,0,0.0,0,0,0
26278720_15,879,medium,original+p+boundary_off,original,p,0,0,nan,nan,0,0.0,0,0,0
26278720_15,879,medium,original+p+boundary_on,original,p,1,0,nan,nan,0,0.0,0,0,0
26278720_15,879,medium,original+q+boundary_off,original,q,0,0,nan,nan,0,0.0,0,0,0
26278720_15,879,medium,original+q+boundary_on,original,q,1,0,nan,nan,0,0.0,0,0,0
26278720_15,879,medium,repaired+p+boundary_off,repaired,p,0,0,nan,nan,0,0.0,0,0,0
26278720_15,879,medium,repaired+p+boundary_on,repaired,p,1,0,nan,nan,0,0.0,0,0,0
26278720_15,879,medium,repaired+q+boundary_off,repaired,q,0,0,nan,nan,0,0.0,0,0,0
26278720_15,879,medium,repaired+q+boundary_on,repaired,q,1,0,nan,nan,0,0.0,0,0,0
26278720_15,880,medium,original+p+boundary_off,original,p,0,0,nan,nan,0,0.0,0,0,0
26278720_15,880,medium,original+p+boundary_on,original,p,1,0,nan,nan,0,0.0,0,0,0
26278720_15,880,medium,original+q+boundary_off,original,q,0,0,nan,nan,0,0.0,0,0,0
26278720_15,880,medium,original+q+boundary_on,original,q,1,0,nan,nan,0,0.0,0,0,0
26278720_15,880,medium,repaired+p+boundary_off,repaired,p,0,0,nan,nan,0,0.0,0,0,0
26278720_15,880,medium,repaired+p+boundary_on,repaired,p,1,0,nan,nan,0,0.0,0,0,0
26278720_15,880,medium,repaired+q+boundary_off,repaired,q,0,0,nan,nan,0,0.0,0,0,0
26278720_15,880,medium,repaired+q+boundary_on,repaired,q,1,0,nan,nan,0,0.0,0,0,0
26278720_15,881,medium,original+p+boundary_off,original,p,0,0,nan,nan,0,0.0,0,0,0
26278720_15,881,medium,original+p+boundary_on,original,p,1,0,nan,nan,0,0.0,0,0,0
26278720_15,881,medium,original+q+boundary_off,original,q,0,0,nan,nan,0,0.0,0,0,0
26278720_15,881,medium,original+q+boundary_on,original,q,1,0,nan,nan,0,0.0,0,0,0
26278720_15,881,medium,repaired+p+boundary_off,repaired,p,0,0,nan,nan,0,0.0,0,0,0
26278720_15,881,medium,repaired+p+boundary_on,repaired,p,1,0,nan,nan,0,0.0,0,0,0
26278720_15,881,medium,repaired+q+boundary_off,repaired,q,0,0,nan,nan,0,0.0,0,0,0
26278720_15,881,medium,repaired+q+boundary_on,repaired,q,1,0,nan,nan,0,0.0,0,0,0
26278720_15,882,medium,original+p+boundary_off,original,p,0,0,nan,nan,0,0.0,0,0,0
26278720_15,882,medium,original+p+boundary_on,original,p,1,0,nan,nan,0,0.0,0,0,0
26278720_15,882,medium,original+q+boundary_off,original,q,0,0,nan,nan,0,0.0,0,0,0
26278720_15,882,medium,original+q+boundary_on,original,q,1,0,nan,nan,0,0.0,0,0,0
26278720_15,882,medium,repaired+p+boundary_off,repaired,p,0,0,nan,nan,0,0.0,0,0,0
26278720_15,882,medium,repaired+p+boundary_on,repaired,p,1,0,nan,nan,0,0.0,0,0,0
26278720_15,882,medium,repaired+q+boundary_off,repaired,q,0,0,nan,nan,0,0.0,0,0,0
26278720_15,882,medium,repaired+q+boundary_on,repaired,q,1,0,nan,nan,0,0.0,0,0,0
26278720_15,883,medium,original+p+boundary_off,original,p,0,0,nan,nan,0,0.0,0,0,0
26278720_15,883,medium,original+p+boundary_on,original,p,1,0,nan,nan,0,0.0,0,0,0
26278720_15,883,medium,original+q+boundary_off,original,q,0,0,nan,nan,0,0.0,0,0,0
26278720_15,883,medium,original+q+boundary_on,original,q,1,0,nan,nan,0,0.0,0,0,0
26278720_15,883,medium,repaired+p+boundary_off,repaired,p,0,0,nan,nan,0,0.0,0,0,0
26278720_15,883,medium,repaired+p+boundary_on,repaired,p,1,0,nan,nan,0,0.0,0,0,0
26278720_15,883,medium,repaired+q+boundary_off,repaired,q,0,0,nan,nan,0,0.0,0,0,0
26278720_15,883,medium,repaired+q+boundary_on,repaired,q,1,0,nan,nan,0,0.0,0,0,0
26278720_15,884,medium,original+p+boundary_off,original,p,0,0,nan,nan,0,0.0,0,0,0
26278720_15,884,medium,original+p+boundary_on,original,p,1,0,nan,nan,0,0.0,0,0,0
26278720_15,884,medium,original+q+boundary_off,original,q,0,0,nan,nan,0,0.0,0,0,0
26278720_15,884,medium,original+q+boundary_on,original,q,1,0,nan,nan,0,0.0,0,0,0
26278720_15,884,medium,repaired+p+boundary_off,repaired,p,0,0,nan,nan,0,0.0,0,0,0
26278720_15,884,medium,repaired+p+boundary_on,repaired,p,1,0,nan,nan,0,0.0,0,0,0
26278720_15,884,medium,repaired+q+boundary_off,repaired,q,0,0,nan,nan,0,0.0,0,0,0
26278720_15,884,medium,repaired+q+boundary_on,repaired,q,1,0,nan,nan,0,0.0,0,0,0
26428735_15,885,short,original+p+boundary_off,original,p,0,1,0.027373823781009388,1392.9179643685957,44497,1146.8536999998378,0,1,1
26428735_15,885,short,original+p+boundary_on,original,p,1,1,0.012787723785166238,1398.574818618088,49703,1332.1986999999353,0,1,1
26428735_15,885,short,original+q+boundary_off,original,q,0,1,0.029035012809564442,1394.0895372438495,43608,1060.819199999969,0,1,1
26428735_15,885,short,original+q+boundary_on,original,q,1,1,0.012787723785166238,1398.574818618088,49193,1306.853700000147,0,1,1
26428735_15,885,short,repaired+p+boundary_off,repaired,p,0,1,0.027373823781009388,1392.9179643685957,45793,1113.6403000000428,0,1,1
26428735_15,885,short,repaired+p+boundary_on,repaired,p,1,1,0.012787723785166238,1398.574818618088,50835,1329.0329000001293,0,1,1
26428735_15,885,short,repaired+q+boundary_off,repaired,q,0,1,0.029035012809564442,1394.0895372438495,44740,1103.584899999987,0,1,1
26428735_15,885,short,repaired+q+boundary_on,repaired,q,1,1,0.012787723785166238,1398.574818618088,50307,1315.769100000125,0,1,1
26428735_15,886,short,original+p+boundary_off,original,p,0,1,0.01855123674911663,1398.1677477306525,29393,708.2222999999885,0,1,1
26428735_15,886,short,original+p+boundary_on,original,p,1,1,0.010572687224669641,1401.5819612930256,32413,867.0107000000371,0,1,1
26428735_15,886,short,original+q+boundary_off,original,q,0,1,0.02118270079435125,1398.7535341682794,28939,710.0889999999254,0,1,1
26428735_15,886,short,original+q+boundary_on,original,q,1,1,0.010572687224669641,1401.5819612930256,32132,833.621100000073,0,1,1
26428735_15,886,short,repaired+p+boundary_off,repaired,p,0,1,0.01855123674911663,1398.1677477306525,30154,730.288900000005,0,1,1
26428735_15,886,short,repaired+p+boundary_on,repaired,p,1,1,0.010572687224669641,1401.5819612930256,33578,896.9943999998122,0,1,1
26428735_15,886,short,repaired+q+boundary_off,repaired,q,0,1,0.02118270079435125,1398.7535341682794,29386,736.2524000000121,0,1,1
26428735_15,886,short,repaired+q+boundary_on,repaired,q,1,1,0.010572687224669641,1401.5819612930256,33249,870.2954000000318,0,1,1
26428735_15,887,short,original+p+boundary_off,original,p,0,0,nan,nan,0,0.0,0,0,0
26428735_15,887,short,original+p+boundary_on,original,p,1,0,nan,nan,0,0.0,0,0,0
26428735_15,887,short,original+q+boundary_off,original,q,0,0,nan,nan,0,0.0,0,0,0
26428735_15,887,short,original+q+boundary_on,original,q,1,0,nan,nan,0,0.0,0,0,0
26428735_15,887,short,repaired+p+boundary_off,repaired,p,0,0,nan,nan,0,0.0,0,0,0
26428735_15,887,short,repaired+p+boundary_on,repaired,p,1,0,nan,nan,0,0.0,0,0,0
26428735_15,887,short,repaired+q+boundary_off,repaired,q,0,0,nan,nan,0,0.0,0,0,0
26428735_15,887,short,repaired+q+boundary_on,repaired,q,1,0,nan,nan,0,0.0,0,0,0
26428735_15,888,short,original+p+boundary_off,original,p,0,1,0.04219409282700426,577.7960312803951,14740,367.2340999999051,0,1,1
26428735_15,888,short,original+p+boundary_on,original,p,1,1,0.03368421052631576,579.2102448427682,15636,416.0762999999861,0,1,1
26428735_15,888,short,original+q+boundary_off,original,q,0,1,0.056842105263157916,578.381817718022,15063,373.1513000000177,0,0,1
26428735_15,888,short,original+q+boundary_on,original,q,1,1,0.040000000000000036,579.2102448427682,15857,417.0137999999497,0,1,1
26428735_15,888,short,repaired+p+boundary_off,repaired,p,0,1,0.04219409282700426,577.7960312803951,14740,363.80579999990914,0,1,1
26428735_15,888,short,repaired+p+boundary_on,repaired,p,1,1,0.03368421052631576,579.2102448427682,15636,439.9948999998742,0,1,1
26428735_15,888,short,repaired+q+boundary_off,repaired,q,0,1,0.056842105263157916,578.381817718022,15063,371.58339999996315,0,0,1
26428735_15,888,short,repaired+q+boundary_on,repaired,q,1,1,0.040000000000000036,579.2102448427682,15857,422.4255000001449,0,1,1
26428735_15,889,short,original+p+boundary_off,original,p,0,1,0.03101736972704716,917.251875403111,21680,534.4411000000946,0,1,1
26428735_15,889,short,original+p+boundary_on,original,p,1,1,0.017326732673267342,924.2224381515882,26129,703.5714000001008,0,1,1
26428735_15,889,short,original+q+boundary_off,original,q,0,1,0.030978934324659257,917.8376618407378,21684,540.8801000000949,0,1,1
26428735_15,889,short,original+q+boundary_on,original,q,1,1,0.02103960396039606,924.2224381515882,26167,711.9142999999895,0,1,1
26428735_15,889,short,repaired+p+boundary_off,repaired,p,0,1,0.03101736972704716,917.251875403111,21680,559.3363000000409,0,1,1
26428735_15,889,short,repaired+p+boundary_on,repaired,p,1,1,0.017326732673267342,924.2224381515882,26129,692.7610999998706,0,1,1
26428735_15,889,short,repaired+q+boundary_off,repaired,q,0,1,0.030978934324659257,917.8376618407378,21684,509.68489999991107,0,1,1
26428735_15,889,short,repaired+q+boundary_on,repaired,q,1,1,0.02103960396039606,924.2224381515882,26167,688.6418999999933,0,1,1
26428735_15,890,short,original+p+boundary_off,original,p,0,1,0.012747875354107596,827.1930009000657,21778,543.1558000000223,0,1,1
26428735_15,890,short,original+p+boundary_on,original,p,1,1,0.009915014164305958,828.8498551495582,27378,733.4924999997838,1,1,1
26428735_15,890,short,original+q+boundary_off,original,q,0,1,0.012729844413012725,828.6072144624388,21288,529.8568999999134,0,1,1
26428735_15,890,short,original+q+boundary_on,original,q,1,1,0.007072135785007094,829.435641587185,27072,729.540199999974,1,1,1
26428735_15,890,short,repaired+p+boundary_off,repaired,p,0,1,0.012747875354107596,827.1930009000657,21778,523.2797000001028,0,1,1
26428735_15,890,short,repaired+p+boundary_on,repaired,p,1,1,0.009915014164305958,828.8498551495582,27378,738.278100000116,1,1,1
26428735_15,890,short,repaired+q+boundary_off,repaired,q,0,1,0.012729844413012725,828.6072144624388,21288,552.0036999998865,0,1,1
26428735_15,890,short,repaired+q+boundary_on,repaired,q,1,1,0.007072135785007094,829.435641587185,27072,714.6751000000222,1,1,1
26428735_15,891,medium,original+p+boundary_off,original,p,0,1,0.03830480847595763,1447.6042558696108,41095,1069.9016000000938,0,1,1
26428735_15,891,medium,original+p+boundary_on,original,p,1,1,0.030032467532467577,1458.8174593052074,49482,1347.9635000001053,0,1,1
26428735_15,891,medium,original+q+boundary_off,original,q,0,1,0.03990228013029318,1449.8468965567301,41024,1020.8959000001414,0,1,1
26428735_15,891,medium,original+q+boundary_on,original,q,1,1,0.028386050283860542,1459.4032457428343,48953,1267.719500000112,0,1,1
26428735_15,891,medium,repaired+p+boundary_off,repaired,p,0,1,0.03830480847595763,1447.6042558696108,41469,1041.7684999999892,0,1,1
26428735_15,891,medium,repaired+p+boundary_on,repaired,p,1,1,0.030032467532467577,1458.8174593052074,49847,1298.1170000000475,0,1,1
26428735_15,891,medium,repaired+q+boundary_off,repaired,q,0,1,0.03990228013029318,1449.8468965567301,41361,1027.2651000000224,0,1,1
26428735_15,891,medium,repaired+q+boundary_on,repaired,q,1,1,0.028386050283860542,1459.4032457428343,49310,1314.0312999998969,0,1,1
26428735_15,892,medium,original+p+boundary_off,original,p,0,1,0.026030368763557465,1652.0672426672645,67159,1684.5992999999453,0,1,1
26428735_15,892,medium,original+p+boundary_on,original,p,1,1,0.01151079136690647,1660.3098833543838,69472,1862.7780000001621,0,1,1
26428735_15,892,medium,original+q+boundary_off,original,q,0,1,0.021629416005767843,1655.2388155425183,66244,1647.2163999999339,0,1,1
26428735_15,892,medium,original+q+boundary_on,original,q,1,1,0.01151079136690647,1660.3098833543838,68926,1855.2047999999104,0,1,1
26428735_15,892,medium,repaired+p+boundary_off,repaired,p,0,1,0.026030368763557465,1652.0672426672645,67854,1641.8232999999418,0,1,1
26428735_15,892,medium,repaired+p+boundary_on,repaired,p,1,1,0.01151079136690647,1660.3098833543838,70107,1864.7794999999405,0,1,1
26428735_15,892,medium,repaired+q+boundary_off,repaired,q,0,1,0.021629416005767843,1655.2388155425183,66910,1626.736400000027,0,1,1
26428735_15,892,medium,repaired+q+boundary_on,repaired,q,1,1,0.01151079136690647,1660.3098833543838,69550,1867.8880999998455,0,1,1
26428735_15,893,medium,original+p+boundary_off,original,p,0,1,0.03952569169960474,1262.427632360475,28726,694.2090000000007,0,1,1
26428735_15,893,medium,original+p+boundary_on,original,p,1,1,0.029527559055118058,1265.5992052357287,32419,829.2593999999553,0,1,1
26428735_15,893,medium,original+q+boundary_off,original,q,0,1,0.040394088669950756,1265.841845922848,28439,738.0878999999823,0,1,1
26428735_15,893,medium,original+q+boundary_on,original,q,1,1,0.0314650934119961,1266.1849916733556,32870,935.4378000000452,0,1,1
26428735_15,893,medium,repaired+p+boundary_off,repaired,p,0,1,0.03952569169960474,1262.427632360475,28726,698.257300000023,0,1,1
26428735_15,893,medium,repaired+p+boundary_on,repaired,p,1,1,0.029527559055118058,1265.5992052357287,32419,831.7366999999649,0,1,1
26428735_15,893,medium,repaired+q+boundary_off,repaired,q,0,1,0.040394088669950756,1265.841845922848,28439,700.7972000001246,0,1,1
26428735_15,893,medium,repaired+q+boundary_on,repaired,q,1,1,0.0314650934119961,1266.1849916733556,32870,886.6043000000445,0,1,1
26428735_15,894,medium,original+p+boundary_off,original,p,0,1,0.018166804293971883,1441.131167804193,35665,898.3481000000211,0,1,1
26428735_15,894,medium,original+p+boundary_on,original,p,1,1,0.0016488046166529546,1444.7880220536854,41879,1125.2128999999513,1,1,1
26428735_15,894,medium,original+q+boundary_off,original,q,0,1,0.018136850783182168,1443.131167804193,35082,882.4360999999499,0,1,1
26428735_15,894,medium,original+q+boundary_on,original,q,1,1,0.002473206924979432,1444.7880220536854,41365,1108.9115999998285,1,1,1
26428735_15,894,medium,repaired+p+boundary_off,repaired,p,0,1,0.018166804293971883,1441.131167804193,36104,892.5945999999385,0,1,1
26428735_15,894,medium,repaired+p+boundary_on,repaired,p,1,1,0.0016488046166529546,1444.7880220536854,42741,1087.8914999998415,1,1,1
26428735_15,894,medium,repaired+q+boundary_off,repaired,q,0,1,0.018136850783182168,1443.131167804193,35528,848.567600000024,0,1,1
26428735_15,894,medium,repaired+q+boundary_on,repaired,q,1,1,0.002473206924979432,1444.7880220536854,42203,1023.4450000000379,1,1,1
26428735_15,895,medium,original+p+boundary_off,original,p,0,1,0.029790660225442855,1434.0235200658672,33600,809.8143000001983,0,1,1
26428735_15,895,medium,original+p+boundary_on,original,p,1,1,0.012009607686148893,1448.06515062621,44592,1114.5876999999018,0,1,1
26428735_15,895,medium,original+q+boundary_off,original,q,0,1,0.019292604501607746,1435.195092941121,33057,760.5702000000747,0,1,1
26428735_15,895,medium,original+q+boundary_on,original,q,1,1,0.011199999999999988,1448.6509370638369,43897,1067.23020000004,0,1,1
26428735_15,895,medium,repaired+p+boundary_off,repaired,p,0,1,0.029790660225442855,1434.0235200658672,33600,769.2234000001008,0,1,1
26428735_15,895,medium,repaired+p+boundary_on,repaired,p,1,1,0.012009607686148893,1448.06515062621,44690,1101.6720000000078,0,1,1
26428735_15,895,medium,repaired+q+boundary_off,repaired,q,0,1,0.019292604501607746,1435.195092941121,33057,756.5442000000075,0,1,1
26428735_15,895,medium,repaired+q+boundary_on,repaired,q,1,1,0.011199999999999988,1448.6509370638369,43937,1072.5305999999364,0,1,1
26428735_15,896,medium,original+p+boundary_off,original,p,0,1,0.03400809716599196,1539.689609031352,42162,947.4861999999575,0,1,1
26428735_15,896,medium,original+p+boundary_on,original,p,1,1,0.021756647864625278,1545.6896090313517,45851,1068.8599000000067,0,1,1
26428735_15,896,medium,original+q+boundary_off,original,q,0,1,0.029102667744543287,1542.5180361560979,42618,937.4417999999878,0,1,1
26428735_15,896,medium,original+q+boundary_on,original,q,1,1,0.021756647864625278,1545.6896090313517,46076,1059.3573000001015,0,1,1
26428735_15,896,medium,repaired+p+boundary_off,repaired,p,0,1,0.03400809716599196,1539.689609031352,43270,989.7512000000006,0,1,1
26428735_15,896,medium,repaired+p+boundary_on,repaired,p,1,1,0.021756647864625278,1545.6896090313517,46913,1094.725699999799,0,1,1
26428735_15,896,medium,repaired+q+boundary_off,repaired,q,0,1,0.029102667744543287,1542.5180361560979,43654,953.7304999998923,0,1,1
26428735_15,896,medium,repaired+q+boundary_on,repaired,q,1,1,0.021756647864625278,1545.6896090313517,47125,1135.3510999999799,0,1,1
26428735_15,897,medium,original+p+boundary_off,original,p,0,1,0.017884914463452528,1525.6580797387737,37683,839.8665999998229,0,1,1
26428735_15,897,medium,original+p+boundary_on,original,p,1,1,0.024806201550387597,1532.9717882377586,52181,1219.8909000001095,0,1,1
26428735_15,897,medium,original+q+boundary_off,original,q,0,1,0.019440124416796323,1526.48650686352,37089,863.0268000001706,0,1,1
26428735_15,897,medium,original+q+boundary_on,original,q,1,1,0.024806201550387597,1532.9717882377586,51665,1264.1885999998976,0,1,1
26428735_15,897,medium,repaired+p+boundary_off,repaired,p,0,1,0.017884914463452528,1525.6580797387737,37979,856.4701000000241,0,1,1
26428735_15,897,medium,repaired+p+boundary_on,repaired,p,1,1,0.024806201550387597,1532.9717882377586,53238,1274.4314999999915,0,1,1
26428735_15,897,medium,repaired+q+boundary_off,repaired,q,0,1,0.019440124416796323,1526.48650686352,37305,858.9805999999953,0,1,1
26428735_15,897,medium,repaired+q+boundary_on,repaired,q,1,1,0.024806201550387597,1532.9717882377586,52713,1251.9676999997955,0,1,1
26428735_15,898,long,original+p+boundary_off,original,p,0,1,0.01732101616628179,2114.561758757488,71009,1614.6916000000147,0,1,1
26428735_15,898,long,original+p+boundary_on,original,p,1,1,0.008041355542791506,2123.9759723198604,76395,1816.0123000000112,1,1,1
26428735_15,898,long,original+q+boundary_off,original,q,0,1,0.012096774193548376,2118.5617587574875,69873,1582.287400000041,0,1,1
26428735_15,898,long,original+q+boundary_on,original,q,1,1,0.008041355542791506,2123.9759723198604,75365,1803.502200000139,1,1,1
26428735_15,898,long,repaired+p+boundary_off,repaired,p,0,1,0.01732101616628179,2114.561758757488,71728,1632.366900000079,0,1,1
26428735_15,898,long,repaired+p+boundary_on,repaired,p,1,1,0.008041355542791506,2123.9759723198604,77544,1824.7764000000188,1,1,1
26428735_15,898,long,repaired+q+boundary_off,repaired,q,0,1,0.012096774193548376,2118.5617587574875,70567,1583.888399999978,0,1,1
26428735_15,898,long,repaired+q+boundary_on,repaired,q,1,1,0.008041355542791506,2123.9759723198604,76410,1829.9167000000125,1,1,1
26428735_15,899,long,original+p+boundary_off,original,p,0,1,0.013689253935660561,1721.7829714198024,43078,974.2959000000155,0,1,1
26428735_15,899,long,original+p+boundary_on,original,p,1,1,0.015037593984962405,1727.0966799187872,56071,1329.9897000001693,0,1,1
26428735_15,899,long,original+q+boundary_off,original,q,0,1,0.015742642026009612,1722.6113985445486,42463,948.4362000000601,0,1,1
26428735_15,899,long,original+q+boundary_on,original,q,1,1,0.015721120984278913,1727.0966799187872,55439,1348.3839000000444,0,1,1
26428735_15,899,long,repaired+p+boundary_off,repaired,p,0,1,0.013689253935660561,1721.7829714198024,44272,1006.3222999999653,0,1,1
26428735_15,899,long,repaired+p+boundary_on,repaired,p,1,1,0.015037593984962405,1727.0966799187872,57137,1333.8376000001517,0,1,1
26428735_15,899,long,repaired+q+boundary_off,repaired,q,0,1,0.015742642026009612,1722.6113985445486,43527,955.8953999999176,0,1,1
26428735_15,899,long,repaired+q+boundary_on,repaired,q,1,1,0.015721120984278913,1727.0966799187872,56499,1331.5663000000768,0,1,1
26428735_15,900,long,original+p+boundary_off,original,p,0,1,0.013218390804597746,2093.152595829,80644,1775.530099999969,0,1,1
26428735_15,900,long,original+p+boundary_on,original,p,1,1,0.01834862385321101,2100.4663043279843,86707,2092.044999999871,0,1,1
26428735_15,900,long,original+q+boundary_off,original,q,0,1,0.014367816091954033,2093.981022953746,79358,1762.1887000000243,0,1,1
26428735_15,900,long,original+q+boundary_on,original,q,1,1,0.01834862385321101,2100.4663043279843,85624,2007.0909999999458,0,1,1
26428735_15,900,long,repaired+p+boundary_off,repaired,p,0,1,0.013218390804597746,2093.152595829,81224,1796.117200000026,0,1,1
26428735_15,900,long,repaired+p+boundary_on,repaired,p,1,1,0.01834862385321101,2100.4663043279843,87497,2018.5636999999588,0,1,1
26428735_15,900,long,repaired+q+boundary_off,repaired,q,0,1,0.014367816091954033,2093.981022953746,79732,1763.2845999999063,0,1,1
26428735_15,900,long,repaired+q+boundary_on,repaired,q,1,1,0.01834862385321101,2100.4663043279843,86393,2043.5178000000178,0,1,1
26428735_15,901,long,original+p+boundary_off,original,p,0,1,0.024151811385853983,2094.637877203243,83581,1851.163300000053,0,1,1
26428735_15,901,long,original+p+boundary_on,original,p,1,1,0.014891179839633395,2102.880517890362,86255,1929.7915999998168,0,1,1
26428735_15,901,long,original+q+boundary_off,original,q,0,1,0.02006880733944949,2100.880517890362,83006,1757.588000000169,0,1,1
26428735_15,901,long,original+q+boundary_on,original,q,1,1,0.014882655981682924,2103.466304327989,86545,1918.6758000000737,0,1,1
26428735_15,901,long,repaired+p+boundary_off,repaired,p,0,1,0.024151811385853983,2094.637877203243,84292,1756.490200000144,0,1,1
26428735_15,901,long,repaired+p+boundary_on,repaired,p,1,1,0.014891179839633395,2102.880517890362,87733,1946.8021999998655,0,1,1
26428735_15,901,long,repaired+q+boundary_off,repaired,q,0,1,0.02006880733944949,2100.880517890362,83706,1721.7476000000715,0,1,1
26428735_15,901,long,repaired+q+boundary_on,repaired,q,1,1,0.014882655981682924,2103.466304327989,87988,1954.0624000001117,0,1,1
26428735_15,902,long,original+p+boundary_off,original,p,0,1,0.012461059190031154,1895.1921343482934,44523,912.4262000000272,0,1,1
26428735_15,902,long,original+p+boundary_on,original,p,1,1,0.013690105787181106,1900.5058428472782,55287,1163.9198000000306,0,1,1
26428735_15,902,long,original+q+boundary_off,original,q,0,1,0.01433021806853585,1896.0205614730396,43450,870.5411999999342,0,1,1
26428735_15,902,long,original+q+boundary_on,original,q,1,1,0.01431238332296203,1900.5058428472782,54591,1142.3445000000356,0,1,1
26428735_15,902,long,repaired+p+boundary_off,repaired,p,0,1,0.012461059190031154,1895.1921343482934,44643,876.4439999999922,0,1,1
26428735_15,902,long,repaired+p+boundary_on,repaired,p,1,1,0.013690105787181106,1900.5058428472782,55808,1188.4070000000975,0,1,1
26428735_15,902,long,repaired+q+boundary_off,repaired,q,0,1,0.01433021806853585,1896.0205614730396,43596,860.6608999998571,0,1,1
26428735_15,902,long,repaired+q+boundary_on,repaired,q,1,1,0.01431238332296203,1900.5058428472782,55110,1145.1587000001382,0,1,1
26428735_15,903,long,original+p+boundary_off,original,p,0,1,0.016877637130801704,1536.0815280171396,31504,612.7512000000479,0,1,1
26428735_15,903,long,original+p+boundary_on,original,p,1,1,0.0025188916876573986,1540.424673767647,38039,804.0871999999126,1,1,1
26428735_15,903,long,original+q+boundary_off,original,q,0,1,0.009274873524451888,1537.4957415795125,31043,609.1278999999759,1,1,1
26428735_15,903,long,original+q+boundary_on,original,q,1,1,0.0025188916876573986,1540.424673767647,37261,766.4388000000599,1,1,1
26428735_15,903,long,repaired+p+boundary_off,repaired,p,0,1,0.016877637130801704,1536.0815280171396,31504,616.594300000088,0,1,1
26428735_15,903,long,repaired+p+boundary_on,repaired,p,1,1,0.0025188916876573986,1540.424673767647,38853,797.3142999999254,1,1,1
26428735_15,903,long,repaired+q+boundary_off,repaired,q,0,1,0.009274873524451888,1537.4957415795125,31043,613.5249999999814,1,1,1
26428735_15,903,long,repaired+q+boundary_on,repaired,q,1,1,0.0025188916876573986,1540.424673767647,37981,785.906999999952,1,1,1
26428735_15,904,long,original+p+boundary_off,original,p,0,1,0.02788408966648437,2120.0205614730376,79759,1565.0511999999708,0,1,1
26428735_15,904,long,original+p+boundary_on,original,p,1,1,0.015795206971677578,2135.7190462828707,93204,1949.6698000000379,0,1,1
26428735_15,904,long,original+q+boundary_off,original,q,0,1,0.025122883670125606,2121.1921343482913,77495,1514.0583999998398,0,1,1
26428735_15,904,long,original+q+boundary_on,original,q,1,1,0.016875340228633684,2136.304832720498,91467,1914.4082000000253,0,1,1
26428735_15,904,long,repaired+p+boundary_off,repaired,p,0,1,0.02788408966648437,2120.0205614730376,80165,1573.7790000000587,0,1,1
26428735_15,904,long,repaired+p+boundary_on,repaired,p,1,1,0.015795206971677578,2135.7190462828707,94450,1982.7786000000742,0,1,1
26428735_15,904,long,repaired+q+boundary_off,repaired,q,0,1,0.025122883670125606,2121.1921343482913,77661,1515.5790000001161,0,1,1
26428735_15,904,long,repaired+q+boundary_on,repaired,q,1,1,0.016875340228633684,2136.304832720498,92662,2002.4552999998377,0,1,1
26578720_15,905,short,original+p+boundary_off,original,p,0,1,0.02051282051282055,207.66904755831223,3584,85.76749999997446,0,1,1
26578720_15,905,short,original+p+boundary_on,original,p,1,1,0.02051282051282055,209.32590180780463,4386,120.538599999918,0,1,1
26578720_15,905,short,original+q+boundary_off,original,q,0,1,0.02051282051282055,208.49747468305844,3533,85.2365999999165,0,1,1
26578720_15,905,short,original+q+boundary_on,original,q,1,1,0.015306122448979553,209.91168824543155,4277,115.56079999991198,0,1,1
26578720_15,905,short,repaired+p+boundary_off,repaired,p,0,1,0.02051282051282055,207.66904755831223,3584,90.71270000004006,0,1,1
26578720_15,905,short,repaired+p+boundary_on,repaired,p,1,1,0.02051282051282055,209.32590180780463,4386,121.7549999998937,0,1,1
26578720_15,905,short,repaired+q+boundary_off,repaired,q,0,1,0.02051282051282055,208.49747468305844,3533,82.48950000006516,0,1,1
26578720_15,905,short,repaired+q+boundary_on,repaired,q,1,1,0.015306122448979553,209.91168824543155,4277,112.38539999999375,0,1,1
26578720_15,906,short,original+p+boundary_off,original,p,0,1,0.08695652173913049,205.14927829866753,3048,72.10529999997561,0,0,1
26578720_15,906,short,original+p+boundary_on,original,p,1,1,0.030487804878048808,207.73506473629448,3380,84.34949999991659,0,1,1
26578720_15,906,short,original+q+boundary_off,original,q,0,1,0.08695652173913049,205.14927829866753,3026,68.86929999996028,0,0,1
26578720_15,906,short,original+q+boundary_on,original,q,1,1,0.030487804878048808,207.73506473629448,3338,96.45829999999478,0,1,1
26578720_15,906,short,repaired+p+boundary_off,repaired,p,0,1,0.08695652173913049,205.14927829866753,3048,73.32679999990432,0,0,1
26578720_15,906,short,repaired+p+boundary_on,repaired,p,1,1,0.030487804878048808,207.73506473629448,3380,86.5708999999697,0,1,1
26578720_15,906,short,repaired+q+boundary_off,repaired,q,0,1,0.08695652173913049,205.14927829866753,3026,72.68900000008216,0,0,1
26578720_15,906,short,repaired+q+boundary_on,repaired,q,1,1,0.030487804878048808,207.73506473629448,3338,100.20989999998164,0,1,1
26578720_15,907,short,original+p+boundary_off,original,p,0,1,0.0,486.45079348883337,8224,195.81400000015492,1,1,1
26578720_15,907,short,original+p+boundary_on,original,p,1,1,0.0,488.10764773832574,11526,324.42509999987124,1,1,1
26578720_15,907,short,original+q+boundary_off,original,q,0,1,0.006651884700665134,486.45079348883337,8125,195.83920000013677,1,1,1
26578720_15,907,short,original+q+boundary_on,original,q,1,1,0.0,488.10764773832574,11405,296.88919999989594,1,1,1
26578720_15,907,short,repaired+p+boundary_off,repaired,p,0,1,0.0,486.45079348883337,8224,210.39730000006784,1,1,1
26578720_15,907,short,repaired+p+boundary_on,repaired,p,1,1,0.0,488.10764773832574,11526,312.8364000001511,1,1,1
26578720_15,907,short,repaired+q+boundary_off,repaired,q,0,1,0.006651884700665134,486.45079348883337,8125,204.2164000001776,1,1,1
26578720_15,907,short,repaired+q+boundary_on,repaired,q,1,1,0.0,488.10764773832574,11405,302.503999999999,1,1,1
26578720_15,908,short,original+p+boundary_off,original,p,0,1,0.048872180451127845,278.6690475583123,6240,158.50799999998344,0,1,1
26578720_15,908,short,original+p+boundary_on,original,p,1,1,0.06390977443609025,281.9827560572971,7985,219.0378000000237,0,0,1
26578720_15,908,short,original+q+boundary_off,original,q,0,1,0.041353383458646586,279.49747468305844,6232,151.22109999992972,0,1,1
26578720_15,908,short,original+q+boundary_on,original,q,1,1,0.06015037593984962,281.9827560572971,7948,219.5529999999053,0,0,1
26578720_15,908,short,repaired+p+boundary_off,repaired,p,0,1,0.048872180451127845,278.6690475583123,6240,147.0632000000478,0,1,1
26578720_15,908,short,repaired+p+boundary_on,repaired,p,1,1,0.06390977443609025,281.9827560572971,7985,230.27640000009342,0,0,1
26578720_15,908,short,repaired+q+boundary_off,repaired,q,0,1,0.041353383458646586,279.49747468305844,6232,150.1683999999841,0,1,1
26578720_15,908,short,repaired+q+boundary_on,repaired,q,1,1,0.06015037593984962,281.9827560572971,7948,221.08509999998205,0,0,1
26578720_15,909,short,original+p+boundary_off,original,p,0,1,0.0679012345679012,514.4091629284902,22466,545.9968000000117,0,0,1
26578720_15,909,short,original+p+boundary_on,original,p,1,1,0.05544147843942504,521.6223663640868,24224,664.9614000000383,0,0,1
26578720_15,909,short,original+q+boundary_off,original,q,0,1,0.05338809034907599,516.6518036156095,22048,576.9017999998596,0,0,1
26578720_15,909,short,original+q+boundary_on,original,q,1,1,0.05327868852459017,522.2081528017137,23900,668.6383999999634,0,0,1
26578720_15,909,short,repaired+p+boundary_off,repaired,p,0,1,0.0679012345679012,514.4091629284902,22669,563.9152000001104,0,0,1
26578720_15,909,short,repaired+p+boundary_on,repaired,p,1,1,0.05544147843942504,521.6223663640868,24400,628.0543000000307,0,0,1
26578720_15,909,short,repaired+q+boundary_off,repaired,q,0,1,0.05338809034907599,516.6518036156095,22222,565.0256999999783,0,0,1
26578720_15,909,short,repaired+q+boundary_on,repaired,q,1,1,0.05327868852459017,522.2081528017137,24116,660.3960999998435,0,0,1
26578720_15,910,short,original+p+boundary_off,original,p,0,0,nan,nan,0,0.0,0,0,0
26578720_15,910,short,original+p+boundary_on,original,p,1,0,nan,nan,0,0.0,0,0,0
26578720_15,910,short,original+q+boundary_off,original,q,0,0,nan,nan,0,0.0,0,0,0
26578720_15,910,short,original+q+boundary_on,original,q,1,0,nan,nan,0,0.0,0,0,0
26578720_15,910,short,repaired+p+boundary_off,repaired,p,0,1,0.006557377049180357,641.7228714274752,9237,213.7076999999863,1,1,1
26578720_15,910,short,repaired+p+boundary_on,repaired,p,1,1,0.006557377049180357,647.5218613006987,9842,259.1033999999581,1,1,1
26578720_15,910,short,repaired+q+boundary_off,repaired,q,0,1,0.029459901800327315,643.9655121145945,9047,226.55359999998836,0,1,1
26578720_15,910,short,repaired+q+boundary_on,repaired,q,1,1,0.017973856209150374,649.5218613006987,9681,253.1776999999238,0,1,1
26578720_15,911,medium,original+p+boundary_off,original,p,0,0,nan,nan,0,0.0,0,0,0
26578720_15,911,medium,original+p+boundary_on,original,p,1,0,nan,nan,0,0.0,0,0,0
26578720_15,911,medium,original+q+boundary_off,original,q,0,0,nan,nan,0,0.0,0,0,0
26578720_15,911,medium,original+q+boundary_on,original,q,1,0,nan,nan,0,0.0,0,0,0
26578720_15,911,medium,repaired+p+boundary_off,repaired,p,0,0,nan,nan,0,0.0,0,0,0
26578720_15,911,medium,repaired+p+boundary_on,repaired,p,1,0,nan,nan,0,0.0,0,0,0
26578720_15,911,medium,repaired+q+boundary_off,repaired,q,0,0,nan,nan,0,0.0,0,0,0
26578720_15,911,medium,repaired+q+boundary_on,repaired,q,1,0,nan,nan,0,0.0,0,0,0
26578720_15,912,medium,original+p+boundary_off,original,p,0,1,0.02665910380034031,1955.0235200658672,95114,2364.6042999998826,0,1,1
26578720_15,912,medium,original+p+boundary_on,original,p,1,1,0.005640157924421851,1969.9940828143447,92852,2507.9604999998537,1,1,1
26578720_15,912,medium,original+q+boundary_off,original,q,0,1,0.021493212669683293,1957.9524522540019,92741,2335.9489999998004,0,1,1
26578720_15,912,medium,original+q+boundary_on,original,q,1,1,0.004507042253521165,1971.1656556895985,91447,2444.5517999999993,1,1,1
26578720_15,912,medium,repaired+p+boundary_off,repaired,p,0,1,0.02665910380034031,1955.0235200658672,98018,2427.3436000000856,0,1,1
26578720_15,912,medium,repaired+p+boundary_on,repaired,p,1,1,0.005640157924421851,1969.9940828143447,96649,2582.6666000000387,1,1,1
26578720_15,912,medium,repaired+q+boundary_off,repaired,q,0,1,0.021493212669683293,1957.9524522540019,95369,2477.5620999998864,0,1,1
26578720_15,912,medium,repaired+q+boundary_on,repaired,q,1,1,0.004507042253521165,1971.1656556895985,95262,2599.786700000095,1,1,1
26578720_15,913,medium,original+p+boundary_off,original,p,0,0,nan,nan,0,0.0,0,0,0
26578720_15,913,medium,original+p+boundary_on,original,p,1,0,nan,nan,0,0.0,0,0,0
26578720_15,913,medium,original+q+boundary_off,original,q,0,0,nan,nan,0,0.0,0,0,0
26578720_15,913,medium,original+q+boundary_on,original,q,1,0,nan,nan,0,0.0,0,0,0
26578720_15,913,medium,repaired+p+boundary_off,repaired,p,0,0,nan,nan,0,0.0,0,0,0
26578720_15,913,medium,repaired+p+boundary_on,repaired,p,1,0,nan,nan,0,0.0,0,0,0
26578720_15,913,medium,repaired+q+boundary_off,repaired,q,0,0,nan,nan,0,0.0,0,0,0
26578720_15,913,medium,repaired+q+boundary_on,repaired,q,1,0,nan,nan,0,0.0,0,0,0
26578720_15,914,medium,original+p+boundary_off,original,p,0,0,nan,nan,0,0.0,0,0,0
26578720_15,914,medium,original+p+boundary_on,original,p,1,0,nan,nan,0,0.0,0,0,0
26578720_15,914,medium,original+q+boundary_off,original,q,0,0,nan,nan,0,0.0,0,0,0
26578720_15,914,medium,original+q+boundary_on,original,q,1,0,nan,nan,0,0.0,0,0,0
26578720_15,914,medium,repaired+p+boundary_off,repaired,p,0,0,nan,nan,0,0.0,0,0,0
26578720_15,914,medium,repaired+p+boundary_on,repaired,p,1,0,nan,nan,0,0.0,0,0,0
26578720_15,914,medium,repaired+q+boundary_off,repaired,q,0,0,nan,nan,0,0.0,0,0,0
26578720_15,914,medium,repaired+q+boundary_on,repaired,q,1,0,nan,nan,0,0.0,0,0,0
26578720_15,915,medium,original+p+boundary_off,original,p,0,1,0.023489932885906062,1698.1778489984179,46659,1142.842900000005,0,1,1
26578720_15,915,medium,original+p+boundary_on,original,p,1,1,0.011348464619492682,1707.8347032479103,51114,1293.8378999999713,0,1,1
26578720_15,915,medium,original+q+boundary_off,original,q,0,1,0.023458445040214437,1701.006276123164,47095,1116.4960000000974,0,1,1
26578720_15,915,medium,original+q+boundary_on,original,q,1,1,0.010000000000000009,1709.8347032479105,50713,1259.7857000000658,0,1,1
26578720_15,915,medium,repaired+p+boundary_off,repaired,p,0,1,0.023489932885906062,1698.1778489984179,47274,1086.0791000000063,0,1,1
26578720_15,915,medium,repaired+p+boundary_on,repaired,p,1,1,0.011348464619492682,1707.8347032479103,51649,1287.0571000000837,0,1,1
26578720_15,915,medium,repaired+q+boundary_off,repaired,q,0,1,0.023458445040214437,1701.006276123164,47642,1095.2354000000923,0,1,1
26578720_15,915,medium,repaired+q+boundary_on,repaired,q,1,1,0.010000000000000009,1709.8347032479105,51218,1259.9706000000879,0,1,1
26578720_15,916,medium,original+p+boundary_off,original,p,0,1,0.005281690140845119,3134.7484835343557,109018,2554.6265000000403,1,1,1
26578720_15,916,medium,original+p+boundary_on,original,p,1,1,0.0014040014040014315,3148.304832720457,109511,2622.489200000018,1,1,1
26578720_15,916,medium,original+q+boundary_off,original,q,0,1,0.005627857896588151,3136.505842847237,106259,2395.765099999835,1,1,1
26578720_15,916,medium,original+q+boundary_on,original,q,1,1,0.0010530010530011014,3148.304832720457,108010,2555.9275000000525,1,1,1
26578720_15,916,medium,repaired+p+boundary_off,repaired,p,0,1,0.005281690140845119,3134.7484835343557,110012,2447.4643999999444,1,1,1
26578720_15,916,medium,repaired+p+boundary_on,repaired,p,1,1,0.0014040014040014315,3148.304832720457,113173,2760.2044999998725,1,1,1
26578720_15,916,medium,repaired+q+boundary_off,repaired,q,0,1,0.005627857896588151,3136.505842847237,107216,2429.5640999998795,1,1,1
26578720_15,916,medium,repaired+q+boundary_on,repaired,q,1,1,0.0010530010530011014,3148.304832720457,111511,2662.5103999999737,1,1,1
26578720_15,917,medium,original+p+boundary_off,original,p,0,0,nan,nan,0,0.0,0,0,0
26578720_15,917,medium,original+p+boundary_on,original,p,1,0,nan,nan,0,0.0,0,0,0
26578720_15,917,medium,original+q+boundary_off,original,q,0,0,nan,nan,0,0.0,0,0,0
26578720_15,917,medium,original+q+boundary_on,original,q,1,0,nan,nan,0,0.0,0,0,0
26578720_15,917,medium,repaired+p+boundary_off,repaired,p,0,0,nan,nan,0,0.0,0,0,0
26578720_15,917,medium,repaired+p+boundary_on,repaired,p,1,0,nan,nan,0,0.0,0,0,0
26578720_15,917,medium,repaired+q+boundary_off,repaired,q,0,0,nan,nan,0,0.0,0,0,0
26578720_15,917,medium,repaired+q+boundary_on,repaired,q,1,0,nan,nan,0,0.0,0,0,0
26578720_15,918,long,original+p+boundary_off,original,p,0,1,0.013528748590755368,2003.3027406794467,87652,1991.5187999999944,0,1,1
26578720_15,918,long,original+p+boundary_on,original,p,1,1,0.007295173961840651,2011.3027406794467,95525,2286.562799999956,1,1,1
26578720_15,918,long,original+q+boundary_off,original,q,0,1,0.015185601799775017,2007.3027406794465,85679,1942.3208000000614,0,1,1
26578720_15,918,long,original+q+boundary_on,original,q,1,1,0.006165919282511201,2014.1311678041927,94258,2289.636200000132,1,1,1
26578720_15,918,long,repaired+p+boundary_off,repaired,p,0,1,0.013528748590755368,2003.3027406794467,89046,2020.5426999998508,0,1,1
26578720_15,918,long,repaired+p+boundary_on,repaired,p,1,1,0.007295173961840651,2011.3027406794467,99542,2380.3746999999476,1,1,1
26578720_15,918,long,repaired+q+boundary_off,repaired,q,0,1,0.015185601799775017,2007.3027406794465,86831,1959.7314999998616,0,1,1
26578720_15,918,long,repaired+q+boundary_on,repaired,q,1,1,0.006165919282511201,2014.1311678041927,98183,2390.4328999999507,1,1,1
26578720_15,919,long,original+p+boundary_off,original,p,0,0,nan,nan,0,0.0,0,0,0
26578720_15,919,long,original+p+boundary_on,original,p,1,0,nan,nan,0,0.0,0,0,0
26578720_15,919,long,original+q+boundary_off,original,q,0,0,nan,nan,0,0.0,0,0,0
26578720_15,919,long,original+q+boundary_on,original,q,1,0,nan,nan,0,0.0,0,0,0
26578720_15,919,long,repaired+p+boundary_off,repaired,p,0,0,nan,nan,0,0.0,0,0,0
26578720_15,919,long,repaired+p+boundary_on,repaired,p,1,0,nan,nan,0,0.0,0,0,0
26578720_15,919,long,repaired+q+boundary_off,repaired,q,0,0,nan,nan,0,0.0,0,0,0
26578720_15,919,long,repaired+q+boundary_on,repaired,q,1,0,nan,nan,0,0.0,0,0,0
26578720_15,920,long,original+p+boundary_off,original,p,0,0,nan,nan,0,0.0,0,0,0
26578720_15,920,long,original+p+boundary_on,original,p,1,0,nan,nan,0,0.0,0,0,0
26578720_15,920,long,original+q+boundary_off,original,q,0,0,nan,nan,0,0.0,0,0,0
26578720_15,920,long,original+q+boundary_on,original,q,1,0,nan,nan,0,0.0,0,0,0
26578720_15,920,long,repaired+p+boundary_off,repaired,p,0,1,0.007728894173602896,1875.2661607529867,70732,1535.86469999982,1,1,1
26578720_15,920,long,repaired+p+boundary_on,repaired,p,1,1,0.002368265245707546,1885.1656556895985,66174,1536.109099999976,1,1,1
26578720_15,920,long,repaired+q+boundary_off,repaired,q,0,1,0.014845605700712583,1878.094587877733,73190,1609.4448000001194,0,1,1
26578720_15,920,long,repaired+q+boundary_on,repaired,q,1,1,0.007100591715976323,1886.5798692519716,68682,1667.7214000001186,1,1,1
26578720_15,921,long,original+p+boundary_off,original,p,0,0,nan,nan,0,0.0,0,0,0
26578720_15,921,long,original+p+boundary_on,original,p,1,0,nan,nan,0,0.0,0,0,0
26578720_15,921,long,original+q+boundary_off,original,q,0,0,nan,nan,0,0.0,0,0,0
26578720_15,921,long,original+q+boundary_on,original,q,1,0,nan,nan,0,0.0,0,0,0
26578720_15,921,long,repaired+p+boundary_off,repaired,p,0,0,nan,nan,0,0.0,0,0,0
26578720_15,921,long,repaired+p+boundary_on,repaired,p,1,0,nan,nan,0,0.0,0,0,0
26578720_15,921,long,repaired+q+boundary_off,repaired,q,0,0,nan,nan,0,0.0,0,0,0
26578720_15,921,long,repaired+q+boundary_on,repaired,q,1,0,nan,nan,0,0.0,0,0,0
26578720_15,922,long,original+p+boundary_off,original,p,0,0,nan,nan,0,0.0,0,0,0
26578720_15,922,long,original+p+boundary_on,original,p,1,0,nan,nan,0,0.0,0,0,0
26578720_15,922,long,original+q+boundary_off,original,q,0,0,nan,nan,0,0.0,0,0,0
26578720_15,922,long,original+q+boundary_on,original,q,1,0,nan,nan,0,0.0,0,0,0
26578720_15,922,long,repaired+p+boundary_off,repaired,p,0,0,nan,nan,0,0.0,0,0,0
26578720_15,922,long,repaired+p+boundary_on,repaired,p,1,0,nan,nan,0,0.0,0,0,0
26578720_15,922,long,repaired+q+boundary_off,repaired,q,0,0,nan,nan,0,0.0,0,0,0
26578720_15,922,long,repaired+q+boundary_on,repaired,q,1,0,nan,nan,0,0.0,0,0,0
26578720_15,923,long,original+p+boundary_off,original,p,0,1,0.013929193267556594,1953.9595949289394,57419,1253.8735000000543,0,1,1
26578720_15,923,long,original+p+boundary_on,original,p,1,1,0.007510109763142703,1960.302740679447,58354,1366.251899999952,1,1,1
26578720_15,923,long,original+q+boundary_off,original,q,0,1,0.015643105446118244,1956.5453813665663,56592,1253.0186999999842,0,1,1
26578720_15,923,long,original+q+boundary_on,original,q,1,1,0.006351039260970026,1961.71695424182,57738,1341.1327999999685,1,1,1
26578720_15,923,long,repaired+p+boundary_off,repaired,p,0,1,0.013929193267556594,1953.9595949289394,58093,1278.9737000000514,0,1,1
26578720_15,923,long,repaired+p+boundary_on,repaired,p,1,1,0.007510109763142703,1960.302740679447,58973,1374.7212999999192,1,1,1
26578720_15,923,long,repaired+q+boundary_off,repaired,q,0,1,0.015643105446118244,1956.5453813665663,57208,1257.7871999999388,0,1,1
26578720_15,923,long,repaired+q+boundary_on,repaired,q,1,1,0.006351039260970026,1961.71695424182,58324,1383.0790000001798,1,1,1
26578720_15,924,long,original+p+boundary_off,original,p,0,0,nan,nan,0,0.0,0,0,0
26578720_15,924,long,original+p+boundary_on,original,p,1,0,nan,nan,0,0.0,0,0,0
26578720_15,924,long,original+q+boundary_off,original,q,0,0,nan,nan,0,0.0,0,0,0
26578720_15,924,long,original+q+boundary_on,original,q,1,0,nan,nan,0,0.0,0,0,0
26578720_15,924,long,repaired+p+boundary_off,repaired,p,0,1,0.0,1743.2935059634544,37224,812.269699999888,1,1,1
26578720_15,924,long,repaired+p+boundary_on,repaired,p,1,1,0.0,1750.7493500861704,65638,1594.3686999999045,1,1,1
26578720_15,924,long,repaired+q+boundary_off,repaired,q,0,1,0.004305043050430557,1744.7077195258275,36449,824.4476999998369,1,1,1
26578720_15,924,long,repaired+q+boundary_on,repaired,q,1,1,0.0,1751.3351365237972,64835,1494.4814000000406,1,1,1
26878690_15,925,short,original+p+boundary_off,original,p,0,1,0.0,372.877200360026,6548,165.0456000002123,1,1,1
26878690_15,925,short,original+p+boundary_on,original,p,1,1,0.0,372.877200360026,8816,233.8376000000153,1,1,1
26878690_15,925,short,original+q+boundary_off,original,q,0,1,0.0,372.877200360026,6933,178.2525999999507,1,1,1
26878690_15,925,short,original+q+boundary_on,original,q,1,1,0.0,372.877200360026,9155,246.4870000001156,1,1,1
26878690_15,925,short,repaired+p+boundary_off,repaired,p,0,1,0.0,372.877200360026,6548,174.5963999999276,1,1,1
26878690_15,925,short,repaired+p+boundary_on,repaired,p,1,1,0.0,372.877200360026,8816,227.74530000015147,1,1,1
26878690_15,925,short,repaired+q+boundary_off,repaired,q,0,1,0.0,372.877200360026,6933,169.03700000011668,1,1,1
26878690_15,925,short,repaired+q+boundary_on,repaired,q,1,1,0.0,372.877200360026,9155,249.03310000013335,1,1,1
26878690_15,926,short,original+p+boundary_off,original,p,0,1,0.028239202657807327,745.1463197058403,21484,508.1348999999591,0,1,1
26878690_15,926,short,original+p+boundary_on,original,p,1,1,0.01320132013201325,750.8031739553328,26078,676.4465999999629,0,1,1
26878690_15,926,short,original+q+boundary_off,original,q,0,1,0.021523178807947074,747.1463197058403,21301,514.6867999999358,0,1,1
26878690_15,926,short,original+q+boundary_on,original,q,1,1,0.011532125205930832,752.2173875177059,25895,697.2796000000017,0,1,1
26878690_15,926,short,repaired+p+boundary_off,repaired,p,0,1,0.028239202657807327,745.1463197058403,21837,533.8256999998521,0,1,1
26878690_15,926,short,repaired+p+boundary_on,repaired,p,1,1,0.01320132013201325,750.8031739553328,26424,672.4309000001085,0,1,1
26878690_15,926,short,repaired+q+boundary_off,repaired,q,0,1,0.021523178807947074,747.1463197058403,21622,526.5045999999529,0,1,1
26878690_15,926,short,repaired+q+boundary_on,repaired,q,1,1,0.011532125205930832,752.2173875177059,26239,679.9168000000009,0,1,1
26878690_15,927,short,original+p+boundary_off,original,p,0,1,0.01666666666666672,561.0142853498743,14341,342.00540000006185,0,1,1
26878690_15,927,short,original+p+boundary_on,original,p,1,1,0.008333333333333304,563.4995667241128,15757,434.32030000008126,1,1,1
26878690_15,927,short,original+q+boundary_off,original,q,0,1,0.01666666666666672,561.0142853498743,14141,348.4590999999,0,1,1
26878690_15,927,short,original+q+boundary_on,original,q,1,1,0.008333333333333304,563.4995667241128,15613,440.80480000002353,1,1,1
26878690_15,927,short,repaired+p+boundary_off,repaired,p,0,1,0.01666666666666672,561.0142853498743,14341,344.13390000008803,0,1,1
26878690_15,927,short,repaired+p+boundary_on,repaired,p,1,1,0.008333333333333304,563.4995667241128,16111,403.2482000000073,1,1,1
26878690_15,927,short,repaired+q+boundary_off,repaired,q,0,1,0.01666666666666672,561.0142853498743,14141,340.5663999999433,0,1,1
26878690_15,927,short,repaired+q+boundary_on,repaired,q,1,1,0.008333333333333304,563.4995667241128,15954,426.4611999999488,1,1,1
26878690_15,928,short,original+p+boundary_off,original,p,0,1,0.0,450.3868683519043,6511,150.19930000016757,1,1,1
26878690_15,928,short,original+p+boundary_on,original,p,1,1,0.0,450.3868683519043,10193,256.0617999999977,1,1,1
26878690_15,928,short,original+q+boundary_off,original,q,0,1,0.0,450.3868683519043,6398,158.8202000000365,1,1,1
26878690_15,928,short,original+q+boundary_on,original,q,1,1,0.0,450.3868683519043,9884,275.1180000000204,1,1,1
26878690_15,928,short,repaired+p+boundary_off,repaired,p,0,1,0.0,450.3868683519043,6511,160.74330000014925,1,1,1
26878690_15,928,short,repaired+p+boundary_on,repaired,p,1,1,0.0,450.3868683519043,10193,273.6495000001469,1,1,1
26878690_15,928,short,repaired+q+boundary_off,repaired,q,0,1,0.0,450.3868683519043,6398,152.21759999985807,1,1,1
26878690_15,928,short,repaired+q+boundary_on,repaired,q,1,1,0.0,450.3868683519043,9884,289.5085000000108,1,1,1
26878690_15,929,short,original+p+boundary_off,original,p,0,0,nan,nan,0,0.0,0,0,0
26878690_15,929,short,original+p+boundary_on,original,p,1,0,nan,nan,0,0.0,0,0,0
26878690_15,929,short,original+q+boundary_off,original,q,0,0,nan,nan,0,0.0,0,0,0
26878690_15,929,short,original+q+boundary_on,original,q,1,0,nan,nan,0,0.0,0,0,0
26878690_15,929,short,repaired+p+boundary_off,repaired,p,0,1,0.0,61.2132034355964,385,10.583100000076229,1,1,1
26878690_15,929,short,repaired+p+boundary_on,repaired,p,1,1,0.0,61.2132034355964,475,11.426699999901757,1,1,1
26878690_15,929,short,repaired+q+boundary_off,repaired,q,0,1,0.0,62.04163056034258,387,9.537299999919924,1,1,1
26878690_15,929,short,repaired+q+boundary_on,repaired,q,1,1,0.0,62.04163056034258,492,12.65840000019125,1,1,1
26878690_15,930,short,original+p+boundary_off,original,p,0,1,0.02714932126696834,548.2813126546339,9665,223.75460000012026,0,1,1
26878690_15,930,short,original+p+boundary_on,original,p,1,1,0.013452914798206317,553.1097397793801,11091,277.36680000020897,0,1,1
26878690_15,930,short,original+q+boundary_off,original,q,0,1,0.015765765765765716,550.2813126546339,9503,222.91410000002543,0,1,1
26878690_15,930,short,original+q+boundary_on,original,q,1,1,0.013452914798206317,553.1097397793801,10863,288.02969999992456,0,1,1
26878690_15,930,short,repaired+p+boundary_off,repaired,p,0,1,0.02714932126696834,548.2813126546339,9665,233.22220000000016,0,1,1
26878690_15,930,short,repaired+p+boundary_on,repaired,p,1,1,0.013452914798206317,553.1097397793801,11091,299.47500000002947,0,1,1
26878690_15,930,short,repaired+q+boundary_off,repaired,q,0,1,0.015765765765765716,550.2813126546339,9503,229.86800000012408,0,1,1
26878690_15,930,short,repaired+q+boundary_on,repaired,q,1,1,0.013452914798206317,553.1097397793801,10863,302.9880999999932,0,1,1
26878690_15,931,medium,original+p+boundary_off,original,p,0,1,0.007157464212678932,1181.621499812314,26826,700.112499999932,1,1,1
26878690_15,931,medium,original+p+boundary_on,original,p,1,1,0.0020366598778004397,1188.1067811865526,33510,878.619899999876,1,1,1
26878690_15,931,medium,original+q+boundary_off,original,q,0,1,0.003061224489795955,1183.621499812314,26891,655.7080999998561,1,1,1
26878690_15,931,medium,original+q+boundary_on,original,q,1,1,0.0010172939979654627,1189.5209947489257,33493,864.3690000001243,1,1,1
26878690_15,931,medium,repaired+p+boundary_off,repaired,p,0,1,0.007157464212678932,1181.621499812314,26826,663.1311000001006,1,1,1
26878690_15,931,medium,repaired+p+boundary_on,repaired,p,1,1,0.0020366598778004397,1188.1067811865526,33874,909.398900000042,1,1,1
26878690_15,931,medium,repaired+q+boundary_off,repaired,q,0,1,0.003061224489795955,1183.621499812314,26892,649.2318999999043,1,1,1
26878690_15,931,medium,repaired+q+boundary_on,repaired,q,1,1,0.0010172939979654627,1189.5209947489257,33845,868.6815000000934,1,1,1
26878690_15,932,medium,original+p+boundary_off,original,p,0,1,0.015991471215351827,1194.226622233698,27164,667.3991999998634,0,1,1
26878690_15,932,medium,original+p+boundary_on,original,p,1,1,0.010593220338983023,1198.5697679842056,32691,849.8518000001241,0,1,1
26878690_15,932,medium,original+q+boundary_off,original,q,0,1,0.018143009605122717,1193.640835796071,26579,653.9517000001069,0,1,1
26878690_15,932,medium,original+q+boundary_on,original,q,1,1,0.008474576271186418,1199.3981951089518,32331,849.2453999999725,1,1,1
26878690_15,932,medium,repaired+p+boundary_off,repaired,p,0,1,0.015991471215351827,1194.226622233698,27625,670.6873999999061,0,1,1
26878690_15,932,medium,repaired+p+boundary_on,repaired,p,1,1,0.010593220338983023,1198.5697679842056,33105,897.5717999999233,0,1,1
26878690_15,932,medium,repaired+q+boundary_off,repaired,q,0,1,0.018143009605122717,1193.640835796071,26885,670.6361999999899,0,1,1
26878690_15,932,medium,repaired+q+boundary_on,repaired,q,1,1,0.008474576271186418,1199.3981951089518,32763,873.8071000000218,1,1,1
26878690_15,933,medium,original+p+boundary_off,original,p,0,1,0.0011655011655011815,1016.8864350760184,19033,472.0744999999624,1,1,1
26878690_15,933,medium,original+p+boundary_on,original,p,1,1,0.0,1018.5432893255107,27511,708.0799999998817,1,1,1
26878690_15,933,medium,original+q+boundary_off,original,q,0,1,0.0011655011655011815,1016.8864350760184,18915,479.95240000000194,1,1,1
26878690_15,933,medium,original+q+boundary_on,original,q,1,1,0.0,1018.5432893255107,27199,742.766999999958,1,1,1
26878690_15,933,medium,repaired+p+boundary_off,repaired,p,0,1,0.0011655011655011815,1016.8864350760184,19033,477.28649999999107,1,1,1
26878690_15,933,medium,repaired+p+boundary_on,repaired,p,1,1,0.0,1018.5432893255107,27707,824.5354999999108,1,1,1
26878690_15,933,medium,repaired+q+boundary_off,repaired,q,0,1,0.0011655011655011815,1016.8864350760184,18915,463.55050000011033,1,1,1
26878690_15,933,medium,repaired+q+boundary_on,repaired,q,1,1,0.0,1018.5432893255107,27395,727.7990000000045,1,1,1
26878690_15,934,medium,original+p+boundary_off,original,p,0,1,0.004761904761904745,1265.2194795587611,23672,577.1305000000666,1,1,1
26878690_15,934,medium,original+p+boundary_on,original,p,1,1,0.0,1271.1189744953729,26659,688.7616000001344,1,1,1
26878690_15,934,medium,original+q+boundary_off,original,q,0,1,0.004757373929590858,1265.805265996388,23669,575.4637000000002,1,1,1
26878690_15,934,medium,original+q+boundary_on,original,q,1,1,0.0,1271.1189744953729,26479,668.1413000001157,1,1,1
26878690_15,934,medium,repaired+p+boundary_off,repaired,p,0,1,0.004761904761904745,1265.2194795587611,23672,550.974799999949,1,1,1
26878690_15,934,medium,repaired+p+boundary_on,repaired,p,1,1,0.0,1271.1189744953729,26659,677.2825000000466,1,1,1
26878690_15,934,medium,repaired+q+boundary_off,repaired,q,0,1,0.004757373929590858,1265.805265996388,23669,545.3714000000218,1,1,1
26878690_15,934,medium,repaired+q+boundary_on,repaired,q,1,1,0.0,1271.1189744953729,26479,658.7717999998404,1,1,1
26878690_15,935,medium,original+p+boundary_off,original,p,0,1,0.019101123595505642,1029.0041840821093,26779,621.6683000000103,0,1,1
26878690_15,935,medium,original+p+boundary_on,original,p,1,1,0.008988764044943864,1033.1463197058401,29179,714.2942000000403,1,1,1
26878690_15,935,medium,original+q+boundary_off,original,q,0,1,0.015712682379349086,1030.4183976444824,26425,620.5735999999433,0,1,1
26878690_15,935,medium,original+q+boundary_on,original,q,1,1,0.007856341189674487,1033.7321061434673,28846,705.8459999998377,1,1,1
26878690_15,935,medium,repaired+p+boundary_off,repaired,p,0,1,0.019101123595505642,1029.0041840821093,27152,606.2988000001042,0,1,1
26878690_15,935,medium,repaired+p+boundary_on,repaired,p,1,1,0.008988764044943864,1033.1463197058401,29536,715.16459999998,1,1,1
26878690_15,935,medium,repaired+q+boundary_off,repaired,q,0,1,0.015712682379349086,1030.4183976444824,26674,601.8762999999581,0,1,1
26878690_15,935,medium,repaired+q+boundary_on,repaired,q,1,1,0.007856341189674487,1033.7321061434673,29187,726.2808000000405,1,1,1
26878690_15,936,medium,original+p+boundary_off,original,p,0,1,0.004643962848297267,1633.5546160825586,41060,963.2174000000759,1,1,1
26878690_15,936,medium,original+p+boundary_on,original,p,1,1,0.0,1639.5546160825586,46530,1117.3875000001772,1,1,1
26878690_15,936,medium,original+q+boundary_off,original,q,0,1,0.004640371229698403,1634.1404025201855,40566,938.8907000000017,1,1,1
26878690_15,936,medium,original+q+boundary_on,original,q,1,1,0.0,1640.3830432073048,45997,1074.6160999999574,1,1,1
26878690_15,936,medium,repaired+p+boundary_off,repaired,p,0,1,0.004643962848297267,1633.5546160825586,41266,901.1643999999706,1,1,1
26878690_15,936,medium,repaired+p+boundary_on,repaired,p,1,1,0.0,1639.5546160825586,46935,1084.48199999998,1,1,1
26878690_15,936,medium,repaired+q+boundary_off,repaired,q,0,1,0.004640371229698403,1634.1404025201855,40739,943.3220999999321,1,1,1
26878690_15,936,medium,repaired+q+boundary_on,repaired,q,1,1,0.0,1640.3830432073048,46412,1083.5541999999805,1,1,1
26878690_15,937,medium,original+p+boundary_off,original,p,0,0,nan,nan,0,0.0,0,0,0
26878690_15,937,medium,original+p+boundary_on,original,p,1,0,nan,nan,0,0.0,0,0,0
26878690_15,937,medium,original+q+boundary_off,original,q,0,0,nan,nan,0,0.0,0,0,0
26878690_15,937,medium,original+q+boundary_on,original,q,1,0,nan,nan,0,0.0,0,0,0
26878690_15,937,medium,repaired+p+boundary_off,repaired,p,0,0,nan,nan,0,0.0,0,0,0
26878690_15,937,medium,repaired+p+boundary_on,repaired,p,1,0,nan,nan,0,0.0,0,0,0
26878690_15,937,medium,repaired+q+boundary_off,repaired,q,0,0,nan,nan,0,0.0,0,0,0
26878690_15,937,medium,repaired+q+boundary_on,repaired,q,1,0,nan,nan,0,0.0,0,0,0
26878690_15,938,long,original+p+boundary_off,original,p,0,1,0.0027548209366391463,1816.7505755754523,37024,812.9459000001589,1,1,1
26878690_15,938,long,original+p+boundary_on,original,p,1,1,0.0,1822.7505755754523,43625,1033.908800000063,1,1,1
26878690_15,938,long,original+q+boundary_off,original,q,0,1,0.002752924982794225,1817.3363620130792,36322,834.3013999999584,1,1,1
26878690_15,938,long,original+q+boundary_on,original,q,1,1,0.0,1822.7505755754523,43010,989.005600000155,1,1,1
26878690_15,938,long,repaired+p+boundary_off,repaired,p,0,1,0.0027548209366391463,1816.7505755754523,37086,829.9004999998942,1,1,1
26878690_15,938,long,repaired+p+boundary_on,repaired,p,1,1,0.0,1822.7505755754523,44051,1071.2280000000192,1,1,1
26878690_15,938,long,repaired+q+boundary_off,repaired,q,0,1,0.002752924982794225,1817.3363620130792,36373,816.2293000000318,1,1,1
26878690_15,938,long,repaired+q+boundary_on,repaired,q,1,1,0.0,1822.7505755754523,43411,1023.2034999999087,1,1,1
26878690_15,939,long,original+p+boundary_off,original,p,0,1,0.003984063745019917,1884.0054095713917,50430,1115.793000000167,1,1,1
26878690_15,939,long,original+p+boundary_on,original,p,1,1,0.0,1890.5911960090186,52490,1251.4940000000934,1,1,1
26878690_15,939,long,original+q+boundary_off,original,q,0,1,0.003981420039814165,1884.5911960090186,50137,1124.513400000069,1,1,1
26878690_15,939,long,original+q+boundary_on,original,q,1,1,0.0,1891.4196231337648,52321,1243.2834999999614,1,1,1
26878690_15,939,long,repaired+p+boundary_off,repaired,p,0,1,0.003984063745019917,1884.0054095713917,50799,1148.5858999999436,1,1,1
26878690_15,939,long,repaired+p+boundary_on,repaired,p,1,1,0.0,1890.5911960090186,52861,1232.1555999999418,1,1,1
26878690_15,939,long,repaired+q+boundary_off,repaired,q,0,1,0.003981420039814165,1884.5911960090186,50462,1132.590600000185,1,1,1
26878690_15,939,long,repaired+q+boundary_on,repaired,q,1,1,0.0,1891.4196231337648,52732,1239.3181999998433,1,1,1
26878690_15,940,long,original+p+boundary_off,original,p,0,1,0.0035612535612535856,1737.684558397469,60268,1346.7380000001867,1,1,1
26878690_15,940,long,original+p+boundary_on,original,p,1,1,0.0,1746.7556262093344,75954,1808.1944999998996,1,1,1
26878690_15,940,long,original+q+boundary_off,original,q,0,1,0.003558718861209953,1738.2703448350958,60394,1354.633799999874,1,1,1
26878690_15,940,long,original+q+boundary_on,original,q,1,1,0.0,1746.7556262093344,75577,1812.0033999998668,1,1,1
26878690_15,940,long,repaired+p+boundary_off,repaired,p,0,1,0.0035612535612535856,1737.684558397469,60696,1361.0596000000896,1,1,1
26878690_15,940,long,repaired+p+boundary_on,repaired,p,1,1,0.0,1746.7556262093344,76309,1816.5718000000197,1,1,1
26878690_15,940,long,repaired+q+boundary_off,repaired,q,0,1,0.003558718861209953,1738.2703448350958,60794,1363.550499999974,1,1,1
26878690_15,940,long,repaired+q+boundary_on,repaired,q,1,1,0.0,1746.7556262093344,75936,1799.7712999999749,1,1,1
26878690_15,941,long,original+p+boundary_off,original,p,0,1,0.004255319148936176,1759.0104602052738,63479,1382.2459000000435,1,1,1
26878690_15,941,long,original+p+boundary_on,original,p,1,1,0.0,1765.5962466429007,77861,1812.3714000000746,1,1,1
26878690_15,941,long,original+q+boundary_off,original,q,0,1,0.00425230333097093,1759.5962466429007,63569,1379.4881999999689,1,1,1
26878690_15,941,long,original+q+boundary_on,original,q,1,1,0.0,1765.5962466429007,77464,1842.2668999999132,1,1,1
26878690_15,941,long,repaired+p+boundary_off,repaired,p,0,1,0.004255319148936176,1759.0104602052738,63895,1392.488700000058,1,1,1
26878690_15,941,long,repaired+p+boundary_on,repaired,p,1,1,0.0,1765.5962466429007,78216,1822.9745999999523,1,1,1
26878690_15,941,long,repaired+q+boundary_off,repaired,q,0,1,0.00425230333097093,1759.5962466429007,63964,1416.0655999999108,1,1,1
26878690_15,941,long,repaired+q+boundary_on,repaired,q,1,1,0.0,1765.5962466429007,77821,1812.0164999997996,1,1,1
26878690_15,942,long,original+p+boundary_off,original,p,0,1,0.00303030303030305,1652.0277041479771,34449,756.2104000001,1,1,1
26878690_15,942,long,original+p+boundary_on,original,p,1,1,0.0,1657.4419177103503,40332,920.5474999998842,1,1,1
26878690_15,942,long,original+q+boundary_off,original,q,0,1,0.003028009084027228,1652.613490585604,33858,745.8487999999761,1,1,1
26878690_15,942,long,original+q+boundary_on,original,q,1,1,0.0,1657.4419177103503,39767,910.1889000000938,1,1,1
26878690_15,942,long,repaired+p+boundary_off,repaired,p,0,1,0.00303030303030305,1652.0277041479771,34503,762.7970999999434,1,1,1
26878690_15,942,long,repaired+p+boundary_on,repaired,p,1,1,0.0,1657.4419177103503,40731,957.6068000001214,1,1,1
26878690_15,942,long,repaired+q+boundary_off,repaired,q,0,1,0.003028009084027228,1652.613490585604,33901,731.5717999999833,1,1,1
26878690_15,942,long,repaired+q+boundary_on,repaired,q,1,1,0.0,1657.4419177103503,40114,945.4410999999254,1,1,1
26878690_15,943,long,original+p+boundary_off,original,p,0,1,0.002859185132237263,1738.0693347083197,33961,760.9531000000516,1,1,1
26878690_15,943,long,original+p+boundary_on,original,p,1,1,0.0,1744.0693347083197,38160,878.6072000000331,1,1,1
26878690_15,943,long,original+q+boundary_off,original,q,0,1,0.0028571428571428914,1738.6551211459466,33257,714.4137999998748,1,1,1
26878690_15,943,long,original+q+boundary_on,original,q,1,1,0.0,1744.0693347083197,37626,826.7192999999224,1,1,1
26878690_15,943,long,repaired+p+boundary_off,repaired,p,0,1,0.002859185132237263,1738.0693347083197,34008,727.0120999999108,1,1,1
26878690_15,943,long,repaired+p+boundary_on,repaired,p,1,1,0.0,1744.0693347083197,38518,841.4403000001585,1,1,1
26878690_15,943,long,repaired+q+boundary_off,repaired,q,0,1,0.0028571428571428914,1738.6551211459466,33292,718.1639999998879,1,1,1
26878690_15,943,long,repaired+q+boundary_on,repaired,q,1,1,0.0,1744.0693347083197,37935,821.2919000000056,1,1,1
26878690_15,944,long,original+p+boundary_off,original,p,0,1,0.010721944245889903,1734.3414126469615,41304,865.7879999998386,0,1,1
26878690_15,944,long,original+p+boundary_on,original,p,1,1,0.004264392324093813,1743.9982668964542,61793,1362.891700000091,1,1,1
26878690_15,944,long,original+q+boundary_off,original,q,0,1,0.010714285714285676,1734.9271990845884,41455,853.1032999999297,0,1,1
26878690_15,944,long,original+q+boundary_on,original,q,1,1,0.004264392324093813,1743.9982668964542,61591,1360.2190999999948,1,1,1
26878690_15,944,long,repaired+p+boundary_off,repaired,p,0,1,0.010721944245889903,1734.3414126469615,41708,856.6350000000966,0,1,1
26878690_15,944,long,repaired+p+boundary_on,repaired,p,1,1,0.004264392324093813,1743.9982668964542,62144,1347.8837000000112,1,1,1
26878690_15,944,long,repaired+q+boundary_off,repaired,q,0,1,0.010714285714285676,1734.9271990845884,41846,864.7831999999198,0,1,1
26878690_15,944,long,repaired+q+boundary_on,repaired,q,1,1,0.004264392324093813,1743.9982668964542,61943,1382.6414000000113,1,1,1
