method,success,path_length,expanded_nodes,planning_time_ms,on_road_ratio,off_road_ratio,average_risk,max_risk,min_boundary_distance,relative_detour,query_index,image_id
Binary-mask A*,1,399.20310216783076,4805,29.95129999999957,0.9910714285714286,0.008928571428571397,nan,nan,nan,0.0,0,10378780_15
Soft-probability A*,1,399.2031021678308,4867,31.31960000000067,1.0,0.0,nan,nan,nan,1.4239222729514315e-16,0,10378780_15
Clearance-aware A*,1,399.2031021678308,4790,30.007400000000573,1.0,0.0,nan,nan,nan,1.4239222729514315e-16,0,10378780_15
URA-style A*,1,399.2031021678308,4834,31.190000000000495,1.0,0.0,nan,nan,nan,1.4239222729514315e-16,0,10378780_15
GT Oracle A*,1,399.20310216783076,3691,22.789399999999738,1.0,0.0,nan,nan,nan,0.0,0,10378780_15
Topology+Risk A*,1,399.2031021678308,4798,31.233400000000522,1.0,0.0,nan,nan,nan,1.4239222729514315e-16,0,10378780_15
Binary-mask A*,0,nan,0,0.0,nan,nan,nan,nan,nan,nan,1,10378780_15
Soft-probability A*,0,nan,0,0.0,nan,nan,nan,nan,nan,nan,1,10378780_15
Clearance-aware A*,0,nan,0,0.0,nan,nan,nan,nan,nan,nan,1,10378780_15
URA-style A*,0,nan,0,0.0,nan,nan,nan,nan,nan,nan,1,10378780_15
GT Oracle A*,1,1855.4814562296378,20817,128.16269999999986,1.0,0.0,nan,nan,nan,0.0,1,10378780_15
Topology+Risk A*,0,nan,0,0.0,nan,nan,nan,nan,nan,nan,1,10378780_15
Binary-mask A*,0,nan,0,0.0,nan,nan,nan,nan,nan,nan,2,10378780_15
Soft-probability A*,0,nan,0,0.0,nan,nan,nan,nan,nan,nan,2,10378780_15
Clearance-aware A*,0,nan,0,0.0,nan,nan,nan,nan,nan,nan,2,10378780_15
URA-style A*,0,nan,0,0.0,nan,nan,nan,nan,nan,nan,2,10378780_15
GT Oracle A*,1,840.212336883823,11177,70.11130000000065,1.0,0.0,nan,nan,nan,0.0,2,10378780_15
Topology+Risk A*,1,3512.5365055879506,47329,310.3847000000002,0.9936348408710218,0.006365159128978171,nan,nan,nan,3.1805343142368456,2,10378780_15
Binary-mask A*,0,nan,0,0.0,nan,nan,nan,nan,nan,nan,3,10378780_15
Soft-probability A*,0,nan,0,0.0,nan,nan,nan,nan,nan,nan,3,10378780_15
Clearance-aware A*,0,nan,0,0.0,nan,nan,nan,nan,nan,nan,3,10378780_15
URA-style A*,0,nan,0,0.0,nan,nan,nan,nan,nan,nan,3,10378780_15
GT Oracle A*,1,242.6639969244292,2519,15.676100000000304,1.0,0.0,nan,nan,nan,0.0,3,10378780_15
Topology+Risk A*,1,2698.194226389289,44873,292.79350000000017,0.9931565440547476,0.006843455945252375,nan,nan,nan,10.119054579940693,3,10378780_15
Binary-mask A*,1,525.6000717875013,6946,43.48960000000002,0.9707865168539326,0.02921348314606742,nan,nan,nan,0.0,4,10378780_15
Soft-probability A*,1,525.6000717875014,6810,43.27930000000002,1.0,0.0,nan,nan,nan,2.1629912898409824e-16,4,10378780_15
Clearance-aware A*,1,525.6000717875014,6418,40.757000000000154,1.0,0.0,nan,nan,nan,2.1629912898409824e-16,4,10378780_15
URA-style A*,1,525.6000717875014,6537,40.7327000000004,1.0,0.0,nan,nan,nan,2.1629912898409824e-16,4,10378780_15
GT Oracle A*,1,525.6000717875013,5239,32.154499999999864,1.0,0.0,nan,nan,nan,0.0,4,10378780_15
Topology+Risk A*,1,525.6000717875014,6453,40.55600000000048,1.0,0.0,nan,nan,nan,2.1629912898409824e-16,4,10378780_15
Binary-mask A*,0,nan,0,0.0,nan,nan,nan,nan,nan,nan,5,10378780_15
Soft-probability A*,0,nan,0,0.0,nan,nan,nan,nan,nan,nan,5,10378780_15
Clearance-aware A*,0,nan,0,0.0,nan,nan,nan,nan,nan,nan,5,10378780_15
URA-style A*,0,nan,0,0.0,nan,nan,nan,nan,nan,nan,5,10378780_15
GT Oracle A*,1,469.499566724113,6106,38.04119999999944,1.0,0.0,nan,nan,nan,0.0,5,10378780_15
Topology+Risk A*,1,2790.9049045079328,50157,326.87880000000024,0.995850622406639,0.004149377593360981,nan,nan,nan,4.944424877707976,5,10378780_15
Binary-mask A*,0,nan,0,0.0,nan,nan,nan,nan,nan,nan,6,10378780_15
Soft-probability A*,0,nan,0,0.0,nan,nan,nan,nan,nan,nan,6,10378780_15
Clearance-aware A*,0,nan,0,0.0,nan,nan,nan,nan,nan,nan,6,10378780_15
URA-style A*,0,nan,0,0.0,nan,nan,nan,nan,nan,nan,6,10378780_15
GT Oracle A*,1,1286.6143571373761,18671,115.45249999999996,1.0,0.0,nan,nan,nan,0.0,6,10378780_15
Topology+Risk A*,0,nan,0,0.0,nan,nan,nan,nan,nan,nan,6,10378780_15
Binary-mask A*,0,nan,0,0.0,nan,nan,nan,nan,nan,nan,7,10378780_15
Soft-probability A*,0,nan,0,0.0,nan,nan,nan,nan,nan,nan,7,10378780_15
Clearance-aware A*,0,nan,0,0.0,nan,nan,nan,nan,nan,nan,7,10378780_15
URA-style A*,0,nan,0,0.0,nan,nan,nan,nan,nan,nan,7,10378780_15
GT Oracle A*,1,1333.734198184522,17311,108.25429999999957,1.0,0.0,nan,nan,nan,0.0,7,10378780_15
Topology+Risk A*,1,3422.002450978441,64104,415.65839999999986,0.9949066213921901,0.005093378607809895,nan,nan,nan,1.5657304548660957,7,10378780_15
Binary-mask A*,1,1044.3250352560312,9277,59.560399999999625,0.8234610917537747,0.1765389082462253,nan,nan,nan,-0.002932097802226072,8,10378780_15
Soft-probability A*,1,1046.8103166302699,13485,88.61489999999961,0.9767711962833914,0.023228803716608626,nan,nan,nan,-0.0005592788018888784,8,10378780_15
Clearance-aware A*,1,1048.4671708797625,14421,92.16099999999905,0.9907084785133565,0.009291521486643473,nan,nan,nan,0.0010226005316694676,8,10378780_15
URA-style A*,1,1049.8813844421354,15623,101.4280000000003,0.9802784222737819,0.019721577726218076,nan,nan,nan,0.0023728190003371934,8,10378780_15
GT Oracle A*,1,1047.3961030678968,12403,76.97209999999987,1.0,0.0,nan,nan,nan,0.0,8,10378780_15
Topology+Risk A*,1,1050.4671708797625,14562,93.20569999999861,0.9918887601390498,0.008111239860950192,nan,nan,nan,0.002932097802226289,8,10378780_15
Binary-mask A*,1,1436.060099992327,16872,107.25080000000098,0.6887417218543046,0.3112582781456954,nan,nan,nan,-0.0029456589696676564,9,10378780_15
Soft-probability A*,1,1439.1311678041927,24685,159.62490000000074,0.9768403639371381,0.023159636062861866,nan,nan,nan,-0.0008134212635746869,9,10378780_15
Clearance-aware A*,1,1444.10173055267,27805,180.34609999999952,0.9942100909842845,0.005789909015715522,nan,nan,nan,0.0026376328850360917,9,10378780_15
URA-style A*,1,1445.2733034279238,27988,181.4403999999996,0.9867877786952931,0.013212221304706895,nan,nan,nan,0.0034510541486109363,9,10378780_15
GT Oracle A*,1,1440.3027406794463,20693,138.22840000000093,1.0,0.0,nan,nan,nan,0.0,9,10378780_15
Topology+Risk A*,1,1445.515944115043,27348,180.8329999999998,0.9942148760330578,0.005785123966942196,nan,nan,nan,0.003619519208258644,9,10378780_15
Binary-mask A*,0,nan,0,0.0,nan,nan,nan,nan,nan,nan,10,10378780_15
Soft-probability A*,0,nan,0,0.0,nan,nan,nan,nan,nan,nan,10,10378780_15
Clearance-aware A*,0,nan,0,0.0,nan,nan,nan,nan,nan,nan,10,10378780_15
URA-style A*,0,nan,0,0.0,nan,nan,nan,nan,nan,nan,10,10378780_15
GT Oracle A*,1,1570.7585848021624,24090,152.82520000000056,1.0,0.0,nan,nan,nan,0.0,10,10378780_15
Topology+Risk A*,0,nan,0,0.0,nan,nan,nan,nan,nan,nan,10,10378780_15
Binary-mask A*,0,nan,0,0.0,nan,nan,nan,nan,nan,nan,11,10378780_15
Soft-probability A*,0,nan,0,0.0,nan,nan,nan,nan,nan,nan,11,10378780_15
Clearance-aware A*,0,nan,0,0.0,nan,nan,nan,nan,nan,nan,11,10378780_15
URA-style A*,0,nan,0,0.0,nan,nan,nan,nan,nan,nan,11,10378780_15
GT Oracle A*,1,2266.2531008923843,29372,183.7175000000002,1.0,0.0,nan,nan,nan,0.0,11,10378780_15
Topology+Risk A*,0,nan,0,0.0,nan,nan,nan,nan,nan,nan,11,10378780_15
Binary-mask A*,1,904.4427842621225,12703,82.77949999999912,0.7139001349527665,0.2860998650472335,nan,nan,nan,0.0,12,10378780_15
Soft-probability A*,1,904.4427842621226,14027,93.28929999999858,1.0,0.0,nan,nan,nan,1.2569820855430442e-16,12,10378780_15
Clearance-aware A*,1,904.4427842621226,13115,86.34189999999897,1.0,0.0,nan,nan,nan,1.2569820855430442e-16,12,10378780_15
URA-style A*,1,904.4427842621226,12450,80.0970000000003,1.0,0.0,nan,nan,nan,1.2569820855430442e-16,12,10378780_15
GT Oracle A*,1,904.4427842621225,13182,84.0039000000008,1.0,0.0,nan,nan,nan,0.0,12,10378780_15
Topology+Risk A*,1,904.4427842621226,12906,83.97240000000039,1.0,0.0,nan,nan,nan,1.2569820855430442e-16,12,10378780_15
Binary-mask A*,0,nan,0,0.0,nan,nan,nan,nan,nan,nan,13,10378780_15
Soft-probability A*,0,nan,0,0.0,nan,nan,nan,nan,nan,nan,13,10378780_15
Clearance-aware A*,0,nan,0,0.0,nan,nan,nan,nan,nan,nan,13,10378780_15
URA-style A*,0,nan,0,0.0,nan,nan,nan,nan,nan,nan,13,10378780_15
GT Oracle A*,1,1733.457069611998,24123,150.85079999999886,1.0,0.0,nan,nan,nan,0.0,13,10378780_15
Topology+Risk A*,0,nan,0,0.0,nan,nan,nan,nan,nan,nan,13,10378780_15
Binary-mask A*,0,nan,0,0.0,nan,nan,nan,nan,nan,nan,14,10378780_15
Soft-probability A*,0,nan,0,0.0,nan,nan,nan,nan,nan,nan,14,10378780_15
Clearance-aware A*,0,nan,0,0.0,nan,nan,nan,nan,nan,nan,14,10378780_15
URA-style A*,0,nan,0,0.0,nan,nan,nan,nan,nan,nan,14,10378780_15
GT Oracle A*,1,2237.6896090313385,29142,180.7262999999999,1.0,0.0,nan,nan,nan,0.0,14,10378780_15
Topology+Risk A*,0,nan,0,0.0,nan,nan,nan,nan,nan,nan,14,10378780_15
Binary-mask A*,0,nan,0,0.0,nan,nan,nan,nan,nan,nan,15,10378780_15
Soft-probability A*,0,nan,0,0.0,nan,nan,nan,nan,nan,nan,15,10378780_15
Clearance-aware A*,0,nan,0,0.0,nan,nan,nan,nan,nan,nan,15,10378780_15
URA-style A*,0,nan,0,0.0,nan,nan,nan,nan,nan,nan,15,10378780_15
GT Oracle A*,1,2148.777920785916,26399,162.2287,1.0,0.0,nan,nan,nan,0.0,15,10378780_15
Topology+Risk A*,0,nan,0,0.0,nan,nan,nan,nan,nan,nan,15,10378780_15
Binary-mask A*,1,2090.542422773734,27463,175.36909999999926,0.5383304940374787,0.4616695059625213,nan,nan,nan,-0.0020253346088451225,16,10378780_15
Soft-probability A*,1,2093.6134905856,37753,247.67789999999934,0.9841089670828603,0.01589103291713967,nan,nan,nan,-0.0005592807088844185,16,10378780_15
Clearance-aware A*,1,2098.584053334077,36220,234.45420000000007,0.9960272417707151,0.0039727582292848895,nan,nan,nan,0.0018135463821512684,16,10378780_15
URA-style A*,1,2099.755626209331,35190,229.2083000000016,0.9909297052154195,0.009070294784580546,nan,nan,nan,0.002372827091036121,16,10378780_15
GT Oracle A*,1,2094.785063460853,29915,188.52259999999887,1.0,0.0,nan,nan,nan,0.0,16,10378780_15
Topology+Risk A*,1,2099.99826689645,48143,317.73049999999967,0.9960294951786727,0.003970504821327325,nan,nan,nan,0.0024886579184329035,16,10378780_15
Binary-mask A*,0,nan,0,0.0,nan,nan,nan,nan,nan,nan,17,10378780_15
Soft-probability A*,0,nan,0,0.0,nan,nan,nan,nan,nan,nan,17,10378780_15
Clearance-aware A*,0,nan,0,0.0,nan,nan,nan,nan,nan,nan,17,10378780_15
URA-style A*,0,nan,0,0.0,nan,nan,nan,nan,nan,nan,17,10378780_15
GT Oracle A*,1,1838.388093841187,26347,164.5594000000017,1.0,0.0,nan,nan,nan,0.0,17,10378780_15
Topology+Risk A*,1,4497.0970388561645,65609,424.63620000000014,0.9939869281045751,0.006013071895424882,nan,nan,nan,1.446217452083138,17,10378780_15
Binary-mask A*,0,nan,0,0.0,nan,nan,nan,nan,nan,nan,18,10378780_15
Soft-probability A*,0,nan,0,0.0,nan,nan,nan,nan,nan,nan,18,10378780_15
Clearance-aware A*,0,nan,0,0.0,nan,nan,nan,nan,nan,nan,18,10378780_15
URA-style A*,0,nan,0,0.0,nan,nan,nan,nan,nan,nan,18,10378780_15
GT Oracle A*,1,1729.9007204258937,21740,135.70999999999955,1.0,0.0,nan,nan,nan,0.0,18,10378780_15
Topology+Risk A*,0,nan,0,0.0,nan,nan,nan,nan,nan,nan,18,10378780_15
Binary-mask A*,0,nan,0,0.0,nan,nan,nan,nan,nan,nan,19,10378780_15
Soft-probability A*,0,nan,0,0.0,nan,nan,nan,nan,nan,nan,19,10378780_15
Clearance-aware A*,0,nan,0,0.0,nan,nan,nan,nan,nan,nan,19,10378780_15
URA-style A*,0,nan,0,0.0,nan,nan,nan,nan,nan,nan,19,10378780_15
GT Oracle A*,1,1724.3149339882664,23521,151.02300000000037,1.0,0.0,nan,nan,nan,0.0,19,10378780_15
Topology+Risk A*,0,nan,0,0.0,nan,nan,nan,nan,nan,nan,19,10378780_15
Binary-mask A*,0,nan,0,0.0,nan,nan,nan,nan,nan,nan,20,10828720_15
Soft-probability A*,0,nan,0,0.0,nan,nan,nan,nan,nan,nan,20,10828720_15
Clearance-aware A*,0,nan,0,0.0,nan,nan,nan,nan,nan,nan,20,10828720_15
URA-style A*,0,nan,0,0.0,nan,nan,nan,nan,nan,nan,20,10828720_15
GT Oracle A*,1,154.88225099390854,1857,11.801999999999424,1.0,0.0,nan,nan,nan,0.0,20,10828720_15
Topology+Risk A*,0,nan,0,0.0,nan,nan,nan,nan,nan,nan,20,10828720_15
Binary-mask A*,1,63.284271247461874,595,3.757799999998923,0.5535714285714286,0.4464285714285714,nan,nan,nan,-2.2455587202123233e-16,21,10828720_15
Soft-probability A*,1,63.284271247461895,909,5.840599999999085,1.0,0.0,nan,nan,nan,1.1227793601061616e-16,21,10828720_15
Clearance-aware A*,1,63.284271247461895,1163,7.386199999999121,1.0,0.0,nan,nan,nan,1.1227793601061616e-16,21,10828720_15
URA-style A*,1,63.284271247461895,1346,8.576300000001424,1.0,0.0,nan,nan,nan,1.1227793601061616e-16,21,10828720_15
GT Oracle A*,1,63.28427124746189,427,2.5396999999998116,1.0,0.0,nan,nan,nan,0.0,21,10828720_15
Topology+Risk A*,1,63.284271247461895,1255,7.958899999998437,1.0,0.0,nan,nan,nan,1.1227793601061616e-16,21,10828720_15
Binary-mask A*,1,1081.2144289248781,43372,282.82159999999834,0.7120669056152927,0.28793309438470727,nan,nan,nan,1.653752576983456,22,10828720_15
Soft-probability A*,1,1085.2144289248783,58206,386.45759999999996,0.9726516052318668,0.027348394768133222,nan,nan,nan,1.6635702505401155,22,10828720_15
Clearance-aware A*,1,1097.3565645486094,61553,410.01620000000116,0.9870435806831567,0.012956419316843326,nan,nan,nan,1.6933721314987331,22,10828720_15
URA-style A*,1,1108.1849916733556,50120,332.1468999999979,0.9976717112922002,0.002328288707799775,nan,nan,nan,1.7199496221594404,22,10828720_15
GT Oracle A*,1,407.42849891224756,8001,51.25340000000023,1.0,0.0,nan,nan,nan,0.0,22,10828720_15
Topology+Risk A*,1,1105.3565645486094,59567,399.55860000000246,0.9929988331388565,0.007001166861143493,nan,nan,nan,1.7130074786120508,22,10828720_15
Binary-mask A*,0,nan,0,0.0,nan,nan,nan,nan,nan,nan,23,10828720_15
Soft-probability A*,0,nan,0,0.0,nan,nan,nan,nan,nan,nan,23,10828720_15
Clearance-aware A*,0,nan,0,0.0,nan,nan,nan,nan,nan,nan,23,10828720_15
URA-style A*,0,nan,0,0.0,nan,nan,nan,nan,nan,nan,23,10828720_15
GT Oracle A*,1,948.6072144624392,14601,98.65029999999919,1.0,0.0,nan,nan,nan,0.0,23,10828720_15
Topology+Risk A*,0,nan,0,0.0,nan,nan,nan,nan,nan,nan,23,10828720_15
Binary-mask A*,1,386.0071426749369,8335,56.12599999999901,0.28901734104046245,0.7109826589595376,nan,nan,nan,-0.013473953281686862,24,10828720_15
Soft-probability A*,1,386.5929291125639,10415,71.5874999999997,0.9481268011527377,0.05187319884726227,nan,nan,nan,-0.01197684736149919,24,10828720_15
Clearance-aware A*,1,387.7645019878177,12439,84.05090000000115,0.9742120343839542,0.025787965616045794,nan,nan,nan,-0.00898263552112443,24,10828720_15
URA-style A*,1,387.1787155501909,9760,66.09519999999947,0.9482758620689655,0.051724137931034475,nan,nan,nan,-0.010479741441311665,24,10828720_15
GT Oracle A*,1,391.2792206135791,6012,38.75839999999897,1.0,0.0,nan,nan,nan,0.0,24,10828720_15
Topology+Risk A*,1,387.7645019878177,11312,77.5548999999991,0.9742120343839542,0.025787965616045794,nan,nan,nan,-0.00898263552112443,24,10828720_15
Binary-mask A*,1,602.4457428549504,17507,114.5885999999976,0.42936802973977695,0.570631970260223,nan,nan,nan,0.17392130775344739,25,10828720_15
Soft-probability A*,1,603.8599564173235,23614,158.0697000000022,0.9628942486085343,0.03710575139146566,nan,nan,nan,0.1766770338155426,25,10828720_15
Clearance-aware A*,1,605.8599564173235,27710,183.5563000000029,0.9759704251386322,0.02402957486136781,nan,nan,nan,0.1805742189867426,25,10828720_15
URA-style A*,1,607.0315292925773,30112,200.3155000000021,0.9705340699815838,0.029465930018416242,nan,nan,nan,0.18285713720495222,25,10828720_15
GT Oracle A*,1,513.190908859011,16730,108.1228000000003,1.0,0.0,nan,nan,nan,0.0,25,10828720_15
Topology+Risk A*,1,606.4457428549504,31077,205.75890000000285,0.9797047970479705,0.020295202952029467,nan,nan,nan,0.1817156780958474,25,10828720_15
Binary-mask A*,0,nan,0,0.0,nan,nan,nan,nan,nan,nan,26,10828720_15
Soft-probability A*,0,nan,0,0.0,nan,nan,nan,nan,nan,nan,26,10828720_15
Clearance-aware A*,0,nan,0,0.0,nan,nan,nan,nan,nan,nan,26,10828720_15
URA-style A*,0,nan,0,0.0,nan,nan,nan,nan,nan,nan,26,10828720_15
GT Oracle A*,1,989.3544725075546,27695,174.2426999999971,1.0,0.0,nan,nan,nan,0.0,26,10828720_15
Topology+Risk A*,0,nan,0,0.0,nan,nan,nan,nan,nan,nan,26,10828720_15
Binary-mask A*,1,802.0386719675142,31330,205.97330000000014,0.7991391678622669,0.2008608321377331,nan,nan,nan,-0.014640530329440047,27,10828720_15
Soft-probability A*,1,809.3696244092023,38003,255.50979999999868,0.9818941504178273,0.01810584958217265,nan,nan,nan,-0.005633952887979189,27,10828720_15
Clearance-aware A*,1,806.8670990922606,44303,296.8217999999965,0.9700427960057061,0.029957203994293913,nan,nan,nan,-0.008708476729940177,27,10828720_15
URA-style A*,1,807.2102448427681,37930,253.93689999999935,0.9701280227596017,0.02987197724039825,nan,nan,nan,-0.008286898660755075,27,10828720_15
GT Oracle A*,1,813.9554108468291,30560,194.83390000000256,1.0,0.0,nan,nan,nan,0.0,27,10828720_15
Topology+Risk A*,1,817.6122650963216,44424,304.69039999999836,0.9958620689655172,0.004137931034482789,nan,nan,nan,0.00449269603808886,27,10828720_15
Binary-mask A*,1,1001.2935059634541,16930,109.18799999999607,0.695356738391846,0.304643261608154,nan,nan,nan,-1.1353997308933454e-16,28,10828720_15
Soft-probability A*,1,1001.2935059634542,27524,186.4024999999998,0.9943374858437146,0.005662514156285381,nan,nan,nan,0.0,28,10828720_15
Clearance-aware A*,1,1001.2935059634542,39802,265.312999999999,0.9898074745186863,0.010192525481313663,nan,nan,nan,0.0,28,10828720_15
URA-style A*,1,1001.2935059634542,41996,278.9481000000009,0.9943374858437146,0.005662514156285381,nan,nan,nan,0.0,28,10828720_15
GT Oracle A*,1,1001.2935059634542,14228,88.85219999999805,1.0,0.0,nan,nan,nan,0.0,28,10828720_15
Topology+Risk A*,1,1001.2935059634542,42721,282.2031999999979,0.9920724801812004,0.007927519818799578,nan,nan,nan,0.0,28,10828720_15
Binary-mask A*,0,nan,0,0.0,nan,nan,nan,nan,nan,nan,29,10828720_15
Soft-probability A*,0,nan,0,0.0,nan,nan,nan,nan,nan,nan,29,10828720_15
Clearance-aware A*,0,nan,0,0.0,nan,nan,nan,nan,nan,nan,29,10828720_15
URA-style A*,0,nan,0,0.0,nan,nan,nan,nan,nan,nan,29,10828720_15
GT Oracle A*,1,1515.661038331602,60684,389.17789999999997,1.0,0.0,nan,nan,nan,0.0,29,10828720_15
Topology+Risk A*,0,nan,0,0.0,nan,nan,nan,nan,nan,nan,29,10828720_15
Binary-mask A*,0,nan,0,0.0,nan,nan,nan,nan,nan,nan,30,10828720_15
Soft-probability A*,0,nan,0,0.0,nan,nan,nan,nan,nan,nan,30,10828720_15
Clearance-aware A*,0,nan,0,0.0,nan,nan,nan,nan,nan,nan,30,10828720_15
URA-style A*,0,nan,0,0.0,nan,nan,nan,nan,nan,nan,30,10828720_15
GT Oracle A*,1,1290.4032457428343,19473,122.71989999999988,1.0,0.0,nan,nan,nan,0.0,30,10828720_15
Topology+Risk A*,1,1922.3485553218989,78801,522.1723000000011,0.9851228978007762,0.01487710219922378,nan,nan,nan,0.489726999419688,30,10828720_15
Binary-mask A*,0,nan,0,0.0,nan,nan,nan,nan,nan,nan,31,10828720_15
Soft-probability A*,0,nan,0,0.0,nan,nan,nan,nan,nan,nan,31,10828720_15
Clearance-aware A*,0,nan,0,0.0,nan,nan,nan,nan,nan,nan,31,10828720_15
URA-style A*,0,nan,0,0.0,nan,nan,nan,nan,nan,nan,31,10828720_15
GT Oracle A*,1,877.9331162702435,21807,138.02139999999952,1.0,0.0,nan,nan,nan,0.0,31,10828720_15
Topology+Risk A*,0,nan,0,0.0,nan,nan,nan,nan,nan,nan,31,10828720_15
Binary-mask A*,0,nan,0,0.0,nan,nan,nan,nan,nan,nan,32,10828720_15
Soft-probability A*,0,nan,0,0.0,nan,nan,nan,nan,nan,nan,32,10828720_15
Clearance-aware A*,0,nan,0,0.0,nan,nan,nan,nan,nan,nan,32,10828720_15
URA-style A*,0,nan,0,0.0,nan,nan,nan,nan,nan,nan,32,10828720_15
GT Oracle A*,1,1157.9898987322342,28934,182.7856999999966,1.0,0.0,nan,nan,nan,0.0,32,10828720_15
Topology+Risk A*,0,nan,0,0.0,nan,nan,nan,nan,nan,nan,32,10828720_15
Binary-mask A*,1,1574.555482634331,23958,152.74760000000498,0.29386590584878747,0.7061340941512125,nan,nan,nan,-0.0005258572971415608,33,10828720_15
Soft-probability A*,1,1579.5260453828082,42933,284.8875000000035,0.9386590584878745,0.061340941512125546,nan,nan,nan,0.0026292864857078045,33,10828720_15
Clearance-aware A*,1,1581.1828996323006,47931,316.3847000000004,0.9885877318116976,0.011412268188302432,nan,nan,nan,0.003681001079990926,33,10828720_15
URA-style A*,1,1584.4966081312857,61104,410.81950000000234,0.9479315263908702,0.052068473609129806,nan,nan,nan,0.005784430268557314,33,10828720_15
GT Oracle A*,1,1575.3839097590771,20822,129.3483999999978,1.0,0.0,nan,nan,nan,0.0,33,10828720_15
Topology+Risk A*,1,1582.839753881793,52446,352.2172999999995,0.9807417974322397,0.01925820256776034,nan,nan,nan,0.004732715674274047,33,10828720_15
Binary-mask A*,0,nan,0,0.0,nan,nan,nan,nan,nan,nan,34,10828720_15
Soft-probability A*,0,nan,0,0.0,nan,nan,nan,nan,nan,nan,34,10828720_15
Clearance-aware A*,0,nan,0,0.0,nan,nan,nan,nan,nan,nan,34,10828720_15
URA-style A*,0,nan,0,0.0,nan,nan,nan,nan,nan,nan,34,10828720_15
GT Oracle A*,1,1835.859089865551,51049,326.2161999999975,1.0,0.0,nan,nan,nan,0.0,34,10828720_15
Topology+Risk A*,0,nan,0,0.0,nan,nan,nan,nan,nan,nan,34,10828720_15
Binary-mask A*,0,nan,0,0.0,nan,nan,nan,nan,nan,nan,35,10828720_15
Soft-probability A*,0,nan,0,0.0,nan,nan,nan,nan,nan,nan,35,10828720_15
Clearance-aware A*,0,nan,0,0.0,nan,nan,nan,nan,nan,nan,35,10828720_15
URA-style A*,0,nan,0,0.0,nan,nan,nan,nan,nan,nan,35,10828720_15
GT Oracle A*,1,1814.0966799187877,45913,296.60170000000363,1.0,0.0,nan,nan,nan,0.0,35,10828720_15
Topology+Risk A*,0,nan,0,0.0,nan,nan,nan,nan,nan,nan,35,10828720_15
Binary-mask A*,0,nan,0,0.0,nan,nan,nan,nan,nan,nan,36,10828720_15
Soft-probability A*,0,nan,0,0.0,nan,nan,nan,nan,nan,nan,36,10828720_15
Clearance-aware A*,0,nan,0,0.0,nan,nan,nan,nan,nan,nan,36,10828720_15
URA-style A*,0,nan,0,0.0,nan,nan,nan,nan,nan,nan,36,10828720_15
GT Oracle A*,1,1877.2093782909958,58591,379.1930000000008,1.0,0.0,nan,nan,nan,0.0,36,10828720_15
Topology+Risk A*,0,nan,0,0.0,nan,nan,nan,nan,nan,nan,36,10828720_15
Binary-mask A*,0,nan,0,0.0,nan,nan,nan,nan,nan,nan,37,10828720_15
Soft-probability A*,0,nan,0,0.0,nan,nan,nan,nan,nan,nan,37,10828720_15
Clearance-aware A*,0,nan,0,0.0,nan,nan,nan,nan,nan,nan,37,10828720_15
URA-style A*,0,nan,0,0.0,nan,nan,nan,nan,nan,nan,37,10828720_15
GT Oracle A*,1,1735.0600999923272,39221,250.2520999999973,1.0,0.0,nan,nan,nan,0.0,37,10828720_15
Topology+Risk A*,0,nan,0,0.0,nan,nan,nan,nan,nan,nan,37,10828720_15
Binary-mask A*,0,nan,0,0.0,nan,nan,nan,nan,nan,nan,38,10828720_15
Soft-probability A*,0,nan,0,0.0,nan,nan,nan,nan,nan,nan,38,10828720_15
Clearance-aware A*,0,nan,0,0.0,nan,nan,nan,nan,nan,nan,38,10828720_15
URA-style A*,0,nan,0,0.0,nan,nan,nan,nan,nan,nan,38,10828720_15
GT Oracle A*,1,2096.6437943888955,40037,251.54240000000527,1.0,0.0,nan,nan,nan,0.0,38,10828720_15
Topology+Risk A*,0,nan,0,0.0,nan,nan,nan,nan,nan,nan,38,10828720_15
Binary-mask A*,0,nan,0,0.0,nan,nan,nan,nan,nan,nan,39,10828720_15
Soft-probability A*,0,nan,0,0.0,nan,nan,nan,nan,nan,nan,39,10828720_15
Clearance-aware A*,0,nan,0,0.0,nan,nan,nan,nan,nan,nan,39,10828720_15
URA-style A*,0,nan,0,0.0,nan,nan,nan,nan,nan,nan,39,10828720_15
GT Oracle A*,1,1816.6681810065395,29833,202.69770000000165,1.0,0.0,nan,nan,nan,0.0,39,10828720_15
Topology+Risk A*,0,nan,0,0.0,nan,nan,nan,nan,nan,nan,39,10828720_15
Binary-mask A*,0,nan,0,0.0,nan,nan,nan,nan,nan,nan,40,11128870_15
Soft-probability A*,0,nan,0,0.0,nan,nan,nan,nan,nan,nan,40,11128870_15
Clearance-aware A*,0,nan,0,0.0,nan,nan,nan,nan,nan,nan,40,11128870_15
URA-style A*,0,nan,0,0.0,nan,nan,nan,nan,nan,nan,40,11128870_15
GT Oracle A*,1,642.7026688919441,8763,57.763999999998816,1.0,0.0,nan,nan,nan,0.0,40,11128870_15
Topology+Risk A*,0,nan,0,0.0,nan,nan,nan,nan,nan,nan,40,11128870_15
Binary-mask A*,1,634.1787155501911,9853,67.63329999999712,0.5647058823529412,0.43529411764705883,nan,nan,nan,-0.011181990566902913,41,11128870_15
Soft-probability A*,1,638.6639969244297,13477,96.39959999999803,0.983249581239531,0.01675041876046901,nan,nan,nan,-0.004188493479296879,41,11128870_15
Clearance-aware A*,1,645.634559672907,15553,112.6088999999979,0.989983305509182,0.01001669449081799,nan,nan,nan,0.006680080019890977,41,11128870_15
URA-style A*,1,647.7350647362953,12803,92.985199999994,0.9933774834437086,0.0066225165562914245,nan,nan,nan,0.009955209229772718,41,11128870_15
GT Oracle A*,1,641.3502884254449,9587,64.56670000000031,1.0,0.0,nan,nan,nan,0.0,41,11128870_15
Topology+Risk A*,1,646.8061325481608,15347,111.9230999999985,0.9916805324459235,0.008319467554076532,nan,nan,nan,0.00850680855872125,41,11128870_15
Binary-mask A*,1,176.95331880577402,1817,11.859499999999912,0.8012820512820513,0.19871794871794868,nan,nan,nan,-0.0065772552291666715,42,11128870_15
Soft-probability A*,1,177.53910524340094,2417,15.99339999999927,0.9936305732484076,0.006369426751592355,nan,nan,nan,-0.003288627614583176,42,11128870_15
Clearance-aware A*,1,179.19595949289334,4008,27.266099999998517,0.9936305732484076,0.006369426751592355,nan,nan,nan,0.0060130159336939685,42,11128870_15
URA-style A*,1,179.78174593052023,2924,19.81940000000293,1.0,0.0,nan,nan,nan,0.009301643548277304,42,11128870_15
GT Oracle A*,1,178.1248916810278,1568,10.454799999997988,1.0,0.0,nan,nan,nan,0.0,42,11128870_15
Topology+Risk A*,1,179.78174593052023,3946,26.548800000000483,1.0,0.0,nan,nan,nan,0.009301643548277304,42,11128870_15
Binary-mask A*,0,nan,0,0.0,nan,nan,nan,nan,nan,nan,43,11128870_15
Soft-probability A*,0,nan,0,0.0,nan,nan,nan,nan,nan,nan,43,11128870_15
Clearance-aware A*,0,nan,0,0.0,nan,nan,nan,nan,nan,nan,43,11128870_15
URA-style A*,0,nan,0,0.0,nan,nan,nan,nan,nan,nan,43,11128870_15
GT Oracle A*,1,613.7817459305209,10874,71.85099999999522,1.0,0.0,nan,nan,nan,0.0,43,11128870_15
Topology+Risk A*,0,nan,0,0.0,nan,nan,nan,nan,nan,nan,43,11128870_15
Binary-mask A*,1,1346.9869401394062,44466,299.9589,0.3610411418975651,0.6389588581024349,nan,nan,nan,2.9295760527820884,44,11128870_15
Soft-probability A*,1,1350.4011537017795,58718,407.88779999999747,0.966499162479062,0.03350083752093802,nan,nan,nan,2.9395363660219465,44,11128870_15
Clearance-aware A*,1,1358.78593001263,61019,419.0301000000005,0.9899749373433584,0.010025062656641603,nan,nan,nan,2.9639973427524575,44,11128870_15
URA-style A*,1,1362.5432893255106,55104,396.24519999999563,0.9950083194675541,0.004991680532445919,nan,nan,nan,2.974958717905854,44,11128870_15
GT Oracle A*,1,342.7817459305202,4584,30.25130000000331,1.0,0.0,nan,nan,nan,0.0,44,11128870_15
Topology+Risk A*,1,1364.4427842621224,63395,457.0168999999993,0.9958368026644463,0.004163197335553703,nan,nan,nan,2.98050013007019,44,11128870_15
Binary-mask A*,0,nan,0,0.0,nan,nan,nan,nan,nan,nan,45,11128870_15
Soft-probability A*,0,nan,0,0.0,nan,nan,nan,nan,nan,nan,45,11128870_15
Clearance-aware A*,0,nan,0,0.0,nan,nan,nan,nan,nan,nan,45,11128870_15
URA-style A*,0,nan,0,0.0,nan,nan,nan,nan,nan,nan,45,11128870_15
GT Oracle A*,1,502.21024484276785,9100,62.26639999999861,1.0,0.0,nan,nan,nan,0.0,45,11128870_15
Topology+Risk A*,1,505.0386719675141,10680,71.63080000000122,0.9925,0.007499999999999951,nan,nan,nan,0.005631958236200049,45,11128870_15
Binary-mask A*,0,nan,0,0.0,nan,nan,nan,nan,nan,nan,46,11128870_15
Soft-probability A*,0,nan,0,0.0,nan,nan,nan,nan,nan,nan,46,11128870_15
Clearance-aware A*,0,nan,0,0.0,nan,nan,nan,nan,nan,nan,46,11128870_15
URA-style A*,0,nan,0,0.0,nan,nan,nan,nan,nan,nan,46,11128870_15
GT Oracle A*,1,1451.647978471009,20879,138.81190000000032,1.0,0.0,nan,nan,nan,0.0,46,11128870_15
Topology+Risk A*,0,nan,0,0.0,nan,nan,nan,nan,nan,nan,46,11128870_15
Binary-mask A*,1,1855.2825381439168,54290,374.52769999999447,0.5132450331125827,0.48675496688741726,nan,nan,nan,-0.016292551239622238,47,11128870_15
Soft-probability A*,1,1859.0398974567975,71593,512.005600000002,0.8191419141914191,0.18085808580858087,nan,nan,nan,-0.014300325113542468,47,11128870_15
Clearance-aware A*,1,1866.69675170629,76207,532.1922999999983,0.8481262327416174,0.15187376725838264,nan,nan,nan,-0.010240509746103282,47,11128870_15
URA-style A*,1,1870.3536059557823,70380,503.6167999999961,0.8292843072882469,0.17071569271175313,nan,nan,nan,-0.008301573389889006,47,11128870_15
GT Oracle A*,1,1886.0104602052747,88559,613.8012999999987,1.0,0.0,nan,nan,nan,0.0,47,11128870_15
Topology+Risk A*,1,1870.1109652686632,75135,603.5376000000028,0.8405511811023622,0.15944881889763785,nan,nan,nan,-0.008430226275034024,47,11128870_15
Binary-mask A*,0,nan,0,0.0,nan,nan,nan,nan,nan,nan,48,11128870_15
Soft-probability A*,0,nan,0,0.0,nan,nan,nan,nan,nan,nan,48,11128870_15
Clearance-aware A*,0,nan,0,0.0,nan,nan,nan,nan,nan,nan,48,11128870_15
URA-style A*,0,nan,0,0.0,nan,nan,nan,nan,nan,nan,48,11128870_15
GT Oracle A*,1,1731.3199846221491,61445,431.4237000000034,1.0,0.0,nan,nan,nan,0.0,48,11128870_15
Topology+Risk A*,0,nan,0,0.0,nan,nan,nan,nan,nan,nan,48,11128870_15
Binary-mask A*,1,1424.1879502661832,35747,246.52840000000253,0.39481946624803765,0.6051805337519623,nan,nan,nan,-0.013311062822917922,49,11128870_15
Soft-probability A*,1,1430.087445202795,53650,380.6786000000031,0.6288175411119812,0.3711824588880188,nan,nan,nan,-0.009223844989204982,49,11128870_15
Clearance-aware A*,1,1441.3006486383917,70053,494.5760999999962,0.6645865834633385,0.33541341653666146,nan,nan,nan,-0.001455246906240184,49,11128870_15
URA-style A*,1,1448.7148622007646,53539,387.20110000000574,0.6423584173778123,0.3576415826221877,nan,nan,nan,0.0036813802492517015,49,11128870_15
GT Oracle A*,1,1443.4011537017798,41757,282.0083000000011,1.0,0.0,nan,nan,nan,0.0,49,11128870_15
Topology+Risk A*,1,1448.371716450257,68983,486.7774999999952,0.655011655011655,0.34498834498834496,nan,nan,nan,0.0034436460963950723,49,11128870_15
Binary-mask A*,0,nan,0,0.0,nan,nan,nan,nan,nan,nan,50,11128870_15
Soft-probability A*,0,nan,0,0.0,nan,nan,nan,nan,nan,nan,50,11128870_15
Clearance-aware A*,0,nan,0,0.0,nan,nan,nan,nan,nan,nan,50,11128870_15
URA-style A*,0,nan,0,0.0,nan,nan,nan,nan,nan,nan,50,11128870_15
GT Oracle A*,1,1411.7413408594596,27378,210.14499999999714,1.0,0.0,nan,nan,nan,0.0,50,11128870_15
Topology+Risk A*,0,nan,0,0.0,nan,nan,nan,nan,nan,nan,50,11128870_15
Binary-mask A*,0,nan,0,0.0,nan,nan,nan,nan,nan,nan,51,11128870_15
Soft-probability A*,0,nan,0,0.0,nan,nan,nan,nan,nan,nan,51,11128870_15
Clearance-aware A*,0,nan,0,0.0,nan,nan,nan,nan,nan,nan,51,11128870_15
URA-style A*,0,nan,0,0.0,nan,nan,nan,nan,nan,nan,51,11128870_15
GT Oracle A*,1,959.0731598529201,18445,121.99259999999867,1.0,0.0,nan,nan,nan,0.0,51,11128870_15
Topology+Risk A*,0,nan,0,0.0,nan,nan,nan,nan,nan,nan,51,11128870_15
Binary-mask A*,1,1000.38896039296,20739,147.1280999999962,0.19742990654205608,0.802570093457944,nan,nan,nan,-0.01266108071454906,52,11128870_15
Soft-probability A*,1,1003.5605332682139,26284,188.9856000000023,0.9651162790697675,0.03488372093023251,nan,nan,nan,-0.009530880903209487,52,11128870_15
Clearance-aware A*,1,1009.2173875177062,39951,274.331200000006,0.9895833333333334,0.01041666666666663,nan,nan,nan,-0.003947820131472131,52,11128870_15
URA-style A*,1,1014.2884553295718,25071,190.91550000000268,0.9965397923875432,0.0034602076124568004,nan,nan,nan,0.0010570957674636383,52,11128870_15
GT Oracle A*,1,1013.2173875177062,17615,124.05389999999983,1.0,0.0,nan,nan,nan,0.0,52,11128870_15
Topology+Risk A*,1,1014.2884553295718,39504,280.9173999999999,0.9988465974625144,0.0011534025374856371,nan,nan,nan,0.0010570957674636383,52,11128870_15
Binary-mask A*,0,nan,0,0.0,nan,nan,nan,nan,nan,nan,53,11128870_15
Soft-probability A*,0,nan,0,0.0,nan,nan,nan,nan,nan,nan,53,11128870_15
Clearance-aware A*,0,nan,0,0.0,nan,nan,nan,nan,nan,nan,53,11128870_15
URA-style A*,0,nan,0,0.0,nan,nan,nan,nan,nan,nan,53,11128870_15
GT Oracle A*,1,1938.7850634608578,72282,497.67820000000285,1.0,0.0,nan,nan,nan,0.0,53,11128870_15
Topology+Risk A*,0,nan,0,0.0,nan,nan,nan,nan,nan,nan,53,11128870_15
Binary-mask A*,1,2162.4448763031714,76179,548.2349999999983,0.3556246759979264,0.6443753240020735,nan,nan,nan,-0.014119788799274113,54,11128870_15
Soft-probability A*,1,2167.273303427918,96029,705.1176000000012,0.8484221417485773,0.15157785825142267,nan,nan,nan,-0.011918460661074128,54,11128870_15
Clearance-aware A*,1,2177.6580797387683,116035,826.0554000000013,0.8792569659442725,0.1207430340557275,nan,nan,nan,-0.007183937448572189,54,11128870_15
URA-style A*,1,2184.001225489275,90825,662.7776999999994,0.8638232271325796,0.13617677286742036,nan,nan,nan,-0.0042920339643652905,54,11128870_15
GT Oracle A*,1,2193.415439051648,109505,747.7471999999991,1.0,0.0,nan,nan,nan,0.0,54,11128870_15
Topology+Risk A*,1,2183.9007204258874,114409,836.275999999998,0.8708183221821925,0.12918167781780754,nan,nan,nan,-0.004337855226310555,54,11128870_15
Binary-mask A*,0,nan,0,0.0,nan,nan,nan,nan,nan,nan,55,11128870_15
Soft-probability A*,0,nan,0,0.0,nan,nan,nan,nan,nan,nan,55,11128870_15
Clearance-aware A*,0,nan,0,0.0,nan,nan,nan,nan,nan,nan,55,11128870_15
URA-style A*,0,nan,0,0.0,nan,nan,nan,nan,nan,nan,55,11128870_15
GT Oracle A*,1,2186.8632739476557,117063,840.5583000000049,1.0,0.0,nan,nan,nan,0.0,55,11128870_15
Topology+Risk A*,0,nan,0,0.0,nan,nan,nan,nan,nan,nan,55,11128870_15
Binary-mask A*,0,nan,0,0.0,nan,nan,nan,nan,nan,nan,56,11128870_15
Soft-probability A*,0,nan,0,0.0,nan,nan,nan,nan,nan,nan,56,11128870_15
Clearance-aware A*,0,nan,0,0.0,nan,nan,nan,nan,nan,nan,56,11128870_15
URA-style A*,0,nan,0,0.0,nan,nan,nan,nan,nan,nan,56,11128870_15
GT Oracle A*,1,2245.5272708720736,101139,700.2807000000075,1.0,0.0,nan,nan,nan,0.0,56,11128870_15
Topology+Risk A*,0,nan,0,0.0,nan,nan,nan,nan,nan,nan,56,11128870_15
Binary-mask A*,1,2123.3678913056506,66512,458.92890000000364,0.2756788665879575,0.7243211334120425,nan,nan,nan,-0.008901568808158669,57,11128870_15
Soft-probability A*,1,2129.125250618532,85949,641.348899999997,0.8447971781305115,0.15520282186948853,nan,nan,nan,-0.006214276697277312,57,11128870_15
Clearance-aware A*,1,2136.438959117516,118197,859.5150999999959,0.8668621700879765,0.1331378299120235,nan,nan,nan,-0.0028005465334100025,57,11128870_15
URA-style A*,1,2139.0247455551425,90107,662.6355000000075,0.8454332552693209,0.1545667447306791,nan,nan,nan,-0.0015936106594041596,57,11128870_15
GT Oracle A*,1,2142.438959117515,69878,480.4222000000067,1.0,0.0,nan,nan,nan,0.0,57,11128870_15
Topology+Risk A*,1,2140.0958133670083,123041,889.1091999999929,0.8547158758055068,0.1452841241944932,nan,nan,nan,-0.0010936814514761356,57,11128870_15
Binary-mask A*,1,2154.1849916733486,71725,502.4304000000086,0.50498687664042,0.49501312335958003,nan,nan,nan,-0.012630438205496388,58,11128870_15
Soft-probability A*,1,2159.5992052357224,97355,691.7516999999975,0.849738219895288,0.15026178010471203,nan,nan,nan,-0.010148836257099988,58,11128870_15
Clearance-aware A*,1,2169.7413408594525,112577,813.0977000000001,0.8810020876826722,0.11899791231732781,nan,nan,nan,-0.005500193710071532,58,11128870_15
URA-style A*,1,2174.08448660996,95642,684.3404000000106,0.8626430801248699,0.1373569198751301,nan,nan,nan,-0.003509515131832425,58,11128870_15
GT Oracle A*,1,2181.7413408594507,71726,507.9441000000031,1.0,0.0,nan,nan,nan,0.0,58,11128870_15
Topology+Risk A*,1,2174.812408671318,116042,812.6380000000069,0.8707660239708181,0.12923397602918185,nan,nan,nan,-0.0031758724365572,58,11128870_15
Binary-mask A*,0,nan,0,0.0,nan,nan,nan,nan,nan,nan,59,11128870_15
Soft-probability A*,0,nan,0,0.0,nan,nan,nan,nan,nan,nan,59,11128870_15
Clearance-aware A*,0,nan,0,0.0,nan,nan,nan,nan,nan,nan,59,11128870_15
URA-style A*,0,nan,0,0.0,nan,nan,nan,nan,nan,nan,59,11128870_15
GT Oracle A*,1,1869.774962193092,75273,512.7590000000026,1.0,0.0,nan,nan,nan,0.0,59,11128870_15
Topology+Risk A*,0,nan,0,0.0,nan,nan,nan,nan,nan,nan,59,11128870_15
Binary-mask A*,0,nan,0,0.0,nan,nan,nan,nan,nan,nan,60,11278840_15
Soft-probability A*,0,nan,0,0.0,nan,nan,nan,nan,nan,nan,60,11278840_15
Clearance-aware A*,0,nan,0,0.0,nan,nan,nan,nan,nan,nan,60,11278840_15
URA-style A*,0,nan,0,0.0,nan,nan,nan,nan,nan,nan,60,11278840_15
GT Oracle A*,1,146.6223663640861,1486,10.043400000000702,1.0,0.0,nan,nan,nan,0.0,60,11278840_15
Topology+Risk A*,0,nan,0,0.0,nan,nan,nan,nan,nan,nan,60,11278840_15
Binary-mask A*,0,nan,0,0.0,nan,nan,nan,nan,nan,nan,61,11278840_15
Soft-probability A*,0,nan,0,0.0,nan,nan,nan,nan,nan,nan,61,11278840_15
Clearance-aware A*,0,nan,0,0.0,nan,nan,nan,nan,nan,nan,61,11278840_15
URA-style A*,0,nan,0,0.0,nan,nan,nan,nan,nan,nan,61,11278840_15
GT Oracle A*,1,456.2375900532366,10873,85.9623000000056,1.0,0.0,nan,nan,nan,0.0,61,11278840_15
Topology+Risk A*,0,nan,0,0.0,nan,nan,nan,nan,nan,nan,61,11278840_15
Binary-mask A*,0,nan,0,0.0,nan,nan,nan,nan,nan,nan,62,11278840_15
Soft-probability A*,0,nan,0,0.0,nan,nan,nan,nan,nan,nan,62,11278840_15
Clearance-aware A*,0,nan,0,0.0,nan,nan,nan,nan,nan,nan,62,11278840_15
URA-style A*,0,nan,0,0.0,nan,nan,nan,nan,nan,nan,62,11278840_15
GT Oracle A*,1,2416.5251788309843,42711,285.09240000001057,1.0,0.0,nan,nan,nan,0.0,62,11278840_15
Topology+Risk A*,0,nan,0,0.0,nan,nan,nan,nan,nan,nan,62,11278840_15
Binary-mask A*,1,165.84062043356593,2175,16.098900000002914,0.5844155844155844,0.4155844155844156,nan,nan,nan,-0.007014894254382239,63,11278840_15
Soft-probability A*,1,165.84062043356602,3517,25.934399999997026,0.987012987012987,0.012987012987012991,nan,nan,nan,-0.007014894254381728,63,11278840_15
Clearance-aware A*,1,165.84062043356602,4206,30.790700000011384,0.987012987012987,0.012987012987012991,nan,nan,nan,-0.007014894254381728,63,11278840_15
URA-style A*,1,167.01219330881983,5055,34.22109999999634,1.0,0.0,nan,nan,nan,5.105323545661696e-16,63,11278840_15
GT Oracle A*,1,167.01219330881975,2195,14.172099999996135,1.0,0.0,nan,nan,nan,0.0,63,11278840_15
Topology+Risk A*,1,167.0121933088198,4798,32.32389999999441,1.0,0.0,nan,nan,nan,3.4035490304411307e-16,63,11278840_15
Binary-mask A*,0,nan,0,0.0,nan,nan,nan,nan,nan,nan,64,11278840_15
Soft-probability A*,0,nan,0,0.0,nan,nan,nan,nan,nan,nan,64,11278840_15
Clearance-aware A*,0,nan,0,0.0,nan,nan,nan,nan,nan,nan,64,11278840_15
URA-style A*,0,nan,0,0.0,nan,nan,nan,nan,nan,nan,64,11278840_15
GT Oracle A*,1,644.0538238691626,13918,91.72329999999818,1.0,0.0,nan,nan,nan,0.0,64,11278840_15
Topology+Risk A*,0,nan,0,0.0,nan,nan,nan,nan,nan,nan,64,11278840_15
Binary-mask A*,0,nan,0,0.0,nan,nan,nan,nan,nan,nan,65,11278840_15
Soft-probability A*,0,nan,0,0.0,nan,nan,nan,nan,nan,nan,65,11278840_15
Clearance-aware A*,0,nan,0,0.0,nan,nan,nan,nan,nan,nan,65,11278840_15
URA-style A*,0,nan,0,0.0,nan,nan,nan,nan,nan,nan,65,11278840_15
GT Oracle A*,1,685.7371567773492,12278,79.47210000000382,1.0,0.0,nan,nan,nan,0.0,65,11278840_15
Topology+Risk A*,0,nan,0,0.0,nan,nan,nan,nan,nan,nan,65,11278840_15
Binary-mask A*,0,nan,0,0.0,nan,nan,nan,nan,nan,nan,66,11278840_15
Soft-probability A*,0,nan,0,0.0,nan,nan,nan,nan,nan,nan,66,11278840_15
Clearance-aware A*,0,nan,0,0.0,nan,nan,nan,nan,nan,nan,66,11278840_15
URA-style A*,0,nan,0,0.0,nan,nan,nan,nan,nan,nan,66,11278840_15
GT Oracle A*,1,1618.0499987245626,85351,594.846000000004,1.0,0.0,nan,nan,nan,0.0,66,11278840_15
Topology+Risk A*,0,nan,0,0.0,nan,nan,nan,nan,nan,nan,66,11278840_15
Binary-mask A*,0,nan,0,0.0,nan,nan,nan,nan,nan,nan,67,11278840_15
Soft-probability A*,0,nan,0,0.0,nan,nan,nan,nan,nan,nan,67,11278840_15
Clearance-aware A*,0,nan,0,0.0,nan,nan,nan,nan,nan,nan,67,11278840_15
URA-style A*,0,nan,0,0.0,nan,nan,nan,nan,nan,nan,67,11278840_15
GT Oracle A*,1,1345.9898987322347,46348,313.3298999999994,1.0,0.0,nan,nan,nan,0.0,67,11278840_15
Topology+Risk A*,0,nan,0,0.0,nan,nan,nan,nan,nan,nan,67,11278840_15
Binary-mask A*,0,nan,0,0.0,nan,nan,nan,nan,nan,nan,68,11278840_15
Soft-probability A*,0,nan,0,0.0,nan,nan,nan,nan,nan,nan,68,11278840_15
Clearance-aware A*,0,nan,0,0.0,nan,nan,nan,nan,nan,nan,68,11278840_15
URA-style A*,0,nan,0,0.0,nan,nan,nan,nan,nan,nan,68,11278840_15
GT Oracle A*,1,1405.6601717798287,32799,223.4110000000129,1.0,0.0,nan,nan,nan,0.0,68,11278840_15
Topology+Risk A*,0,nan,0,0.0,nan,nan,nan,nan,nan,nan,68,11278840_15
Binary-mask A*,0,nan,0,0.0,nan,nan,nan,nan,nan,nan,69,11278840_15
Soft-probability A*,0,nan,0,0.0,nan,nan,nan,nan,nan,nan,69,11278840_15
Clearance-aware A*,0,nan,0,0.0,nan,nan,nan,nan,nan,nan,69,11278840_15
URA-style A*,0,nan,0,0.0,nan,nan,nan,nan,nan,nan,69,11278840_15
GT Oracle A*,1,961.7401153701779,17782,121.8355000000031,1.0,0.0,nan,nan,nan,0.0,69,11278840_15
Topology+Risk A*,0,nan,0,0.0,nan,nan,nan,nan,nan,nan,69,11278840_15
Binary-mask A*,0,nan,0,0.0,nan,nan,nan,nan,nan,nan,70,11278840_15
Soft-probability A*,0,nan,0,0.0,nan,nan,nan,nan,nan,nan,70,11278840_15
Clearance-aware A*,0,nan,0,0.0,nan,nan,nan,nan,nan,nan,70,11278840_15
URA-style A*,0,nan,0,0.0,nan,nan,nan,nan,nan,nan,70,11278840_15
GT Oracle A*,1,2592.673231640388,195918,1427.2768999999953,1.0,0.0,nan,nan,nan,0.0,70,11278840_15
Topology+Risk A*,0,nan,0,0.0,nan,nan,nan,nan,nan,nan,70,11278840_15
Binary-mask A*,0,nan,0,0.0,nan,nan,nan,nan,nan,nan,71,11278840_15
Soft-probability A*,0,nan,0,0.0,nan,nan,nan,nan,nan,nan,71,11278840_15
Clearance-aware A*,0,nan,0,0.0,nan,nan,nan,nan,nan,nan,71,11278840_15
URA-style A*,0,nan,0,0.0,nan,nan,nan,nan,nan,nan,71,11278840_15
GT Oracle A*,1,2572.459161653042,145513,1007.4422999999939,1.0,0.0,nan,nan,nan,0.0,71,11278840_15
Topology+Risk A*,0,nan,0,0.0,nan,nan,nan,nan,nan,nan,71,11278840_15
Binary-mask A*,0,nan,0,0.0,nan,nan,nan,nan,nan,nan,72,11278840_15
Soft-probability A*,0,nan,0,0.0,nan,nan,nan,nan,nan,nan,72,11278840_15
Clearance-aware A*,0,nan,0,0.0,nan,nan,nan,nan,nan,nan,72,11278840_15
URA-style A*,0,nan,0,0.0,nan,nan,nan,nan,nan,nan,72,11278840_15
GT Oracle A*,1,1519.9158723275418,85969,581.8972000000002,1.0,0.0,nan,nan,nan,0.0,72,11278840_15
Topology+Risk A*,0,nan,0,0.0,nan,nan,nan,nan,nan,nan,72,11278840_15
Binary-mask A*,0,nan,0,0.0,nan,nan,nan,nan,nan,nan,73,11278840_15
Soft-probability A*,0,nan,0,0.0,nan,nan,nan,nan,nan,nan,73,11278840_15
Clearance-aware A*,0,nan,0,0.0,nan,nan,nan,nan,nan,nan,73,11278840_15
URA-style A*,0,nan,0,0.0,nan,nan,nan,nan,nan,nan,73,11278840_15
GT Oracle A*,1,2404.124025129209,175877,1240.960600000008,1.0,0.0,nan,nan,nan,0.0,73,11278840_15
Topology+Risk A*,0,nan,0,0.0,nan,nan,nan,nan,nan,nan,73,11278840_15
Binary-mask A*,0,nan,0,0.0,nan,nan,nan,nan,nan,nan,74,11278840_15
Soft-probability A*,0,nan,0,0.0,nan,nan,nan,nan,nan,nan,74,11278840_15
Clearance-aware A*,0,nan,0,0.0,nan,nan,nan,nan,nan,nan,74,11278840_15
URA-style A*,0,nan,0,0.0,nan,nan,nan,nan,nan,nan,74,11278840_15
GT Oracle A*,1,2522.2783540617966,67539,455.419500000005,1.0,0.0,nan,nan,nan,0.0,74,11278840_15
Topology+Risk A*,0,nan,0,0.0,nan,nan,nan,nan,nan,nan,74,11278840_15
Binary-mask A*,0,nan,0,0.0,nan,nan,nan,nan,nan,nan,75,11278840_15
Soft-probability A*,0,nan,0,0.0,nan,nan,nan,nan,nan,nan,75,11278840_15
Clearance-aware A*,0,nan,0,0.0,nan,nan,nan,nan,nan,nan,75,11278840_15
URA-style A*,0,nan,0,0.0,nan,nan,nan,nan,nan,nan,75,11278840_15
GT Oracle A*,1,2620.025612106885,97711,686.717999999999,1.0,0.0,nan,nan,nan,0.0,75,11278840_15
Topology+Risk A*,0,nan,0,0.0,nan,nan,nan,nan,nan,nan,75,11278840_15
Binary-mask A*,0,nan,0,0.0,nan,nan,nan,nan,nan,nan,76,11278840_15
Soft-probability A*,0,nan,0,0.0,nan,nan,nan,nan,nan,nan,76,11278840_15
Clearance-aware A*,0,nan,0,0.0,nan,nan,nan,nan,nan,nan,76,11278840_15
URA-style A*,0,nan,0,0.0,nan,nan,nan,nan,nan,nan,76,11278840_15
GT Oracle A*,1,1758.5525240415031,76978,532.3216000000031,1.0,0.0,nan,nan,nan,0.0,76,11278840_15
Topology+Risk A*,0,nan,0,0.0,nan,nan,nan,nan,nan,nan,76,11278840_15
Binary-mask A*,0,nan,0,0.0,nan,nan,nan,nan,nan,nan,77,11278840_15
Soft-probability A*,0,nan,0,0.0,nan,nan,nan,nan,nan,nan,77,11278840_15
Clearance-aware A*,0,nan,0,0.0,nan,nan,nan,nan,nan,nan,77,11278840_15
URA-style A*,0,nan,0,0.0,nan,nan,nan,nan,nan,nan,77,11278840_15
GT Oracle A*,1,2402.07229330112,108264,745.4931999999985,1.0,0.0,nan,nan,nan,0.0,77,11278840_15
Topology+Risk A*,0,nan,0,0.0,nan,nan,nan,nan,nan,nan,77,11278840_15
Binary-mask A*,0,nan,0,0.0,nan,nan,nan,nan,nan,nan,78,11278840_15
Soft-probability A*,0,nan,0,0.0,nan,nan,nan,nan,nan,nan,78,11278840_15
Clearance-aware A*,0,nan,0,0.0,nan,nan,nan,nan,nan,nan,78,11278840_15
URA-style A*,0,nan,0,0.0,nan,nan,nan,nan,nan,nan,78,11278840_15
GT Oracle A*,1,2046.9230150024791,105142,738.1453999999934,1.0,0.0,nan,nan,nan,0.0,78,11278840_15
Topology+Risk A*,0,nan,0,0.0,nan,nan,nan,nan,nan,nan,78,11278840_15
Binary-mask A*,0,nan,0,0.0,nan,nan,nan,nan,nan,nan,79,11278840_15
Soft-probability A*,0,nan,0,0.0,nan,nan,nan,nan,nan,nan,79,11278840_15
Clearance-aware A*,0,nan,0,0.0,nan,nan,nan,nan,nan,nan,79,11278840_15
URA-style A*,0,nan,0,0.0,nan,nan,nan,nan,nan,nan,79,11278840_15
GT Oracle A*,1,2550.79812332144,120001,829.3039999999934,1.0,0.0,nan,nan,nan,0.0,79,11278840_15
Topology+Risk A*,0,nan,0,0.0,nan,nan,nan,nan,nan,nan,79,11278840_15
Binary-mask A*,1,64.48528137423855,479,3.797500000004561,1.0,0.0,nan,nan,nan,0.0,80,11728825_15
Soft-probability A*,1,64.48528137423855,516,3.877799999997933,1.0,0.0,nan,nan,nan,0.0,80,11728825_15
Clearance-aware A*,1,65.31370849898475,905,5.950999999996043,1.0,0.0,nan,nan,nan,0.012846762968101895,80,11728825_15
URA-style A*,1,64.48528137423855,683,4.59309999999391,1.0,0.0,nan,nan,nan,0.0,80,11728825_15
GT Oracle A*,1,64.48528137423855,432,2.8683999999969956,1.0,0.0,nan,nan,nan,0.0,80,11728825_15
Topology+Risk A*,1,65.31370849898475,876,6.294500000009862,1.0,0.0,nan,nan,nan,0.012846762968101895,80,11728825_15
Binary-mask A*,1,1010.6194077712586,21130,146.64040000000966,0.44241733181299886,0.5575826681870011,nan,nan,nan,-0.011871912570574303,81,11728825_15
Soft-probability A*,1,1015.6904755831242,27823,190.7496999999978,0.9590909090909091,0.040909090909090895,nan,nan,nan,-0.006913701299711916,81,11728825_15
Clearance-aware A*,1,1028.317892581094,34918,249.81180000000336,0.9864559819413092,0.013544018058690765,nan,nan,nan,0.005432692715117606,81,11728825_15
URA-style A*,1,1030.6610383316015,28044,194.19109999999762,0.9932584269662922,0.006741573033707815,nan,nan,nan,0.0077236917907473526,81,11728825_15
GT Oracle A*,1,1022.7615433949895,15750,104.92720000000588,1.0,0.0,nan,nan,nan,0.0,81,11728825_15
Topology+Risk A*,1,1032.317892581094,35544,249.32960000001003,0.9910112359550561,0.008988764044943864,nan,nan,nan,0.009343672772817335,81,11728825_15
Binary-mask A*,1,1031.07315985292,32599,227.5366999999875,0.23854166666666668,0.7614583333333333,nan,nan,nan,-0.017839495866405666,82,11728825_15
Soft-probability A*,1,1034.7300141024125,42537,298.5505000000046,0.9345114345114345,0.06548856548856552,nan,nan,nan,-0.014356117622191751,82,11728825_15
Clearance-aware A*,1,1040.6295090390245,48548,334.680800000001,0.960621761658031,0.03937823834196896,nan,nan,nan,-0.00873648640038501,82,11728825_15
URA-style A*,1,1041.8010819142783,39862,276.73910000000035,0.9648397104446742,0.0351602895553258,nan,nan,nan,-0.007620491289085008,82,11728825_15
GT Oracle A*,1,1049.801081914278,25492,176.00930000000403,1.0,0.0,nan,nan,nan,0.0,82,11728825_15
Topology+Risk A*,1,1041.8010819142783,47355,338.532100000009,0.9658738366080661,0.03412616339193386,nan,nan,nan,-0.007620491289085008,82,11728825_15
Binary-mask A*,1,518.0954544295056,6922,45.03370000000473,0.8052738336713996,0.1947261663286004,nan,nan,nan,-0.02745783555110807,83,11728825_15
Soft-probability A*,1,521.1665222413711,9004,66.92110000000184,0.8906882591093117,0.10931174089068829,nan,nan,nan,-0.021692984863101467,83,11728825_15
Clearance-aware A*,1,528.9655121145946,9843,66.714300000001,0.9375,0.0625,nan,nan,nan,-0.007053121828264147,83,11728825_15
URA-style A*,1,528.1370849898484,8508,59.05680000000757,0.9395161290322581,0.06048387096774188,nan,nan,nan,-0.008608202657676207,83,11728825_15
GT Oracle A*,1,532.7228714274753,10550,68.64400000000614,1.0,0.0,nan,nan,nan,0.0,83,11728825_15
Topology+Risk A*,1,529.5512985522215,9612,68.23109999999133,0.9436619718309859,0.05633802816901412,nan,nan,nan,-0.00595351362849373,83,11728825_15
Binary-mask A*,0,nan,0,0.0,nan,nan,nan,nan,nan,nan,84,11728825_15
Soft-probability A*,0,nan,0,0.0,nan,nan,nan,nan,nan,nan,84,11728825_15
Clearance-aware A*,0,nan,0,0.0,nan,nan,nan,nan,nan,nan,84,11728825_15
URA-style A*,0,nan,0,0.0,nan,nan,nan,nan,nan,nan,84,11728825_15
GT Oracle A*,1,824.1909088590111,16833,109.74170000000072,1.0,0.0,nan,nan,nan,0.0,84,11728825_15
Topology+Risk A*,0,nan,0,0.0,nan,nan,nan,nan,nan,nan,84,11728825_15
Binary-mask A*,1,647.808224589215,14830,108.5187999999988,0.6203007518796992,0.37969924812030076,nan,nan,nan,-0.0192690772880458,85,11728825_15
Soft-probability A*,1,651.2224381515882,18943,137.80500000000018,0.930841121495327,0.06915887850467295,nan,nan,nan,-0.014100225318799436,85,11728825_15
Clearance-aware A*,1,659.7077195258267,22170,161.48920000000544,0.977818853974122,0.02218114602587795,nan,nan,nan,-0.001254173793435625,85,11728825_15
URA-style A*,1,661.7077195258267,18316,130.27540000000215,0.9871086556169429,0.012891344383057057,nan,nan,nan,0.0017736695882499055,85,11728825_15
GT Oracle A*,1,660.5361466505728,11092,76.32529999999349,1.0,0.0,nan,nan,nan,0.0,85,11728825_15
Topology+Risk A*,1,661.7077195258269,21575,155.7578000000035,0.9834254143646409,0.016574585635359074,nan,nan,nan,0.0017736695882500776,85,11728825_15
Binary-mask A*,1,1481.969696196704,37709,264.47779999999455,0.5744843391902216,0.42551566080977843,nan,nan,nan,-0.010868832388437496,86,11728825_15
Soft-probability A*,1,1487.869191133316,48316,340.0263000000052,0.9588414634146342,0.041158536585365835,nan,nan,nan,-0.006931252335386961,86,11728825_15
Clearance-aware A*,1,1499.9108216936586,52984,369.0093000000019,0.976461655277145,0.023538344722854987,nan,nan,nan,0.001105856740909428,86,11728825_15
URA-style A*,1,1497.6681810065393,42969,313.9478000000082,0.9772036474164134,0.022796352583586588,nan,nan,nan,-0.00039097940025893733,86,11728825_15
GT Oracle A*,1,1498.2539674441662,35237,236.04690000000517,1.0,0.0,nan,nan,nan,0.0,86,11728825_15
Topology+Risk A*,1,1500.4966081312855,54632,387.79019999999775,0.9787556904400607,0.02124430955993928,nan,nan,nan,0.0014968361411683653,86,11728825_15
Binary-mask A*,1,945.4600282048249,28902,195.2174000000042,0.5193992490613266,0.4806007509386734,nan,nan,nan,-0.013283325111552544,87,11728825_15
Soft-probability A*,1,948.8742417671981,36192,256.0079000000002,0.9538653366583542,0.04613466334164584,nan,nan,nan,-0.009720126929583382,87,11728825_15
Clearance-aware A*,1,957.3595231414366,36435,257.3952000000048,0.9851485148514851,0.014851485148514865,nan,nan,nan,-0.0008645768552150586,87,11728825_15
URA-style A*,1,959.3595231414366,33497,240.32890000000862,0.991358024691358,0.00864197530864197,nan,nan,nan,0.0012226963143592445,87,11728825_15
GT Oracle A*,1,958.1879502661827,21860,143.3217999999954,1.0,0.0,nan,nan,nan,0.0,87,11728825_15
Topology+Risk A*,1,959.3595231414366,37333,268.7092999999976,0.9888888888888889,0.011111111111111072,nan,nan,nan,0.0012226963143592445,87,11728825_15
Binary-mask A*,0,nan,0,0.0,nan,nan,nan,nan,nan,nan,88,11728825_15
Soft-probability A*,0,nan,0,0.0,nan,nan,nan,nan,nan,nan,88,11728825_15
Clearance-aware A*,0,nan,0,0.0,nan,nan,nan,nan,nan,nan,88,11728825_15
URA-style A*,0,nan,0,0.0,nan,nan,nan,nan,nan,nan,88,11728825_15
GT Oracle A*,1,1501.9259735953067,34166,242.20720000000995,1.0,0.0,nan,nan,nan,0.0,88,11728825_15
Topology+Risk A*,1,1498.2102448427688,66606,466.55979999999886,0.9720229555236729,0.027977044476327095,nan,nan,nan,-0.0024739759601088516,88,11728825_15
Binary-mask A*,1,1308.7098115668825,17685,117.79359999999883,0.3580357142857143,0.6419642857142858,nan,nan,nan,-0.003675893843452663,89,11728825_15
Soft-probability A*,1,1311.8813844421363,22175,158.6837999999915,0.943950177935943,0.05604982206405695,nan,nan,nan,-0.001261367351697932,89,11728825_15
Clearance-aware A*,1,1317.8813844421363,24859,173.76030000001208,0.9973451327433628,0.0026548672566372167,nan,nan,nan,0.0033064478997076137,89,11728825_15
URA-style A*,1,1318.7098115668825,20866,141.94990000000018,1.0,0.0,nan,nan,nan,0.00393713157555658,89,11728825_15
GT Oracle A*,1,1313.5382386916287,15911,103.4338000000048,1.0,0.0,nan,nan,nan,0.0,89,11728825_15
Topology+Risk A*,1,1319.2955980045094,25031,179.2258999999916,0.9991158267020336,0.0008841732979664174,nan,nan,nan,0.004383092279533021,89,11728825_15
Binary-mask A*,0,nan,0,0.0,nan,nan,nan,nan,nan,nan,90,11728825_15
Soft-probability A*,0,nan,0,0.0,nan,nan,nan,nan,nan,nan,90,11728825_15
Clearance-aware A*,0,nan,0,0.0,nan,nan,nan,nan,nan,nan,90,11728825_15
URA-style A*,0,nan,0,0.0,nan,nan,nan,nan,nan,nan,90,11728825_15
GT Oracle A*,1,1154.0752518939746,16950,109.83759999999165,1.0,0.0,nan,nan,nan,0.0,90,11728825_15
Topology+Risk A*,0,nan,0,0.0,nan,nan,nan,nan,nan,nan,90,11728825_15
Binary-mask A*,0,nan,0,0.0,nan,nan,nan,nan,nan,nan,91,11728825_15
Soft-probability A*,0,nan,0,0.0,nan,nan,nan,nan,nan,nan,91,11728825_15
Clearance-aware A*,0,nan,0,0.0,nan,nan,nan,nan,nan,nan,91,11728825_15
URA-style A*,0,nan,0,0.0,nan,nan,nan,nan,nan,nan,91,11728825_15
GT Oracle A*,1,1049.0235200658665,11932,76.5545000000003,1.0,0.0,nan,nan,nan,0.0,91,11728825_15
Topology+Risk A*,0,nan,0,0.0,nan,nan,nan,nan,nan,nan,91,11728825_15
Binary-mask A*,0,nan,0,0.0,nan,nan,nan,nan,nan,nan,92,11728825_15
Soft-probability A*,0,nan,0,0.0,nan,nan,nan,nan,nan,nan,92,11728825_15
Clearance-aware A*,0,nan,0,0.0,nan,nan,nan,nan,nan,nan,92,11728825_15
URA-style A*,0,nan,0,0.0,nan,nan,nan,nan,nan,nan,92,11728825_15
GT Oracle A*,1,1982.2245301926432,36032,246.11580000001254,1.0,0.0,nan,nan,nan,0.0,92,11728825_15
Topology+Risk A*,0,nan,0,0.0,nan,nan,nan,nan,nan,nan,92,11728825_15
Binary-mask A*,1,1943.2976900455642,47643,319.227699999999,0.4391691394658754,0.5608308605341246,nan,nan,nan,-0.008902620252126896,93,11728825_15
Soft-probability A*,1,1950.36875785743,59339,432.21189999999865,0.9680473372781065,0.031952662721893454,nan,nan,nan,-0.005296319057894857,93,11728825_15
Clearance-aware A*,1,1964.9961748553997,61975,449.20240000000433,0.9817432273262662,0.018256772673733823,nan,nan,nan,0.00216378071653927,93,11728825_15
URA-style A*,1,1961.3393206059072,53648,383.21969999999794,0.9823113207547169,0.017688679245283057,nan,nan,nan,0.00029875577293073807,93,11728825_15
GT Oracle A*,1,1960.75353416828,43345,294.64090000000454,1.0,0.0,nan,nan,nan,0.0,93,11728825_15
Topology+Risk A*,1,1965.5819612930266,62739,442.02580000001035,0.9835197174808711,0.01648028251912892,nan,nan,nan,0.002462536489469892,93,11728825_15
Binary-mask A*,1,1894.74134085946,44415,346.7476000000005,0.4875076173065204,0.5124923826934795,nan,nan,nan,-0.008699219828521417,94,11728825_15
Soft-probability A*,1,1900.9839815465793,57636,407.33620000000315,0.9671931956257594,0.03280680437424055,nan,nan,nan,-0.005433162108651036,94,11728825_15
Clearance-aware A*,1,1912.2976900455642,77282,561.1937999999981,0.9812575574365175,0.018742442563482453,nan,nan,nan,0.0004860036475513833,94,11728825_15
URA-style A*,1,1910.2976900455642,59429,434.21850000000006,0.9818401937046005,0.018159806295399483,nan,nan,nan,-0.0005603669137430905,94,11728825_15
GT Oracle A*,1,1911.3687578574297,41948,277.9410999999925,1.0,0.0,nan,nan,nan,0.0,94,11728825_15
Topology+Risk A*,1,1912.883476483191,79115,567.7808000000084,0.9830815709969789,0.016918429003021096,nan,nan,nan,0.0007924784893205548,94,11728825_15
Binary-mask A*,1,2009.7779207859203,56437,385.1688000000024,0.23372093023255813,0.7662790697674419,nan,nan,nan,-0.00784897674881793,95,11728825_15
Soft-probability A*,1,2015.1921343482936,72036,525.0192000000027,0.9773913043478261,0.022608695652173938,nan,nan,nan,-0.0051761851580393176,95,11728825_15
Clearance-aware A*,1,2027.0916292849051,87742,613.9066000000071,0.9919261822376009,0.008073817762399127,nan,nan,nan,0.000698143520481851,95,11728825_15
URA-style A*,1,2028.848988597786,69897,498.9197999999959,0.9959700633275763,0.004029936672423684,nan,nan,nan,0.0015656850644813834,95,11728825_15
GT Oracle A*,1,2025.677415722532,44088,307.8595000000064,1.0,0.0,nan,nan,nan,0.0,95,11728825_15
Topology+Risk A*,1,2029.677415722532,88881,648.2472999999942,0.9942429476108232,0.005757052389176787,nan,nan,nan,0.0019746480702966486,95,11728825_15
Binary-mask A*,1,2024.7190462828748,57883,403.6757999999878,0.4579710144927536,0.5420289855072464,nan,nan,nan,-0.016419088528529732,96,11728825_15
Soft-probability A*,1,2033.5474734076213,73730,529.8654999999997,0.9653779572994806,0.034622042700519384,nan,nan,nan,-0.012130358981504778,96,11728825_15
Clearance-aware A*,1,2048.518036156099,77477,560.9532999999942,0.9845094664371773,0.015490533562822706,nan,nan,nan,-0.004857863678800375,96,11728825_15
URA-style A*,1,2052.8611819066055,70229,528.6669999999987,0.9897084048027445,0.010291595197255532,nan,nan,nan,-0.002748022679487739,96,11728825_15
GT Oracle A*,1,2058.518036156097,54854,388.93880000000536,1.0,0.0,nan,nan,nan,0.0,96,11728825_15
Topology+Risk A*,1,2052.275395468979,77529,538.476199999991,0.9874141876430206,0.01258581235697942,nan,nan,nan,-0.0030325897453758353,96,11728825_15
Binary-mask A*,1,1628.7585848021627,17992,128.0462,0.6235632183908046,0.37643678160919536,nan,nan,nan,-0.0012264231006593978,97,11728825_15
Soft-probability A*,1,1631.9301576774167,23171,164.95980000000543,1.0,0.0,nan,nan,nan,0.0007184220191587372,97,11728825_15
Clearance-aware A*,1,1637.9301576774167,28018,196.2911000000105,1.0,0.0,nan,nan,nan,0.004397691321136931,97,11728825_15
URA-style A*,1,1635.9301576774164,22053,152.25000000000932,1.0,0.0,nan,nan,nan,0.0031712682204773934,97,11728825_15
GT Oracle A*,1,1630.7585848021627,15421,112.29769999999917,1.0,0.0,nan,nan,nan,0.0,97,11728825_15
Topology+Risk A*,1,1637.9301576774167,27926,188.3385000000004,1.0,0.0,nan,nan,nan,0.004397691321136931,97,11728825_15
Binary-mask A*,1,1742.6286424872517,37417,255.4918000000015,0.4325767690253672,0.5674232309746328,nan,nan,nan,-0.009451391062899097,98,11728825_15
Soft-probability A*,1,1748.8712831743712,46324,319.5167000000083,0.9640718562874252,0.0359281437125748,nan,nan,nan,-0.0059029362183290485,98,11728825_15
Clearance-aware A*,1,1760.1849916733559,49511,357.00799999999333,0.9794837855724685,0.020516214427531487,nan,nan,nan,0.0005280255725856553,98,11728825_15
URA-style A*,1,1758.1849916733559,42099,292.3987000000068,0.9801192842942346,0.01988071570576544,nan,nan,nan,-0.0006088186003912013,98,11728825_15
GT Oracle A*,1,1759.2560594852214,35362,245.75000000000102,1.0,0.0,nan,nan,nan,0.0,98,11728825_15
Topology+Risk A*,1,1760.7707781109827,50309,367.7217999999982,0.9814814814814815,0.01851851851851849,nan,nan,nan,0.0008609995216981576,98,11728825_15
Binary-mask A*,1,1983.4398256692953,40160,279.4188999999818,0.421266705403835,0.578733294596165,nan,nan,nan,-0.008313428990415135,99,11728825_15
Soft-probability A*,1,1989.6824663564146,49208,350.2689999999973,0.9687137891077636,0.03128621089223638,nan,nan,nan,-0.005192213586279916,99,11728825_15
Clearance-aware A*,1,2000.9961748553994,51111,370.24160000001416,0.9821222606689735,0.017877739331026543,nan,nan,nan,0.00046445047862273627,99,11728825_15
URA-style A*,1,1998.9961748553994,43990,314.9569999999926,0.9826789838337182,0.01732101616628179,nan,nan,nan,-0.0005355159011739873,99,11728825_15
GT Oracle A*,1,2000.067242667265,37571,248.9736999999934,1.0,0.0,nan,nan,nan,0.0,99,11728825_15
Topology+Risk A*,1,2001.5819612930263,51898,359.2796000000078,0.9838616714697407,0.016138328530259316,nan,nan,nan,0.0007573338503066283,99,11728825_15
Binary-mask A*,1,432.16652224137096,5935,41.36539999998945,0.24444444444444444,0.7555555555555555,nan,nan,nan,-0.005392620517137423,100,12328750_15
Soft-probability A*,1,432.166522241371,7523,51.760900000004995,0.9876543209876543,0.012345679012345734,nan,nan,nan,-0.005392620517137293,100,12328750_15
Clearance-aware A*,1,432.7523086789979,8355,57.364000000006854,0.9901477832512315,0.009852216748768461,nan,nan,nan,-0.004044465387852937,100,12328750_15
URA-style A*,1,433.9238815542517,6660,45.22419999997851,0.9975490196078431,0.002450980392156854,nan,nan,nan,-0.001348155129284225,100,12328750_15
GT Oracle A*,1,434.50966799187853,4642,29.82320000000982,1.0,0.0,nan,nan,nan,0.0,100,12328750_15
Topology+Risk A*,1,433.3380951166248,7969,54.98040000000515,0.995085995085995,0.004914004914004955,nan,nan,nan,-0.002696310258568581,100,12328750_15
Binary-mask A*,1,723.8031739553329,14989,98.45099999998297,0.6528497409326425,0.3471502590673575,nan,nan,nan,-0.0027555679993803432,101,12328750_15
Soft-probability A*,1,723.803173955333,18327,124.5828000000131,0.9948186528497409,0.005181347150259086,nan,nan,nan,-0.0027555679993801867,101,12328750_15
Clearance-aware A*,1,726.0458146424523,18033,128.06520000000887,0.9982758620689656,0.0017241379310344307,nan,nan,nan,0.00033430645638698407,101,12328750_15
URA-style A*,1,728.6316010800792,15629,111.92209999998681,1.0,0.0,nan,nan,nan,0.003896961636765166,101,12328750_15
GT Oracle A*,1,725.8031739553329,12959,83.57639999999833,1.0,0.0,nan,nan,nan,0.0,101,12328750_15
Topology+Risk A*,1,726.6316010800792,17836,126.65830000000255,1.0,0.0,nan,nan,nan,0.0011413936373848228,101,12328750_15
Binary-mask A*,1,65.31370849898474,505,3.272500000008449,0.746031746031746,0.25396825396825395,nan,nan,nan,0.0,102,12328750_15
Soft-probability A*,1,65.31370849898475,597,3.9554999999893425,1.0,0.0,nan,nan,nan,2.175784386125143e-16,102,12328750_15
Clearance-aware A*,1,65.31370849898475,756,5.966200000017352,1.0,0.0,nan,nan,nan,2.175784386125143e-16,102,12328750_15
URA-style A*,1,65.31370849898475,698,4.7762999999747535,1.0,0.0,nan,nan,nan,2.175784386125143e-16,102,12328750_15
GT Oracle A*,1,65.31370849898474,440,2.643699999993032,1.0,0.0,nan,nan,nan,0.0,102,12328750_15
Topology+Risk A*,1,65.31370849898475,750,4.810300000002599,1.0,0.0,nan,nan,nan,2.175784386125143e-16,102,12328750_15
Binary-mask A*,1,367.40411229460744,7162,46.816399999983105,0.5645161290322581,0.4354838709677419,nan,nan,nan,-0.02987371567378897,103,12328750_15
Soft-probability A*,1,373.40411229460744,9878,68.7202999999954,0.8734177215189873,0.12658227848101267,nan,nan,nan,-0.014030785474657666,103,12328750_15
Clearance-aware A*,1,380.57568516986123,11043,75.28379999999402,0.8981481481481481,0.10185185185185186,nan,nan,nan,0.004905669272113861,103,12328750_15
URA-style A*,1,383.50461735799576,10695,74.5217999999852,0.9088145896656535,0.09118541033434646,nan,nan,nan,0.01263948064121456,103,12328750_15
GT Oracle A*,1,378.7178207935922,5873,37.75419999999485,1.0,0.0,nan,nan,nan,0.0,103,12328750_15
Topology+Risk A*,1,383.1614716074881,10830,75.63780000000975,0.9143730886850153,0.08562691131498468,nan,nan,nan,0.01173340827897774,103,12328750_15
Binary-mask A*,0,nan,0,0.0,nan,nan,nan,nan,nan,nan,104,12328750_15
Soft-probability A*,0,nan,0,0.0,nan,nan,nan,nan,nan,nan,104,12328750_15
Clearance-aware A*,0,nan,0,0.0,nan,nan,nan,nan,nan,nan,104,12328750_15
URA-style A*,0,nan,0,0.0,nan,nan,nan,nan,nan,nan,104,12328750_15
GT Oracle A*,1,554.03657992646,7162,47.49860000001149,1.0,0.0,nan,nan,nan,0.0,104,12328750_15
Topology+Risk A*,0,nan,0,0.0,nan,nan,nan,nan,nan,nan,104,12328750_15
Binary-mask A*,1,872.7178207935925,20166,140.8183000000065,0.3891625615763547,0.6108374384236452,nan,nan,nan,-0.009742143759743438,105,12328750_15
Soft-probability A*,1,875.7888886054582,24266,190.0695000000212,0.9876998769987699,0.012300123001230068,nan,nan,nan,-0.006257456091762615,105,12328750_15
Clearance-aware A*,1,878.0315292925775,29407,216.1514000000011,0.9926289926289926,0.0073710073710073765,nan,nan,nan,-0.0037127703912637868,105,12328750_15
URA-style A*,1,881.2031021678313,23602,171.37220000000752,0.9963325183374083,0.003667481662591676,nan,nan,nan,-0.00011404136164154622,105,12328750_15
GT Oracle A*,1,881.3036072312195,16182,110.80839999999625,1.0,0.0,nan,nan,nan,0.0,105,12328750_15
Topology+Risk A*,1,880.0315292925775,28474,199.83679999998571,0.9950980392156863,0.004901960784313708,nan,nan,nan,-0.001443404892711733,105,12328750_15
Binary-mask A*,1,1183.9259735953065,24725,166.89550000000963,0.4420955882352941,0.5579044117647058,nan,nan,nan,-0.003570739570226394,106,12328750_15
Soft-probability A*,1,1188.4112549695453,32863,231.50569999998538,0.9954128440366973,0.004587155963302725,nan,nan,nan,0.00020421401828231718,106,12328750_15
Clearance-aware A*,1,1194.5533905932764,47011,334.67009999998254,0.9972527472527473,0.0027472527472527375,nan,nan,nan,0.005373628148481761,106,12328750_15
URA-style A*,1,1192.6538956566646,32927,235.67750000000842,0.9981701738334858,0.0018298261665141702,nan,nan,nan,0.0037749535885087115,106,12328750_15
GT Oracle A*,1,1188.1686142824258,20977,137.55979999999113,1.0,0.0,nan,nan,nan,0.0,106,12328750_15
Topology+Risk A*,1,1195.1391770309033,45900,330.7602000000145,0.9981701738334858,0.0018298261665141702,nan,nan,nan,0.005866644401045097,106,12328750_15
Binary-mask A*,0,nan,0,0.0,nan,nan,nan,nan,nan,nan,107,12328750_15
Soft-probability A*,0,nan,0,0.0,nan,nan,nan,nan,nan,nan,107,12328750_15
Clearance-aware A*,0,nan,0,0.0,nan,nan,nan,nan,nan,nan,107,12328750_15
URA-style A*,0,nan,0,0.0,nan,nan,nan,nan,nan,nan,107,12328750_15
GT Oracle A*,1,1228.6833329081874,21743,146.8511999999862,1.0,0.0,nan,nan,nan,0.0,107,12328750_15
Topology+Risk A*,0,nan,0,0.0,nan,nan,nan,nan,nan,nan,107,12328750_15
Binary-mask A*,1,2262.45706961197,54353,389.1052999999829,0.4402578086266733,0.5597421913733267,nan,nan,nan,-0.006343557575577405,108,12328750_15
Soft-probability A*,1,2266.69971029909,68076,493.07289999998716,0.9623762376237623,0.03762376237623766,nan,nan,nan,-0.004480217356542088,108,12328750_15
Clearance-aware A*,1,2273.7707781109557,85441,622.6408999999933,0.971358024691358,0.028641975308641987,nan,nan,nan,-0.0013746503248169598,108,12328750_15
URA-style A*,1,2275.2854967367166,67921,487.07099999998604,0.9728930507639231,0.027106949236076927,nan,nan,nan,-0.0007093957477629381,108,12328750_15
GT Oracle A*,1,2276.900720425865,53489,356.8132999999989,1.0,0.0,nan,nan,nan,0.0,108,12328750_15
Topology+Risk A*,1,2276.356564548582,84916,604.0662999999995,0.9733727810650887,0.026627218934911268,nan,nan,nan,-0.00023898972511256296,108,12328750_15
Binary-mask A*,1,1954.0702012600925,69657,477.8269999999907,0.48934977578475336,0.5106502242152466,nan,nan,nan,-0.010253005631647792,109,12328750_15
Soft-probability A*,1,1964.312841947212,95326,676.7731000000197,0.9414389291689905,0.058561070831009476,nan,nan,nan,-0.005065053413792842,109,12328750_15
Clearance-aware A*,1,1978.2123368838238,107769,751.9822999999803,0.9462305986696231,0.05376940133037689,nan,nan,nan,0.001975115014075482,109,12328750_15
URA-style A*,1,1982.0702012600927,95892,684.9090999999987,0.9486754966887417,0.05132450331125826,nan,nan,nan,0.003929143926972603,109,12328750_15
GT Oracle A*,1,1974.3128419472118,65447,453.365400000024,1.0,0.0,nan,nan,nan,0.0,109,12328750_15
Topology+Risk A*,1,1981.3839097590776,108133,747.1780000000194,0.9496681415929203,0.050331858407079655,nan,nan,nan,0.003581533615965216,109,12328750_15
Binary-mask A*,0,nan,0,0.0,nan,nan,nan,nan,nan,nan,110,12328750_15
Soft-probability A*,0,nan,0,0.0,nan,nan,nan,nan,nan,nan,110,12328750_15
Clearance-aware A*,0,nan,0,0.0,nan,nan,nan,nan,nan,nan,110,12328750_15
URA-style A*,0,nan,0,0.0,nan,nan,nan,nan,nan,nan,110,12328750_15
GT Oracle A*,1,2433.454977570936,46495,309.4912999999906,1.0,0.0,nan,nan,nan,0.0,110,12328750_15
Topology+Risk A*,0,nan,0,0.0,nan,nan,nan,nan,nan,nan,110,12328750_15
Binary-mask A*,1,702.7350647362952,6824,46.00709999999708,0.4279210925644917,0.5720789074355084,nan,nan,nan,-0.0033232423235570003,111,12328750_15
Soft-probability A*,1,703.9066376115491,9165,68.83170000000405,0.9969742813918305,0.00302571860816947,nan,nan,nan,-0.001661621161778339,111,12328750_15
Clearance-aware A*,1,703.9066376115491,13503,98.60690000002137,0.9969742813918305,0.00302571860816947,nan,nan,nan,-0.001661621161778339,111,12328750_15
URA-style A*,1,706.2497833620566,9297,82.31589999999755,1.0,0.0,nan,nan,nan,0.0016616211617786615,111,12328750_15
GT Oracle A*,1,705.0782104868027,5623,39.30070000001251,1.0,0.0,nan,nan,nan,0.0,111,12328750_15
Topology+Risk A*,1,705.0782104868028,13065,99.46669999999358,0.9984917043740573,0.0015082956259426794,nan,nan,nan,1.6124003838258446e-16,111,12328750_15
Binary-mask A*,1,1700.0092347159919,36189,252.05599999998185,0.6943396226415094,0.3056603773584906,nan,nan,nan,-0.008705230588625237,112,12328750_15
Soft-probability A*,1,1706.1513703397231,49853,345.5404000000044,0.957286432160804,0.042713567839196,nan,nan,nan,-0.005123681269666808,112,12328750_15
Clearance-aware A*,1,1714.7787873376928,59135,427.71110000001045,0.9629861982434128,0.037013801756587195,nan,nan,nan,-9.293604254048277e-05,112,12328750_15
URA-style A*,1,1716.6366517139618,48383,333.9474999999936,0.965625,0.034375000000000044,nan,nan,nan,0.0009904058598808883,112,12328750_15
GT Oracle A*,1,1714.9381669041265,34938,244.29130000001464,1.0,0.0,nan,nan,nan,0.0,112,12328750_15
Topology+Risk A*,1,1717.3645737753197,57661,409.066700000011,0.965560425798372,0.03443957420162802,nan,nan,nan,0.0014148655141155548,112,12328750_15
Binary-mask A*,0,nan,0,0.0,nan,nan,nan,nan,nan,nan,113,12328750_15
Soft-probability A*,0,nan,0,0.0,nan,nan,nan,nan,nan,nan,113,12328750_15
Clearance-aware A*,0,nan,0,0.0,nan,nan,nan,nan,nan,nan,113,12328750_15
URA-style A*,0,nan,0,0.0,nan,nan,nan,nan,nan,nan,113,12328750_15
GT Oracle A*,1,2648.822509939038,80641,539.3578000000048,1.0,0.0,nan,nan,nan,0.0,113,12328750_15
Topology+Risk A*,1,2670.763635435996,126152,885.6922000000225,0.9561510353227771,0.04384896467722288,nan,nan,nan,0.008283350588659548,113,12328750_15
Binary-mask A*,1,1813.084486609967,22851,156.6730999999777,0.6303651505445227,0.3696348494554773,nan,nan,nan,-0.005727167351884023,114,12328750_15
Soft-probability A*,1,1816.49870017234,31011,213.19800000000555,0.9827365728900256,0.017263427109974416,nan,nan,nan,-0.0038548553802154975,114,12328750_15
Clearance-aware A*,1,1822.9839815465787,33159,227.51550000000975,0.9942602040816326,0.005739795918367374,nan,nan,nan,-0.0002984082702737037,114,12328750_15
URA-style A*,1,1823.9129137347131,27883,187.58909999999673,0.9968173138128581,0.003182686187141903,nan,nan,nan,0.00021100651147284508,114,12328750_15
GT Oracle A*,1,1823.5281374238627,18699,131.65789999999333,1.0,0.0,nan,nan,nan,0.0,114,12328750_15
Topology+Risk A*,1,1824.1555544218324,33457,223.56750000000147,0.9955414012738854,0.004458598726114649,nan,nan,nan,0.0003440676264288792,114,12328750_15
Binary-mask A*,0,nan,0,0.0,nan,nan,nan,nan,nan,nan,115,12328750_15
Soft-probability A*,0,nan,0,0.0,nan,nan,nan,nan,nan,nan,115,12328750_15
Clearance-aware A*,0,nan,0,0.0,nan,nan,nan,nan,nan,nan,115,12328750_15
URA-style A*,0,nan,0,0.0,nan,nan,nan,nan,nan,nan,115,12328750_15
GT Oracle A*,1,1948.636651713962,47549,316.03770000000964,1.0,0.0,nan,nan,nan,0.0,115,12328750_15
Topology+Risk A*,0,nan,0,0.0,nan,nan,nan,nan,nan,nan,115,12328750_15
Binary-mask A*,1,2061.0508652763338,47648,317.09480000000667,0.5288065843621399,0.4711934156378601,nan,nan,nan,-0.0005681117873512939,116,12328750_15
Soft-probability A*,1,2066.6072144624386,65228,490.2533000000062,0.9809768637532134,0.019023136246786643,nan,nan,nan,0.0021262382901724103,116,12328750_15
Clearance-aware A*,1,2080.447834896004,83031,608.3528999999999,0.9743062692702981,0.025693730729701936,nan,nan,nan,0.00883774534077518,116,12328750_15
URA-style A*,1,2077.8204178980345,71088,517.4412000000075,0.9830769230769231,0.01692307692307693,nan,nan,nan,0.007563674731629491,116,12328750_15
GT Oracle A*,1,2062.222438151588,39295,270.7493999999997,1.0,0.0,nan,nan,nan,0.0,116,12328750_15
Topology+Risk A*,1,2082.2051942088847,81359,578.2626000000164,0.9794766546947152,0.020523345305284768,nan,nan,nan,0.00968991302180168,116,12328750_15
Binary-mask A*,1,1821.9423509862359,34382,233.63630000000057,0.47903430749682335,0.5209656925031767,nan,nan,nan,-0.0022455689086394695,117,12328750_15
Soft-probability A*,1,1823.1139238614896,40889,281.55770000000757,0.9898477157360406,0.010152284263959421,nan,nan,nan,-0.0016039777918853354,117,12328750_15
Clearance-aware A*,1,1826.8712831743703,42705,298.4055999999953,0.9987349778621126,0.0012650221378873727,nan,nan,nan,0.0004536734294059196,117,12328750_15
URA-style A*,1,1827.214428924878,37111,253.52739999999585,0.9993682880606444,0.0006317119393556281,nan,nan,nan,0.0006415911167541342,117,12328750_15
GT Oracle A*,1,1826.042856049624,28434,185.37029999998822,1.0,0.0,nan,nan,nan,0.0,117,12328750_15
Topology+Risk A*,1,1827.4570696119972,43296,302.53940000000057,0.9987357774968394,0.0012642225031606058,nan,nan,nan,0.0007744689877829868,117,12328750_15
Binary-mask A*,0,nan,0,0.0,nan,nan,nan,nan,nan,nan,118,12328750_15
Soft-probability A*,0,nan,0,0.0,nan,nan,nan,nan,nan,nan,118,12328750_15
Clearance-aware A*,0,nan,0,0.0,nan,nan,nan,nan,nan,nan,118,12328750_15
URA-style A*,0,nan,0,0.0,nan,nan,nan,nan,nan,nan,118,12328750_15
GT Oracle A*,1,2099.496608131281,54943,363.31219999999576,1.0,0.0,nan,nan,nan,0.0,118,12328750_15
Topology+Risk A*,0,nan,0,0.0,nan,nan,nan,nan,nan,nan,118,12328750_15
Binary-mask A*,1,1853.391052434015,62767,450.38970000001655,0.3624161073825503,0.6375838926174497,nan,nan,nan,-0.0015778164391903838,119,12328750_15
Soft-probability A*,1,1854.562625309269,73660,518.7784999999963,0.9981718464351006,0.001828153564899404,nan,nan,nan,-0.0009466898635141078,119,12328750_15
Clearance-aware A*,1,1855.7341981845227,89224,631.0366000000158,0.9987827145465612,0.001217285453438799,nan,nan,nan,-0.00031556328783795425,119,12328750_15
URA-style A*,1,1856.9057710597765,71934,521.5512999999987,0.9993920972644377,0.0006079027355623268,nan,nan,nan,0.0003155632878381992,119,12328750_15
GT Oracle A*,1,1856.3199846221494,54329,364.1388000000063,1.0,0.0,nan,nan,nan,0.0,119,12328750_15
Topology+Risk A*,1,1856.3199846221496,88210,618.7961999999914,0.9987834549878345,0.0012165450121655041,nan,nan,nan,1.224862509302315e-16,119,12328750_15
Binary-mask A*,0,nan,0,0.0,nan,nan,nan,nan,nan,nan,120,15928855_15
Soft-probability A*,0,nan,0,0.0,nan,nan,nan,nan,nan,nan,120,15928855_15
Clearance-aware A*,0,nan,0,0.0,nan,nan,nan,nan,nan,nan,120,15928855_15
URA-style A*,0,nan,0,0.0,nan,nan,nan,nan,nan,nan,120,15928855_15
GT Oracle A*,1,69.87005768508877,670,4.451199999977007,1.0,0.0,nan,nan,nan,0.0,120,15928855_15
Topology+Risk A*,0,nan,0,0.0,nan,nan,nan,nan,nan,nan,120,15928855_15
Binary-mask A*,1,356.4213562373098,2681,16.484399999995958,0.45569620253164556,0.5443037974683544,nan,nan,nan,-0.010155722126447468,121,15928855_15
Soft-probability A*,1,359.24978336205606,4292,27.90399999997817,0.9811320754716981,0.018867924528301883,nan,nan,nan,-0.0023006866303467146,121,15928855_15
Clearance-aware A*,1,363.1492782986678,4928,32.69409999998629,1.0,0.0,nan,nan,nan,0.0085288910087442,121,15928855_15
URA-style A*,1,363.7350647362947,4396,28.828299999986484,1.0,0.0,nan,nan,nan,0.010155722126447626,121,15928855_15
GT Oracle A*,1,360.0782104868022,2655,17.11930000001871,1.0,0.0,nan,nan,nan,0.0,121,15928855_15
Topology+Risk A*,1,363.7350647362947,4848,33.905599999997094,1.0,0.0,nan,nan,nan,0.010155722126447626,121,15928855_15
Binary-mask A*,0,nan,0,0.0,nan,nan,nan,nan,nan,nan,122,15928855_15
Soft-probability A*,0,nan,0,0.0,nan,nan,nan,nan,nan,nan,122,15928855_15
Clearance-aware A*,0,nan,0,0.0,nan,nan,nan,nan,nan,nan,122,15928855_15
URA-style A*,0,nan,0,0.0,nan,nan,nan,nan,nan,nan,122,15928855_15
GT Oracle A*,1,390.17366491630787,4173,28.28829999998561,1.0,0.0,nan,nan,nan,0.0,122,15928855_15
Topology+Risk A*,0,nan,0,0.0,nan,nan,nan,nan,nan,nan,122,15928855_15
Binary-mask A*,1,695.3351365237967,8941,59.16840000000434,0.24035087719298245,0.7596491228070176,nan,nan,nan,-0.0004932535041711603,123,15928855_15
Soft-probability A*,1,695.9209229614237,10861,76.04369999998539,0.9929947460595446,0.007005253940455369,nan,nan,nan,0.0003487828976437135,123,15928855_15
Clearance-aware A*,1,697.9209229614237,10063,65.28250000002345,1.0,0.0,nan,nan,nan,0.0032236750007313946,123,15928855_15
URA-style A*,1,698.7493500861699,10734,70.23540000000139,1.0,0.0,nan,nan,nan,0.004414494300189655,123,15928855_15
GT Oracle A*,1,695.6782822743043,9404,65.03170000002001,1.0,0.0,nan,nan,nan,0.0,123,15928855_15
Topology+Risk A*,1,697.9209229614237,10276,67.1734000000015,1.0,0.0,nan,nan,nan,0.0032236750007313946,123,15928855_15
Binary-mask A*,0,nan,0,0.0,nan,nan,nan,nan,nan,nan,124,15928855_15
Soft-probability A*,0,nan,0,0.0,nan,nan,nan,nan,nan,nan,124,15928855_15
Clearance-aware A*,0,nan,0,0.0,nan,nan,nan,nan,nan,nan,124,15928855_15
URA-style A*,0,nan,0,0.0,nan,nan,nan,nan,nan,nan,124,15928855_15
GT Oracle A*,1,446.9848480983514,5096,32.827499999996235,1.0,0.0,nan,nan,nan,0.0,124,15928855_15
Topology+Risk A*,0,nan,0,0.0,nan,nan,nan,nan,nan,nan,124,15928855_15
Binary-mask A*,0,nan,0,0.0,nan,nan,nan,nan,nan,nan,125,15928855_15
Soft-probability A*,0,nan,0,0.0,nan,nan,nan,nan,nan,nan,125,15928855_15
Clearance-aware A*,0,nan,0,0.0,nan,nan,nan,nan,nan,nan,125,15928855_15
URA-style A*,0,nan,0,0.0,nan,nan,nan,nan,nan,nan,125,15928855_15
GT Oracle A*,1,340.64675298172676,3440,21.258100000011382,1.0,0.0,nan,nan,nan,0.0,125,15928855_15
Topology+Risk A*,1,349.13203435596535,7084,45.6561000000022,0.9444444444444444,0.05555555555555558,nan,nan,nan,0.02490932703736576,125,15928855_15
Binary-mask A*,1,1233.3595231414367,17236,110.90659999999275,0.5285977859778598,0.4714022140221402,nan,nan,nan,-0.0034281135013489268,126,15928855_15
Soft-probability A*,1,1239.8448045156754,21932,146.10369999999762,0.9549632352941176,0.04503676470588236,nan,nan,nan,0.0018120852990282832,126,15928855_15
Clearance-aware A*,1,1249.3006486383913,21580,145.99999999998658,0.9844036697247707,0.015596330275229331,nan,nan,nan,0.009452540688556695,126,15928855_15
URA-style A*,1,1248.229580826526,20601,143.46309999999107,0.9835013748854262,0.016498625114573784,nan,nan,nan,0.0085871027932706,126,15928855_15
GT Oracle A*,1,1237.602163828556,15057,96.71240000000125,1.0,0.0,nan,nan,nan,0.0,126,15928855_15
Topology+Risk A*,1,1249.8864350760182,21252,146.01899999999546,0.9853345554537122,0.01466544454628782,nan,nan,nan,0.009925864390427697,126,15928855_15
Binary-mask A*,1,1161.1341263970207,15356,103.84940000000142,0.5825242718446602,0.41747572815533984,nan,nan,nan,-0.003847981034233799,127,15928855_15
Soft-probability A*,1,1168.4478348960056,19336,130.8706000000086,0.9526112185686654,0.047388781431334626,nan,nan,nan,0.0024265442955813087,127,15928855_15
Clearance-aware A*,1,1177.9036790187215,17634,126.16320000000769,0.9835907335907336,0.016409266409266432,nan,nan,nan,0.010538835545772578,127,15928855_15
URA-style A*,1,1177.6610383316022,18177,121.32640000001516,0.982642237222758,0.017357762777241992,nan,nan,nan,0.010330670954910743,127,15928855_15
GT Oracle A*,1,1165.6194077712594,13366,86.31379999999922,1.0,0.0,nan,nan,nan,0.0,127,15928855_15
Topology+Risk A*,1,1178.4894654563484,20452,136.29119999998807,0.9845708775313404,0.015429122468659573,nan,nan,nan,0.011041389324236987,127,15928855_15
Binary-mask A*,0,nan,0,0.0,nan,nan,nan,nan,nan,nan,128,15928855_15
Soft-probability A*,0,nan,0,0.0,nan,nan,nan,nan,nan,nan,128,15928855_15
Clearance-aware A*,0,nan,0,0.0,nan,nan,nan,nan,nan,nan,128,15928855_15
URA-style A*,0,nan,0,0.0,nan,nan,nan,nan,nan,nan,128,15928855_15
GT Oracle A*,1,1271.7392488184043,15535,101.18729999999232,1.0,0.0,nan,nan,nan,0.0,128,15928855_15
Topology+Risk A*,0,nan,0,0.0,nan,nan,nan,nan,nan,nan,128,15928855_15
Binary-mask A*,1,1104.2173875177057,14176,97.14260000001218,0.2502606882168926,0.7497393117831074,nan,nan,nan,-0.0033007846122131024,129,15928855_15
Soft-probability A*,1,1107.8742417671983,17874,126.40100000001553,0.967741935483871,0.032258064516129004,nan,nan,nan,2.0523419253844424e-16,129,15928855_15
Clearance-aware A*,1,1115.087445202795,18621,127.4244999999894,1.0,0.0,nan,nan,nan,0.006510850386855156,129,15928855_15
URA-style A*,1,1114.8448045156754,16445,111.84979999998745,1.0,0.0,nan,nan,nan,0.006291835738827503,129,15928855_15
GT Oracle A*,1,1107.874241767198,14637,101.42700000000104,1.0,0.0,nan,nan,nan,0.0,129,15928855_15
Topology+Risk A*,1,1115.6732316404216,18117,123.34020000000123,1.0,0.0,nan,nan,nan,0.007039598520481102,129,15928855_15
Binary-mask A*,1,956.7493500861694,13925,90.63240000000405,0.4789410348977136,0.5210589651022863,nan,nan,nan,-0.0023385395380736734,130,15928855_15
Soft-probability A*,1,963.8204178980351,17658,132.16320000000792,0.9413875598086124,0.05861244019138756,nan,nan,nan,0.00503489827986248,130,15928855_15
Clearance-aware A*,1,973.0336213336317,17562,124.45230000000151,0.9797377830750894,0.020262216924910592,nan,nan,nan,0.0146420728175429,130,15928855_15
URA-style A*,1,972.7909806465124,16832,115.02889999999866,0.9785714285714285,0.021428571428571463,nan,nan,nan,0.014389056432157174,130,15928855_15
GT Oracle A*,1,958.9919907732888,12409,80.45569999998747,1.0,0.0,nan,nan,nan,0.0,130,15928855_15
Topology+Risk A*,1,973.6194077712586,17295,122.88040000001388,0.9809523809523809,0.01904761904761909,nan,nan,nan,0.015252908406643641,130,15928855_15
Binary-mask A*,0,nan,0,0.0,nan,nan,nan,nan,nan,nan,131,15928855_15
Soft-probability A*,0,nan,0,0.0,nan,nan,nan,nan,nan,nan,131,15928855_15
Clearance-aware A*,0,nan,0,0.0,nan,nan,nan,nan,nan,nan,131,15928855_15
URA-style A*,0,nan,0,0.0,nan,nan,nan,nan,nan,nan,131,15928855_15
GT Oracle A*,1,725.1219330882005,7494,47.47910000000388,1.0,0.0,nan,nan,nan,0.0,131,15928855_15
Topology+Risk A*,0,nan,0,0.0,nan,nan,nan,nan,nan,nan,131,15928855_15
Binary-mask A*,1,1053.489465456348,14495,99.64529999999172,0.6271929824561403,0.3728070175438597,nan,nan,nan,-0.0021242516676996453,132,15928855_15
Soft-probability A*,1,1060.5605332682135,17196,116.03220000000647,0.9465648854961832,0.05343511450381677,nan,nan,nan,0.004573534419052764,132,15928855_15
Clearance-aware A*,1,1069.77373670381,17671,120.3228999999908,0.9815217391304348,0.018478260869565166,nan,nan,nan,0.01330037277319919,132,15928855_15
URA-style A*,1,1069.5310960166908,16407,110.22209999998722,0.9804560260586319,0.019543973941368087,nan,nan,nan,0.013070541089851345,132,15928855_15
GT Oracle A*,1,1055.7321061434673,11963,76.64579999999432,1.0,0.0,nan,nan,nan,0.0,132,15928855_15
Topology+Risk A*,1,1070.359523141437,20808,138.2199999999898,0.9826275787187839,0.017372421281216077,nan,nan,nan,0.013855235540200508,132,15928855_15
Binary-mask A*,1,1797.3271272970871,27202,183.56670000000008,0.6794041450777202,0.3205958549222798,nan,nan,nan,-0.0023549688513403787,133,15928855_15
Soft-probability A*,1,1803.8124086713258,30497,213.14160000000015,0.9683462532299741,0.03165374677002586,nan,nan,nan,0.0012448258884964702,133,15928855_15
Clearance-aware A*,1,1813.2682527940417,26298,174.10819999997784,0.9890322580645161,0.010967741935483888,nan,nan,nan,0.006493495293787474,133,15928855_15
URA-style A*,1,1812.1971849821762,26556,183.5357000000215,0.988394584139265,0.011605415860735047,nan,nan,nan,0.005898976096751902,133,15928855_15
GT Oracle A*,1,1801.5697679842065,24280,163.81340000000932,1.0,0.0,nan,nan,nan,0.0,133,15928855_15
Topology+Risk A*,1,1813.8540392316686,28867,193.7995999999771,0.9896840747904577,0.010315925209542276,nan,nan,nan,0.006818648639517923,133,15928855_15
Binary-mask A*,1,1820.5992052357292,26428,182.28849999999852,0.6791852323360916,0.3208147676639084,nan,nan,nan,-0.002324936101502953,134,15928855_15
Soft-probability A*,1,1827.0844866099678,29464,203.60059999998725,0.9688888888888889,0.03111111111111109,nan,nan,nan,0.0012289507127041927,134,15928855_15
Clearance-aware A*,1,1836.5403307326837,25883,179.11369999998783,0.9892200380469245,0.010779961953075512,nan,nan,nan,0.0064106842113318295,134,15928855_15
URA-style A*,1,1835.4692629208182,25962,178.47950000000878,0.9885931558935361,0.011406844106463865,nan,nan,nan,0.0058237468752231885,134,15928855_15
GT Oracle A*,1,1824.8418459228485,23762,162.85040000002482,1.0,0.0,nan,nan,nan,0.0,134,15928855_15
Topology+Risk A*,1,1837.1261171703106,28383,196.08259999998268,0.9898605830164765,0.010139416983523497,nan,nan,nan,0.006731690899629605,134,15928855_15
Binary-mask A*,1,1660.4154390516546,22899,154.9558000000104,0.42545710267229253,0.5745428973277075,nan,nan,nan,-0.002548655930462966,135,15928855_15
Soft-probability A*,1,1666.0722933011473,28022,188.6483000000112,0.9656381486676017,0.03436185133239833,nan,nan,nan,0.0008495519768211253,135,15928855_15
Clearance-aware A*,1,1675.5281374238632,24210,169.1659000000243,0.9880952380952381,0.011904761904761862,nan,nan,nan,0.0065299041391100755,135,15928855_15
URA-style A*,1,1674.4570696119977,24810,165.39219999998522,0.9874037788663401,0.01259622113365988,nan,nan,nan,0.005886488037688449,135,15928855_15
GT Oracle A*,1,1664.658079738774,21151,137.1817000000135,1.0,0.0,nan,nan,nan,0.0,135,15928855_15
Topology+Risk A*,1,1676.11392386149,23626,159.8745000000008,0.9888033589923023,0.011196641007697683,nan,nan,nan,0.006881800089850193,135,15928855_15
Binary-mask A*,1,1829.540330732683,24324,159.10669999999527,0.43248407643312103,0.567515923566879,nan,nan,nan,-0.002313600220550889,136,15928855_15
Soft-probability A*,1,1836.0256121069217,29574,202.70800000000122,0.968869123252859,0.03113087674714099,nan,nan,nan,0.0012229586172800807,136,15928855_15
Clearance-aware A*,1,1845.4814562296376,25100,185.9986000000049,0.9892131979695431,0.010786802030456899,nan,nan,nan,0.006379427114418949,136,15928855_15
URA-style A*,1,1844.410388417772,25744,172.51400000000672,0.9885859226379201,0.011414077362079889,nan,nan,nan,0.0057953515566465585,136,15928855_15
GT Oracle A*,1,1833.7829714198024,22385,150.90649999999073,1.0,0.0,nan,nan,nan,0.0,136,15928855_15
Topology+Risk A*,1,1846.0672426672645,24500,162.64650000002234,0.989854153455929,0.010145846544071024,nan,nan,nan,0.006698868644172794,136,15928855_15
Binary-mask A*,1,1777.942350986236,24081,153.89139999999202,0.4392156862745098,0.5607843137254902,nan,nan,nan,-0.002380583781673392,137,15928855_15
Soft-probability A*,1,1784.427632360475,29396,204.897399999993,0.9680573663624511,0.0319426336375489,nan,nan,nan,0.0012583658248708815,137,15928855_15
Clearance-aware A*,1,1793.8834764831909,25087,185.67500000000337,0.9889322916666666,0.01106770833333337,nan,nan,nan,0.006564124860490127,137,15928855_15
URA-style A*,1,1792.8124086713253,25653,177.28180000000293,0.9882888744307091,0.011711125569290881,nan,nan,nan,0.005963139094775722,137,15928855_15
GT Oracle A*,1,1782.1849916733554,22201,143.53189999999927,1.0,0.0,nan,nan,nan,0.0,137,15928855_15
Topology+Risk A*,1,1794.4692629208178,24488,169.5602000000065,0.9895901106050748,0.010409889394925154,nan,nan,nan,0.006892814890068302,137,15928855_15
Binary-mask A*,1,1711.4154390516546,23469,153.8894000000255,0.4419551934826884,0.5580448065173116,nan,nan,nan,-0.0024728940674271943,138,15928855_15
Soft-probability A*,1,1717.9007204258935,28956,195.1050000000123,0.966824644549763,0.033175355450236976,nan,nan,nan,0.0013071606246046318,138,15928855_15
Clearance-aware A*,1,1727.3565645486094,24798,162.51640000001544,0.9885057471264368,0.011494252873563204,nan,nan,nan,0.006818657486587563,138,15928855_15
URA-style A*,1,1726.2854967367439,25358,173.95790000000488,0.9878378378378379,0.012162162162162149,nan,nan,nan,0.006194367702676417,138,15928855_15
GT Oracle A*,1,1715.6580797387742,21726,142.6663000000019,1.0,0.0,nan,nan,nan,0.0,138,15928855_15
Topology+Risk A*,1,1727.9423509862363,24223,170.30250000001956,0.9891891891891892,0.010810810810810811,nan,nan,nan,0.007160092906934306,138,15928855_15
Binary-mask A*,1,1675.7880220536856,24654,158.90609999999583,0.6849030470914127,0.3150969529085873,nan,nan,nan,-0.0025253352698919604,139,15928855_15
Soft-probability A*,1,1682.2733034279242,28064,199.28189999998835,0.9661602209944752,0.03383977900552482,nan,nan,nan,0.0013348808071518598,139,15928855_15
Clearance-aware A*,1,1691.7291475506402,25131,173.05029999999988,0.9882758620689656,0.01172413793103444,nan,nan,nan,0.006963256724582817,139,15928855_15
URA-style A*,1,1690.6580797387746,24863,180.428500000005,0.9875947622329428,0.012405237767057153,nan,nan,nan,0.006325727996316518,139,15928855_15
GT Oracle A*,1,1680.030662740805,22202,145.17310000002226,1.0,0.0,nan,nan,nan,0.0,139,15928855_15
Topology+Risk A*,1,1692.314933988267,27557,195.73490000001925,0.988973121984838,0.011026878015162,nan,nan,nan,0.007311932764025597,139,15928855_15
Binary-mask A*,1,706.867099092261,8133,58.52670000001581,0.4176372712146423,0.5823627287853577,nan,nan,nan,0.003528315626161641,140,16078870_15
Soft-probability A*,1,709.1097397793804,10695,75.07279999998673,1.0,0.0,nan,nan,nan,0.006712158012077975,140,16078870_15
Clearance-aware A*,1,715.8376618407383,13062,90.83429999998316,1.0,0.0,nan,nan,nan,0.016263685169826333,140,16078870_15
URA-style A*,1,716.4234482783652,10741,76.80829999998195,1.0,0.0,nan,nan,nan,0.017095317138301414,140,16078870_15
GT Oracle A*,1,704.3818177180224,6261,42.94579999998405,1.0,0.0,nan,nan,nan,0.0,140,16078870_15
Topology+Risk A*,1,717.2518754031114,12756,92.36429999998563,1.0,0.0,nan,nan,nan,0.01827142234702196,140,16078870_15
Binary-mask A*,1,441.4457428549501,3845,25.482000000010885,0.8275862068965517,0.1724137931034483,nan,nan,nan,-0.007450563420062854,141,16078870_15
Soft-probability A*,1,442.27416997969635,5169,34.35919999998305,0.9840848806366048,0.01591511936339518,nan,nan,nan,-0.005587922565047012,141,16078870_15
Clearance-aware A*,1,443.9310242291888,6104,41.23930000000087,0.9946949602122016,0.0053050397877983935,nan,nan,nan,-0.0018626408550155855,141,16078870_15
URA-style A*,1,443.9310242291888,5443,37.395199999991746,0.9946949602122016,0.0053050397877983935,nan,nan,nan,-0.0018626408550155855,141,16078870_15
GT Oracle A*,1,444.75945135393494,3304,24.098100000003342,1.0,0.0,nan,nan,nan,0.0,141,16078870_15
Topology+Risk A*,1,443.9310242291888,6020,43.114699999989625,0.9946949602122016,0.0053050397877983935,nan,nan,nan,-0.0018626408550155855,141,16078870_15
Binary-mask A*,1,571.511760032933,7755,56.13379999999779,0.15546218487394958,0.8445378151260504,nan,nan,nan,-0.001023927547392546,142,16078870_15
Soft-probability A*,1,572.09754647056,8740,61.88179999998056,1.0,0.0,nan,nan,nan,1.9871932404357261e-16,142,16078870_15
Clearance-aware A*,1,575.0264786586945,8751,60.057400000005146,1.0,0.0,nan,nan,nan,0.005119637736962929,142,16078870_15
URA-style A*,1,574.4406922210676,7797,58.30840000001558,1.0,0.0,nan,nan,nan,0.004095710189570383,142,16078870_15
GT Oracle A*,1,572.0975464705599,6269,50.06050000000073,1.0,0.0,nan,nan,nan,0.0,142,16078870_15
Topology+Risk A*,1,575.0264786586945,8584,61.732800000015686,1.0,0.0,nan,nan,nan,0.005119637736962929,142,16078870_15
Binary-mask A*,1,220.0782104868022,3005,20.28530000001183,0.4101123595505618,0.5898876404494382,nan,nan,nan,-1.2914367745692124e-16,143,16078870_15
Soft-probability A*,1,220.66399692442917,3432,23.16600000000335,1.0,0.0,nan,nan,nan,0.002661719378448323,143,16078870_15
Clearance-aware A*,1,221.835569799683,3245,23.609399999998004,1.0,0.0,nan,nan,nan,0.007985158135344582,143,16078870_15
URA-style A*,1,221.835569799683,3077,22.157200000009425,1.0,0.0,nan,nan,nan,0.007985158135344582,143,16078870_15
GT Oracle A*,1,220.07821048680222,2333,15.212300000001733,1.0,0.0,nan,nan,nan,0.0,143,16078870_15
Topology+Risk A*,1,221.835569799683,3169,20.96620000000371,1.0,0.0,nan,nan,nan,0.007985158135344582,143,16078870_15
Binary-mask A*,0,nan,0,0.0,nan,nan,nan,nan,nan,nan,144,16078870_15
Soft-probability A*,0,nan,0,0.0,nan,nan,nan,nan,nan,nan,144,16078870_15
Clearance-aware A*,0,nan,0,0.0,nan,nan,nan,nan,nan,nan,144,16078870_15
URA-style A*,0,nan,0,0.0,nan,nan,nan,nan,nan,nan,144,16078870_15
GT Oracle A*,1,239.93102422918832,784,5.192600000015091,1.0,0.0,nan,nan,nan,0.0,144,16078870_15
Topology+Risk A*,0,nan,0,0.0,nan,nan,nan,nan,nan,nan,144,16078870_15
Binary-mask A*,1,145.78174593052017,1307,10.676300000000083,0.9274193548387096,0.07258064516129037,nan,nan,nan,-1.949606876292306e-16,145,16078870_15
Soft-probability A*,1,145.78174593052026,1618,10.550299999977142,1.0,0.0,nan,nan,nan,3.899213752584612e-16,145,16078870_15
Clearance-aware A*,1,145.78174593052026,1830,12.980899999973872,1.0,0.0,nan,nan,nan,3.899213752584612e-16,145,16078870_15
URA-style A*,1,145.78174593052026,1640,12.383900000003223,1.0,0.0,nan,nan,nan,3.899213752584612e-16,145,16078870_15
GT Oracle A*,1,145.7817459305202,1075,7.264999999989641,1.0,0.0,nan,nan,nan,0.0,145,16078870_15
Topology+Risk A*,1,145.78174593052026,1811,12.089699999989989,1.0,0.0,nan,nan,nan,3.899213752584612e-16,145,16078870_15
Binary-mask A*,1,1232.8641404994337,18277,127.77649999998175,0.6896887159533074,0.3103112840466926,nan,nan,nan,-0.0011457817093844047,146,16078870_15
Soft-probability A*,1,1235.9352083112992,21306,154.40620000001104,1.0,0.0,nan,nan,nan,0.0013423667716767384,146,16078870_15
Clearance-aware A*,1,1243.3494218736723,25621,198.52109999999357,1.0,0.0,nan,nan,nan,0.007349288579852464,146,16078870_15
URA-style A*,1,1240.5209947489261,19368,149.4557000000043,1.0,0.0,nan,nan,nan,0.005057725161083654,146,16078870_15
GT Oracle A*,1,1234.2783540618068,14603,110.44440000000577,1.0,0.0,nan,nan,nan,0.0,146,16078870_15
Topology+Risk A*,1,1243.3494218736723,25045,173.05819999998562,1.0,0.0,nan,nan,nan,0.007349288579852464,146,16078870_15
Binary-mask A*,0,nan,0,0.0,nan,nan,nan,nan,nan,nan,147,16078870_15
Soft-probability A*,0,nan,0,0.0,nan,nan,nan,nan,nan,nan,147,16078870_15
Clearance-aware A*,0,nan,0,0.0,nan,nan,nan,nan,nan,nan,147,16078870_15
URA-style A*,0,nan,0,0.0,nan,nan,nan,nan,nan,nan,147,16078870_15
GT Oracle A*,1,1577.0428560496248,20414,141.4481000000194,1.0,0.0,nan,nan,nan,0.0,147,16078870_15
Topology+Risk A*,0,nan,0,0.0,nan,nan,nan,nan,nan,nan,147,16078870_15
Binary-mask A*,1,892.9575028878835,8821,62.114199999996345,0.796448087431694,0.20355191256830596,nan,nan,nan,-0.004617252583674335,148,16078870_15
Soft-probability A*,1,894.6143571373759,13674,107.27589999999054,0.9918032786885246,0.008196721311475419,nan,nan,nan,-0.0027703515502046014,148,16078870_15
Clearance-aware A*,1,902.028570699749,15348,111.58180000001039,0.9972936400541272,0.0027063599458727605,nan,nan,nan,0.005494297374048773,148,16078870_15
URA-style A*,1,900.2712113868685,13751,100.81249999998931,0.9972826086956522,0.0027173913043477826,nan,nan,nan,0.0035353630066286544,148,16078870_15
GT Oracle A*,1,897.0996385116146,7176,53.46389999999701,1.0,0.0,nan,nan,nan,0.0,148,16078870_15
Topology+Risk A*,1,902.028570699749,15097,111.28439999998818,0.9972936400541272,0.0027063599458727605,nan,nan,nan,0.005494297374048773,148,16078870_15
Binary-mask A*,1,1198.0407640085698,13140,95.01199999999699,0.2375366568914956,0.7624633431085044,nan,nan,nan,-0.006550486127332144,149,16078870_15
Soft-probability A*,1,1201.6976182580622,19057,142.74340000000052,0.9678048780487805,0.03219512195121954,nan,nan,nan,-0.0035181184603873296,149,16078870_15
Clearance-aware A*,1,1211.3544725075546,19575,149.37739999999167,0.9970958373668926,0.0029041626331074433,nan,nan,nan,0.0044896200472723585,149,16078870_15
URA-style A*,1,1209.3544725075546,18657,133.32740000001309,0.997090203685742,0.0029097963142580285,nan,nan,nan,0.002831163100367401,149,16078870_15
GT Oracle A*,1,1205.9402589451815,10655,73.68499999998335,1.0,0.0,nan,nan,nan,0.0,149,16078870_15
Topology+Risk A*,1,1212.1828996323009,19317,141.85280000000944,0.9970958373668926,0.0029041626331074433,nan,nan,nan,0.005176575407292287,149,16078870_15
Binary-mask A*,1,1415.9179643685954,20938,145.32359999998334,0.5713087248322147,0.42869127516778527,nan,nan,nan,-0.000755875866037844,150,16078870_15
Soft-probability A*,1,1420.160605055715,25187,177.109100000024,0.99581589958159,0.004184100418409997,nan,nan,nan,0.002238248005613425,150,16078870_15
Clearance-aware A*,1,1430.6458864299536,25983,196.43890000000397,1.0,0.0,nan,nan,nan,0.00963793927782031,150,16078870_15
URA-style A*,1,1427.574818618088,23420,193.23420000000624,1.0,0.0,nan,nan,nan,0.007470619882877799,150,16078870_15
GT Oracle A*,1,1416.989032180461,17994,125.96700000000283,1.0,0.0,nan,nan,nan,0.0,150,16078870_15
Topology+Risk A*,1,1430.6458864299536,25375,178.868499999993,1.0,0.0,nan,nan,nan,0.00963793927782031,150,16078870_15
Binary-mask A*,1,1348.0184694319848,20285,142.29839999998717,0.7009760425909495,0.2990239574090505,nan,nan,nan,-0.0010480060103739309,151,16078870_15
Soft-probability A*,1,1351.6753236814773,24007,174.90720000000692,1.0,0.0,nan,nan,nan,0.001661913717802473,151,16078870_15
Clearance-aware A*,1,1359.6753236814773,29130,201.14319999998997,1.0,0.0,nan,nan,nan,0.0075903309710797515,151,16078870_15
URA-style A*,1,1356.846896556731,21788,159.69319999999243,1.0,0.0,nan,nan,nan,0.005494318950331889,151,16078870_15
GT Oracle A*,1,1349.432682994358,16162,108.15779999998654,1.0,0.0,nan,nan,nan,0.0,151,16078870_15
Topology+Risk A*,1,1359.6753236814773,28633,201.11600000001317,1.0,0.0,nan,nan,nan,0.0075903309710797515,151,16078870_15
Binary-mask A*,1,1509.6702730475938,21561,142.93599999999174,0.581081081081081,0.41891891891891897,nan,nan,nan,-0.0018700360697327745,152,16078870_15
Soft-probability A*,1,1513.9129137347131,26241,187.84299999998666,0.9960348929421095,0.003965107057890549,nan,nan,nan,0.0009350180348663873,152,16078870_15
Clearance-aware A*,1,1525.5697679842056,27833,196.7563000000041,1.0,0.0,nan,nan,nan,0.008642035732246357,152,16078870_15
URA-style A*,1,1521.9129137347131,25035,181.17180000001554,1.0,0.0,nan,nan,nan,0.006224278778752282,152,16078870_15
GT Oracle A*,1,1512.49870017234,19199,128.29529999999068,1.0,0.0,nan,nan,nan,0.0,152,16078870_15
Topology+Risk A*,1,1525.5697679842056,27144,190.45280000000275,1.0,0.0,nan,nan,nan,0.008642035732246357,152,16078870_15
Binary-mask A*,1,2210.6378772032376,28556,195.29930000001627,0.261455525606469,0.738544474393531,nan,nan,nan,-0.002925088463916995,153,16078870_15
Soft-probability A*,1,2216.8805178903576,37383,266.92220000001043,0.9811827956989247,0.018817204301075252,nan,nan,nan,-0.00010943942657378707,153,16078870_15
Clearance-aware A*,1,2232.1942263893416,37713,275.1676000000032,1.0,0.0,nan,nan,nan,0.006797578092836069,153,16078870_15
URA-style A*,1,2227.708945015103,36575,251.123199999995,1.0,0.0,nan,nan,nan,0.00477455949917507,153,16078870_15
GT Oracle A*,1,2217.123158577476,24874,159.07119999999964,1.0,0.0,nan,nan,nan,0.0,153,16078870_15
Topology+Risk A*,1,2232.1942263893416,36975,252.17709999998306,1.0,0.0,nan,nan,nan,0.006797578092836069,153,16078870_15
Binary-mask A*,1,2252.201369064273,30960,223.92360000000622,0.49054565099945974,0.5094543490005403,nan,nan,nan,-0.0026125914172664255,154,16078870_15
Soft-probability A*,1,2259.0297961890183,36849,248.16300000000524,0.9811523963381799,0.018847603661820145,nan,nan,nan,0.00041137763283470916,154,16078870_15
Clearance-aware A*,1,2276.1008640008804,36200,242.9036999999994,1.0,0.0,nan,nan,nan,0.007971300258087042,154,16078870_15
URA-style A*,1,2271.029796189016,33435,232.33220000000188,1.0,0.0,nan,nan,nan,0.005725577804892671,154,16078870_15
GT Oracle A*,1,2258.1008640008836,26197,174.67139999999404,1.0,0.0,nan,nan,nan,0.0,154,16078870_15
Topology+Risk A*,1,2276.1008640008804,35489,259.8035999999979,1.0,0.0,nan,nan,nan,0.007971300258087042,154,16078870_15
Binary-mask A*,1,2173.005409571373,34034,232.69149999998717,0.3125348189415042,0.6874651810584957,nan,nan,nan,-0.0029755948952571243,155,16078870_15
Soft-probability A*,1,2179.248050258492,42647,297.6229000000217,0.9805555555555555,0.019444444444444486,nan,nan,nan,-0.000111329077076176,155,16078870_15
Clearance-aware A*,1,2194.5617587574748,42854,296.77189999998177,1.0,0.0,nan,nan,nan,0.006914949384493416,155,16078870_15
URA-style A*,1,2190.076477383237,39256,275.1967000000093,1.0,0.0,nan,nan,nan,0.004857000069604758,155,16078870_15
GT Oracle A*,1,2179.4906909456113,28176,186.3982000000135,1.0,0.0,nan,nan,nan,0.0,155,16078870_15
Topology+Risk A*,1,2194.5617587574748,41649,287.55010000000425,1.0,0.0,nan,nan,nan,0.006914949384493416,155,16078870_15
Binary-mask A*,1,2534.402379191037,33964,227.52260000001456,0.324450677886863,0.675549322113137,nan,nan,nan,-0.0025523684005751726,156,16078870_15
Soft-probability A*,1,2541.4734470029025,44725,309.9578000000065,0.9836753731343284,0.0163246268656716,nan,nan,nan,0.00023054401291271572,156,16078870_15
Clearance-aware A*,1,2559.858223313751,41973,293.2882000000063,1.0,0.0,nan,nan,nan,0.007466116287980652,156,16078870_15
URA-style A*,1,2554.544514814767,42041,310.9809999999982,1.0,0.0,nan,nan,nan,0.005374835913230912,156,16078870_15
GT Oracle A*,1,2540.8876605652754,29041,195.04080000001522,1.0,0.0,nan,nan,nan,0.0,156,16078870_15
Topology+Risk A*,1,2559.858223313751,41068,283.1073000000117,1.0,0.0,nan,nan,nan,0.007466116287980652,156,16078870_15
Binary-mask A*,1,2039.8266940212,30255,212.19809999999484,0.4482961222091657,0.5517038777908343,nan,nan,nan,-0.004260526906550495,157,16078870_15
Soft-probability A*,1,2046.0693347083193,36758,275.647599999985,0.9777387229056825,0.022261277094317466,nan,nan,nan,-0.0012131877542963592,157,16078870_15
Clearance-aware A*,1,2062.797256769676,36328,271.93840000001046,0.9988372093023256,0.0011627906976744429,nan,nan,nan,0.006952531592423112,157,16078870_15
URA-style A*,1,2057.7261889578112,33836,236.73589999998512,0.9988351776354106,0.0011648223645893685,nan,nan,nan,0.004477094632112905,157,16078870_15
GT Oracle A*,1,2048.554616082558,25444,177.35450000000696,1.0,0.0,nan,nan,nan,0.0,157,16078870_15
Topology+Risk A*,1,2062.797256769676,35628,254.09989999999993,0.9988372093023256,0.0011627906976744429,nan,nan,nan,0.006952531592423112,157,16078870_15
Binary-mask A*,1,2251.194226389317,31030,207.77710000001548,0.328397673188789,0.671602326811211,nan,nan,nan,-0.0028725429592360583,158,16078870_15
Soft-probability A*,1,2257.436867076436,39785,276.1141000000009,0.9815400843881856,0.01845991561181437,nan,nan,nan,-0.00010747348606578612,158,16078870_15
Clearance-aware A*,1,2273.579002700165,40364,275.7274999999879,1.0,0.0,nan,nan,nan,0.00704240565675334,158,16078870_15
URA-style A*,1,2268.2652942011805,36811,288.5379999999884,1.0,0.0,nan,nan,nan,0.0046887905928295285,158,16078870_15
GT Oracle A*,1,2257.6795077635547,25976,181.2574000000211,1.0,0.0,nan,nan,nan,0.0,158,16078870_15
Topology+Risk A*,1,2273.579002700165,39298,275.9767000000011,1.0,0.0,nan,nan,nan,0.00704240565675334,158,16078870_15
Binary-mask A*,0,nan,0,0.0,nan,nan,nan,nan,nan,nan,159,16078870_15
Soft-probability A*,0,nan,0,0.0,nan,nan,nan,nan,nan,nan,159,16078870_15
Clearance-aware A*,0,nan,0,0.0,nan,nan,nan,nan,nan,nan,159,16078870_15
URA-style A*,0,nan,0,0.0,nan,nan,nan,nan,nan,nan,159,16078870_15
GT Oracle A*,1,2397.851080638829,30440,200.04359999998655,1.0,0.0,nan,nan,nan,0.0,159,16078870_15
Topology+Risk A*,0,nan,0,0.0,nan,nan,nan,nan,nan,nan,159,16078870_15
Binary-mask A*,0,nan,0,0.0,nan,nan,nan,nan,nan,nan,160,17878735_15
Soft-probability A*,0,nan,0,0.0,nan,nan,nan,nan,nan,nan,160,17878735_15
Clearance-aware A*,0,nan,0,0.0,nan,nan,nan,nan,nan,nan,160,17878735_15
URA-style A*,0,nan,0,0.0,nan,nan,nan,nan,nan,nan,160,17878735_15
GT Oracle A*,1,108.9827560572968,778,5.065399999978126,1.0,0.0,nan,nan,nan,0.0,160,17878735_15
Topology+Risk A*,0,nan,0,0.0,nan,nan,nan,nan,nan,nan,160,17878735_15
Binary-mask A*,0,nan,0,0.0,nan,nan,nan,nan,nan,nan,161,17878735_15
Soft-probability A*,0,nan,0,0.0,nan,nan,nan,nan,nan,nan,161,17878735_15
Clearance-aware A*,0,nan,0,0.0,nan,nan,nan,nan,nan,nan,161,17878735_15
URA-style A*,0,nan,0,0.0,nan,nan,nan,nan,nan,nan,161,17878735_15
GT Oracle A*,1,587.0336213336317,6327,47.43799999999965,1.0,0.0,nan,nan,nan,0.0,161,17878735_15
Topology+Risk A*,0,nan,0,0.0,nan,nan,nan,nan,nan,nan,161,17878735_15
Binary-mask A*,1,330.4751801064728,4225,28.88189999998758,0.6125461254612546,0.38745387453874536,nan,nan,nan,0.0007347570519425392,162,17878735_15
Soft-probability A*,1,330.47518010647286,4958,34.51480000001084,0.992619926199262,0.0073800738007380184,nan,nan,nan,0.0007347570519427113,162,17878735_15
Clearance-aware A*,1,331.88939366884597,5261,34.59490000000187,1.0,0.0,nan,nan,nan,0.005017234983583585,162,17878735_15
URA-style A*,1,334.7178207935922,4684,33.95489999999768,1.0,0.0,nan,nan,nan,0.013582190846865332,162,17878735_15
GT Oracle A*,1,330.23253941935354,3758,25.598199999990356,1.0,0.0,nan,nan,nan,0.0,162,17878735_15
Topology+Risk A*,1,333.3036072312191,5034,35.145900000003394,1.0,0.0,nan,nan,nan,0.009299712915224459,162,17878735_15
Binary-mask A*,1,419.9137802864857,5484,40.79699999999775,0.5952380952380952,0.40476190476190477,nan,nan,nan,-1.3536926276157607e-16,163,17878735_15
Soft-probability A*,1,419.91378028648575,5867,42.48029999999403,1.0,0.0,nan,nan,nan,0.0,163,17878735_15
Clearance-aware A*,1,419.91378028648575,6106,39.88720000000967,1.0,0.0,nan,nan,nan,0.0,163,17878735_15
URA-style A*,1,419.91378028648575,5515,38.55339999998364,1.0,0.0,nan,nan,nan,0.0,163,17878735_15
GT Oracle A*,1,419.91378028648575,4343,34.84799999998245,1.0,0.0,nan,nan,nan,0.0,163,17878735_15
Topology+Risk A*,1,419.91378028648575,5886,39.703400000007605,1.0,0.0,nan,nan,nan,0.0,163,17878735_15
Binary-mask A*,1,113.23759005323579,1155,7.509499999997615,0.8571428571428571,0.1428571428571429,nan,nan,nan,0.0,164,17878735_15
Soft-probability A*,1,113.2375900532358,1355,10.119300000013709,1.0,0.0,nan,nan,nan,1.2549591269578528e-16,164,17878735_15
Clearance-aware A*,1,113.2375900532358,1684,12.0544000000109,1.0,0.0,nan,nan,nan,1.2549591269578528e-16,164,17878735_15
URA-style A*,1,113.2375900532358,1567,10.507499999988568,1.0,0.0,nan,nan,nan,1.2549591269578528e-16,164,17878735_15
GT Oracle A*,1,113.23759005323579,884,6.0951999999758755,1.0,0.0,nan,nan,nan,0.0,164,17878735_15
Topology+Risk A*,1,113.2375900532358,1641,16.350399999993215,1.0,0.0,nan,nan,nan,1.2549591269578528e-16,164,17878735_15
Binary-mask A*,1,593.0630585851544,8468,67.79140000000439,0.4676724137931034,0.5323275862068966,nan,nan,nan,-0.001971566134364293,165,17878735_15
Soft-probability A*,1,593.6488450227814,9688,78.36800000001176,0.9741935483870968,0.02580645161290318,nan,nan,nan,-0.000985783067181955,165,17878735_15
Clearance-aware A*,1,595.991990773289,10057,70.2893000000131,1.0,0.0,nan,nan,nan,0.0029573492015466303,165,17878735_15
URA-style A*,1,595.4062043356621,8745,64.47650000001204,1.0,0.0,nan,nan,nan,0.001971566134364484,165,17878735_15
GT Oracle A*,1,594.2346314604082,6871,49.65419999999199,1.0,0.0,nan,nan,nan,0.0,165,17878735_15
Topology+Risk A*,1,595.991990773289,9753,70.79339999998524,1.0,0.0,nan,nan,nan,0.0029573492015466303,165,17878735_15
Binary-mask A*,1,848.7808793787474,12030,88.55299999999033,0.5683890577507599,0.4316109422492401,nan,nan,nan,-0.00137839813526848,166,17878735_15
Soft-probability A*,1,849.3666658163744,13886,102.0106999999939,0.9817905918057663,0.018209408194233667,nan,nan,nan,-0.0006891990676341063,166,17878735_15
Clearance-aware A*,1,851.709811566882,13693,97.82100000001037,1.0,0.0,nan,nan,nan,0.002067597202902854,166,17878735_15
URA-style A*,1,851.1240251292551,12879,94.47899999997844,1.0,0.0,nan,nan,nan,0.0013783981352686139,166,17878735_15
GT Oracle A*,1,849.9524522540012,9730,83.89569999999935,1.0,0.0,nan,nan,nan,0.0,166,17878735_15
Topology+Risk A*,1,851.709811566882,13420,100.24769999998284,1.0,0.0,nan,nan,nan,0.002067597202902854,166,17878735_15
Binary-mask A*,1,1162.682466356414,16567,120.07189999999923,0.3804226918798665,0.6195773081201335,nan,nan,nan,-0.0010066321340665837,167,17878735_15
Soft-probability A*,1,1163.2682527940408,18939,136.96229999999332,0.9866666666666667,0.013333333333333308,nan,nan,nan,-0.0005033160670332919,167,17878735_15
Clearance-aware A*,1,1165.6113985445484,19173,132.1224000000143,1.0,0.0,nan,nan,nan,0.0015099482010998756,167,17878735_15
URA-style A*,1,1165.0256121069215,17273,116.09400000000392,1.0,0.0,nan,nan,nan,0.0010066321340665837,167,17878735_15
GT Oracle A*,1,1163.8540392316677,13422,94.50929999999858,1.0,0.0,nan,nan,nan,0.0,167,17878735_15
Topology+Risk A*,1,1165.6113985445484,18383,121.86780000001818,1.0,0.0,nan,nan,nan,0.0015099482010998756,167,17878735_15
Binary-mask A*,1,1181.5819612930256,16641,109.55260000000067,0.526775956284153,0.47322404371584703,nan,nan,nan,-0.000990546924112677,168,17878735_15
Soft-probability A*,1,1182.1677477306528,19300,133.41330000000085,0.9868995633187773,0.013100436681222738,nan,nan,nan,-0.0004952734620561462,168,17878735_15
Clearance-aware A*,1,1184.5108934811603,17310,120.48269999999661,1.0,0.0,nan,nan,nan,0.0014858203861692076,168,17878735_15
URA-style A*,1,1183.9251070435334,17388,117.57819999999697,1.0,0.0,nan,nan,nan,0.000990546924112869,168,17878735_15
GT Oracle A*,1,1182.7535341682794,13507,92.87319999998545,1.0,0.0,nan,nan,nan,0.0,168,17878735_15
Topology+Risk A*,1,1184.5108934811603,16823,111.34010000000671,1.0,0.0,nan,nan,nan,0.0014858203861692076,168,17878735_15
Binary-mask A*,1,695.0874452027947,9877,66.24069999998028,0.6697416974169742,0.3302583025830258,nan,nan,nan,0.0,169,17878735_15
Soft-probability A*,1,695.0874452027947,11288,76.08770000001641,1.0,0.0,nan,nan,nan,0.0,169,17878735_15
Clearance-aware A*,1,695.0874452027947,11887,83.56330000000867,1.0,0.0,nan,nan,nan,0.0,169,17878735_15
URA-style A*,1,695.0874452027947,10773,71.91050000000132,1.0,0.0,nan,nan,nan,0.0,169,17878735_15
GT Oracle A*,1,695.0874452027947,8091,54.3638000000044,1.0,0.0,nan,nan,nan,0.0,169,17878735_15
Topology+Risk A*,1,695.0874452027947,11532,77.11670000000481,1.0,0.0,nan,nan,nan,0.0,169,17878735_15
Binary-mask A*,1,1302.3759005323664,18599,121.73910000001342,0.34865134865134867,0.6513486513486513,nan,nan,nan,-0.0008987573518833116,170,17878735_15
Soft-probability A*,1,1302.9616869699935,21139,147.37489999998843,0.9880239520958084,0.0119760479041916,nan,nan,nan,-0.00044937867594156857,170,17878735_15
Clearance-aware A*,1,1305.890619158128,19099,126.87109999998825,1.0,0.0,nan,nan,nan,0.0017975147037662743,170,17878735_15
URA-style A*,1,1304.7190462828742,18416,124.8148000000242,1.0,0.0,nan,nan,nan,0.0008987573518831371,170,17878735_15
GT Oracle A*,1,1303.5474734076204,14956,103.04899999999861,1.0,0.0,nan,nan,nan,0.0,170,17878735_15
Topology+Risk A*,1,1305.890619158128,18254,119.68840000000114,1.0,0.0,nan,nan,nan,0.0017975147037662743,170,17878735_15
Binary-mask A*,1,713.2295808265258,9976,69.11709999999971,0.5665467625899281,0.4334532374100719,nan,nan,nan,-0.0016399369866399317,171,17878735_15
Soft-probability A*,1,713.8153672641528,11481,78.85920000001079,0.9784560143626571,0.021543985637342944,nan,nan,nan,-0.0008199684933198067,171,17878735_15
Clearance-aware A*,1,716.1585130146603,11439,79.20609999999328,1.0,0.0,nan,nan,nan,0.0024599054799600566,171,17878735_15
URA-style A*,1,715.5727265770334,10421,72.43959999999561,1.0,0.0,nan,nan,nan,0.0016399369866400908,171,17878735_15
GT Oracle A*,1,714.4011537017795,8059,51.963800000009996,1.0,0.0,nan,nan,nan,0.0,171,17878735_15
Topology+Risk A*,1,716.1585130146603,11113,77.33029999999985,1.0,0.0,nan,nan,nan,0.0024599054799600566,171,17878735_15
Binary-mask A*,1,743.058007951272,10735,74.7417999999982,0.5264957264957265,0.4735042735042735,nan,nan,nan,-0.001574208961101308,172,17878735_15
Soft-probability A*,1,743.643794388899,12332,87.69840000002205,0.9795221843003413,0.020477815699658675,nan,nan,nan,-0.0007871044805505013,172,17878735_15
Clearance-aware A*,1,745.9869401394066,12910,89.1084999999805,1.0,0.0,nan,nan,nan,0.002361313441652115,172,17878735_15
URA-style A*,1,745.4011537017797,11043,81.8437000000074,1.0,0.0,nan,nan,nan,0.0015742089611014607,172,17878735_15
GT Oracle A*,1,744.2295808265258,8783,59.11110000002395,1.0,0.0,nan,nan,nan,0.0,172,17878735_15
Topology+Risk A*,1,745.9869401394066,12471,85.37519999998722,1.0,0.0,nan,nan,nan,0.002361313441652115,172,17878735_15
Binary-mask A*,0,nan,0,0.0,nan,nan,nan,nan,nan,nan,173,17878780_15
Soft-probability A*,0,nan,0,0.0,nan,nan,nan,nan,nan,nan,173,17878780_15
Clearance-aware A*,0,nan,0,0.0,nan,nan,nan,nan,nan,nan,173,17878780_15
URA-style A*,0,nan,0,0.0,nan,nan,nan,nan,nan,nan,173,17878780_15
GT Oracle A*,1,710.9726547895315,5961,38.12809999999445,1.0,0.0,nan,nan,nan,0.0,173,17878780_15
Topology+Risk A*,0,nan,0,0.0,nan,nan,nan,nan,nan,nan,173,17878780_15
Binary-mask A*,0,nan,0,0.0,nan,nan,nan,nan,nan,nan,174,17878780_15
Soft-probability A*,0,nan,0,0.0,nan,nan,nan,nan,nan,nan,174,17878780_15
Clearance-aware A*,0,nan,0,0.0,nan,nan,nan,nan,nan,nan,174,17878780_15
URA-style A*,0,nan,0,0.0,nan,nan,nan,nan,nan,nan,174,17878780_15
GT Oracle A*,1,107.85281374238559,1219,7.830699999999524,1.0,0.0,nan,nan,nan,0.0,174,17878780_15
Topology+Risk A*,0,nan,0,0.0,nan,nan,nan,nan,nan,nan,174,17878780_15
Binary-mask A*,0,nan,0,0.0,nan,nan,nan,nan,nan,nan,175,17878780_15
Soft-probability A*,0,nan,0,0.0,nan,nan,nan,nan,nan,nan,175,17878780_15
Clearance-aware A*,0,nan,0,0.0,nan,nan,nan,nan,nan,nan,175,17878780_15
URA-style A*,0,nan,0,0.0,nan,nan,nan,nan,nan,nan,175,17878780_15
GT Oracle A*,1,479.9676041556487,5176,32.68449999998779,1.0,0.0,nan,nan,nan,0.0,175,17878780_15
Topology+Risk A*,0,nan,0,0.0,nan,nan,nan,nan,nan,nan,175,17878780_15
Binary-mask A*,0,nan,0,0.0,nan,nan,nan,nan,nan,nan,176,17878780_15
Soft-probability A*,0,nan,0,0.0,nan,nan,nan,nan,nan,nan,176,17878780_15
Clearance-aware A*,0,nan,0,0.0,nan,nan,nan,nan,nan,nan,176,17878780_15
URA-style A*,0,nan,0,0.0,nan,nan,nan,nan,nan,nan,176,17878780_15
GT Oracle A*,1,504.33513652379645,6049,43.53190000000495,1.0,0.0,nan,nan,nan,0.0,176,17878780_15
Topology+Risk A*,0,nan,0,0.0,nan,nan,nan,nan,nan,nan,176,17878780_15
Binary-mask A*,0,nan,0,0.0,nan,nan,nan,nan,nan,nan,177,17878780_15
Soft-probability A*,0,nan,0,0.0,nan,nan,nan,nan,nan,nan,177,17878780_15
Clearance-aware A*,0,nan,0,0.0,nan,nan,nan,nan,nan,nan,177,17878780_15
URA-style A*,0,nan,0,0.0,nan,nan,nan,nan,nan,nan,177,17878780_15
GT Oracle A*,1,721.8448045156756,12062,86.44470000001547,1.0,0.0,nan,nan,nan,0.0,177,17878780_15
Topology+Risk A*,0,nan,0,0.0,nan,nan,nan,nan,nan,nan,177,17878780_15
Binary-mask A*,0,nan,0,0.0,nan,nan,nan,nan,nan,nan,178,17878780_15
Soft-probability A*,0,nan,0,0.0,nan,nan,nan,nan,nan,nan,178,17878780_15
Clearance-aware A*,0,nan,0,0.0,nan,nan,nan,nan,nan,nan,178,17878780_15
URA-style A*,0,nan,0,0.0,nan,nan,nan,nan,nan,nan,178,17878780_15
GT Oracle A*,1,546.2935059634538,7291,47.00880000001462,1.0,0.0,nan,nan,nan,0.0,178,17878780_15
Topology+Risk A*,0,nan,0,0.0,nan,nan,nan,nan,nan,nan,178,17878780_15
Binary-mask A*,0,nan,0,0.0,nan,nan,nan,nan,nan,nan,179,17878780_15
Soft-probability A*,0,nan,0,0.0,nan,nan,nan,nan,nan,nan,179,17878780_15
Clearance-aware A*,0,nan,0,0.0,nan,nan,nan,nan,nan,nan,179,17878780_15
URA-style A*,0,nan,0,0.0,nan,nan,nan,nan,nan,nan,179,17878780_15
GT Oracle A*,1,1837.8195513462624,32942,217.69050000000334,1.0,0.0,nan,nan,nan,0.0,179,17878780_15
Topology+Risk A*,0,nan,0,0.0,nan,nan,nan,nan,nan,nan,179,17878780_15
Binary-mask A*,0,nan,0,0.0,nan,nan,nan,nan,nan,nan,180,17878780_15
Soft-probability A*,0,nan,0,0.0,nan,nan,nan,nan,nan,nan,180,17878780_15
Clearance-aware A*,0,nan,0,0.0,nan,nan,nan,nan,nan,nan,180,17878780_15
URA-style A*,0,nan,0,0.0,nan,nan,nan,nan,nan,nan,180,17878780_15
GT Oracle A*,1,1938.836795288965,32510,214.2977999999971,1.0,0.0,nan,nan,nan,0.0,180,17878780_15
Topology+Risk A*,0,nan,0,0.0,nan,nan,nan,nan,nan,nan,180,17878780_15
Binary-mask A*,1,2484.301874127629,30212,205.2534000000037,0.5282837967401726,0.47171620325982744,nan,nan,nan,-0.0020370864190059207,181,17878780_15
Soft-probability A*,1,2490.444009751361,40685,292.60940000000346,0.9976053639846744,0.002394636015325635,nan,nan,nan,0.00043025606722941844,181,17878780_15
Clearance-aware A*,1,2498.586145375092,41332,286.0516000000075,0.9980879541108987,0.0019120458891013214,nan,nan,nan,0.003701013729352735,181,17878780_15
URA-style A*,1,2504.5861453750917,40067,280.04759999998896,1.0,0.0,nan,nan,nan,0.00611125925701758,181,17878780_15
GT Oracle A*,1,2489.372941939495,31005,207.79980000000364,1.0,0.0,nan,nan,nan,0.0,181,17878780_15
Topology+Risk A*,1,2503.414572499838,40540,273.9046000000087,0.9990458015267175,0.000954198473282486,nan,nan,nan,0.005640629543198564,181,17878780_15
Binary-mask A*,1,1622.7707781109825,35585,246.1166000000219,0.6470160116448326,0.3529839883551674,nan,nan,nan,-0.00478298446736505,182,17878780_15
Soft-probability A*,1,1628.9129137347136,44514,315.05480000001285,0.9927325581395349,0.007267441860465129,nan,nan,nan,-0.0010161198140823586,182,17878780_15
Clearance-aware A*,1,1636.4692629208178,48723,327.73269999998433,0.994198694706309,0.00580130529369105,nan,nan,nan,0.00361805735175932,182,17878780_15
URA-style A*,1,1641.297690045564,43731,304.590300000001,0.9978308026030369,0.002169197396963085,nan,nan,nan,0.00657924749495409,182,17878780_15
GT Oracle A*,1,1630.569767984206,33960,228.1353999999851,1.0,0.0,nan,nan,nan,0.0,182,17878780_15
Topology+Risk A*,1,1640.711903607937,47716,324.9054000000058,0.9963820549927641,0.00361794500723589,nan,nan,nan,0.006219994889436282,182,17878780_15
Binary-mask A*,0,nan,0,0.0,nan,nan,nan,nan,nan,nan,183,17878780_15
Soft-probability A*,0,nan,0,0.0,nan,nan,nan,nan,nan,nan,183,17878780_15
Clearance-aware A*,0,nan,0,0.0,nan,nan,nan,nan,nan,nan,183,17878780_15
URA-style A*,0,nan,0,0.0,nan,nan,nan,nan,nan,nan,183,17878780_15
GT Oracle A*,1,1970.7139956489916,34873,236.08730000000833,1.0,0.0,nan,nan,nan,0.0,183,17878780_15
Topology+Risk A*,0,nan,0,0.0,nan,nan,nan,nan,nan,nan,183,17878780_15
Binary-mask A*,1,757.0630585851551,10828,77.75849999998741,0.7515923566878981,0.24840764331210186,nan,nan,nan,-0.0007731635063855548,184,17878780_15
Soft-probability A*,1,758.2346314604089,12511,90.28430000000753,1.0,0.0,nan,nan,nan,0.0007731635063858549,184,17878780_15
Clearance-aware A*,1,759.9919907732896,11412,80.29460000000199,1.0,0.0,nan,nan,nan,0.0030926540255429695,184,17878780_15
URA-style A*,1,759.4062043356627,11017,79.99159999999961,1.0,0.0,nan,nan,nan,0.0023194905191572645,184,17878780_15
GT Oracle A*,1,757.6488450227819,9175,61.30809999999087,1.0,0.0,nan,nan,nan,0.0,184,17878780_15
Topology+Risk A*,1,759.9919907732896,11143,78.20509999999103,1.0,0.0,nan,nan,nan,0.0030926540255429695,184,17878780_15
Binary-mask A*,0,nan,0,0.0,nan,nan,nan,nan,nan,nan,185,17878780_15
Soft-probability A*,0,nan,0,0.0,nan,nan,nan,nan,nan,nan,185,17878780_15
Clearance-aware A*,0,nan,0,0.0,nan,nan,nan,nan,nan,nan,185,17878780_15
URA-style A*,0,nan,0,0.0,nan,nan,nan,nan,nan,nan,185,17878780_15
GT Oracle A*,1,2662.191267796438,48728,320.2327999999852,1.0,0.0,nan,nan,nan,0.0,185,17878780_15
Topology+Risk A*,0,nan,0,0.0,nan,nan,nan,nan,nan,nan,185,17878780_15
Binary-mask A*,1,1600.6875169902971,24944,168.31220000000258,0.31478770131771594,0.6852122986822841,nan,nan,nan,-0.0020659014758383637,186,17878780_15
Soft-probability A*,1,1604.001225489282,29271,204.57260000000588,0.9963396778916545,0.0036603221083455484,nan,nan,nan,0.0,186,17878780_15
Clearance-aware A*,1,1608.143361113013,33492,240.54470000001515,1.0,0.0,nan,nan,nan,0.0025823768447979546,186,17878780_15
URA-style A*,1,1608.143361113013,28220,190.00259999998548,1.0,0.0,nan,nan,nan,0.0025823768447979546,186,17878780_15
GT Oracle A*,1,1604.001225489282,23304,151.48080000000164,1.0,0.0,nan,nan,nan,0.0,186,17878780_15
Topology+Risk A*,1,1608.143361113013,33072,220.7303000000138,1.0,0.0,nan,nan,nan,0.0025823768447979546,186,17878780_15
Binary-mask A*,1,1976.4642122869348,36186,248.78180000001748,0.48757396449704143,0.5124260355029586,nan,nan,nan,-0.003270522721314847,187,17878780_15
Soft-probability A*,1,1981.7779207859196,45858,325.3191999999956,0.9946808510638298,0.005319148936170248,nan,nan,nan,-0.0005908233563179061,187,17878780_15
Clearance-aware A*,1,1988.5058428472776,44389,316.3522000000114,1.0,0.0,nan,nan,nan,0.0028020628885737945,187,17878780_15
URA-style A*,1,1990.5058428472776,43935,322.31680000001006,1.0,0.0,nan,nan,nan,0.003810661446627508,187,17878780_15
GT Oracle A*,1,1982.9494936611734,35632,238.55029999998578,1.0,0.0,nan,nan,nan,0.0,187,17878780_15
Topology+Risk A*,1,1989.9200564096507,43608,307.3009000000013,1.0,0.0,nan,nan,nan,0.0035152497684685547,187,17878780_15
Binary-mask A*,1,2006.322076663204,35541,239.50910000002068,0.4599767981438515,0.5400232018561485,nan,nan,nan,-0.0011165389234148186,188,17878780_15
Soft-probability A*,1,2009.635785162189,45939,323.19689999999923,0.9994199535962877,0.0005800464037123421,nan,nan,nan,0.0005332503367273626,188,17878780_15
Clearance-aware A*,1,2013.5352800988007,44837,314.4551999999976,1.0,0.0,nan,nan,nan,0.0024746838902132153,188,17878780_15
URA-style A*,1,2015.5352800988007,44320,309.06699999999887,1.0,0.0,nan,nan,nan,0.0034704197919363015,188,17878780_15
GT Oracle A*,1,2008.5647173503232,35403,238.37969999999586,1.0,0.0,nan,nan,nan,0.0,188,17878780_15
Topology+Risk A*,1,2014.9494936611738,43977,308.12570000000505,1.0,0.0,nan,nan,nan,0.0031787754985925167,188,17878780_15
Binary-mask A*,1,1662.8246019801452,24547,165.56990000000837,0.524731182795699,0.47526881720430103,nan,nan,nan,-0.00035215990095149684,189,17878780_15
Soft-probability A*,1,1663.9961748553992,28259,199.6575000000007,0.9985683607730852,0.0014316392269148048,nan,nan,nan,0.00035215990095163356,189,17878780_15
Clearance-aware A*,1,1665.7535341682799,27335,184.4547000000034,1.0,0.0,nan,nan,nan,0.0014086396038061242,189,17878780_15
URA-style A*,1,1665.167747730653,26540,194.1077999999834,0.9985704074338814,0.0014295925661186315,nan,nan,nan,0.0010564797028546273,189,17878780_15
GT Oracle A*,1,1663.410388417772,23566,154.64769999999817,1.0,0.0,nan,nan,nan,0.0,189,17878780_15
Topology+Risk A*,1,1665.7535341682799,26868,185.4161999999917,1.0,0.0,nan,nan,nan,0.0014086396038061242,189,17878780_15
Binary-mask A*,1,1584.5453813665654,15005,101.72260000001643,0.38552437223042835,0.6144756277695717,nan,nan,nan,-0.0020869033783504276,190,17878780_15
Soft-probability A*,1,1587.8590898655502,22531,157.33520000000567,0.9963072378138847,0.0036927621861152504,nan,nan,nan,0.0,190,17878780_15
Clearance-aware A*,1,1592.0012254892813,29936,206.00799999999708,1.0,0.0,nan,nan,nan,0.0026086292229380342,190,17878780_15
URA-style A*,1,1592.0012254892813,23969,171.50889999999208,1.0,0.0,nan,nan,nan,0.0026086292229380342,190,17878780_15
GT Oracle A*,1,1587.8590898655502,14358,98.23360000001458,1.0,0.0,nan,nan,nan,0.0,190,17878780_15
Topology+Risk A*,1,1592.0012254892813,29515,202.9325999999969,1.0,0.0,nan,nan,nan,0.0026086292229380342,190,17878780_15
Binary-mask A*,0,nan,0,0.0,nan,nan,nan,nan,nan,nan,191,17878780_15
Soft-probability A*,0,nan,0,0.0,nan,nan,nan,nan,nan,nan,191,17878780_15
Clearance-aware A*,0,nan,0,0.0,nan,nan,nan,nan,nan,nan,191,17878780_15
URA-style A*,0,nan,0,0.0,nan,nan,nan,nan,nan,nan,191,17878780_15
GT Oracle A*,1,3052.0146442872806,49422,349.2169999999817,1.0,0.0,nan,nan,nan,0.0,191,17878780_15
Topology+Risk A*,0,nan,0,0.0,nan,nan,nan,nan,nan,nan,191,17878780_15
Binary-mask A*,1,1625.042856049624,24907,176.29210000001194,0.3094202898550725,0.6905797101449276,nan,nan,nan,-0.003110867122619842,192,17878780_15
Soft-probability A*,1,1629.528137423863,29389,205.4029999999898,0.9942112879884226,0.005788712011577379,nan,nan,nan,-0.000359353066710226,192,17878780_15
Clearance-aware A*,1,1634.8418459228478,32424,222.90999999998462,1.0,0.0,nan,nan,nan,0.0029003629698214368,192,17878780_15
URA-style A*,1,1634.8418459228478,27494,188.02360000000817,1.0,0.0,nan,nan,nan,0.0029003629698214368,192,17878780_15
GT Oracle A*,1,1630.1139238614896,23200,155.5712999999912,1.0,0.0,nan,nan,nan,0.0,192,17878780_15
Topology+Risk A*,1,1634.8418459228478,32068,235.18019999997364,1.0,0.0,nan,nan,nan,0.0029003629698214368,192,17878780_15
Binary-mask A*,1,782.0752518939746,23204,164.5228000000145,0.358814352574103,0.641185647425897,nan,nan,nan,-0.016738613636788652,193,17878885_15
Soft-probability A*,1,788.9036790187208,30528,214.7487999999953,0.9057187017001546,0.09428129829984544,nan,nan,nan,-0.008153597418594411,193,17878885_15
Clearance-aware A*,1,801.8742417671981,41470,288.7580000000014,0.9786259541984733,0.021374045801526687,nan,nan,nan,0.008153597418594696,193,17878885_15
URA-style A*,1,800.8031739553326,33276,234.1538000000014,0.9603658536585366,0.03963414634146345,nan,nan,nan,0.0068070011428098594,193,17878885_15
GT Oracle A*,1,795.3889603929593,23631,161.484999999999,1.0,0.0,nan,nan,nan,0.0,193,17878885_15
Topology+Risk A*,1,803.2884553295712,41204,293.06230000000255,0.9817073170731707,0.018292682926829285,nan,nan,nan,0.009931612493979221,193,17878885_15
Binary-mask A*,1,694.9625535217663,18764,124.8247000000049,0.6412078152753108,0.3587921847246892,nan,nan,nan,-0.026240958373525063,194,17878885_15
Soft-probability A*,1,702.6194077712588,25199,183.42299999997635,0.9507908611599297,0.04920913884007028,nan,nan,nan,-0.0155124219681086,194,17878885_15
Clearance-aware A*,1,709.9331162702437,29687,208.42269999999985,0.9650959860383944,0.034904013961605584,nan,nan,nan,-0.005264690284413158,194,17878885_15
URA-style A*,1,719.9331162702437,23764,170.40190000000166,0.9845626072041166,0.015437392795883409,nan,nan,nan,0.008746986124508301,194,17878885_15
GT Oracle A*,1,713.6904755831243,17179,120.29849999998987,1.0,0.0,nan,nan,nan,0.0,194,17878885_15
Topology+Risk A*,1,716.175756957363,28395,196.8186000000003,0.9792387543252595,0.02076124567474047,nan,nan,nan,0.003482295840095144,194,17878885_15
Binary-mask A*,1,274.96551211459416,3378,22.530499999987796,0.6983471074380165,0.30165289256198347,nan,nan,nan,-0.011907854606170372,195,17878885_15
Soft-probability A*,1,278.0365799264597,4543,34.149200000001656,0.9506172839506173,0.04938271604938271,nan,nan,nan,-0.0008719324661912476,195,17878885_15
Clearance-aware A*,1,282.76450198781765,4621,32.30690000000891,0.9426229508196722,0.05737704918032782,nan,nan,nan,0.01611791697687296,195,17878885_15
URA-style A*,1,283.59292911256387,4408,29.35929999998166,0.9549180327868853,0.04508196721311475,nan,nan,nan,0.019094880628415502,195,17878885_15
GT Oracle A*,1,278.27922061357907,3074,19.53409999998712,1.0,0.0,nan,nan,nan,0.0,195,17878885_15
Topology+Risk A*,1,284.17871555019076,4433,29.49010000000385,0.9387755102040817,0.061224489795918324,nan,nan,nan,0.021199911813767,195,17878885_15
Binary-mask A*,0,nan,0,0.0,nan,nan,nan,nan,nan,nan,196,17878885_15
Soft-probability A*,0,nan,0,0.0,nan,nan,nan,nan,nan,nan,196,17878885_15
Clearance-aware A*,0,nan,0,0.0,nan,nan,nan,nan,nan,nan,196,17878885_15
URA-style A*,0,nan,0,0.0,nan,nan,nan,nan,nan,nan,196,17878885_15
GT Oracle A*,1,914.2245301926436,19558,127.57680000001415,1.0,0.0,nan,nan,nan,0.0,196,17878885_15
Topology+Risk A*,0,nan,0,0.0,nan,nan,nan,nan,nan,nan,196,17878885_15
Binary-mask A*,0,nan,0,0.0,nan,nan,nan,nan,nan,nan,197,17878885_15
Soft-probability A*,0,nan,0,0.0,nan,nan,nan,nan,nan,nan,197,17878885_15
Clearance-aware A*,0,nan,0,0.0,nan,nan,nan,nan,nan,nan,197,17878885_15
URA-style A*,0,nan,0,0.0,nan,nan,nan,nan,nan,nan,197,17878885_15
GT Oracle A*,1,501.092495836677,9514,61.23840000000769,1.0,0.0,nan,nan,nan,0.0,197,17878885_15
Topology+Risk A*,0,nan,0,0.0,nan,nan,nan,nan,nan,nan,197,17878885_15
Binary-mask A*,0,nan,0,0.0,nan,nan,nan,nan,nan,nan,198,17878885_15
Soft-probability A*,0,nan,0,0.0,nan,nan,nan,nan,nan,nan,198,17878885_15
Clearance-aware A*,0,nan,0,0.0,nan,nan,nan,nan,nan,nan,198,17878885_15
URA-style A*,0,nan,0,0.0,nan,nan,nan,nan,nan,nan,198,17878885_15
GT Oracle A*,1,498.76659402887236,6089,39.23369999998272,1.0,0.0,nan,nan,nan,0.0,198,17878885_15
Topology+Risk A*,0,nan,0,0.0,nan,nan,nan,nan,nan,nan,198,17878885_15
Binary-mask A*,1,994.4326829943572,21328,144.1436000000067,0.5304010349288486,0.4695989650711514,nan,nan,nan,-0.006620398713344486,199,17878885_15
Soft-probability A*,1,998.0895372438496,34554,237.1590999999853,0.9896774193548387,0.010322580645161339,nan,nan,nan,-0.002967416989749214,199,17878885_15
Clearance-aware A*,1,1004.2316728675806,52573,369.89500000001385,0.9948519948519948,0.005148005148005175,nan,nan,nan,0.003168214251350241,199,17878885_15
URA-style A*,1,1005.0600999923269,50288,350.19349999998894,0.9974259974259975,0.002574002574002532,nan,nan,nan,0.003995764090518302,199,17878885_15
GT Oracle A*,1,1001.0600999923269,17647,116.02089999999521,1.0,0.0,nan,nan,nan,0.0,199,17878885_15
Topology+Risk A*,1,1005.0600999923269,55059,393.0638000000215,0.9948519948519948,0.005148005148005175,nan,nan,nan,0.003995764090518302,199,17878885_15
Binary-mask A*,1,1178.8002153625048,48485,338.75369999998384,0.42245989304812837,0.5775401069518716,nan,nan,nan,-0.0007022778990848099,200,17878885_15
Soft-probability A*,1,1184.5575746753855,67811,502.5767999999857,0.8641188959660298,0.13588110403397025,nan,nan,nan,0.004178376152126823,200,17878885_15
Clearance-aware A*,1,1196.900720425893,75374,544.0861999999811,0.8702928870292888,0.12970711297071125,nan,nan,nan,0.0146419621536349,200,17878885_15
URA-style A*,1,1200.214428924878,71636,511.1294000000157,0.8943514644351465,0.10564853556485354,nan,nan,nan,0.01745107374997414,200,17878885_15
GT Oracle A*,1,1179.628642487251,45079,311.7936999999813,1.0,0.0,nan,nan,nan,0.0,200,17878885_15
Topology+Risk A*,1,1198.5575746753857,80068,560.5180999999959,0.8797071129707112,0.12029288702928875,nan,nan,nan,0.01604651795180471,200,17878885_15
Binary-mask A*,0,nan,0,0.0,nan,nan,nan,nan,nan,nan,201,17878885_15
Soft-probability A*,0,nan,0,0.0,nan,nan,nan,nan,nan,nan,201,17878885_15
Clearance-aware A*,0,nan,0,0.0,nan,nan,nan,nan,nan,nan,201,17878885_15
URA-style A*,0,nan,0,0.0,nan,nan,nan,nan,nan,nan,201,17878885_15
GT Oracle A*,1,1656.5129855222153,38457,265.8255000000054,1.0,0.0,nan,nan,nan,0.0,201,17878885_15
Topology+Risk A*,1,1666.6551211459466,69716,490.6782999999848,0.983433734939759,0.016566265060240948,nan,nan,nan,0.0061225814179379865,201,17878885_15
Binary-mask A*,1,1750.2632021601587,71466,504.84539999999356,0.6255144032921811,0.3744855967078189,nan,nan,nan,-0.0019468880261347369,202,17878885_15
Soft-probability A*,1,1755.4347750354127,100426,710.6060000000127,0.9870218579234973,0.012978142076502719,nan,nan,nan,0.0010020995293235611,202,17878885_15
Clearance-aware A*,1,1773.4347750354127,133219,987.8900999999871,1.0,0.0,nan,nan,nan,0.011266244940915025,202,17878885_15
URA-style A*,1,1768.8489885977858,116442,847.351400000008,1.0,0.0,nan,nan,nan,0.008651290561898,202,17878885_15
GT Oracle A*,1,1753.6774157225318,72181,491.0250000000076,1.0,0.0,nan,nan,nan,0.0,202,17878885_15
Topology+Risk A*,1,1774.0205614730396,144345,1064.4032000000152,1.0,0.0,nan,nan,nan,0.011600278117356169,202,17878885_15
Binary-mask A*,1,1103.643794388899,20559,137.71739999998545,0.5961945031712473,0.40380549682875266,nan,nan,nan,-0.013471768652663951,203,17878885_15
Soft-probability A*,1,1110.2295808265262,28252,192.55009999997696,0.9538300104931794,0.04616998950682061,nan,nan,nan,-0.00758484727515459,203,17878885_15
Clearance-aware A*,1,1121.8864350760186,56103,405.38010000000213,0.995846313603323,0.004153686396677014,nan,nan,nan,0.0028350145174748237,203,17878885_15
URA-style A*,1,1123.0580079512724,30132,217.40259999998557,0.9989637305699481,0.0010362694300518616,nan,nan,nan,0.0038822633874407045,203,17878885_15
GT Oracle A*,1,1118.7148622007646,19872,131.00430000000074,1.0,0.0,nan,nan,nan,0.0,203,17878885_15
Topology+Risk A*,1,1125.3006486383917,55387,392.0357000000081,0.9989648033126294,0.0010351966873706209,nan,nan,nan,0.005886921377509361,203,17878885_15
Binary-mask A*,0,nan,0,0.0,nan,nan,nan,nan,nan,nan,204,17878885_15
Soft-probability A*,0,nan,0,0.0,nan,nan,nan,nan,nan,nan,204,17878885_15
Clearance-aware A*,0,nan,0,0.0,nan,nan,nan,nan,nan,nan,204,17878885_15
URA-style A*,0,nan,0,0.0,nan,nan,nan,nan,nan,nan,204,17878885_15
GT Oracle A*,1,1612.4784976368098,49842,336.82670000001735,1.0,0.0,nan,nan,nan,0.0,204,17878885_15
Topology+Risk A*,1,1786.0003589375087,167932,1220.896400000015,0.9912980420594634,0.008701957940536631,nan,nan,nan,0.10761189160351985,204,17878885_15
Binary-mask A*,1,1770.6206332605414,53383,364.4639999999981,0.49642346208869814,0.5035765379113019,nan,nan,nan,-0.006269851690215762,205,17878885_15
Soft-probability A*,1,1781.4906909456308,70667,527.3228000000074,0.9693076374018558,0.03069236259814423,nan,nan,nan,-0.00016922017568940365,205,17878885_15
Clearance-aware A*,1,1792.319118070377,129052,917.6439000000016,0.9900779588944011,0.009922041105598911,nan,nan,nan,0.005908046908237301,205,17878885_15
URA-style A*,1,1796.319118070377,101248,737.9523000000177,0.9816254416961131,0.0183745583038869,nan,nan,nan,0.008152977594445021,205,17878885_15
GT Oracle A*,1,1781.7922061357951,45359,321.37140000000386,1.0,0.0,nan,nan,nan,0.0,205,17878885_15
Topology+Risk A*,1,1795.7333316327502,133950,1035.5575999999758,0.9908062234794908,0.009193776520509234,nan,nan,nan,0.007824215107096792,205,17878885_15
Binary-mask A*,1,1598.3069247615565,42402,290.3080000000102,0.49227013832384053,0.5077298616761594,nan,nan,nan,-0.004316457396672534,206,17878885_15
Soft-probability A*,1,1605.4784976368103,54375,395.93759999999634,0.9700889248181084,0.029911075181891622,nan,nan,nan,0.00015115578565531876,206,17878885_15
Clearance-aware A*,1,1614.9932162625719,98914,698.5355000000197,0.9935948759007206,0.006405124099279402,nan,nan,nan,0.006078458359024003,206,17878885_15
URA-style A*,1,1617.2358569496912,79963,577.7300999999966,0.9816,0.018399999999999972,nan,nan,nan,0.007475536973615158,206,17878885_15
GT Oracle A*,1,1605.235856949691,34356,230.87019999999825,1.0,0.0,nan,nan,nan,0.0,206,17878885_15
Topology+Risk A*,1,1617.8216433873179,101353,763.6920000000202,0.9928057553956835,0.007194244604316502,nan,nan,nan,0.007840459321375188,206,17878885_15
Binary-mask A*,1,1812.8043994446155,74207,521.2948999999867,0.4352694191742477,0.5647305808257523,nan,nan,nan,-0.005033860497938339,207,17878885_15
Soft-probability A*,1,1819.1475451951233,95423,680.3967000000171,0.9728601252609603,0.02713987473903967,nan,nan,nan,-0.001552395403516014,207,17878885_15
Clearance-aware A*,1,1831.3901858822426,114029,827.7240000000177,0.994475138121547,0.0055248618784530246,nan,nan,nan,0.0051670349693945135,207,17878885_15
URA-style A*,1,1831.9759723198695,101237,751.415900000012,0.9841269841269841,0.015873015873015928,nan,nan,nan,0.0054885465845455235,207,17878885_15
GT Oracle A*,1,1821.9759723198692,64558,511.02919999999585,1.0,0.0,nan,nan,nan,0.0,207,17878885_15
Topology+Risk A*,1,1833.3901858822426,117767,848.2889,0.9937931034482759,0.006206896551724128,nan,nan,nan,0.006264744286303593,207,17878885_15
Binary-mask A*,0,nan,0,0.0,nan,nan,nan,nan,nan,nan,208,17878885_15
Soft-probability A*,0,nan,0,0.0,nan,nan,nan,nan,nan,nan,208,17878885_15
Clearance-aware A*,0,nan,0,0.0,nan,nan,nan,nan,nan,nan,208,17878885_15
URA-style A*,0,nan,0,0.0,nan,nan,nan,nan,nan,nan,208,17878885_15
GT Oracle A*,1,2193.3018741276715,114051,775.644399999976,1.0,0.0,nan,nan,nan,0.0,208,17878885_15
Topology+Risk A*,0,nan,0,0.0,nan,nan,nan,nan,nan,nan,208,17878885_15
Binary-mask A*,1,1826.5617587574961,41735,290.91690000001336,0.5041551246537396,0.4958448753462604,nan,nan,nan,-0.005313542301478523,209,17878885_15
Soft-probability A*,1,1831.4906909456308,51891,394.36710000001085,0.972432804962095,0.027567195037904946,nan,nan,nan,-0.0026294052472860745,209,17878885_15
Clearance-aware A*,1,1837.8338366961384,92172,661.5920999999503,0.9924605894448252,0.007539410555174819,nan,nan,nan,0.0008248667733488887,209,17878885_15
URA-style A*,1,1837.2480502585115,75170,554.703399999994,0.9835390946502057,0.016460905349794275,nan,nan,nan,0.0005058664253906078,209,17878885_15
GT Oracle A*,1,1836.3191180703768,34485,232.91690000002063,1.0,0.0,nan,nan,nan,0.0,209,17878885_15
Topology+Risk A*,1,1838.4196231337653,93220,657.8623999999991,0.9924657534246575,0.007534246575342518,nan,nan,nan,0.0011438671213071694,209,17878885_15
Binary-mask A*,1,1796.691701072407,38606,268.2791000000293,0.4831223628691983,0.5168776371308017,nan,nan,nan,-0.005802022422863723,210,17878885_15
Soft-probability A*,1,1801.5201281971533,50920,354.7998000000234,0.967741935483871,0.032258064516129004,nan,nan,nan,-0.0031302159691265524,210,17878885_15
Clearance-aware A*,1,1811.6622638208844,91497,647.1637999999871,0.9895251396648045,0.010474860335195513,nan,nan,nan,0.0024819270153420407,210,17878885_15
URA-style A*,1,1811.6622638208846,66366,484.6843999999919,0.9804469273743017,0.019553072625698276,nan,nan,nan,0.0024819270153421664,210,17878885_15
GT Oracle A*,1,1807.1769824466458,34090,223.39700000003404,1.0,0.0,nan,nan,nan,0.0,210,17878885_15
Topology+Risk A*,1,1813.9049045080037,99369,706.9298000000117,0.9902302861130495,0.00976971388695047,nan,nan,nan,0.0037228905230130608,210,17878885_15
Binary-mask A*,1,2129.2379489907353,74987,548.0473000000075,0.42789598108747046,0.5721040189125295,nan,nan,nan,-0.006598053105580423,211,17878885_15
Soft-probability A*,1,2138.309016802601,108695,796.5391000000182,0.9735138316656857,0.026486168334314275,nan,nan,nan,-0.0023659209340727294,211,17878885_15
Clearance-aware A*,1,2151.865365988703,131323,953.2737999999767,0.9947306791569087,0.005269320843091285,nan,nan,nan,0.0039588318633484235,211,17878885_15
URA-style A*,1,2153.8653659887027,120769,868.0861999999934,0.9859649122807017,0.01403508771929829,nan,nan,nan,0.0048919374820652695,211,17878885_15
GT Oracle A*,1,2143.380084614465,73234,494.1200999999751,1.0,0.0,nan,nan,nan,0.0,211,17878885_15
Topology+Risk A*,1,2156.108006675822,149254,1052.9054000000428,0.994155464640561,0.005844535359438963,nan,nan,nan,0.0059382477950224236,211,17878885_15
Binary-mask A*,1,1884.0642840744374,55419,401.58079999997653,0.3482849604221636,0.6517150395778364,nan,nan,nan,-0.0026843327063897607,212,17878885_15
Soft-probability A*,1,1890.306924761557,76495,540.5860999999845,0.9756738987508218,0.024326101249178222,nan,nan,nan,0.0006201635441760158,212,17878885_15
Clearance-aware A*,1,1900.7922061357954,111974,800.4042000000027,0.9947678221059516,0.005232177894048395,nan,nan,nan,0.006170470653599833,212,17878885_15
URA-style A*,1,1905.5201281971533,99981,736.6656000000376,0.984967320261438,0.015032679738562038,nan,nan,nan,0.008673161663345178,212,17878885_15
GT Oracle A*,1,1889.135351886303,49241,334.9703999999747,1.0,0.0,nan,nan,nan,0.0,212,17878885_15
Topology+Risk A*,1,1906.1059146347802,118827,847.5767999999562,0.9934683213585892,0.006531678641410799,nan,nan,nan,0.008983243435433125,212,17878885_15
Binary-mask A*,1,131.33809511662412,1720,15.433999999970638,0.7428571428571429,0.2571428571428571,nan,nan,nan,0.0,213,18028750_15
Soft-probability A*,1,131.33809511662417,1909,12.804899999991903,1.0,0.0,nan,nan,nan,4.328022178967408e-16,213,18028750_15
Clearance-aware A*,1,131.33809511662417,1969,14.448099999981423,1.0,0.0,nan,nan,nan,4.328022178967408e-16,213,18028750_15
URA-style A*,1,131.33809511662417,1758,11.371300000007523,1.0,0.0,nan,nan,nan,4.328022178967408e-16,213,18028750_15
GT Oracle A*,1,131.33809511662412,1385,11.801999999988766,1.0,0.0,nan,nan,nan,0.0,213,18028750_15
Topology+Risk A*,1,131.33809511662417,1885,12.47369999998682,1.0,0.0,nan,nan,nan,4.328022178967408e-16,213,18028750_15
Binary-mask A*,1,531.7817459305206,5168,34.11540000001878,0.38235294117647056,0.6176470588235294,nan,nan,nan,-0.000644859422801191,214,18028750_15
Soft-probability A*,1,533.1959594928937,6982,49.68500000001086,0.9980430528375733,0.00195694716242667,nan,nan,nan,0.0020128128351258614,214,18028750_15
Clearance-aware A*,1,535.438600180013,9399,63.859900000011294,1.0,0.0,nan,nan,nan,0.0062273134574038855,214,18028750_15
URA-style A*,1,537.1959594928937,7132,49.834099999998216,1.0,0.0,nan,nan,nan,0.00952984513813213,214,18028750_15
GT Oracle A*,1,532.1248916810282,4204,30.724399999996876,1.0,0.0,nan,nan,nan,0.0,214,18028750_15
Topology+Risk A*,1,536.6101730552668,9229,61.25650000001315,1.0,0.0,nan,nan,nan,0.008429001244556047,214,18028750_15
Binary-mask A*,1,343.00714267493663,3693,24.63009999996757,0.8415841584158416,0.15841584158415845,nan,nan,nan,-0.006784837971876845,215,18028750_15
Soft-probability A*,1,343.5929291125636,4806,31.786699999997836,0.9868421052631579,0.013157894736842146,nan,nan,nan,-0.005088628478907469,215,18028750_15
Clearance-aware A*,1,344.1787155501905,5170,34.1064999999503,0.9901639344262295,0.00983606557377048,nan,nan,nan,-0.0033924189859382576,215,18028750_15
URA-style A*,1,344.76450198781737,4478,31.23139999996738,0.9934640522875817,0.006535947712418277,nan,nan,nan,-0.0016962094929690466,215,18028750_15
GT Oracle A*,1,345.3502884254442,3132,19.93559999999661,1.0,0.0,nan,nan,nan,0.0,215,18028750_15
Topology+Risk A*,1,344.1787155501905,5070,33.29800000000205,0.9901639344262295,0.00983606557377048,nan,nan,nan,-0.0033924189859382576,215,18028750_15
Binary-mask A*,0,nan,0,0.0,nan,nan,nan,nan,nan,nan,216,18028750_15
Soft-probability A*,0,nan,0,0.0,nan,nan,nan,nan,nan,nan,216,18028750_15
Clearance-aware A*,0,nan,0,0.0,nan,nan,nan,nan,nan,nan,216,18028750_15
URA-style A*,0,nan,0,0.0,nan,nan,nan,nan,nan,nan,216,18028750_15
GT Oracle A*,1,651.764501987818,8328,52.70439999998189,1.0,0.0,nan,nan,nan,0.0,216,18028750_15
Topology+Risk A*,0,nan,0,0.0,nan,nan,nan,nan,nan,nan,216,18028750_15
Binary-mask A*,1,549.5533905932762,7914,54.674900000009075,0.5794183445190156,0.42058165548098436,nan,nan,nan,-0.0074062606540947875,217,18028750_15
Soft-probability A*,1,551.310749906157,9631,65.00369999997702,0.8355555555555556,0.1644444444444444,nan,nan,nan,-0.0042321489451968165,217,18028750_15
Clearance-aware A*,1,555.4112549695452,10080,71.72980000001417,0.8927789934354485,0.10722100656455147,nan,nan,nan,0.0031741117088979714,217,18028750_15
URA-style A*,1,556.582827844799,8872,59.57699999999022,0.8932461873638344,0.10675381263616557,nan,nan,nan,0.0052901861814964824,217,18028750_15
GT Oracle A*,1,553.6538956566644,6840,44.31709999994382,1.0,0.0,nan,nan,nan,0.0,217,18028750_15
Topology+Risk A*,1,556.582827844799,9879,65.79620000002251,0.8976034858387799,0.10239651416122009,nan,nan,nan,0.0052901861814964824,217,18028750_15
Binary-mask A*,1,82.21320343559638,674,4.269399999998313,0.42857142857142855,0.5714285714285714,nan,nan,nan,0.0,218,18028750_15
Soft-probability A*,1,82.21320343559641,862,6.730199999992692,1.0,0.0,nan,nan,nan,3.457073589483569e-16,218,18028750_15
Clearance-aware A*,1,82.2132034355964,928,9.01890000000094,1.0,0.0,nan,nan,nan,1.7285367947417844e-16,218,18028750_15
URA-style A*,1,82.21320343559641,848,6.129299999997784,1.0,0.0,nan,nan,nan,3.457073589483569e-16,218,18028750_15
GT Oracle A*,1,82.21320343559638,569,3.527599999983977,1.0,0.0,nan,nan,nan,0.0,218,18028750_15
Topology+Risk A*,1,82.2132034355964,916,6.088599999998223,1.0,0.0,nan,nan,nan,1.7285367947417844e-16,218,18028750_15
Binary-mask A*,0,nan,0,0.0,nan,nan,nan,nan,nan,nan,219,18028750_15
Soft-probability A*,0,nan,0,0.0,nan,nan,nan,nan,nan,nan,219,18028750_15
Clearance-aware A*,0,nan,0,0.0,nan,nan,nan,nan,nan,nan,219,18028750_15
URA-style A*,0,nan,0,0.0,nan,nan,nan,nan,nan,nan,219,18028750_15
GT Oracle A*,1,1578.2976900455635,18912,121.05020000001332,1.0,0.0,nan,nan,nan,0.0,219,18028750_15
Topology+Risk A*,0,nan,0,0.0,nan,nan,nan,nan,nan,nan,219,18028750_15
Binary-mask A*,1,713.1564209736051,6652,42.14100000001508,0.25796178343949044,0.7420382165605095,nan,nan,nan,-0.0016401049452666246,220,18028750_15
Soft-probability A*,1,714.327993848859,9089,60.64059999999927,1.0,0.0,nan,nan,nan,0.0,220,18028750_15
Clearance-aware A*,1,715.4995667241128,9036,60.07130000000416,1.0,0.0,nan,nan,nan,0.0016401049452664654,220,18028750_15
URA-style A*,1,715.4995667241128,8973,58.7722999999869,1.0,0.0,nan,nan,nan,0.0016401049452664654,220,18028750_15
GT Oracle A*,1,714.327993848859,5464,34.22819999997273,1.0,0.0,nan,nan,nan,0.0,220,18028750_15
Topology+Risk A*,1,715.4995667241128,8921,58.865099999991344,1.0,0.0,nan,nan,nan,0.0016401049452664654,220,18028750_15
Binary-mask A*,1,1349.3910524340151,18702,128.27809999998863,0.5515418502202644,0.44845814977973564,nan,nan,nan,-0.0037133499454740457,221,18028750_15
Soft-probability A*,1,1353.734198184523,22776,154.91789999998673,0.9351446099912357,0.06485539000876428,nan,nan,nan,-0.0005067049016470952,221,18028750_15
Clearance-aware A*,1,1361.834703247911,28895,192.15619999999944,0.9574652777777778,0.04253472222222221,nan,nan,nan,0.005474085499175001,221,18028750_15
URA-style A*,1,1362.4204896855379,21573,149.21469999995907,0.9575021682567216,0.04249783174327837,nan,nan,nan,0.005906585186006302,221,18028750_15
GT Oracle A*,1,1354.4204896855379,16240,117.44149999998399,1.0,0.0,nan,nan,nan,0.0,221,18028750_15
Topology+Risk A*,1,1363.0062761231648,28225,190.06250000001046,0.9592720970537262,0.04072790294627382,nan,nan,nan,0.006339084872837604,221,18028750_15
Binary-mask A*,1,1664.7880220536854,24635,168.57849999996688,0.5875785066294487,0.41242149337055134,nan,nan,nan,-0.00301196829838852,222,18028750_15
Soft-probability A*,1,1669.1311678041932,30438,223.34439999997358,0.9485753995830438,0.05142460041695618,nan,nan,nan,-0.00041099791907835614,222,18028750_15
Clearance-aware A*,1,1677.2316728675814,30377,222.58540000001403,0.9662068965517241,0.03379310344827591,nan,nan,nan,0.004440134172185548,222,18028750_15
URA-style A*,1,1677.8174593052083,28021,196.84599999999364,0.9662301860785665,0.03376981392143352,nan,nan,nan,0.004790942839541699,222,18028750_15
GT Oracle A*,1,1669.8174593052083,21087,143.9207999999894,1.0,0.0,nan,nan,nan,0.0,222,18028750_15
Topology+Risk A*,1,1678.4032457428352,29575,228.26689999999417,0.9676308539944903,0.032369146005509664,nan,nan,nan,0.005141751506897849,222,18028750_15
Binary-mask A*,1,942.2051942088863,13888,91.06930000001512,0.7453646477132262,0.2546353522867738,nan,nan,nan,-0.0034607684764435885,223,18028750_15
Soft-probability A*,1,944.7909806465132,17091,115.13139999999566,0.9088669950738916,0.09113300492610843,nan,nan,nan,-0.0007258677931583977,223,18028750_15
Clearance-aware A*,1,950.5483399593938,18876,127.60509999998249,0.9401709401709402,0.05982905982905984,nan,nan,nan,0.005363500489384862,223,18028750_15
URA-style A*,1,951.1341263970207,15812,109.09459999999171,0.9402439024390243,0.05975609756097566,nan,nan,nan,0.0059830674053577395,223,18028750_15
GT Oracle A*,1,945.4772721475283,11740,80.33530000000155,1.0,0.0,nan,nan,nan,0.0,223,18028750_15
Topology+Risk A*,1,951.7199128346476,18486,127.62929999996686,0.9427527405602923,0.057247259439707654,nan,nan,nan,0.006602634321330618,223,18028750_15
Binary-mask A*,1,1088.5260453828078,12240,78.89949999997725,0.47859495060373214,0.5214050493962679,nan,nan,nan,-0.002683511686989483,224,18028750_15
Soft-probability A*,1,1090.8691911333156,14742,99.50329999998075,0.9868852459016394,0.013114754098360604,nan,nan,nan,-0.0005367023373976884,224,18028750_15
Clearance-aware A*,1,1094.9696961967038,14616,100.53149999998823,1.0,0.0,nan,nan,nan,0.003220214024387588,224,18028750_15
URA-style A*,1,1094.383909759077,14308,104.06140000003461,1.0,0.0,nan,nan,nan,0.0026835116869896917,224,18028750_15
GT Oracle A*,1,1091.4549775709422,10105,65.05590000000439,1.0,0.0,nan,nan,nan,0.0,224,18028750_15
Topology+Risk A*,1,1094.9696961967038,14365,96.06139999999641,1.0,0.0,nan,nan,nan,0.003220214024387588,224,18028750_15
Binary-mask A*,1,963.7564927611078,13645,94.86179999998967,0.2797992471769134,0.7202007528230866,nan,nan,nan,-0.0030298710547831597,225,18028750_15
Soft-probability A*,1,966.0996385116155,15764,109.42049999999881,0.9850187265917603,0.014981273408239737,nan,nan,nan,-0.0006059742109565143,225,18028750_15
Clearance-aware A*,1,970.2001435750037,13894,91.1830000000009,1.0,0.0,nan,nan,nan,0.003635845265739909,225,18028750_15
URA-style A*,1,969.6143571373768,13658,92.10070000000314,1.0,0.0,nan,nan,nan,0.0030298710547832773,225,18028750_15
GT Oracle A*,1,966.6854249492422,11049,71.26099999999269,1.0,0.0,nan,nan,nan,0.0,225,18028750_15
Topology+Risk A*,1,970.2001435750037,13649,92.42190000003347,1.0,0.0,nan,nan,nan,0.003635845265739909,225,18028750_15
Binary-mask A*,1,1792.2438661764013,24255,171.9082000000185,0.6001287830006439,0.3998712169993561,nan,nan,nan,-0.0027983708665400785,226,18028750_15
Soft-probability A*,1,1796.587011926909,30171,205.38229999999658,0.9525336754329699,0.04746632456703015,nan,nan,nan,-0.00038185149676801534,226,18028750_15
Clearance-aware A*,1,1804.6875169902974,30593,203.62219999998388,0.9687898089171975,0.03121019108280254,nan,nan,nan,0.004125256603006365,226,18028750_15
URA-style A*,1,1805.2733034279242,28188,189.34219999999868,0.9688096753660089,0.031190324633991073,nan,nan,nan,0.004451187242775858,226,18028750_15
GT Oracle A*,1,1797.2733034279242,20750,145.07049999997434,1.0,0.0,nan,nan,nan,0.0,226,18028750_15
Topology+Risk A*,1,1805.8590898655511,29789,212.056299999972,0.9701017811704835,0.029898218829516487,nan,nan,nan,0.004777117882545351,226,18028750_15
Binary-mask A*,1,1906.9961748553992,24673,168.8906999999631,0.2841463414634146,0.7158536585365853,nan,nan,nan,-0.003851182261395514,227,18028750_15
Soft-probability A*,1,1911.925107043534,30213,212.2265999999513,0.9526411657559198,0.04735883424408016,nan,nan,nan,-0.001276478632377258,227,18028750_15
Clearance-aware A*,1,1920.611398544549,26321,181.44979999999578,0.9686558167570826,0.031344183242917434,nan,nan,nan,0.003260939493238669,227,18028750_15
URA-style A*,1,1921.7829714198028,26278,178.07540000001154,0.9692956050571945,0.030704394942805524,nan,nan,nan,0.003872928625659017,227,18028750_15
GT Oracle A*,1,1914.3687578574295,20970,145.02369999996745,1.0,0.0,nan,nan,nan,0.0,227,18028750_15
Topology+Risk A*,1,1921.7829714198028,25653,179.44180000000642,0.9698976520168573,0.030102347983142708,nan,nan,nan,0.003872928625659017,227,18028750_15
Binary-mask A*,1,1698.4865068635208,23098,150.87139999997135,0.48628257887517146,0.5137174211248285,nan,nan,nan,-0.0029523863682622917,228,18028750_15
Soft-probability A*,1,1702.8296526140284,29503,197.88990000000695,0.9494535519125683,0.050546448087431695,nan,nan,nan,-0.00040286767105761876,228,18028750_15
Clearance-aware A*,1,1710.9301576774167,31700,216.67659999997113,0.9667796610169491,0.03322033898305088,nan,nan,nan,0.004352300656760041,228,18028750_15
URA-style A*,1,1711.5159441150436,29745,199.12199999998847,0.9668021680216802,0.033197831978319825,nan,nan,nan,0.004696169723351727,228,18028750_15
GT Oracle A*,1,1703.5159441150436,19739,124.6633000000088,1.0,0.0,nan,nan,nan,0.0,228,18028750_15
Topology+Risk A*,1,1712.1017305526705,30890,206.77739999996447,0.9681787406905891,0.03182125930941093,nan,nan,nan,0.005040038789943412,228,18028750_15
Binary-mask A*,1,1797.2144289248783,23043,151.28279999998995,0.21957501609787508,0.7804249839021249,nan,nan,nan,-0.0027906529998035505,229,18028750_15
Soft-probability A*,1,1801.557574675386,28747,195.86930000002667,0.9525336754329699,0.04746632456703015,nan,nan,nan,-0.00038079835581361605,229,18028750_15
Clearance-aware A*,1,1809.6580797387742,25590,171.55239999999594,0.9687898089171975,0.03121019108280254,nan,nan,nan,0.00411387920442916,229,18028750_15
URA-style A*,1,1810.243866176401,25146,170.49919999999474,0.9688096753660089,0.031190324633991073,nan,nan,nan,0.004438910932166253,229,18028750_15
GT Oracle A*,1,1802.243866176401,19476,124.6165000000019,1.0,0.0,nan,nan,nan,0.0,229,18028750_15
Topology+Risk A*,1,1810.829652614028,24976,184.8606999999447,0.9701017811704835,0.029898218829516487,nan,nan,nan,0.004763942659903346,229,18028750_15
Binary-mask A*,1,2061.589103967962,28188,189.9470999999835,0.35290763968072975,0.6470923603192702,nan,nan,nan,-0.0035634217146024516,230,18028750_15
Soft-probability A*,1,2066.5180361560965,35464,253.3653999999501,0.9557069846678024,0.04429301533219765,nan,nan,nan,-0.0011811000799504584,230,18028750_15
Clearance-aware A*,1,2075.2043276571103,32625,225.92489999999543,0.9706711787930062,0.02932882120699376,nan,nan,nan,0.003017281917995051,230,18028750_15
URA-style A*,1,2076.375900532364,31213,207.85530000000563,0.9712676056338028,0.028732394366197234,nan,nan,nan,0.003583543189352649,230,18028750_15
GT Oracle A*,1,2068.961686969991,23644,156.63130000001502,1.0,0.0,nan,nan,nan,0.0,230,18028750_15
Topology+Risk A*,1,2076.375900532364,31643,212.22119999998768,0.971830985915493,0.028169014084507005,nan,nan,nan,0.003583543189352649,230,18028750_15
Binary-mask A*,1,1659.5992052357287,22058,145.10860000001458,0.2773049645390071,0.7226950354609929,nan,nan,nan,-0.003021356909975938,231,18028750_15
Soft-probability A*,1,1663.9423509862365,26234,182.27880000000596,0.9477401129943502,0.05225988700564976,nan,nan,nan,-0.0004122790414019785,231,18028750_15
Clearance-aware A*,1,1672.0428560496248,21232,146.98500000002923,0.9656622284512965,0.034337771548703544,nan,nan,nan,0.004453974522086307,231,18028750_15
URA-style A*,1,1672.6286424872517,22330,152.80710000001818,0.9656862745098039,0.03431372549019607,nan,nan,nan,0.004805876695745667,231,18028750_15
GT Oracle A*,1,1664.6286424872515,18514,120.97790000001396,1.0,0.0,nan,nan,nan,0.0,231,18028750_15
Topology+Risk A*,1,1673.2144289248786,20812,142.43599999997514,0.967109867039888,0.032890132960112006,nan,nan,nan,0.005157778869405027,231,18028750_15
Binary-mask A*,1,2146.8439379638908,28972,188.31800000003796,0.36418400876232204,0.635815991237678,nan,nan,nan,-0.0034223964630647366,232,18028750_15
Soft-probability A*,1,2151.7728701520255,36361,253.16559999998844,0.9574468085106383,0.04255319148936165,nan,nan,nan,-0.001134357103899191,232,18028750_15
Clearance-aware A*,1,2160.4591616530397,33734,235.05080000001044,0.9718157181571816,0.028184281842818404,nan,nan,nan,0.0028978705837426383,232,18028750_15
URA-style A*,1,2161.630734528293,32137,226.55150000002777,0.9723876556578235,0.02761234434217652,nan,nan,nan,0.003441721614431056,232,18028750_15
GT Oracle A*,1,2154.21652096592,24318,164.38349999998536,1.0,0.0,nan,nan,nan,0.0,232,18028750_15
Topology+Risk A*,1,2161.6307345282935,32675,230.16319999999268,0.9729290741743367,0.027070925825663283,nan,nan,nan,0.0034417216144312667,232,18028750_15
Binary-mask A*,1,323.4163056034272,5802,40.05950000004077,0.4566929133858268,0.5433070866141732,nan,nan,nan,-0.010446434351013237,233,18178780_15
Soft-probability A*,1,324.58787847868103,8421,57.3184000000424,0.98828125,0.01171875,nan,nan,nan,-0.006861784795506128,233,18178780_15
Clearance-aware A*,1,329.6589462905465,12399,89.7059999999783,0.9961389961389961,0.0038610038610038533,nan,nan,nan,0.00865410957325977,233,18178780_15
URA-style A*,1,331.41630560342725,8767,59.71080000000484,1.0,0.0,nan,nan,nan,0.014031083906520346,233,18178780_15
GT Oracle A*,1,326.8305191658003,5228,35.81110000004628,1.0,0.0,nan,nan,nan,0.0,233,18178780_15
Topology+Risk A*,1,330.24473272817346,11944,81.04609999998047,0.9961538461538462,0.0038461538461538325,nan,nan,nan,0.010446434351013412,233,18178780_15
Binary-mask A*,1,85.78174593052013,943,9.108599999990474,0.859375,0.140625,nan,nan,nan,-0.0067824843614838525,234,18178780_15
Soft-probability A*,1,85.78174593052016,1025,11.189999999999145,0.96875,0.03125,nan,nan,nan,-0.006782484361483524,234,18178780_15
Clearance-aware A*,1,85.78174593052015,1774,12.539899999978843,0.921875,0.078125,nan,nan,nan,-0.006782484361483688,234,18178780_15
URA-style A*,1,85.78174593052016,1253,8.434999999963111,0.96875,0.03125,nan,nan,nan,-0.006782484361483524,234,18178780_15
GT Oracle A*,1,86.36753236814704,942,6.40299999997751,1.0,0.0,nan,nan,nan,0.0,234,18178780_15
Topology+Risk A*,1,85.78174593052015,1695,10.902600000008533,0.921875,0.078125,nan,nan,nan,-0.006782484361483688,234,18178780_15
Binary-mask A*,1,52.31370849898474,409,2.6273999999943953,0.66,0.33999999999999997,nan,nan,nan,-1.3582343063556463e-16,235,18178780_15
Soft-probability A*,1,52.31370849898475,462,3.0307999999763524,1.0,0.0,nan,nan,nan,1.3582343063556463e-16,235,18178780_15
Clearance-aware A*,1,52.31370849898475,577,5.115100000011807,1.0,0.0,nan,nan,nan,1.3582343063556463e-16,235,18178780_15
URA-style A*,1,52.31370849898475,454,3.064999999992324,1.0,0.0,nan,nan,nan,1.3582343063556463e-16,235,18178780_15
GT Oracle A*,1,52.313708498984745,332,2.036699999962366,1.0,0.0,nan,nan,nan,0.0,235,18178780_15
Topology+Risk A*,1,52.31370849898475,571,3.622500000005857,1.0,0.0,nan,nan,nan,1.3582343063556463e-16,235,18178780_15
Binary-mask A*,1,2624.2501422994906,61464,411.91850000001295,0.40229885057471265,0.5977011494252873,nan,nan,nan,-0.0008920854862332677,236,18178780_15
Soft-probability A*,1,2628.8359287371177,77760,540.9182000000214,0.9935779816513761,0.006422018348623881,nan,nan,nan,0.000853821068272414,236,18178780_15
Clearance-aware A*,1,2638.00750161237,91562,631.4056999999593,0.997716894977169,0.0022831050228310223,nan,nan,nan,0.004345634177283085,236,18178780_15
URA-style A*,1,2662.149637236098,82285,574.3670999999608,0.9981900452488688,0.0018099547511312153,nan,nan,nan,0.013537059333802533,236,18178780_15
GT Oracle A*,1,2626.5932880499977,68080,467.6996000000031,1.0,0.0,nan,nan,nan,0.0,236,18178780_15
Topology+Risk A*,1,2638.835928737116,90309,650.5269999999541,0.997716894977169,0.0022831050228310223,nan,nan,nan,0.0046610340256398085,236,18178780_15
Binary-mask A*,1,1003.7636354360445,24917,168.2920000000081,0.5628140703517588,0.4371859296482412,nan,nan,nan,0.6294430996905916,237,18178780_15
Soft-probability A*,1,1004.9352083112984,30921,211.74300000001267,0.993734335839599,0.006265664160400974,nan,nan,nan,0.6313449531449039,237,18178780_15
Clearance-aware A*,1,1009.4204896855371,32568,217.08109999997305,0.99625,0.003750000000000031,nan,nan,nan,0.638626060496685,237,18178780_15
URA-style A*,1,1010.5920625607909,37112,265.95959999997376,0.9962593516209476,0.0037406483790524137,nan,nan,nan,0.6405279139509972,237,18178780_15
GT Oracle A*,1,616.0163773909289,11237,75.1442000000111,1.0,0.0,nan,nan,nan,0.0,237,18178780_15
Topology+Risk A*,1,1010.006276123164,35917,255.4005999999731,0.9962546816479401,0.0037453183520599342,nan,nan,nan,0.639576987223841,237,18178780_15
Binary-mask A*,1,828.3372285648514,17554,119.77660000002288,0.44075829383886256,0.5592417061611374,nan,nan,nan,-0.005795278636095246,238,18178780_15
Soft-probability A*,1,828.9230150024783,21626,149.44869999999355,0.9873817034700315,0.012618296529968487,nan,nan,nan,-0.005092193440940331,238,18178780_15
Clearance-aware A*,1,833.1656556895977,37683,265.1263000000199,0.9968602825745683,0.0031397174254317317,nan,nan,nan,0.0,238,18178780_15
URA-style A*,1,834.5798692519708,34792,266.36939999997367,1.0,0.0,nan,nan,nan,0.001697397813646777,238,18178780_15
GT Oracle A*,1,833.1656556895977,22935,157.29040000002215,1.0,0.0,nan,nan,nan,0.0,238,18178780_15
Topology+Risk A*,1,833.9940828143439,38781,263.42710000000125,0.9968602825745683,0.0031397174254317317,nan,nan,nan,0.000994312618491862,238,18178780_15
Binary-mask A*,1,1267.569767984206,46263,325.06039999998393,0.40078973346495556,0.5992102665350445,nan,nan,nan,-0.007027245855466652,239,18178780_15
Soft-probability A*,1,1270.3981951089522,62807,455.4467999999474,0.9842364532019704,0.015763546798029604,nan,nan,nan,-0.004811548429657309,239,18178780_15
Clearance-aware A*,1,1277.711903607937,77123,546.1545000000001,0.9960745829244357,0.003925417075564264,nan,nan,nan,0.0009177719238853589,239,18178780_15
URA-style A*,1,1277.711903607937,63296,431.2482999999929,0.9980372914622179,0.001962708537782132,nan,nan,nan,0.0009177719238853589,239,18178780_15
GT Oracle A*,1,1276.5403307326833,44646,315.6567999999993,1.0,0.0,nan,nan,nan,0.0,239,18178780_15
Topology+Risk A*,1,1278.5403307326833,75031,537.447200000031,0.9980372914622179,0.001962708537782132,nan,nan,nan,0.0015667346748473507,239,18178780_15
Binary-mask A*,1,975.5016587651683,29647,203.11639999999898,0.4464720194647202,0.5535279805352797,nan,nan,nan,-0.008032830658044367,240,18178780_15
Soft-probability A*,1,978.0874452027953,38481,275.2514000000019,0.9903030303030304,0.009696969696969648,nan,nan,nan,-0.00540339868321555,240,18178780_15
Clearance-aware A*,1,982.3300858899146,41874,292.6890999999614,0.9927536231884058,0.007246376811594235,nan,nan,nan,-0.001089146385311581,240,18178780_15
URA-style A*,1,984.9158723275415,34048,243.97200000004204,0.9963898916967509,0.0036101083032491488,nan,nan,nan,0.001540285589517119,240,18178780_15
GT Oracle A*,1,983.4011537017801,27349,182.8861000000188,1.0,0.0,nan,nan,nan,0.0,240,18178780_15
Topology+Risk A*,1,983.7442994522877,40261,284.6375999999964,0.9951749095295537,0.004825090470446325,nan,nan,nan,0.00034893771398974207,240,18178780_15
Binary-mask A*,1,2061.245958217455,66570,460.0217999999927,0.5296803652968036,0.4703196347031964,nan,nan,nan,-0.00045046236982935626,241,18178780_15
Soft-probability A*,1,2068.317026029321,95772,680.6488999999942,0.9954467842914058,0.004553215708594238,nan,nan,nan,0.002978474644564713,241,18178780_15
Clearance-aware A*,1,2078.074385342202,114936,813.620799999967,1.0,0.0,nan,nan,nan,0.007710061358319056,241,18178780_15
URA-style A*,1,2105.6307345283058,96958,694.480800000008,0.9977666108319375,0.002233389168062483,nan,nan,nan,0.021072821866320462,241,18178780_15
GT Oracle A*,1,2062.17489040559,61144,414.0881999999806,1.0,0.0,nan,nan,nan,0.0,241,18178780_15
Topology+Risk A*,1,2081.488598904575,111940,782.376499999998,0.9988706945228685,0.0011293054771315258,nan,nan,nan,0.00936569860725376,241,18178780_15
Binary-mask A*,1,884.5971131946734,19195,126.02939999999307,0.5475177304964539,0.4524822695035461,nan,nan,nan,-0.014717143689314462,242,18178780_15
Soft-probability A*,1,886.8397538817928,24234,167.13960000004136,0.9759206798866855,0.024079320113314484,nan,nan,nan,-0.012219243358277185,242,18178780_15
Clearance-aware A*,1,891.5676759431508,38992,269.05879999998206,0.9858557284299858,0.014144271570014189,nan,nan,nan,-0.006953184399294452,242,18178780_15
URA-style A*,1,893.3250352560315,26218,183.28830000001517,0.9915492957746479,0.008450704225352101,nan,nan,nan,-0.004995800662074172,242,18178780_15
GT Oracle A*,1,897.81031663027,16654,108.76930000000584,1.0,0.0,nan,nan,nan,0.0,242,18178780_15
Topology+Risk A*,1,892.1534623807777,38028,264.717399999995,0.9858757062146892,0.01412429378531077,nan,nan,nan,-0.006300723153554359,242,18178780_15
Binary-mask A*,0,nan,0,0.0,nan,nan,nan,nan,nan,nan,243,18178780_15
Soft-probability A*,0,nan,0,0.0,nan,nan,nan,nan,nan,nan,243,18178780_15
Clearance-aware A*,0,nan,0,0.0,nan,nan,nan,nan,nan,nan,243,18178780_15
URA-style A*,0,nan,0,0.0,nan,nan,nan,nan,nan,nan,243,18178780_15
GT Oracle A*,1,1302.8225099390907,25960,176.32429999997612,1.0,0.0,nan,nan,nan,0.0,243,18178780_15
Topology+Risk A*,0,nan,0,0.0,nan,nan,nan,nan,nan,nan,243,18178780_15
Binary-mask A*,1,1099.9352083112983,47083,315.87579999995796,0.6136618141097424,0.3863381858902576,nan,nan,nan,0.09526815011371725,244,18178780_15
Soft-probability A*,1,1104.1778489984179,61397,449.70920000002934,0.9988839285714286,0.0011160714285713969,nan,nan,nan,0.09949278914869529,244,18178780_15
Clearance-aware A*,1,1109.8347032479103,70156,499.2553000000157,0.9988888888888889,0.0011111111111110628,nan,nan,nan,0.10512564119533238,244,18178780_15
URA-style A*,1,1111.006276123164,61950,453.7377000000333,0.9988913525498891,0.0011086474501108556,nan,nan,nan,0.10629224305161142,244,18178780_15
GT Oracle A*,1,1004.2611101191033,35708,237.55049999999756,1.0,0.0,nan,nan,nan,0.0,244,18178780_15
Topology+Risk A*,1,1110.4204896855372,68642,481.35950000005323,0.9988901220865705,0.0011098779134295356,nan,nan,nan,0.1057089421234719,244,18178780_15
Binary-mask A*,0,nan,0,0.0,nan,nan,nan,nan,nan,nan,245,18178780_15
Soft-probability A*,0,nan,0,0.0,nan,nan,nan,nan,nan,nan,245,18178780_15
Clearance-aware A*,0,nan,0,0.0,nan,nan,nan,nan,nan,nan,245,18178780_15
URA-style A*,0,nan,0,0.0,nan,nan,nan,nan,nan,nan,245,18178780_15
GT Oracle A*,1,1370.9789309126963,29516,192.20559999996567,1.0,0.0,nan,nan,nan,0.0,245,18178780_15
Topology+Risk A*,0,nan,0,0.0,nan,nan,nan,nan,nan,nan,245,18178780_15
Binary-mask A*,1,1968.537372139856,48513,343.74960000002375,0.5645962732919255,0.4354037267080745,nan,nan,nan,-0.004637473526309867,246,18178780_15
Soft-probability A*,1,1973.7089450151097,61440,430.0862000000052,0.989480198019802,0.010519801980197974,nan,nan,nan,-0.002022542300818405,246,18178780_15
Clearance-aware A*,1,1983.6084399517215,82179,582.2618999999918,0.9963031423290203,0.003696857670979714,nan,nan,nan,0.002982994515690312,246,18178780_15
URA-style A*,1,1987.3657992646022,64909,467.10139999999,0.9963144963144963,0.0036855036855036882,nan,nan,nan,0.0048828490531091,246,18178780_15
GT Oracle A*,1,1977.7089450151097,42832,295.42680000002974,1.0,0.0,nan,nan,nan,0.0,246,18178780_15
Topology+Risk A*,1,1986.7800128269753,81544,573.1776999999738,0.9956976029502151,0.004302397049784856,nan,nan,nan,0.004586654590772571,246,18178780_15
Binary-mask A*,1,2164.19927702323,74668,513.7288999999896,0.5406437534097108,0.4593562465902892,nan,nan,nan,0.059148255602248755,247,18178780_15
Soft-probability A*,1,2169.613490585603,109266,766.2277000000017,0.9956474428726877,0.0043525571273123065,nan,nan,nan,0.06179794452457978,247,18178780_15
Clearance-aware A*,1,2177.3708498984834,118826,849.7034999999755,1.0,0.0,nan,nan,nan,0.0655943572078047,247,18178780_15
URA-style A*,1,2202.9271990845873,105676,752.1305999999868,0.9989293361884368,0.0010706638115631772,nan,nan,nan,0.07810150613230432,247,18178780_15
GT Oracle A*,1,2043.3393206059066,64658,431.8653999999924,1.0,0.0,nan,nan,nan,0.0,247,18178780_15
Topology+Risk A*,1,2178.199277023229,115689,861.719800000003,1.0,0.0,nan,nan,nan,0.0659997852815424,247,18178780_15
Binary-mask A*,1,1726.0083681642197,39650,276.23610000000554,0.6627505183137526,0.33724948168624735,nan,nan,nan,-0.00047973678057258755,248,18178780_15
Soft-probability A*,1,1728.836795288966,49699,348.4355999999593,1.0,0.0,nan,nan,nan,0.0011581870420275145,248,18178780_15
Clearance-aware A*,1,1733.0794359760855,69099,486.7249000000129,1.0,0.0,nan,nan,nan,0.003615072775927799,248,18178780_15
URA-style A*,1,1735.6652224137122,52752,376.97160000004715,0.9986254295532646,0.0013745704467353903,nan,nan,nan,0.005112484948682645,248,18178780_15
GT Oracle A*,1,1726.836795288966,36528,249.15859999998702,1.0,0.0,nan,nan,nan,0.0,248,18178780_15
Topology+Risk A*,1,1735.6652224137124,69283,502.8204000000187,0.9986254295532646,0.0013745704467353903,nan,nan,nan,0.005112484948682777,248,18178780_15
Binary-mask A*,1,1892.3687578574293,31662,212.62339999998403,0.5245098039215687,0.47549019607843135,nan,nan,nan,0.06076459721393265,249,18178780_15
Soft-probability A*,1,1895.1971849821757,43037,301.70480000003863,0.9993880048959608,0.000611995104039198,nan,nan,nan,0.062350067988205846,249,18178780_15
Clearance-aware A*,1,1900.8540392316681,73365,518.1878999999867,0.9993894993894994,0.0006105006105006083,nan,nan,nan,0.06552100953675198,249,18178780_15
URA-style A*,1,1900.6113985445486,46490,325.4856000000359,0.9993898718730934,0.0006101281269066394,nan,nan,nan,0.06538499764706537,249,18178780_15
GT Oracle A*,1,1783.9667376038763,25590,172.82579999999825,1.0,0.0,nan,nan,nan,0.0,249,18178780_15
Topology+Risk A*,1,1900.8540392316681,70154,506.47459999999,0.9993894993894994,0.0006105006105006083,nan,nan,nan,0.06552100953675198,249,18178780_15
Binary-mask A*,0,nan,0,0.0,nan,nan,nan,nan,nan,nan,250,18178780_15
Soft-probability A*,0,nan,0,0.0,nan,nan,nan,nan,nan,nan,250,18178780_15
Clearance-aware A*,0,nan,0,0.0,nan,nan,nan,nan,nan,nan,250,18178780_15
URA-style A*,0,nan,0,0.0,nan,nan,nan,nan,nan,nan,250,18178780_15
GT Oracle A*,1,2575.2694782832514,86873,570.701100000008,1.0,0.0,nan,nan,nan,0.0,250,18178780_15
Topology+Risk A*,0,nan,0,0.0,nan,nan,nan,nan,nan,nan,250,18178780_15
Binary-mask A*,1,2128.9637790110414,62873,441.09680000002527,0.44937428896473264,0.5506257110352674,nan,nan,nan,-0.005764304784042869,251,18178780_15
Soft-probability A*,1,2135.792206135787,78429,550.0041999999894,0.9892290249433107,0.010770975056689336,nan,nan,nan,-0.0025753984923835562,251,18178780_15
Clearance-aware A*,1,2151.490690945621,80713,550.3817000000026,0.9954827780914738,0.004517221908526214,nan,nan,nan,0.0047558647787992025,251,18178780_15
URA-style A*,1,2156.176982446636,71732,525.5852000000232,0.9960652051714446,0.00393479482855541,nan,nan,nan,0.00694438406429911,251,18178780_15
GT Oracle A*,1,2141.3069247615485,56515,397.2958000000517,1.0,0.0,nan,nan,nan,0.0,251,18178780_15
Topology+Risk A*,1,2157.49069094562,78520,540.0996000000191,0.9949352841868317,0.005064715813168252,nan,nan,nan,0.007557891863574655,251,18178780_15
Binary-mask A*,1,2277.544514814762,76649,532.3410000000308,0.4435569755058573,0.5564430244941427,nan,nan,nan,-0.006004167093049177,252,18178780_15
Soft-probability A*,1,2281.5445148147624,92911,656.6172999999935,0.9867162592986185,0.013283740701381497,nan,nan,nan,-0.004258434658066833,252,18178780_15
Clearance-aware A*,1,2296.6572131869684,103698,751.6446000000201,0.993114406779661,0.0068855932203389925,nan,nan,nan,0.0023372472740486685,252,18178780_15
URA-style A*,1,2297.9292911256102,94417,655.9708999999998,0.9963021658742737,0.003697834125726329,nan,nan,nan,0.0028924242033767293,252,18178780_15
GT Oracle A*,1,2291.301874127641,78283,545.6878999999617,1.0,0.0,nan,nan,nan,0.0,252,18178780_15
Topology+Risk A*,1,2300.0714267493413,101810,712.4520999999504,0.9936541512427287,0.0063458487572712885,nan,nan,nan,0.0038273231129962366,252,18178780_15
Binary-mask A*,1,416.72792206135796,4332,28.691799999990053,0.8719806763285024,0.1280193236714976,nan,nan,nan,-0.009507331912752512,253,18328735_15
Soft-probability A*,1,418.3847763108503,4710,32.68979999995736,0.9685990338164251,0.03140096618357491,nan,nan,nan,-0.005569266092507908,253,18328735_15
Clearance-aware A*,1,420.87005768508897,5400,39.05779999996639,0.9927536231884058,0.007246376811594235,nan,nan,nan,0.00033783263785919855,253,18328735_15
URA-style A*,1,422.04163056034275,4743,31.942300000025625,0.9951923076923077,0.004807692307692291,nan,nan,nan,0.0031224656841130852,253,18328735_15
GT Oracle A*,1,420.72792206135796,3734,29.672700000048735,1.0,0.0,nan,nan,nan,0.0,253,18328735_15
Topology+Risk A*,1,421.45584412271586,5340,38.87999999994918,0.9927710843373494,0.0072289156626506035,nan,nan,nan,0.001730149160986142,253,18328735_15
Binary-mask A*,1,26.414213562373096,52,0.3532999999720232,1.0,0.0,nan,nan,nan,0.0,254,18328735_15
Soft-probability A*,1,26.414213562373096,72,0.5039999999780775,1.0,0.0,nan,nan,nan,0.0,254,18328735_15
Clearance-aware A*,1,26.414213562373096,252,1.5775999999618762,1.0,0.0,nan,nan,nan,0.0,254,18328735_15
URA-style A*,1,26.414213562373096,181,1.7044999999598076,1.0,0.0,nan,nan,nan,0.0,254,18328735_15
GT Oracle A*,1,26.414213562373096,52,0.36270000003923997,1.0,0.0,nan,nan,nan,0.0,254,18328735_15
Topology+Risk A*,1,26.414213562373096,248,1.587000000029093,1.0,0.0,nan,nan,nan,0.0,254,18328735_15
Binary-mask A*,1,781.190908859011,14704,97.28200000000697,0.8958904109589041,0.1041095890410959,nan,nan,nan,0.0,255,18328735_15
Soft-probability A*,1,783.6761902332496,20415,143.40429999998605,1.0,0.0,nan,nan,nan,0.0031814007895567837,255,18328735_15
Clearance-aware A*,1,786.7472580451151,21183,143.0545000000052,1.0,0.0,nan,nan,nan,0.007112664936436144,255,18328735_15
URA-style A*,1,787.333044482742,19253,131.51110000001154,1.0,0.0,nan,nan,nan,0.007862528293758723,255,18328735_15
GT Oracle A*,1,781.190908859011,12768,90.26820000002544,1.0,0.0,nan,nan,nan,0.0,255,18328735_15
Topology+Risk A*,1,786.7472580451151,20682,140.32839999998714,1.0,0.0,nan,nan,nan,0.007112664936436144,255,18328735_15
Binary-mask A*,1,729.4995667241128,9780,63.012399999990976,0.5975232198142415,0.4024767801857585,nan,nan,nan,-0.007367141163501553,256,18328735_15
Soft-probability A*,1,733.9848480983516,12615,97.15310000001409,0.9629629629629629,0.03703703703703709,nan,nan,nan,-0.0012640015918224249,256,18328735_15
Clearance-aware A*,1,740.7127701597095,13585,98.96559999998544,0.989247311827957,0.010752688172043001,nan,nan,nan,0.007890707765696035,256,18328735_15
URA-style A*,1,740.4701294725902,12815,85.43420000000879,0.9969325153374233,0.0030674846625766694,nan,nan,nan,0.007560545651951574,256,18328735_15
GT Oracle A*,1,734.9137802864859,8303,52.49450000002298,1.0,0.0,nan,nan,nan,0.0,256,18328735_15
Topology+Risk A*,1,741.2985565973364,13430,93.62790000000132,0.9938650306748467,0.006134969325153339,nan,nan,nan,0.008687789618479555,256,18328735_15
Binary-mask A*,1,2147.468037431536,17466,115.86249999999154,0.6744950681070925,0.3255049318929075,nan,nan,nan,-0.003777183706732237,257,18328735_15
Soft-probability A*,1,2154.9238815542512,24693,170.7974000000263,0.9976514795678723,0.002348520432127743,nan,nan,nan,-0.0003183745881299257,257,18328735_15
Clearance-aware A*,1,2162.137084989847,34915,244.09889999998313,0.9985915492957746,0.0014084507042253502,nan,nan,nan,0.003027872115360177,257,18328735_15
URA-style A*,1,2162.480230740355,28132,197.18440000002602,0.99906191369606,0.0009380863039399889,nan,nan,nan,0.0031870594094253507,257,18328735_15
GT Oracle A*,1,2155.6101730552664,16516,115.13739999998052,1.0,0.0,nan,nan,nan,0.0,257,18328735_15
Topology+Risk A*,1,2162.1370849898476,34784,238.7788999999998,0.9985915492957746,0.0014084507042253502,nan,nan,nan,0.003027872115360388,257,18328735_15
Binary-mask A*,1,865.0214280248126,14539,102.00370000001158,0.3028263795423957,0.6971736204576042,nan,nan,nan,-0.002864855507527164,258,18328735_15
Soft-probability A*,1,868.678282274305,18125,130.96649999999954,0.9677852348993289,0.03221476510067112,nan,nan,nan,0.001350505837661327,258,18328735_15
Clearance-aware A*,1,872.5777772109167,18747,128.70500000002494,0.9906166219839142,0.009383378016085797,nan,nan,nan,0.005845566099861411,258,18328735_15
URA-style A*,1,873.5067093990511,16732,116.38270000003104,0.9946595460614153,0.005340453938584733,nan,nan,nan,0.006916373020511014,258,18328735_15
GT Oracle A*,1,867.5067093990513,11673,78.13980000003085,1.0,0.0,nan,nan,nan,0.0,258,18328735_15
Topology+Risk A*,1,873.7493500861705,18382,125.99060000002282,0.9919786096256684,0.008021390374331583,nan,nan,nan,0.007196071937522738,258,18328735_15
Binary-mask A*,1,1654.567675943151,32886,228.16629999999805,0.36666666666666664,0.6333333333333333,nan,nan,nan,-0.0030555250839660194,259,18328735_15
Soft-probability A*,1,1660.7098115668819,41521,298.59470000002375,0.9816576086956522,0.018342391304347783,nan,nan,nan,0.0006453620198346222,259,18328735_15
Clearance-aware A*,1,1671.0945878777325,49637,341.47440000003826,0.997291807718348,0.0027081922816519777,nan,nan,nan,0.0069026130932546914,259,18328735_15
URA-style A*,1,1672.5088014401053,42901,298.7132000000088,1.0,0.0,nan,nan,nan,0.00775473441646094,259,18328735_15
GT Oracle A*,1,1659.6387437550163,27843,193.29240000001846,1.0,0.0,nan,nan,nan,0.0,259,18328735_15
Topology+Risk A*,1,1671.6803743153594,48503,334.2953999999736,0.9993234100135318,0.0006765899864682456,nan,nan,nan,0.007255573302114074,259,18328735_15
Binary-mask A*,1,950.0386719675143,12646,82.0634000000382,0.591715976331361,0.40828402366863903,nan,nan,nan,-0.004803759632649902,260,18328735_15
Soft-probability A*,1,954.5239533417531,16385,112.18019999995477,0.9716646989374262,0.02833530106257376,nan,nan,nan,-0.00010528230499776995,260,18328735_15
Clearance-aware A*,1,961.2518754031111,18094,124.02609999998049,0.991764705882353,0.008235294117647007,nan,nan,nan,0.006942433686480251,260,18328735_15
URA-style A*,1,961.0092347159917,16717,119.54570000000331,0.9976498237367802,0.002350176263219761,nan,nan,nan,0.006688259717876208,260,18328735_15
GT Oracle A*,1,954.6244584051412,10166,65.94910000001164,1.0,0.0,nan,nan,nan,0.0,260,18328735_15
Topology+Risk A*,1,961.837661840738,17864,121.20360000000119,0.9952996474735605,0.004700352526439522,nan,nan,nan,0.007556063928686224,260,18328735_15
Binary-mask A*,0,nan,0,0.0,nan,nan,nan,nan,nan,nan,261,18328735_15
Soft-probability A*,0,nan,0,0.0,nan,nan,nan,nan,nan,nan,261,18328735_15
Clearance-aware A*,0,nan,0,0.0,nan,nan,nan,nan,nan,nan,261,18328735_15
URA-style A*,0,nan,0,0.0,nan,nan,nan,nan,nan,nan,261,18328735_15
GT Oracle A*,1,1521.3666658163743,22151,140.06450000005088,1.0,0.0,nan,nan,nan,0.0,261,18328735_15
Topology+Risk A*,0,nan,0,0.0,nan,nan,nan,nan,nan,nan,261,18328735_15
Binary-mask A*,1,1256.2590180780487,19779,134.82930000003535,0.6005434782608695,0.3994565217391305,nan,nan,nan,-0.002902459068744672,262,18328735_15
Soft-probability A*,1,1261.5727265770338,25981,183.19779999995944,0.9810126582278481,0.01898734177215189,nan,nan,nan,0.0013150514934237767,262,18328735_15
Clearance-aware A*,1,1269.957502887884,28921,202.83929999999373,0.9963931469792606,0.0036068530207393756,nan,nan,nan,0.007970080210031897,262,18328735_15
URA-style A*,1,1270.543289325511,26084,184.64120000004414,1.0,0.0,nan,nan,nan,0.008435021124336717,262,18328735_15
GT Oracle A*,1,1259.9158723275411,17333,130.56230000000824,1.0,0.0,nan,nan,nan,0.0,262,18328735_15
Topology+Risk A*,1,1270.5432893255108,28315,198.24299999999084,0.9990990990990991,0.0009009009009008917,nan,nan,nan,0.008435021124336537,262,18328735_15
Binary-mask A*,1,1569.0062761231643,21725,142.9096000000527,0.7073529411764706,0.29264705882352937,nan,nan,nan,-0.0019535093637177005,263,18328735_15
Soft-probability A*,1,1574.905771059776,30745,206.47220000000743,0.9823917828319882,0.017608217168011753,nan,nan,nan,0.0017991653754556652,263,18328735_15
Clearance-aware A*,1,1584.4621202458802,36841,255.64680000002227,0.9956140350877193,0.004385964912280715,nan,nan,nan,0.00787796882807963,263,18328735_15
URA-style A*,1,1585.047906683507,32335,221.9270999999594,0.9970781592403214,0.0029218407596786067,nan,nan,nan,0.008250588177812528,263,18328735_15
GT Oracle A*,1,1572.0773439350298,19701,131.49239999995643,1.0,0.0,nan,nan,nan,0.0,263,18328735_15
Topology+Risk A*,1,1585.633693121134,37000,250.59389999995574,0.9963503649635036,0.0036496350364964014,nan,nan,nan,0.008623207527545428,263,18328735_15
Binary-mask A*,1,1487.0752518939746,26554,178.26619999999593,0.8083209509658247,0.19167904903417532,nan,nan,nan,-0.004570861709927312,264,18328735_15
Soft-probability A*,1,1493.460028204825,38898,276.7248000000109,0.9792130660727543,0.020786933927245732,nan,nan,nan,-0.00029697417586336183,264,18328735_15
Clearance-aware A*,1,1506.915872327541,53680,373.4395000000177,0.9955654101995566,0.0044345898004434225,nan,nan,nan,0.008710195638160032,264,18328735_15
URA-style A*,1,1506.3300858899142,46124,319.3952999999965,0.996301775147929,0.0036982248520710526,nan,nan,nan,0.008318077695180306,264,18328735_15
GT Oracle A*,1,1493.9036790187208,23109,151.64040000001933,1.0,0.0,nan,nan,nan,0.0,264,18328735_15
Topology+Risk A*,1,1507.5016587651678,55353,420.0758999999721,0.9977843426883308,0.0022156573116691725,nan,nan,nan,0.009102313581139911,264,18328735_15
Binary-mask A*,1,1124.2619766708767,13785,90.61250000002019,0.9169000933706816,0.08309990662931843,nan,nan,nan,0.0,265,18328735_15
Soft-probability A*,1,1125.9188309203691,18369,127.38059999998086,1.0,0.0,nan,nan,nan,0.0014737261277826383,265,18328735_15
Clearance-aware A*,1,1128.989898732235,24282,164.3856000000028,1.0,0.0,nan,nan,nan,0.004205356188740221,265,18328735_15
URA-style A*,1,1129.5756851698618,19434,130.16329999999243,1.0,0.0,nan,nan,nan,0.004726397058023644,265,18328735_15
GT Oracle A*,1,1124.2619766708767,11564,76.2725999999816,1.0,0.0,nan,nan,nan,0.0,265,18328735_15
Topology+Risk A*,1,1128.989898732235,23365,165.79949999999144,1.0,0.0,nan,nan,nan,0.004205356188740221,265,18328735_15
Binary-mask A*,1,2256.0702012600923,40689,263.4561999999505,0.6442953020134228,0.3557046979865772,nan,nan,nan,-0.002822056736662709,266,18328735_15
Soft-probability A*,1,2264.454977570943,53278,371.32680000001983,0.9880325514600288,0.011967448539971226,nan,nan,nan,0.0008839954915468554,266,18328735_15
Clearance-aware A*,1,2278.3961030678965,69959,477.9378000000065,0.9971333014811276,0.002866698518872446,nan,nan,nan,0.007045941534743422,266,18328735_15
URA-style A*,1,2278.1534623807775,64426,457.295600000009,0.9980897803247374,0.0019102196752626144,nan,nan,nan,0.006938694898003892,266,18328735_15
GT Oracle A*,1,2262.4549775709424,35458,228.2218999999941,1.0,0.0,nan,nan,nan,0.0,266,18328735_15
Topology+Risk A*,1,2278.981889505523,70205,488.58360000002676,0.997134670487106,0.002865329512893977,nan,nan,nan,0.007304857819678996,266,18328735_15
Binary-mask A*,1,2043.312841947212,38338,263.67329999999356,0.5128205128205128,0.4871794871794872,nan,nan,nan,-0.0019047828436533282,267,18328735_15
Soft-probability A*,1,2049.212336883824,45882,341.3126000000375,0.9824,0.01759999999999995,nan,nan,nan,0.0009769382315487174,267,18328735_15
Clearance-aware A*,1,2059.8397538817935,55306,388.4079999999699,0.9968068121341139,0.0031931878658860713,nan,nan,nan,0.006168103215512369,267,18328735_15
URA-style A*,1,2060.1828996323006,43349,302.8228000000013,0.9978734715576821,0.0021265284423178654,nan,nan,nan,0.0063357193168443095,267,18328735_15
GT Oracle A*,1,2047.2123368838238,32577,218.39579999999614,1.0,0.0,nan,nan,nan,0.0,267,18328735_15
Topology+Risk A*,1,2061.011326757047,53077,366.8440000000146,0.9968102073365231,0.0031897926634768536,nan,nan,nan,0.0067403803819525866,267,18328735_15
Binary-mask A*,1,1973.898628384838,38038,255.94790000002376,0.7038269550748752,0.29617304492512475,nan,nan,nan,-0.0032241730126661024,268,18328735_15
Soft-probability A*,1,1981.4549775709424,48044,330.96879999999373,0.9861572535991141,0.013842746400885897,nan,nan,nan,0.0005916187917729133,268,18328735_15
Clearance-aware A*,1,1992.0823945689122,58478,405.2462999999875,0.9966850828729282,0.0033149171270717703,nan,nan,nan,0.005958232970718087,268,18328735_15
URA-style A*,1,1992.668181006539,52697,369.63439999999537,0.9977912755383765,0.002208724461623457,nan,nan,nan,0.006254042366604486,268,18328735_15
GT Oracle A*,1,1980.2834046956884,33268,211.2101000000166,1.0,0.0,nan,nan,nan,0.0,268,18328735_15
Topology+Risk A*,1,1992.668181006539,59361,435.4364000000146,0.9966869133075649,0.00331308669243513,nan,nan,nan,0.006254042366604486,268,18328735_15
Binary-mask A*,1,1461.5512985522212,9647,68.78159999996569,0.7466759972008398,0.25332400279916023,nan,nan,nan,-0.001132343505823094,269,18328735_15
Soft-probability A*,1,1464.8650070512062,16425,109.64709999996103,1.0,0.0,nan,nan,nan,0.0011323435058232495,269,18328735_15
Clearance-aware A*,1,1467.350288425445,31968,217.43209999999635,1.0,0.0,nan,nan,nan,0.0028308587645578904,269,18328735_15
URA-style A*,1,1466.5218613006987,23848,167.3944000000347,1.0,0.0,nan,nan,nan,0.0022646870116463436,269,18328735_15
GT Oracle A*,1,1463.2081528017136,9802,67.44099999997388,1.0,0.0,nan,nan,nan,0.0,269,18328735_15
Topology+Risk A*,1,1467.350288425445,31769,211.00389999998015,1.0,0.0,nan,nan,nan,0.0028308587645578904,269,18328735_15
Binary-mask A*,1,1860.5920625607912,25480,167.75510000002214,0.7076271186440678,0.2923728813559322,nan,nan,nan,-0.004227739164736753,270,18328735_15
Soft-probability A*,1,1865.3199846221494,34643,249.23690000002807,0.9824561403508771,0.01754385964912286,nan,nan,nan,-0.001697397487576268,270,18328735_15
Clearance-aware A*,1,1875.947401620119,47535,332.15419999999085,0.9939649969824985,0.0060350030175014835,nan,nan,nan,0.00399030120997831,270,18328735_15
URA-style A*,1,1877.3616151824922,38810,266.90700000000334,0.9981905910735827,0.001809408926417344,nan,nan,nan,0.004747175682703923,270,18328735_15
GT Oracle A*,1,1868.491557497403,22303,140.8413000000337,1.0,0.0,nan,nan,nan,0.0,270,18328735_15
Topology+Risk A*,1,1877.3616151824922,46116,316.7793000000074,0.996984318455971,0.003015681544028981,nan,nan,nan,0.004747175682703923,270,18328735_15
Binary-mask A*,0,nan,0,0.0,nan,nan,nan,nan,nan,nan,271,18328735_15
Soft-probability A*,0,nan,0,0.0,nan,nan,nan,nan,nan,nan,271,18328735_15
Clearance-aware A*,0,nan,0,0.0,nan,nan,nan,nan,nan,nan,271,18328735_15
URA-style A*,0,nan,0,0.0,nan,nan,nan,nan,nan,nan,271,18328735_15
GT Oracle A*,1,2030.6336931211342,33004,217.75570000005473,1.0,0.0,nan,nan,nan,0.0,271,18328735_15
Topology+Risk A*,0,nan,0,0.0,nan,nan,nan,nan,nan,nan,271,18328735_15
Binary-mask A*,1,1977.2417741353465,37485,254.9461000000406,0.4983407079646018,0.5016592920353982,nan,nan,nan,-0.0019683073577274057,272,18328735_15
Soft-probability A*,1,1983.1412690719585,44613,317.9324999999835,0.9817780231916069,0.018221976808393103,nan,nan,nan,0.0010095191247704932,272,18328735_15
Clearance-aware A*,1,1993.7686860699282,53724,394.71029999998564,0.996694214876033,0.0033057851239669533,nan,nan,nan,0.006373809477950602,272,18328735_15
URA-style A*,1,1994.1118318204358,41779,283.20139999999583,0.9977985690698954,0.0022014309301046087,nan,nan,nan,0.006547015576811142,272,18328735_15
GT Oracle A*,1,1981.1412690719583,31798,208.762800000045,1.0,0.0,nan,nan,nan,0.0,272,18328735_15
Topology+Risk A*,1,1994.940258945182,51558,356.5161999999873,0.9966978536048432,0.003302146395156802,nan,nan,nan,0.006965172089766061,272,18328735_15
Binary-mask A*,1,695.1341263970202,10357,68.22230000000218,0.44148936170212766,0.5585106382978724,nan,nan,nan,-0.007384736238228322,273,18328780_15
Soft-probability A*,1,697.4772721475277,13380,96.18530000000192,0.9806338028169014,0.01936619718309862,nan,nan,nan,-0.004038846360504258,273,18328780_15
Clearance-aware A*,1,702.7493500861698,14968,104.51159999996662,0.9878682842287695,0.012131715771230511,nan,nan,nan,0.003489405864374887,273,18328780_15
URA-style A*,1,703.8204178980353,13544,95.1350000000275,0.9930555555555556,0.00694444444444442,nan,nan,nan,0.005018834816586096,273,18328780_15
GT Oracle A*,1,700.305699272274,9591,66.32180000002563,1.0,0.0,nan,nan,nan,0.0,273,18328780_15
Topology+Risk A*,1,704.1635636485429,14736,102.38080000004857,0.9913494809688581,0.00865051903114189,nan,nan,nan,0.005508829044627016,273,18328780_15
Binary-mask A*,1,24.071067811865476,140,0.9072999999943931,1.0,0.0,nan,nan,nan,0.0,274,18328780_15
Soft-probability A*,1,24.07106781186548,122,0.9555999999975029,1.0,0.0,nan,nan,nan,1.4759269121618457e-16,274,18328780_15
Clearance-aware A*,1,24.07106781186548,244,1.5314000000330452,1.0,0.0,nan,nan,nan,1.4759269121618457e-16,274,18328780_15
URA-style A*,1,24.07106781186548,117,0.8080999999720007,1.0,0.0,nan,nan,nan,1.4759269121618457e-16,274,18328780_15
GT Oracle A*,1,24.071067811865476,137,0.8710000000178297,1.0,0.0,nan,nan,nan,0.0,274,18328780_15
Topology+Risk A*,1,24.07106781186548,237,1.5137000000322587,1.0,0.0,nan,nan,nan,1.4759269121618457e-16,274,18328780_15
Binary-mask A*,1,108.07106781186546,813,5.185100000005605,0.7570093457943925,0.2429906542056075,nan,nan,nan,0.0,275,18328780_15
Soft-probability A*,1,108.07106781186546,898,5.924100000015642,1.0,0.0,nan,nan,nan,0.0,275,18328780_15
Clearance-aware A*,1,108.07106781186546,1123,7.611699999984012,1.0,0.0,nan,nan,nan,0.0,275,18328780_15
URA-style A*,1,108.07106781186546,966,6.2853000000018255,1.0,0.0,nan,nan,nan,0.0,275,18328780_15
GT Oracle A*,1,108.07106781186546,684,4.981399999962832,1.0,0.0,nan,nan,nan,0.0,275,18328780_15
Topology+Risk A*,1,108.07106781186546,1111,7.2703999999816915,1.0,0.0,nan,nan,nan,0.0,275,18328780_15
Binary-mask A*,1,528.3523804664992,7148,45.77679999999873,0.6976190476190476,0.3023809523809524,nan,nan,nan,-0.011863098603771001,276,18328780_15
Soft-probability A*,1,530.1097397793799,9473,67.47949999999037,0.9621749408983451,0.0378250591016549,nan,nan,nan,-0.008576444374000142,276,18328780_15
Clearance-aware A*,1,533.0386719675143,11484,75.49490000002379,0.9836448598130841,0.016355140186915862,nan,nan,nan,-0.0030986873243820444,276,18328780_15
URA-style A*,1,535.2813126546337,10537,69.14199999999937,0.9906759906759907,0.009324009324009341,nan,nan,nan,0.0010955514099236197,276,18328780_15
GT Oracle A*,1,534.6955262170068,6051,39.69619999998031,1.0,0.0,nan,nan,nan,0.0,276,18328780_15
Topology+Risk A*,1,534.4528855298875,11548,76.7966999999885,0.9883449883449883,0.011655011655011704,nan,nan,nan,-0.0004537922522674024,276,18328780_15
Binary-mask A*,0,nan,0,0.0,nan,nan,nan,nan,nan,nan,277,18328780_15
Soft-probability A*,0,nan,0,0.0,nan,nan,nan,nan,nan,nan,277,18328780_15
Clearance-aware A*,0,nan,0,0.0,nan,nan,nan,nan,nan,nan,277,18328780_15
URA-style A*,0,nan,0,0.0,nan,nan,nan,nan,nan,nan,277,18328780_15
GT Oracle A*,1,786.9797974644696,11468,74.67069999995601,1.0,0.0,nan,nan,nan,0.0,277,18328780_15
Topology+Risk A*,0,nan,0,0.0,nan,nan,nan,nan,nan,nan,277,18328780_15
Binary-mask A*,0,nan,0,0.0,nan,nan,nan,nan,nan,nan,278,18328780_15
Soft-probability A*,0,nan,0,0.0,nan,nan,nan,nan,nan,nan,278,18328780_15
Clearance-aware A*,0,nan,0,0.0,nan,nan,nan,nan,nan,nan,278,18328780_15
URA-style A*,0,nan,0,0.0,nan,nan,nan,nan,nan,nan,278,18328780_15
GT Oracle A*,1,896.9087296526031,13812,87.37089999999625,1.0,0.0,nan,nan,nan,0.0,278,18328780_15
Topology+Risk A*,0,nan,0,0.0,nan,nan,nan,nan,nan,nan,278,18328780_15
Binary-mask A*,1,1305.6559876977192,24121,162.22890000000234,0.4339788732394366,0.5660211267605634,nan,nan,nan,0.00190710346862378,279,18328780_15
Soft-probability A*,1,1306.4844148224656,33103,220.59050000001434,0.9991197183098591,0.0008802816901408717,nan,nan,nan,0.0025428046248319393,279,18328780_15
Clearance-aware A*,1,1310.141269071958,31936,217.41950000000543,1.0,0.0,nan,nan,nan,0.0053489252901814405,279,18328780_15
URA-style A*,1,1311.8986283848387,31804,217.58289999996805,1.0,0.0,nan,nan,nan,0.006697451085269762,279,18328780_15
GT Oracle A*,1,1303.1707063234808,21774,161.87109999998484,1.0,0.0,nan,nan,nan,0.0,279,18328780_15
Topology+Risk A*,1,1310.727055509585,31157,209.2289000000278,1.0,0.0,nan,nan,nan,0.005798433888544214,279,18328780_15
Binary-mask A*,1,833.9331162702435,12154,81.5240000000017,0.4017216642754663,0.5982783357245337,nan,nan,nan,-0.01047559323742002,280,18328780_15
Soft-probability A*,1,835.1046891454973,14499,97.86009999999123,0.9899856938483548,0.010014306151645225,nan,nan,nan,-0.009085433844842363,280,18328780_15
Clearance-aware A*,1,837.447834896005,15003,101.25969999995732,0.9957325746799431,0.004267425320056861,nan,nan,nan,-0.006305115059686916,280,18328780_15
URA-style A*,1,838.0336213336319,13504,92.49149999999418,0.9957386363636364,0.0042613636363636465,nan,nan,nan,-0.005610035363398088,280,18328780_15
GT Oracle A*,1,842.7615433949898,11039,72.73010000000113,1.0,0.0,nan,nan,nan,0.0,280,18328780_15
Topology+Risk A*,1,838.6194077712588,14354,99.87520000004224,0.9957446808510638,0.004255319148936176,nan,nan,nan,-0.00491495566710926,280,18328780_15
Binary-mask A*,1,1662.16269709677,44082,296.9036000000074,0.4286759326993416,0.5713240673006583,nan,nan,nan,-0.0041513192365017475,281,18328780_15
Soft-probability A*,1,1665.920056409651,55683,405.29069999996636,0.9854227405247813,0.014577259475218707,nan,nan,nan,-0.0019001790073157154,281,18328780_15
Clearance-aware A*,1,1674.0205614730392,58724,408.76980000001595,0.9949385394070861,0.005061460592913902,nan,nan,nan,0.0029530626729261213,281,18328780_15
URA-style A*,1,1675.0916292849047,54236,385.43879999997444,0.9971056439942113,0.0028943560057886897,nan,nan,nan,0.0035947696907274234,281,18328780_15
GT Oracle A*,1,1669.0916292849045,39451,263.51360000001023,1.0,0.0,nan,nan,nan,0.0,281,18328780_15
Topology+Risk A*,1,1675.4347750354123,57477,392.7233000000001,0.9963872832369942,0.0036127167630057855,nan,nan,nan,0.0038003580146318394,281,18328780_15
Binary-mask A*,1,1569.251008851339,35825,243.72549999998228,0.42746314972847166,0.5725368502715283,nan,nan,nan,-0.008475711333263,282,18328780_15
Soft-probability A*,1,1573.0083681642197,47154,320.2274000000216,0.9443585780525502,0.05564142194744981,nan,nan,nan,-0.0061016405192532265,282,18328780_15
Clearance-aware A*,1,1585.3515139147273,46215,316.6518999999539,0.9579510703363915,0.042048929663608514,nan,nan,nan,0.0016973213683929335,282,18328780_15
URA-style A*,1,1587.5941546018466,46363,323.3248999999887,0.9625668449197861,0.03743315508021394,nan,nan,nan,0.003114323938082993,282,18328780_15
GT Oracle A*,1,1582.6652224137122,31215,207.82339999999522,1.0,0.0,nan,nan,nan,0.0,282,18328780_15
Topology+Risk A*,1,1587.3515139147273,45864,329.90499999999656,0.9595419847328245,0.04045801526717552,nan,nan,nan,0.0029610124962928777,282,18328780_15
Binary-mask A*,1,1354.9768388716416,28491,201.2017000000128,0.4732690622261174,0.5267309377738826,nan,nan,nan,-0.0010426296751481297,283,18328780_15
Soft-probability A*,1,1358.1484117468954,35234,265.55259999997816,0.993886462882096,0.006113537117903967,nan,nan,nan,0.0012956140559369932,283,18328780_15
Clearance-aware A*,1,1364.491557497403,37486,254.62459999999965,0.997398091934085,0.002601908065914982,nan,nan,nan,0.005972101518107239,283,18328780_15
URA-style A*,1,1365.0773439350298,35989,244.442499999991,0.9974003466204506,0.0025996533795493715,nan,nan,nan,0.0064039728700862365,283,18328780_15
GT Oracle A*,1,1356.3910524340147,25097,174.3400999999949,1.0,0.0,nan,nan,nan,0.0,283,18328780_15
Topology+Risk A*,1,1365.6631303726567,36399,248.80419999999503,0.9974025974025974,0.0025974025974025983,nan,nan,nan,0.006835844222065235,283,18328780_15
Binary-mask A*,1,1475.5189027078707,19528,124.17490000001408,0.5280059746079163,0.4719940253920837,nan,nan,nan,-0.002703581544432638,284,18328780_15
Soft-probability A*,1,1475.518902707871,24758,171.6413999999986,0.9970126960418223,0.0029873039581777006,nan,nan,nan,-0.0027035815444324844,284,18328780_15
Clearance-aware A*,1,1475.518902707871,31717,226.74650000004704,0.9970126960418223,0.0029873039581777006,nan,nan,nan,-0.0027035815444324844,284,18328780_15
URA-style A*,1,1478.347329832617,24933,175.28809999998884,0.9992542878448919,0.0007457121551081025,nan,nan,nan,-0.00079186070087346,284,18328780_15
GT Oracle A*,1,1479.518902707871,19717,133.26109999997016,1.0,0.0,nan,nan,nan,0.0,284,18328780_15
Topology+Risk A*,1,1477.518902707871,30978,211.74819999998817,0.9985085756897838,0.001491424310216205,nan,nan,nan,-0.0013517907722162422,284,18328780_15
Binary-mask A*,1,2311.268252794031,46388,304.39359999996896,0.36376953125,0.63623046875,nan,nan,nan,-0.0056235626597144215,285,18328780_15
Soft-probability A*,1,2315.51089348115,61701,427.82260000001315,0.9702584105314481,0.029741589468551877,nan,nan,nan,-0.003798252280327498,285,18328780_15
Clearance-aware A*,1,2323.1677477306416,70721,520.5025999999862,0.9747204666990763,0.025279533300923696,nan,nan,nan,-0.0005040455431220332,285,18328780_15
URA-style A*,1,2325.753534168269,61670,447.1619999999916,0.9776699029126213,0.022330097087378653,nan,nan,nan,0.0006084367931289092,285,18328780_15
GT Oracle A*,1,2324.3393206058963,42199,272.5906000000009,1.0,0.0,nan,nan,nan,0.0,285,18328780_15
Topology+Risk A*,1,2325.167747730641,69201,474.7988000000305,0.9757163671685284,0.024283632831471613,nan,nan,nan,0.00035641402156759915,285,18328780_15
Binary-mask A*,1,2381.951585702217,50079,337.2219000000314,0.46861097380128525,0.5313890261987148,nan,nan,nan,-0.005700787333078406,286,18328780_15
Soft-probability A*,1,2387.9515857022166,63803,435.38039999998546,0.9659931000492854,0.0340068999507146,nan,nan,nan,-0.0031962044054441663,286,18328780_15
Clearance-aware A*,1,2400.5373721398423,73052,509.60989999998674,0.9725759059745348,0.027424094025465195,nan,nan,nan,0.002057486568310902,286,18328780_15
URA-style A*,1,2402.537372139843,71094,499.93419999998423,0.9755381604696673,0.024461839530332652,nan,nan,nan,0.002892347544189235,286,18328780_15
GT Oracle A*,1,2395.6084399517094,43367,281.0741000000121,1.0,0.0,nan,nan,nan,0.0,286,18328780_15
Topology+Risk A*,1,2403.123158577469,71407,509.7842000000128,0.9735941320293399,0.026405867970660135,nan,nan,nan,0.0031368726626756346,286,18328780_15
Binary-mask A*,1,2693.790114094708,34682,220.7111000000168,0.3193979933110368,0.6806020066889632,nan,nan,nan,-0.0059935219079764466,287,18328780_15
Soft-probability A*,1,2698.032754781828,46152,313.98240000004307,0.9720250521920668,0.027974947807933193,nan,nan,nan,-0.004427990760932594,287,18328780_15
Clearance-aware A*,1,2706.2753954689465,56725,383.7375999999608,0.9746044962531224,0.0253955037468776,nan,nan,nan,-0.001386462693578214,287,18328780_15
URA-style A*,1,2709.4469683442007,44325,303.24740000003203,0.9792186201163757,0.020781379883624274,nan,nan,nan,-0.00021615474447389692,287,18328780_15
GT Oracle A*,1,2710.0327547818265,31971,202.7494999999817,1.0,0.0,nan,nan,nan,0.0,287,18328780_15
Topology+Risk A*,1,2708.2753954689465,54935,368.48149999997304,0.9754575707154742,0.02454242928452577,nan,nan,nan,-0.0006484642334226976,287,18328780_15
Binary-mask A*,1,1989.709811566882,41903,271.61230000001524,0.5063853414769572,0.49361465852304276,nan,nan,nan,-0.0022994517172957854,288,18328780_15
Soft-probability A*,1,1992.5382386916285,54927,384.73249999998416,0.9955629506378258,0.00443704936217415,nan,nan,nan,-0.0008811929959825745,288,18328780_15
Clearance-aware A*,1,1996.7808793787476,63813,457.8528999999776,0.9961240310077519,0.003875968992248069,nan,nan,nan,0.001246195085986957,288,18328780_15
URA-style A*,1,2001.709811566882,45424,316.6036999999733,0.9977937120794264,0.0022062879205736463,nan,nan,nan,0.0037177104386088822,288,18328780_15
GT Oracle A*,1,1994.295598004509,38068,247.10260000000517,1.0,0.0,nan,nan,nan,0.0,288,18328780_15
Topology+Risk A*,1,1999.3666658163745,62294,431.99229999999034,0.9977888336097291,0.002211166390270858,nan,nan,nan,0.0025427864439652977,288,18328780_15
Binary-mask A*,1,2322.182033080519,49426,323.4158999999863,0.4898682877406282,0.5101317122593718,nan,nan,nan,-0.0058466593409199075,289,18328780_15
Soft-probability A*,1,2328.1820330805194,63219,462.90070000003425,0.9656565656565657,0.03434343434343434,nan,nan,nan,-0.0032779890304179805,289,18328780_15
Clearance-aware A*,1,2339.9393923933985,63933,439.7167000000195,0.9719016557952835,0.028098344204716463,nan,nan,nan,0.0017554742690642803,289,18328780_15
URA-style A*,1,2342.7678195181447,60447,418.3061999999609,0.974937343358396,0.02506265664160401,nan,nan,nan,0.0029663570658565097,289,18328780_15
GT Oracle A*,1,2335.838887330011,43824,290.8371999999986,1.0,0.0,nan,nan,nan,0.0,289,18328780_15
Topology+Risk A*,1,2342.525178831025,62357,452.53600000000915,0.9729458917835672,0.027054108216432837,nan,nan,nan,0.0028624797443358896,289,18328780_15
Binary-mask A*,1,2470.265294201194,50315,338.4596000000215,0.4905123339658444,0.5094876660341556,nan,nan,nan,-0.005498100758918998,290,18328780_15
Soft-probability A*,1,2476.265294201195,64913,450.61759999998685,0.967833491012299,0.032166508987701015,nan,nan,nan,-0.0030825661159579326,290,18328780_15
Clearance-aware A*,1,2488.022653514075,65239,449.4047000000023,0.9736718382698637,0.0263281617301363,nan,nan,nan,0.0016508186723751055,290,18328780_15
URA-style A*,1,2490.8510806388213,61888,432.16340000003584,0.9765147956787225,0.023485204321277542,nan,nan,nan,0.0027895126231941387,290,18328780_15
GT Oracle A*,1,2483.9221484506866,44649,294.53639999996994,1.0,0.0,nan,nan,nan,0.0,290,18328780_15
Topology+Risk A*,1,2490.608439951702,63554,435.08940000003804,0.9746478873239437,0.025352112676056304,nan,nan,nan,0.002691828125606146,290,18328780_15
Binary-mask A*,0,nan,0,0.0,nan,nan,nan,nan,nan,nan,291,18328780_15
Soft-probability A*,0,nan,0,0.0,nan,nan,nan,nan,nan,nan,291,18328780_15
Clearance-aware A*,0,nan,0,0.0,nan,nan,nan,nan,nan,nan,291,18328780_15
URA-style A*,0,nan,0,0.0,nan,nan,nan,nan,nan,nan,291,18328780_15
GT Oracle A*,1,2619.9200564096236,55233,364.21629999995275,1.0,0.0,nan,nan,nan,0.0,291,18328780_15
Topology+Risk A*,0,nan,0,0.0,nan,nan,nan,nan,nan,nan,291,18328780_15
Binary-mask A*,1,2703.1748904055557,51938,352.46440000003076,0.44407345575959933,0.5559265442404007,nan,nan,nan,-0.006186914190982118,292,18328780_15
Soft-probability A*,1,2708.0033175303024,68415,475.18379999996796,0.97125,0.028750000000000053,nan,nan,nan,-0.0044117593249466,292,18328780_15
Clearance-aware A*,1,2717.6601717797935,73212,501.8493000000035,0.9754983388704319,0.024501661129568086,nan,nan,nan,-0.0008614495928764008,292,18328780_15
URA-style A*,1,2724.8317446550477,59022,418.43860000000177,0.9793046357615894,0.020695364238410563,nan,nan,nan,0.0017751548660350162,292,18328780_15
GT Oracle A*,1,2720.0033175303024,47407,304.7774000000345,1.0,0.0,nan,nan,nan,0.0,292,18328780_15
Topology+Risk A*,1,2721.6601717797935,71258,484.47729999998046,0.9776119402985075,0.02238805970149249,nan,nan,nan,0.000609136848772466,292,18328780_15
Binary-mask A*,1,539.4802307403556,4974,31.74130000002151,0.5088408644400786,0.4911591355599214,nan,nan,nan,-0.012317505747301345,293,18328960_15
Soft-probability A*,1,541.1370849898482,6812,45.52080000001979,0.9292730844793713,0.07072691552062871,nan,nan,nan,-0.009284130575228406,293,18328960_15
Clearance-aware A*,1,549.7645019878178,7686,51.13649999998415,0.9921722113502935,0.007827788649706457,nan,nan,nan,0.006510977853154106,293,18328960_15
URA-style A*,1,550.6934341759522,6728,44.218499999999494,0.9922178988326849,0.0077821011673151474,nan,nan,nan,0.008211670498200896,293,18328960_15
GT Oracle A*,1,546.2081528017136,4102,25.281400000039866,1.0,0.0,nan,nan,nan,0.0,293,18328960_15
Topology+Risk A*,1,551.1787155501909,7714,51.119500000027074,0.9921875,0.0078125,nan,nan,nan,0.00910012551621819,293,18328960_15
Binary-mask A*,1,532.3624817342642,10114,64.91640000001553,0.5809128630705395,0.41908713692946054,nan,nan,nan,-0.012664210417041239,294,18328960_15
Soft-probability A*,1,533.7766952966373,12924,89.18390000002319,0.9544513457556936,0.04554865424430643,nan,nan,nan,-0.010041366561298672,294,18328960_15
Clearance-aware A*,1,541.6761902332491,11900,79.62509999998701,0.9918032786885246,0.008196721311475419,nan,nan,nan,0.004609279076121465,294,18328960_15
URA-style A*,1,540.8477631085029,11941,81.22859999997445,0.9918032786885246,0.008196721311475419,nan,nan,nan,0.0030728527174143806,294,18328960_15
GT Oracle A*,1,539.1909088590104,8301,63.63690000000588,1.0,0.0,nan,nan,nan,0.0,294,18328960_15
Topology+Risk A*,1,541.6761902332491,11729,79.69009999999344,0.9918032786885246,0.008196721311475419,nan,nan,nan,0.004609279076121465,294,18328960_15
Binary-mask A*,1,800.4823227814105,12332,82.56219999998393,0.5785714285714286,0.4214285714285714,nan,nan,nan,-0.008160137121512156,295,18328960_15
Soft-probability A*,1,802.139177030903,17412,120.84590000000617,0.8357142857142857,0.16428571428571426,nan,nan,nan,-0.00610720722555108,295,18328960_15
Clearance-aware A*,1,810.3818177180223,23893,169.64269999999715,0.8769448373408769,0.12305516265912309,nan,nan,nan,0.004105859791921867,295,18328960_15
URA-style A*,1,809.3107499061567,17882,144.3327999999724,0.8559322033898306,0.14406779661016944,nan,nan,nan,0.0027787502213281845,295,18328960_15
GT Oracle A*,1,807.0681092190374,10348,65.66290000000663,1.0,0.0,nan,nan,nan,0.0,295,18328960_15
Topology+Risk A*,1,810.9676041556492,23480,169.1551999999774,0.8785310734463276,0.12146892655367236,nan,nan,nan,0.004831680117289118,295,18328960_15
Binary-mask A*,1,922.8397538817933,19085,122.50879999999142,0.5916442048517521,0.40835579514824794,nan,nan,nan,-0.015093285987837319,296,18328960_15
Soft-probability A*,1,931.0823945689126,26385,180.75670000001764,0.965287049399199,0.03471295060080104,nan,nan,nan,-0.006296274242531091,296,18328960_15
Clearance-aware A*,1,945.8103166302706,36341,248.86039999995546,0.9828947368421053,0.017105263157894735,nan,nan,nan,0.009422196121000011,296,18328960_15
URA-style A*,1,948.0529573173899,26723,185.38589999997157,0.9868593955321945,0.013140604467805517,nan,nan,nan,0.01181566894287369,296,18328960_15
GT Oracle A*,1,936.9818895055244,15801,103.41679999999087,1.0,0.0,nan,nan,nan,0.0,296,18328960_15
Topology+Risk A*,1,948.6387437550168,35604,240.0791999999683,0.9881889763779528,0.011811023622047223,nan,nan,nan,0.012440853318567474,296,18328960_15
Binary-mask A*,1,457.4041122946079,6185,39.73270000000184,0.7525,0.24750000000000005,nan,nan,nan,0.0062221258571919765,297,18328960_15
Soft-probability A*,1,457.98989873223485,7255,48.12910000003967,0.9501246882793017,0.04987531172069826,nan,nan,nan,0.00751077031561271,297,18328960_15
Clearance-aware A*,1,463.16147160748864,8614,57.25830000000087,0.9754299754299754,0.02457002457002455,nan,nan,nan,0.018887474006487246,297,18328960_15
URA-style A*,1,462.57568516986174,7119,47.660800000016934,0.9458128078817734,0.054187192118226646,nan,nan,nan,0.017598829548066637,297,18328960_15
GT Oracle A*,1,454.57568516986174,4899,30.692599999952108,1.0,0.0,nan,nan,nan,0.0,297,18328960_15
Topology+Risk A*,1,464.57568516986174,8512,56.54779999997572,0.9730392156862745,0.026960784313725505,nan,nan,nan,0.021998536935083298,297,18328960_15
Binary-mask A*,1,924.9524522540014,26115,170.70810000001302,0.38639455782312926,0.6136054421768707,nan,nan,nan,-0.012701574642925699,298,18328960_15
Soft-probability A*,1,927.5382386916284,34506,242.98870000001216,0.978319783197832,0.02168021680216803,nan,nan,nan,-0.009941494519933864,298,18328960_15
Clearance-aware A*,1,938.5088014401057,37780,255.0348999999983,0.9879032258064516,0.012096774193548376,nan,nan,nan,0.0017685337095801755,298,18328960_15
URA-style A*,1,939.6803743153595,32412,228.19629999997915,0.9932975871313673,0.006702412868632712,nan,nan,nan,0.0030190758883812587,298,18328960_15
GT Oracle A*,1,936.8519471906133,21664,138.4831000000304,1.0,0.0,nan,nan,nan,0.0,298,18328960_15
Topology+Risk A*,1,939.9230150024788,36804,259.2006000000424,0.9892617449664429,0.010738255033557076,nan,nan,nan,0.003278071653770805,298,18328960_15
Binary-mask A*,1,1242.4549775709427,23724,168.33239999999705,0.4423617619493908,0.5576382380506092,nan,nan,nan,-0.006783122785890354,299,18328960_15
Soft-probability A*,1,1245.283404695689,33456,235.60549999996283,0.990645463049579,0.009354536950420989,nan,nan,nan,-0.004522081857260236,299,18328960_15
Clearance-aware A*,1,1260.0529573173897,52320,355.06009999994603,0.994408201304753,0.005591798695246952,nan,nan,nan,0.0072846791100099045,299,18328960_15
URA-style A*,1,1258.7392488184048,33033,234.29360000000088,0.9962790697674418,0.0037209302325581506,nan,nan,nan,0.006234502261362793,299,18328960_15
GT Oracle A*,1,1250.9402589451813,19253,131.13529999998264,1.0,0.0,nan,nan,nan,0.0,299,18328960_15
Topology+Risk A*,1,1261.4671708797628,51106,346.3873000000035,0.9953445065176909,0.004655493482309092,nan,nan,nan,0.008415199574324963,299,18328960_15
Binary-mask A*,1,711.5655839020959,11026,73.64490000003343,0.3685092127303183,0.6314907872696818,nan,nan,nan,0.0,300,18328960_15
Soft-probability A*,1,711.565583902096,11461,77.56339999997408,1.0,0.0,nan,nan,nan,1.5977000615765893e-16,300,18328960_15
Clearance-aware A*,1,711.565583902096,19370,131.21219999999312,1.0,0.0,nan,nan,nan,1.5977000615765893e-16,300,18328960_15
URA-style A*,1,712.3940110268422,11455,76.10069999998359,1.0,0.0,nan,nan,nan,0.001164231581020801,300,18328960_15
GT Oracle A*,1,711.5655839020959,9008,59.61289999999053,1.0,0.0,nan,nan,nan,0.0,300,18328960_15
Topology+Risk A*,1,712.3940110268422,19035,132.52620000002935,1.0,0.0,nan,nan,nan,0.001164231581020801,300,18328960_15
Binary-mask A*,1,1279.4966081312857,40430,266.48649999998497,0.7484047402005469,0.2515952597994531,nan,nan,nan,-0.02787324733611424,301,18328960_15
Soft-probability A*,1,1284.4255403194204,53010,367.6002000000267,0.9193840579710145,0.08061594202898548,nan,nan,nan,-0.024128378602816095,301,18328960_15
Clearance-aware A*,1,1294.3250352560322,68920,505.72340000002214,0.9306930693069307,0.06930693069306926,nan,nan,nan,-0.01660701136777806,301,18328960_15
URA-style A*,1,1304.0823945689128,56550,412.02010000000655,0.946524064171123,0.053475935828877,nan,nan,nan,-0.009193634917129313,301,18328960_15
GT Oracle A*,1,1316.1828996323009,34875,232.34029999997574,1.0,0.0,nan,nan,nan,0.0,301,18328960_15
Topology+Risk A*,1,1298.3250352560322,68221,475.6431000000134,0.9399103139013453,0.06008968609865473,nan,nan,nan,-0.013567920067383964,301,18328960_15
Binary-mask A*,1,1588.2194795587607,31124,202.30720000000701,0.6518572469045885,0.34814275309541154,nan,nan,nan,-0.007073131450759502,302,18328960_15
Soft-probability A*,1,1594.1189744953726,45701,318.7355000000025,0.9847383720930233,0.015261627906976716,nan,nan,nan,-0.003384871037872718,302,18328960_15
Clearance-aware A*,1,1604.6042558696113,77781,539.6422999999686,0.9913294797687862,0.00867052023121384,nan,nan,nan,0.003170342353460869,302,18328960_15
URA-style A*,1,1607.4326829943575,45404,315.91439999999693,0.9927849927849928,0.00721500721500723,nan,nan,nan,0.004938625216150744,302,18328960_15
GT Oracle A*,1,1599.5331880577455,26173,164.2563999999993,1.0,0.0,nan,nan,nan,0.0,302,18328960_15
Topology+Risk A*,1,1608.2611101191035,76137,541.2413999999899,0.9927849927849928,0.00721500721500723,nan,nan,nan,0.005456543275576516,302,18328960_15
Binary-mask A*,1,1448.9028124669483,41396,280.3678000000218,0.45342706502636204,0.5465729349736379,nan,nan,nan,-0.013250062602486273,303,18328960_15
Soft-probability A*,1,1456.3170260293214,53118,386.8767999999818,0.9170305676855895,0.08296943231441045,nan,nan,nan,-0.008200742036901167,303,18328960_15
Clearance-aware A*,1,1468.3170260293214,70723,493.7906999999768,0.9265341400172861,0.07346585998271393,nan,nan,nan,-2.8351765527961446e-05,303,18328960_15
URA-style A*,1,1470.2165209659331,49437,350.5806999999663,0.9316608996539792,0.06833910034602075,nan,nan,nan,0.0012652660628460796,303,18328960_15
GT Oracle A*,1,1468.358656589664,33600,219.9023000000011,1.0,0.0,nan,nan,nan,0.0,303,18328960_15
Topology+Risk A*,1,1471.388093841187,69078,466.9476999999915,0.9283246977547496,0.07167530224525043,nan,nan,nan,0.0020631452935068115,303,18328960_15
Binary-mask A*,1,1275.5525240415038,32257,228.6551999999915,0.7320717131474104,0.2679282868525896,nan,nan,nan,-0.008230674999241197,304,18328960_15
Soft-probability A*,1,1280.7240969167578,43186,294.82919999998103,0.9,0.09999999999999998,nan,nan,nan,-0.004209666657356547,304,18328960_15
Clearance-aware A*,1,1295.0672426672652,65569,447.4764999999934,0.9171539961013645,0.0828460038986355,nan,nan,nan,0.006942435440561703,304,18328960_15
URA-style A*,1,1291.8956697920116,45789,328.8069000000178,0.910958904109589,0.08904109589041098,nan,nan,nan,0.004476469805752147,304,18328960_15
GT Oracle A*,1,1286.1383104791307,27190,182.77219999998806,1.0,0.0,nan,nan,nan,0.0,304,18328960_15
Topology+Risk A*,1,1295.8956697920114,64257,473.6688000000413,0.9181286549707602,0.08187134502923976,nan,nan,nan,0.0075865552199014495,304,18328960_15
Binary-mask A*,1,1224.0823945689128,24481,162.09330000003774,0.3330134357005758,0.6669865642994242,nan,nan,nan,-0.01083979824609749,305,18328960_15
Soft-probability A*,1,1230.3250352560322,33217,241.18740000000116,0.9579751671442216,0.042024832855778405,nan,nan,nan,-0.005795226288404465,305,18328960_15
Clearance-aware A*,1,1242.5676759431515,45561,324.971000000005,0.9773156899810964,0.022684310018903586,nan,nan,nan,0.004097843807041404,305,18328960_15
URA-style A*,1,1245.638743755017,33216,243.4910000000059,0.9820585457979226,0.017941454202077378,nan,nan,nan,0.0065795215681651925,305,18328960_15
GT Oracle A*,1,1237.496608131286,21728,153.88460000002624,1.0,0.0,nan,nan,nan,0.0,305,18328960_15
Topology+Risk A*,1,1246.224530192644,44844,323.49629999998797,0.9811320754716981,0.018867924528301883,nan,nan,nan,0.007052885643491003,305,18328960_15
Binary-mask A*,1,1777.6673144547672,55143,367.1330000000239,0.8472319551506657,0.15276804484933426,nan,nan,nan,-0.004288775329272311,306,18328960_15
Soft-probability A*,1,1782.4957415795136,68669,511.6487000000234,0.9825296995108316,0.017470300489168422,nan,nan,nan,-0.0015842652972086195,306,18328960_15
Clearance-aware A*,1,1792.8805178903638,110308,803.2424000000447,0.9867688022284122,0.013231197771587766,nan,nan,nan,0.00423248019522884,306,18328960_15
URA-style A*,1,1794.6378772032444,75137,524.3598000000134,0.9909659485753995,0.009034051424600453,nan,nan,nan,0.005216816453980171,306,18328960_15
GT Oracle A*,1,1785.3241687042596,45645,302.2610000000441,1.0,0.0,nan,nan,nan,0.0,306,18328960_15
Topology+Risk A*,1,1794.0520907656175,107616,772.7330999999822,0.9888734353268428,0.011126564673157202,nan,nan,nan,0.0048887043677297275,306,18328960_15
Binary-mask A*,1,2047.6946596652342,68592,471.67919999998276,0.40293453724604966,0.5970654627539503,nan,nan,nan,-0.005094443476571175,307,18328960_15
Soft-probability A*,1,2051.9373003523538,93013,659.9804999999606,0.984225352112676,0.015774647887323967,nan,nan,nan,-0.0030330879057959463,307,18328960_15
Clearance-aware A*,1,2066.9494936611727,113933,853.9936999999895,0.9932508436445444,0.006749156355455588,nan,nan,nan,0.00426082892308789,307,18328960_15
URA-style A*,1,2066.221571599815,90308,631.1698999999749,0.9966311061201573,0.003368893879842738,nan,nan,nan,0.003907156220889609,307,18328960_15
GT Oracle A*,1,2058.1799410394724,56423,367.19069999998055,1.0,0.0,nan,nan,nan,0.0,307,18328960_15
Topology+Risk A*,1,2068.9494936611727,110793,771.7385000000263,0.9955056179775281,0.004494382022471877,nan,nan,nan,0.005232561258109051,307,18328960_15
Binary-mask A*,1,1729.7190462828744,82310,580.8881000000383,0.7272727272727273,0.2727272727272727,nan,nan,nan,-0.007947951301459994,308,18328960_15
Soft-probability A*,1,1735.4347750354125,103133,762.508500000024,0.9709141274238227,0.02908587257617734,nan,nan,nan,-0.004669788624725925,308,18328960_15
Clearance-aware A*,1,1741.920056409651,138918,986.8077999999514,0.9841160220994475,0.015883977900552515,nan,nan,nan,-0.0009502616370768911,308,18328960_15
URA-style A*,1,1744.2632021601585,102087,720.698700000014,0.987603305785124,0.012396694214875992,nan,nan,nan,0.000393611257880045,308,18328960_15
GT Oracle A*,1,1743.5769106591433,68354,498.6654999999587,1.0,0.0,nan,nan,nan,0.0,308,18328960_15
Topology+Risk A*,1,1743.091629284905,135867,968.0040000000076,0.9862068965517241,0.01379310344827589,nan,nan,nan,-0.00027832518959829263,308,18328960_15
Binary-mask A*,1,2046.4318164425854,83171,550.1838000000134,0.5169082125603864,0.48309178743961356,nan,nan,nan,-0.005712477478443407,309,18328960_15
Soft-probability A*,1,2056.4318164425845,106754,767.9222000000436,0.9321728691476591,0.06782713085234093,nan,nan,nan,-0.0008538376032586774,309,18328960_15
Clearance-aware A*,1,2077.2602435673284,125666,842.4163999999905,0.9448398576512456,0.05516014234875444,nan,nan,nan,0.009265945053308255,309,18328960_15
URA-style A*,1,2077.8460300049555,103511,700.2604999999562,0.943094250148192,0.05690574985180796,nan,nan,nan,0.009550557587728036,309,18328960_15
GT Oracle A*,1,2058.1891757554645,68555,490.3438000000051,1.0,0.0,nan,nan,nan,0.0,309,18328960_15
Topology+Risk A*,1,2079.846030004955,122543,833.7335999999596,0.9467140319715808,0.05328596802841923,nan,nan,nan,0.010522285562764848,309,18328960_15
Binary-mask A*,1,1734.991124221517,73493,474.6413999999959,0.6782487838776928,0.32175121612230717,nan,nan,nan,-0.0075915788436449515,310,18328960_15
Soft-probability A*,1,1740.1210665364283,91237,616.4354999999659,0.9710743801652892,0.02892561983471076,nan,nan,nan,-0.004657271064031085,310,18328960_15
Clearance-aware A*,1,1749.0916292849054,111723,746.1527999999475,0.9842032967032966,0.01579670329670335,nan,nan,nan,0.00047385721081505687,310,18328960_15
URA-style A*,1,1749.434775035413,90026,616.3657999999828,0.9876543209876543,0.012345679012345734,nan,nan,nan,0.0006701352941629087,310,18328960_15
GT Oracle A*,1,1748.2632021601592,60745,384.10470000002306,1.0,0.0,nan,nan,nan,0.0,310,18328960_15
Topology+Risk A*,1,1749.6774157225325,109206,730.428800000027,0.9862731640356898,0.013726835964310236,nan,nan,nan,0.0008089248578966413,310,18328960_15
Binary-mask A*,1,2178.2135623730965,94905,632.8507999999715,0.6328611898016997,0.3671388101983003,nan,nan,nan,-0.005854943531997904,311,18328960_15
Soft-probability A*,1,2183.62777593547,117715,799.8183999999924,0.9774011299435028,0.02259887005649719,nan,nan,nan,-0.003383875616218618,311,18328960_15
Clearance-aware A*,1,2194.0125522463195,150294,1028.6715999999956,0.9881690140845071,0.01183098591549292,nan,nan,nan,0.0013557762757242437,311,18328960_15
URA-style A*,1,2194.941484434454,113514,772.1306999999911,0.9926884139482565,0.007311586051743535,nan,nan,nan,0.0017797445029819944,311,18328960_15
GT Oracle A*,1,2191.0419894978427,77598,492.5967000000355,1.0,0.0,nan,nan,nan,0.0,311,18328960_15
Topology+Risk A*,1,2195.1841251215733,146853,987.2281999999473,0.9904333145751266,0.009566685424873378,nan,nan,nan,0.0018904866468031185,311,18328960_15
Binary-mask A*,1,1954.2602435673311,65644,430.6946999999468,0.3288547664747281,0.6711452335252719,nan,nan,nan,-0.00848707382067005,312,18328960_15
Soft-probability A*,1,1960.846030004958,80886,557.6098999999886,0.9770700636942675,0.02292993630573248,nan,nan,nan,-0.00514571107051563,312,18328960_15
Clearance-aware A*,1,1973.573952066316,102261,683.7231999999744,0.9854338188727042,0.014566181127295796,nan,nan,nan,0.0013119238779408546,312,18328960_15
URA-style A*,1,1976.159738503943,74799,502.0291999999813,0.9911504424778761,0.008849557522123908,nan,nan,nan,0.0026238477558815938,312,18328960_15
GT Oracle A*,1,1970.9881656286889,53331,343.5198999999898,1.0,0.0,nan,nan,nan,0.0,312,18328960_15
Topology+Risk A*,1,1976.159738503943,100459,667.1187000000032,0.988621997471555,0.011378002528445008,nan,nan,nan,0.0026238477558815938,312,18328960_15
Binary-mask A*,1,732.6732316404219,15822,100.69190000001527,0.5896551724137931,0.41034482758620694,nan,nan,nan,-0.0043101111209737746,313,18478735_15
Soft-probability A*,1,736.4305909533027,20166,133.01310000002786,0.958974358974359,0.04102564102564099,nan,nan,nan,0.000796073348662922,313,18478735_15
Clearance-aware A*,1,745.3595231414372,28282,186.90279999998438,0.9899328859060402,0.010067114093959773,nan,nan,nan,0.012930333362921478,313,18478735_15
URA-style A*,1,744.1879502661834,21859,149.24949999999626,0.9932659932659933,0.006734006734006703,nan,nan,nan,0.011338186665595943,313,18478735_15
GT Oracle A*,1,735.8448045156757,18564,120.10120000002189,1.0,0.0,nan,nan,nan,0.0,313,18478735_15
Topology+Risk A*,1,745.9453095790641,27530,181.292400000018,0.9899497487437185,0.01005025125628145,nan,nan,nan,0.013726406711584246,313,18478735_15
Binary-mask A*,1,961.7981233214505,18581,118.00199999998995,0.3553299492385787,0.6446700507614214,nan,nan,nan,0.10272639875888993,314,18478735_15
Soft-probability A*,1,964.6265504461968,24594,170.1009999999883,0.9620253164556962,0.03797468354430378,nan,nan,nan,0.10596926353663816,314,18478735_15
Clearance-aware A*,1,970.2834046956892,29540,196.5706999999952,0.9924433249370277,0.007556675062972307,nan,nan,nan,0.11245499309213434,314,18478735_15
URA-style A*,1,970.2834046956892,22350,147.15340000003607,0.9949622166246851,0.005037783375314908,nan,nan,nan,0.11245499309213434,314,18478735_15
GT Oracle A*,1,872.2001435750036,13776,84.26749999995309,1.0,0.0,nan,nan,nan,0.0,314,18478735_15
Topology+Risk A*,1,970.2834046956892,28408,185.3952000000163,0.9924433249370277,0.007556675062972307,nan,nan,nan,0.11245499309213434,314,18478735_15
Binary-mask A*,1,171.8061325481599,1766,11.038299999995616,0.31746031746031744,0.6825396825396826,nan,nan,nan,-0.0439579719743675,315,18478735_15
Soft-probability A*,1,173.80613254815995,2263,14.919599999984712,0.84375,0.15625,nan,nan,nan,-0.0328286599545225,315,18478735_15
Clearance-aware A*,1,177.2203461105331,3427,21.97000000001026,0.9694656488549618,0.03053435114503822,nan,nan,nan,-0.013829735935504467,315,18478735_15
URA-style A*,1,177.46298679765235,2417,15.775099999984832,0.9769230769230769,0.023076923076923106,nan,nan,nan,-0.012479523977674576,315,18478735_15
GT Oracle A*,1,179.7056274847716,1508,9.210999999993419,1.0,0.0,nan,nan,nan,0.0,315,18478735_15
Topology+Risk A*,1,178.04877323527927,3338,21.13990000003696,0.9770992366412213,0.022900763358778664,nan,nan,nan,-0.009219823957002925,315,18478735_15
Binary-mask A*,1,308.3452377915614,4272,27.173599999969156,0.6058091286307054,0.39419087136929465,nan,nan,nan,-0.030060715572255262,316,18478735_15
Soft-probability A*,1,310.58787847868075,5991,38.596499999982825,0.9256198347107438,0.07438016528925617,nan,nan,nan,-0.02300620317286628,316,18478735_15
Clearance-aware A*,1,315.41630560342696,6806,43.183399999975336,0.9715447154471545,0.028455284552845517,nan,nan,nan,-0.007817769637032946,316,18478735_15
URA-style A*,1,316.2447327281732,5905,38.38530000001583,0.975609756097561,0.024390243902439046,nan,nan,nan,-0.005211846424688572,316,18478735_15
GT Oracle A*,1,317.90158697766554,3336,19.955899999956728,1.0,0.0,nan,nan,nan,0.0,316,18478735_15
Topology+Risk A*,1,316.2447327281732,6656,42.768599999988055,0.975609756097561,0.024390243902439046,nan,nan,nan,-0.005211846424688572,316,18478735_15
Binary-mask A*,1,512.4650788387075,11337,73.86420000000271,0.5265822784810127,0.4734177215189873,nan,nan,nan,-0.05572546621143115,317,18478735_15
Soft-probability A*,1,514.2224381515882,15321,104.36470000001918,0.914572864321608,0.085427135678392,nan,nan,nan,-0.05248733406469089,317,18478735_15
Clearance-aware A*,1,519.394011026842,26115,173.37230000003956,0.9653465346534653,0.034653465346534684,nan,nan,nan,-0.04295812950542595,317,18478735_15
URA-style A*,1,524.4650788387075,16616,112.65420000000859,0.9803439803439803,0.019656019656019708,nan,nan,nan,-0.03361411682711687,317,18478735_15
GT Oracle A*,1,542.7077195258269,12913,80.61670000000731,1.0,0.0,nan,nan,nan,0.0,317,18478735_15
Topology+Risk A*,1,525.0508652763344,25861,171.37500000001182,0.9779411764705882,0.022058823529411797,nan,nan,nan,-0.03253473944487011,317,18478735_15
Binary-mask A*,1,527.4234482783648,10339,66.6004000000271,0.5275779376498801,0.47242206235011985,nan,nan,nan,-0.03318003719636647,318,18478735_15
Soft-probability A*,1,534.8376618407381,14472,96.44760000003316,0.9504716981132075,0.04952830188679247,nan,nan,nan,-0.019589041756192912,318,18478735_15
Clearance-aware A*,1,544.2518754031112,15973,104.57529999996495,0.9699769053117783,0.03002309468822173,nan,nan,nan,-0.0023318461652315613,318,18478735_15
URA-style A*,1,547.1808075912456,14999,97.93799999999919,0.9954337899543378,0.004566210045662156,nan,nan,nan,0.003037179649661642,318,18478735_15
GT Oracle A*,1,545.5239533417531,10502,66.38579999997773,1.0,0.0,nan,nan,nan,0.0,318,18478735_15
Topology+Risk A*,1,546.4945160902305,15633,103.13639999998259,0.9746543778801844,0.025345622119815614,nan,nan,nan,0.0017791386474085129,318,18478735_15
Binary-mask A*,1,1878.854039231668,41685,265.8303000000046,0.36014851485148514,0.6398514851485149,nan,nan,nan,-0.009489396457352622,319,18478735_15
Soft-probability A*,1,1880.854039231668,51108,340.30749999999443,0.9826946847960445,0.017305315203955507,nan,nan,nan,-0.00843501907320233,319,18478735_15
Clearance-aware A*,1,1888.5108934811603,46597,323.8612000000103,0.9926108374384236,0.007389162561576401,nan,nan,nan,-0.004398412096002397,319,18478735_15
URA-style A*,1,1893.6824663564141,44791,307.5966999999764,0.9969325153374233,0.0030674846625766694,nan,nan,nan,-0.001672017355926053,319,18478735_15
GT Oracle A*,1,1896.854039231668,32442,200.94749999998385,1.0,0.0,nan,nan,nan,0.0,319,18478735_15
Topology+Risk A*,1,1891.6824663564141,45017,302.08869999995613,0.9969287469287469,0.0030712530712531105,nan,nan,nan,-0.0027263947400763444,319,18478735_15
Binary-mask A*,1,1210.9991334482265,24979,158.6985999999797,0.5043144774688398,0.49568552253116016,nan,nan,nan,-0.01534314203586188,320,18478735_15
Soft-probability A*,1,1219.7270555095847,33046,219.79859999999007,0.9742366412213741,0.0257633587786259,nan,nan,nan,-0.008246515724477115,320,18478735_15
Clearance-aware A*,1,1231.8691911333158,30507,202.66010000000279,0.9886363636363636,0.011363636363636354,nan,nan,nan,0.0016261892032251347,320,18478735_15
URA-style A*,1,1233.2834046956887,30322,202.18319999997902,0.9924314096499527,0.007568590350047311,nan,nan,nan,0.00277607861631767,320,18478735_15
GT Oracle A*,1,1229.8691911333156,19286,127.63759999995727,1.0,0.0,nan,nan,nan,0.0,320,18478735_15
Topology+Risk A*,1,1234.1118318204349,29634,197.83409999996593,0.9895931882686849,0.01040681173131508,nan,nan,nan,0.00344966823927816,320,18478735_15
Binary-mask A*,1,1337.8935777509562,27371,181.22280000000046,0.39015817223198596,0.609841827768014,nan,nan,nan,-0.013025597449322034,321,18478735_15
Soft-probability A*,1,1341.0651506262102,34905,231.42430000001468,0.9807355516637478,0.019264448336252182,nan,nan,nan,-0.01068590369807327,321,18478735_15
Clearance-aware A*,1,1346.7220048757026,40974,269.96650000000955,0.9869109947643979,0.01308900523560208,nan,nan,nan,-0.00651279872466085,321,18478735_15
URA-style A*,1,1353.3077913133295,32297,214.4185999999877,0.9930615784908933,0.006938421509106729,nan,nan,nan,-0.0016544133174075442,321,18478735_15
GT Oracle A*,1,1355.5504320004486,23131,144.89800000001196,1.0,0.0,nan,nan,nan,0.0,321,18478735_15
Topology+Risk A*,1,1349.8935777509564,39948,262.35040000000254,0.9904347826086957,0.009565217391304337,nan,nan,nan,-0.004173104973412251,321,18478735_15
Binary-mask A*,1,1421.2417741353458,45288,290.44760000005,0.46325878594249204,0.536741214057508,nan,nan,nan,-0.011132434561767404,322,18478735_15
Soft-probability A*,1,1423.241774135346,55032,367.4219999999764,0.9808612440191388,0.019138755980861233,nan,nan,nan,-0.00974088024154634,322,18478735_15
Clearance-aware A*,1,1428.6559876977192,63026,416.72570000002906,0.9920571882446386,0.007942811755361379,nan,nan,nan,-0.0059737941048868815,322,18478735_15
URA-style A*,1,1431.827560572973,51046,340.628200000026,0.9960411718131433,0.003958828186856667,nan,nan,nan,-0.0037670861366594583,322,18478735_15
GT Oracle A*,1,1437.241774135346,37357,233.58150000001388,1.0,0.0,nan,nan,nan,0.0,322,18478735_15
Topology+Risk A*,1,1431.241774135346,61833,411.777700000016,0.9960380348652932,0.003961965134706813,nan,nan,nan,-0.004174662960662717,322,18478735_15
Binary-mask A*,1,1118.5239533417534,13258,82.28069999995569,0.5519287833827893,0.4480712166172107,nan,nan,nan,-0.024805074015318035,323,18478735_15
Soft-probability A*,1,1119.9381669041268,17376,113.23499999997466,0.9851778656126482,0.014822134387351804,nan,nan,nan,-0.023572079508437038,323,18478735_15
Clearance-aware A*,1,1121.3523804664999,24447,159.98840000003156,0.9861796643632774,0.01382033563672258,nan,nan,nan,-0.022339085001556243,323,18478735_15
URA-style A*,1,1148.6316010800792,18710,123.54949999996734,0.9970089730807578,0.0029910269192422456,nan,nan,nan,0.0014445429195985172,323,18478735_15
GT Oracle A*,1,1146.9747468305868,11464,69.74409999997988,1.0,0.0,nan,nan,nan,0.0,323,18478735_15
Topology+Risk A*,1,1122.5239533417537,24445,160.64130000000887,0.9862068965517241,0.01379310344827589,nan,nan,nan,-0.021317638907393164,323,18478735_15
Binary-mask A*,1,936.839753881793,30565,196.0278000000244,0.6851851851851852,0.31481481481481477,nan,nan,nan,-0.02189427529059716,324,18478735_15
Soft-probability A*,1,940.839753881793,38985,258.2380999999714,0.9631578947368421,0.0368421052631579,nan,nan,nan,-0.017718083062815942,324,18478735_15
Clearance-aware A*,1,948.981889505524,46088,324.11609999996926,0.9803664921465969,0.01963350785340312,nan,nan,nan,-0.009217302185474383,324,18478735_15
URA-style A*,1,955.5676759431508,38969,259.1434999999933,0.9896238651102465,0.01037613488975353,nan,nan,nan,-0.002341424651813407,324,18478735_15
GT Oracle A*,1,957.8103166302701,25445,158.27069999994592,1.0,0.0,nan,nan,nan,0.0,324,18478735_15
Topology+Risk A*,1,952.1534623807778,45396,298.8756000000308,0.9856770833333334,0.01432291666666663,nan,nan,nan,-0.005906027687605235,324,18478735_15
Binary-mask A*,1,1564.5108934811608,45962,293.13640000003716,0.37153846153846154,0.6284615384615384,nan,nan,nan,-0.017158742530432085,325,18478735_15
Soft-probability A*,1,1571.0966799187877,59026,408.26289999995424,0.9495026778882938,0.05049732211170621,nan,nan,nan,-0.013021486183574195,325,18478735_15
Clearance-aware A*,1,1581.2388155425188,66807,447.1753999999919,0.9603960396039604,0.03960396039603964,nan,nan,nan,-0.006650096012122651,325,18478735_15
URA-style A*,1,1588.9961748553994,56645,378.54229999999234,0.9674735249621785,0.03252647503782147,nan,nan,nan,-0.0017768459673432608,325,18478735_15
GT Oracle A*,1,1591.8246019801456,39354,244.95939999997063,1.0,0.0,nan,nan,nan,0.0,325,18478735_15
Topology+Risk A*,1,1585.8246019801456,65074,432.32160000002295,0.9650986342943855,0.03490136570561453,nan,nan,nan,-0.003769259497897141,325,18478735_15
Binary-mask A*,1,3203.838020778129,77597,491.9505999999956,0.3947858472998138,0.6052141527001862,nan,nan,nan,-0.012847948170676802,326,18478735_15
Soft-probability A*,1,3218.565942839487,97042,658.4882999999877,0.9762611275964391,0.023738872403560873,nan,nan,nan,-0.008310047569034957,326,18478735_15
Clearance-aware A*,1,3243.779146275081,96473,645.3914000000509,0.9893186003683241,0.010681399631675914,nan,nan,nan,-0.000541469587495211,326,18478735_15
URA-style A*,1,3251.779146275081,88512,594.7991000000457,0.9941241278002203,0.005875872199779697,nan,nan,nan,0.0019234541581555,326,18478735_15
GT Oracle A*,1,3245.5365055879624,63341,393.3708000000138,1.0,0.0,nan,nan,nan,0.0,326,18478735_15
Topology+Risk A*,1,3249.779146275081,93639,617.6754999999616,0.9915472252848218,0.008452774715178246,nan,nan,nan,0.0013072232217428222,326,18478735_15
Binary-mask A*,1,1978.2632021601582,46106,293.5743000000457,0.41459074733096085,0.5854092526690391,nan,nan,nan,-0.010489300009114055,327,18478735_15
Soft-probability A*,1,1982.2632021601585,61369,403.5571999999661,0.9834319526627219,0.016568047337278125,nan,nan,nan,-0.008488533480351959,327,18478735_15
Clearance-aware A*,1,1990.4053377838895,73912,493.6534000000279,0.9911452184179457,0.008854781582054327,nan,nan,nan,-0.004415905373201539,327,18478735_15
URA-style A*,1,1996.9911242215164,62578,416.2794000000076,0.9952968841857731,0.004703115814226888,nan,nan,nan,-0.0011217501057069132,327,18478735_15
GT Oracle A*,1,1999.2337649086355,38481,247.8371999999922,1.0,0.0,nan,nan,nan,0.0,327,18478735_15
Topology+Risk A*,1,1993.5769106591433,72449,484.99459999999317,0.9935217903415783,0.006478209658421719,nan,nan,nan,-0.002829511160117244,327,18478735_15
Binary-mask A*,1,2150.5007922133827,54692,349.4362999999794,0.38293216630196936,0.6170678336980306,nan,nan,nan,-0.01227612050406859,328,18478735_15
Soft-probability A*,1,2156.743432900502,67632,452.7979000000073,0.9787234042553191,0.021276595744680882,nan,nan,nan,-0.009408878929405364,328,18478735_15
Clearance-aware A*,1,2168.057141399486,79423,525.2358000000186,0.9891363389462249,0.01086366105377512,nan,nan,nan,-0.004212498583689992,328,18478735_15
URA-style A*,1,2176.057141399485,62748,417.2456000000011,0.9945916711736074,0.005408328826392639,nan,nan,nan,-0.000538102803610664,328,18478735_15
GT Oracle A*,1,2177.2287142747377,44201,275.94210000000885,1.0,0.0,nan,nan,nan,0.0,328,18478735_15
Topology+Risk A*,1,2172.6429278371124,77358,511.96709999999257,0.991332611050921,0.008667388949079036,nan,nan,nan,-0.0021062492918447868,328,18478735_15
Binary-mask A*,1,2508.3435046879563,82745,533.8634999999954,0.47456015216357583,0.5254398478364242,nan,nan,nan,-0.014353152009624212,329,18478735_15
Soft-probability A*,1,2520.2429996245687,104182,692.2074000000293,0.9777462121212122,0.022253787878787845,nan,nan,nan,-0.009677277411496332,329,18478735_15
Clearance-aware A*,1,2538.8704166225375,94454,632.4179999999728,0.9882297551789078,0.011770244821092235,nan,nan,nan,-0.0023576838965186763,329,18478735_15
URA-style A*,1,2546.870416622537,94700,630.4084999999873,0.9934333958724203,0.0065666041275797005,nan,nan,nan,0.0007858946321739047,329,18478735_15
GT Oracle A*,1,2544.8704166225352,67952,431.613499999969,1.0,0.0,nan,nan,nan,0.0,329,18478735_15
Topology+Risk A*,1,2544.28463018491,92358,615.99369999999,0.9906059182714889,0.009394081728511083,nan,nan,nan,-0.00023018320846478996,329,18478735_15
Binary-mask A*,1,2449.7089450150756,78665,506.8610999999805,0.5473231357552581,0.45267686424474185,nan,nan,nan,-0.014731481048811865,330,18478735_15
Soft-probability A*,1,2461.6084399516863,96590,644.4035999999755,0.9643027129938124,0.03569728700618757,nan,nan,nan,-0.00994552564936773,330,18478735_15
Clearance-aware A*,1,2479.0642840744003,88093,580.660899999998,0.9729985788725722,0.02700142112742776,nan,nan,nan,-0.0029248166296994864,330,18478735_15
URA-style A*,1,2487.407429824907,87781,583.1289999999854,0.9787835926449788,0.021216407355021172,nan,nan,nan,0.0004307815419620915,330,18478735_15
GT Oracle A*,1,2486.3363620130426,64313,408.7711999999897,1.0,0.0,nan,nan,nan,0.0,330,18478735_15
Topology+Risk A*,1,2485.0642840743994,86295,568.0328000000259,0.9759093056211621,0.02409069437883793,nan,nan,nan,-0.0005116274523746461,330,18478735_15
Binary-mask A*,1,2447.08867069202,83769,543.1510999999887,0.48175182481751827,0.5182481751824817,nan,nan,nan,-0.014707152020662561,331,18478735_15
Soft-probability A*,1,2458.988165628631,105155,754.4542999999635,0.9772286821705426,0.022771317829457405,nan,nan,nan,-0.009915953648478682,331,18478735_15
Clearance-aware A*,1,2477.6155826265995,94850,625.6918999999925,0.9879576107899807,0.012042389210019322,nan,nan,nan,-0.0024158328051923986,331,18478735_15
URA-style A*,1,2485.615582626598,95275,633.6453999999776,0.9932821497120922,0.006717850287907834,nan,nan,nan,0.0008052776017322032,331,18478735_15
GT Oracle A*,1,2483.615582626596,68706,441.9766999999979,1.0,0.0,nan,nan,nan,0.0,331,18478735_15
Topology+Risk A*,1,2483.0297961889714,92722,619.2800000000034,0.9903892359442575,0.00961076405574246,nan,nan,nan,-0.00023586034880844264,331,18478735_15
Binary-mask A*,1,2206.897761833046,54048,342.4772000000189,0.40010712372790574,0.5998928762720943,nan,nan,nan,-0.014826588481794132,332,18478735_15
Soft-probability A*,1,2217.968829644911,68146,451.3910999999666,0.9781449893390192,0.021855010660980834,nan,nan,nan,-0.009884392321195817,332,18478735_15
Clearance-aware A*,1,2234.11096526864,63953,415.26770000001534,0.9867584745762712,0.013241525423728806,nan,nan,nan,-0.0026784387438945926,332,18478735_15
URA-style A*,1,2242.110965268639,60679,407.20229999999447,0.9926160337552743,0.007383966244725704,nan,nan,nan,0.0008928129146319368,332,18478735_15
GT Oracle A*,1,2240.1109652686387,43604,274.23340000001417,1.0,0.0,nan,nan,nan,0.0,332,18478735_15
Topology+Risk A*,1,2239.5251788310125,62062,417.08940000000894,0.9894347596407819,0.010565240359218131,nan,nan,nan,-0.0002614988483643991,332,18478735_15
Binary-mask A*,1,153.12489168102778,1521,9.711400000014692,0.7518796992481203,0.24812030075187974,nan,nan,nan,-0.0038109677531624232,333,18478900_15
Soft-probability A*,1,154.29646455628162,1898,12.622799999974177,1.0,0.0,nan,nan,nan,0.0038109677531624232,333,18478900_15
Clearance-aware A*,1,155.46803743153544,1990,14.236299999993207,1.0,0.0,nan,nan,nan,0.011432903259487084,333,18478900_15
URA-style A*,1,154.88225099390854,1889,12.189299999988634,1.0,0.0,nan,nan,nan,0.0076219355063248465,333,18478900_15
GT Oracle A*,1,153.7106781186547,1258,8.793299999979354,1.0,0.0,nan,nan,nan,0.0,333,18478900_15
Topology+Risk A*,1,155.46803743153544,1978,13.164300000028106,1.0,0.0,nan,nan,nan,0.011432903259487084,333,18478900_15
Binary-mask A*,1,346.81832585698083,3426,21.674700000005487,0.43944636678200694,0.560553633217993,nan,nan,nan,-0.0050415430210638944,334,18478900_15
Soft-probability A*,1,347.9898987322347,4598,31.203500000003714,0.979381443298969,0.020618556701030966,nan,nan,nan,-0.0016805143403544685,334,18478900_15
Clearance-aware A*,1,349.16147160748847,5379,33.97460000002184,1.0,0.0,nan,nan,nan,0.0016805143403547946,334,18478900_15
URA-style A*,1,349.16147160748847,4626,29.864500000030603,1.0,0.0,nan,nan,nan,0.0016805143403547946,334,18478900_15
GT Oracle A*,1,348.5756851698615,3272,20.443400000033307,1.0,0.0,nan,nan,nan,0.0,334,18478900_15
Topology+Risk A*,1,349.16147160748847,5177,33.00309999997353,1.0,0.0,nan,nan,nan,0.0016805143403547946,334,18478900_15
Binary-mask A*,1,106.7817459305201,1052,6.520099999988815,0.788235294117647,0.21176470588235297,nan,nan,nan,-0.005455899234214816,335,18478900_15
Soft-probability A*,1,107.36753236814704,1358,9.18989999996711,1.0,0.0,nan,nan,nan,2.6471419062655056e-16,335,18478900_15
Clearance-aware A*,1,108.53910524340084,1528,10.210099999994782,1.0,0.0,nan,nan,nan,0.010911798468429764,335,18478900_15
URA-style A*,1,107.95331880577395,1404,9.079300000053081,1.0,0.0,nan,nan,nan,0.005455899234215081,335,18478900_15
GT Oracle A*,1,107.36753236814701,910,5.485899999996491,1.0,0.0,nan,nan,nan,0.0,335,18478900_15
Topology+Risk A*,1,108.53910524340084,1488,9.510399999953734,1.0,0.0,nan,nan,nan,0.010911798468429764,335,18478900_15
Binary-mask A*,1,540.9432175380086,7155,44.76019999998471,0.7294372294372294,0.27056277056277056,nan,nan,nan,-0.00108172680193737,336,18478900_15
Soft-probability A*,1,544.9432175380088,8338,54.189000000008036,0.9892703862660944,0.010729613733905574,nan,nan,nan,0.006304765833977071,336,18478900_15
Clearance-aware A*,1,547.2863632885163,7565,48.558499999955984,0.9872340425531915,0.012765957446808529,nan,nan,nan,0.01063167304172655,336,18478900_15
URA-style A*,1,546.7005768508894,7561,48.793499999987944,0.9893390191897654,0.010660980810234588,nan,nan,nan,0.00954994623978918,336,18478900_15
GT Oracle A*,1,541.5290039756355,6077,37.013999999999214,1.0,0.0,nan,nan,nan,0.0,336,18478900_15
Topology+Risk A*,1,547.2863632885163,7561,48.03449999997156,0.9872340425531915,0.012765957446808529,nan,nan,nan,0.01063167304172655,336,18478900_15
Binary-mask A*,1,385.8305191658009,4797,30.012400000032358,0.5537974683544303,0.44620253164556967,nan,nan,nan,-0.0030273037261243072,337,18478900_15
Soft-probability A*,1,387.58787847868166,5835,38.126699999963876,1.0,0.0,nan,nan,nan,0.0015136518630623006,337,18478900_15
Clearance-aware A*,1,389.93102422918923,5759,37.390000000016244,1.0,0.0,nan,nan,nan,0.007568259315310915,337,18478900_15
URA-style A*,1,389.34523779156234,5442,35.57470000004059,1.0,0.0,nan,nan,nan,0.006054607452248762,337,18478900_15
GT Oracle A*,1,387.0020920410547,3952,24.18870000002471,1.0,0.0,nan,nan,nan,0.0,337,18478900_15
Topology+Risk A*,1,389.93102422918923,5621,36.66690000000017,1.0,0.0,nan,nan,nan,0.007568259315310915,337,18478900_15
Binary-mask A*,1,265.5634918610408,2438,14.427899999986948,0.4253393665158371,0.5746606334841629,nan,nan,nan,0.0,338,18478900_15
Soft-probability A*,1,265.5634918610409,3026,18.9345000000003,1.0,0.0,nan,nan,nan,4.280966367963861e-16,338,18478900_15
Clearance-aware A*,1,265.5634918610409,3253,20.23900000000367,1.0,0.0,nan,nan,nan,4.280966367963861e-16,338,18478900_15
URA-style A*,1,265.5634918610409,3164,19.8917000000165,1.0,0.0,nan,nan,nan,4.280966367963861e-16,338,18478900_15
GT Oracle A*,1,265.5634918610408,1864,11.604500000032658,1.0,0.0,nan,nan,nan,0.0,338,18478900_15
Topology+Risk A*,1,265.5634918610409,3230,20.101899999986017,1.0,0.0,nan,nan,nan,4.280966367963861e-16,338,18478900_15
Binary-mask A*,1,1176.7514421272247,14961,97.1002999999655,0.35881753312945974,0.6411824668705403,nan,nan,nan,-0.002482818441253044,339,18478900_15
Soft-probability A*,1,1180.5088014401056,18842,127.01619999995728,0.9939148073022313,0.006085192697768749,nan,nan,nan,0.0007022471025062423,339,18478900_15
Clearance-aware A*,1,1185.6803743153591,18220,119.4290000000251,1.0,0.0,nan,nan,nan,0.005086123437021802,339,18478900_15
URA-style A*,1,1185.0945878777322,17285,113.19570000000567,1.0,0.0,nan,nan,nan,0.004589559748771193,339,18478900_15
GT Oracle A*,1,1179.6803743153591,12820,81.9630000000302,1.0,0.0,nan,nan,nan,0.0,339,18478900_15
Topology+Risk A*,1,1185.6803743153591,18177,119.6577999999704,1.0,0.0,nan,nan,nan,0.005086123437021802,339,18478900_15
Binary-mask A*,1,1196.3666658163738,15909,99.57690000004504,0.5894632206759444,0.41053677932405563,nan,nan,nan,-0.0019547230930269787,340,18478900_15
Soft-probability A*,1,1201.5382386916278,19577,126.8680999999674,0.9891304347826086,0.010869565217391353,nan,nan,nan,0.0023595595009346447,340,18478900_15
Clearance-aware A*,1,1207.8813844421354,18803,122.04029999998056,0.9941176470588236,0.00588235294117645,nan,nan,nan,0.007651203641409472,340,18478900_15
URA-style A*,1,1207.2955980045085,18528,120.42919999998958,0.9950932286555446,0.004906771344455385,nan,nan,nan,0.007162522868152775,340,18478900_15
GT Oracle A*,1,1198.7098115668816,13782,84.995900000024,1.0,0.0,nan,nan,nan,0.0,340,18478900_15
Topology+Risk A*,1,1207.8813844421354,18863,122.1590999999762,0.9941176470588236,0.00588235294117645,nan,nan,nan,0.007651203641409472,340,18478900_15
Binary-mask A*,1,968.5899705197368,13272,82.81690000001163,0.636144578313253,0.363855421686747,nan,nan,nan,-0.0012081040779904357,341,18478900_15
Soft-probability A*,1,973.1757569573638,15834,103.77149999999347,0.9940119760479041,0.005988023952095856,nan,nan,nan,0.003520673288838169,341,18478900_15
Clearance-aware A*,1,978.3473298326174,15185,98.90759999996135,0.9928656361474435,0.007134363852556502,nan,nan,nan,0.008853502694661758,341,18478900_15
URA-style A*,1,977.7615433949906,14825,95.74660000004087,0.9940476190476191,0.005952380952380931,nan,nan,nan,0.008249450655666539,341,18478900_15
GT Oracle A*,1,969.7615433949906,10772,67.13020000000824,1.0,0.0,nan,nan,nan,0.0,341,18478900_15
Topology+Risk A*,1,978.3473298326174,15353,98.31819999999425,0.9928656361474435,0.007134363852556502,nan,nan,nan,0.008853502694661758,341,18478900_15
Binary-mask A*,1,1023.5088014401055,13127,83.03359999996474,0.22316043425814233,0.7768395657418576,nan,nan,nan,-0.002284097385518811,342,18478900_15
Soft-probability A*,1,1025.2661607529863,15687,102.99750000001495,0.9927884615384616,0.007211538461538436,nan,nan,nan,-0.0005710243463795088,342,18478900_15
Clearance-aware A*,1,1027.6093065034938,13009,83.83919999999989,1.0,0.0,nan,nan,nan,0.0017130730391394131,342,18478900_15
URA-style A*,1,1027.023520065867,14077,90.2753999999959,1.0,0.0,nan,nan,nan,0.0011420486927596826,342,18478900_15
GT Oracle A*,1,1025.851947190613,10619,66.20509999999058,1.0,0.0,nan,nan,nan,0.0,342,18478900_15
Topology+Risk A*,1,1027.6093065034938,12880,81.88139999998612,1.0,0.0,nan,nan,nan,0.0017130730391394131,342,18478900_15
Binary-mask A*,1,1226.722004875702,14362,88.89920000001439,0.5458089668615984,0.4541910331384016,nan,nan,nan,-0.0023819216493488624,343,18478900_15
Soft-probability A*,1,1230.4793641885826,18464,118.36029999994935,0.9893307468477207,0.01066925315227929,nan,nan,nan,0.0006737091802038823,343,18478900_15
Clearance-aware A*,1,1236.2367235014633,16422,103.77940000000763,0.9961464354527938,0.003853564547206201,nan,nan,nan,0.005355817849700055,343,18478900_15
URA-style A*,1,1235.0651506262095,16287,103.49139999999579,0.9951737451737451,0.004826254826254872,nan,nan,nan,0.00440304918996051,343,18478900_15
GT Oracle A*,1,1229.6509370638364,11695,70.93759999997928,1.0,0.0,nan,nan,nan,0.0,343,18478900_15
Topology+Risk A*,1,1236.2367235014633,16318,103.3598000000211,0.9951830443159922,0.004816955684007751,nan,nan,nan,0.005355817849700055,343,18478900_15
Binary-mask A*,0,nan,0,0.0,nan,nan,nan,nan,nan,nan,344,18478900_15
Soft-probability A*,0,nan,0,0.0,nan,nan,nan,nan,nan,nan,344,18478900_15
Clearance-aware A*,0,nan,0,0.0,nan,nan,nan,nan,nan,nan,344,18478900_15
URA-style A*,0,nan,0,0.0,nan,nan,nan,nan,nan,nan,344,18478900_15
GT Oracle A*,1,931.5432893255106,9238,56.33010000002514,1.0,0.0,nan,nan,nan,0.0,344,18478900_15
Topology+Risk A*,0,nan,0,0.0,nan,nan,nan,nan,nan,nan,344,18478900_15
Binary-mask A*,1,1201.2905473706262,14197,90.49379999999019,0.358739837398374,0.641260162601626,nan,nan,nan,-0.002432224555284275,345,18478900_15
Soft-probability A*,1,1204.4621202458802,18209,119.30300000000216,0.9939271255060729,0.006072874493927127,nan,nan,nan,0.00020149207950734448,345,18478900_15
Clearance-aware A*,1,1209.633693121134,17479,113.71159999998781,1.0,0.0,nan,nan,nan,0.004496035526976495,345,18478900_15
URA-style A*,1,1209.0479066835069,17179,113.09909999999945,1.0,0.0,nan,nan,nan,0.004009590615919452,345,18478900_15
GT Oracle A*,1,1204.2194795587607,12276,82.88160000000744,1.0,0.0,nan,nan,nan,0.0,345,18478900_15
Topology+Risk A*,1,1209.633693121134,17216,111.60180000001674,1.0,0.0,nan,nan,nan,0.004496035526976495,345,18478900_15
Binary-mask A*,1,1962.6551211459466,21439,136.1583000000337,0.4975369458128079,0.5024630541871922,nan,nan,nan,-0.0017875966534861786,346,18478900_15
Soft-probability A*,1,1968.169839771708,28088,193.69130000001178,0.9932598039215687,0.006740196078431349,nan,nan,nan,0.0010172061230642314,346,18478900_15
Clearance-aware A*,1,1975.6845583974693,23503,157.30980000000727,0.997563946406821,0.0024360535931789995,nan,nan,nan,0.004839215022678873,346,18478900_15
URA-style A*,1,1974.5129855222156,24917,162.9542000000015,0.9969512195121951,0.0030487804878048808,nan,nan,nan,0.004243349471516813,346,18478900_15
GT Oracle A*,1,1966.169839771708,18393,113.77399999997806,1.0,0.0,nan,nan,nan,0.0,346,18478900_15
Topology+Risk A*,1,1975.6845583974693,23403,150.5314999999996,0.9969549330085262,0.003045066991473777,nan,nan,nan,0.004839215022678873,346,18478900_15
Binary-mask A*,1,2000.998266896454,22456,139.36940000002096,0.49459134615384615,0.5054086538461539,nan,nan,nan,-0.0017534027722179782,347,18478900_15
Soft-probability A*,1,2006.5129855222156,29219,189.61430000001656,0.993421052631579,0.006578947368421018,nan,nan,nan,0.0009977485875348221,347,18478900_15
Clearance-aware A*,1,2014.027704147977,24270,154.55060000005005,0.9964328180737217,0.003567181926278251,nan,nan,nan,0.004746648534822331,347,18478900_15
URA-style A*,1,2013.6845583974693,25554,164.69430000000784,0.9970238095238095,0.0029761904761904656,nan,nan,nan,0.004575461940878577,347,18478900_15
GT Oracle A*,1,2004.5129855222156,19044,117.75699999998324,1.0,0.0,nan,nan,nan,0.0,347,18478900_15
Topology+Risk A*,1,2014.8561312727231,24092,153.3743999999615,0.9964328180737217,0.003567181926278251,nan,nan,nan,0.005159929531617865,347,18478900_15
Binary-mask A*,1,1968.5840533340806,22785,142.15109999997821,0.522671568627451,0.477328431372549,nan,nan,nan,-0.0017822224098179864,348,18478900_15
Soft-probability A*,1,1975.7556262093347,27856,181.24150000005557,0.9932926829268293,0.006707317073170738,nan,nan,nan,0.0018542956881710984,348,18478900_15
Clearance-aware A*,1,1983.270344835096,23679,151.08989999998812,0.9963636363636363,0.0036363636363636598,nan,nan,nan,0.0056648140722444,348,18478900_15
URA-style A*,1,1982.0987719598422,24759,159.25670000001446,0.9969660194174758,0.0030339805825242427,nan,nan,nan,0.005070739935638406,348,18478900_15
GT Oracle A*,1,1972.098771959842,18586,112.93859999994993,1.0,0.0,nan,nan,nan,0.0,348,18478900_15
Topology+Risk A*,1,1983.270344835096,23460,148.35269999997536,0.9963636363636363,0.0036363636363636598,nan,nan,nan,0.0056648140722444,348,18478900_15
Binary-mask A*,1,1977.6845583974691,22473,142.00379999999768,0.49635036496350365,0.5036496350364963,nan,nan,nan,-0.0017740358915546634,349,18478900_15
Soft-probability A*,1,1983.1992770232307,29194,191.21150000000853,0.9933414043583535,0.006658595641646503,nan,nan,nan,0.0010094895668472305,349,18478900_15
Clearance-aware A*,1,1990.713995648992,24285,159.4375000000241,0.9963898916967509,0.0036101083032491488,nan,nan,nan,0.004802504592096126,349,18478900_15
URA-style A*,1,1990.3708498984845,25519,169.43899999995438,0.9969879518072289,0.003012048192771122,nan,nan,nan,0.004629303564573466,349,18478900_15
GT Oracle A*,1,1981.1992770232305,19065,118.9775999999938,1.0,0.0,nan,nan,nan,0.0,349,18478900_15
Topology+Risk A*,1,1991.5424227737383,24099,155.2408000000014,0.9963898916967509,0.0036101083032491488,nan,nan,nan,0.0052206488617583535,349,18478900_15
Binary-mask A*,1,1864.8733752154255,19708,122.4386000000095,0.47062621045836023,0.5293737895416397,nan,nan,nan,-0.0018811501943023724,350,18478900_15
Soft-probability A*,1,1869.2165209659333,25833,166.76840000002358,0.9929260450160772,0.0070739549839228255,nan,nan,nan,0.00044339135294052523,350,18478900_15
Clearance-aware A*,1,1875.559666716441,22164,146.47560000003068,0.9974408189379399,0.0025591810620601008,nan,nan,nan,0.0038383743178912436,350,18478900_15
URA-style A*,1,1874.3880938411871,23382,153.43999999998914,0.9967969250480462,0.0032030749519538215,nan,nan,nan,0.0032113242531238264,350,18478900_15
GT Oracle A*,1,1868.3880938411871,16832,103.9316000000099,1.0,0.0,nan,nan,nan,0.0,350,18478900_15
Topology+Risk A*,1,1875.559666716441,22085,141.43669999998565,0.9968010236724248,0.0031989763275751537,nan,nan,nan,0.0038383743178912436,350,18478900_15
Binary-mask A*,1,1882.5302294649182,19497,119.56849999995711,0.4741214057507987,0.5258785942492012,nan,nan,nan,-0.0018635391639629027,351,18478900_15
Soft-probability A*,1,1886.8733752154258,25662,171.1841999999706,0.9929980903882877,0.00700190961171232,nan,nan,nan,0.00043924039328164665,351,18478900_15
Clearance-aware A*,1,1894.3880938411871,22126,140.50810000003366,0.9974699557242251,0.0025300442757748565,nan,nan,nan,0.004423619786449778,351,18478900_15
URA-style A*,1,1892.6307345283064,23408,158.08429999998452,0.9968314321926489,0.003168567807351086,nan,nan,nan,0.0034918502044683263,351,18478900_15
GT Oracle A*,1,1886.0449480906796,16613,101.67580000000953,1.0,0.0,nan,nan,nan,0.0,351,18478900_15
Topology+Risk A*,1,1894.3880938411871,22044,142.612999999983,0.9968374446552815,0.003162555344718543,nan,nan,nan,0.004423619786449778,351,18478900_15
Binary-mask A*,1,1903.6134905856036,20837,130.1851000000056,0.49236641221374045,0.5076335877862596,nan,nan,nan,-0.001842937778795043,352,18478900_15
Soft-probability A*,1,1909.1282092113652,27679,178.85640000002923,0.9930379746835443,0.006962025316455733,nan,nan,nan,0.0010486971931621036,352,18478900_15
Clearance-aware A*,1,1916.6429278371265,23352,149.80459999998175,0.9974842767295597,0.002515723270440251,nan,nan,nan,0.004989029358281116,352,18478900_15
URA-style A*,1,1915.4713549618727,24654,158.82269999997334,0.9968513853904282,0.0031486146095718315,nan,nan,nan,0.004374716765349434,352,18478900_15
GT Oracle A*,1,1907.128209211365,17935,110.53220000002284,1.0,0.0,nan,nan,nan,0.0,352,18478900_15
Topology+Risk A*,1,1916.6429278371265,23248,152.1269000000416,0.9968553459119497,0.0031446540880503138,nan,nan,nan,0.004989029358281116,352,18478900_15
Binary-mask A*,0,nan,0,0.0,nan,nan,nan,nan,nan,nan,353,18478930_15
Soft-probability A*,0,nan,0,0.0,nan,nan,nan,nan,nan,nan,353,18478930_15
Clearance-aware A*,0,nan,0,0.0,nan,nan,nan,nan,nan,nan,353,18478930_15
URA-style A*,0,nan,0,0.0,nan,nan,nan,nan,nan,nan,353,18478930_15
GT Oracle A*,1,2396.8510806388163,90383,570.422399999984,1.0,0.0,nan,nan,nan,0.0,353,18478930_15
Topology+Risk A*,0,nan,0,0.0,nan,nan,nan,nan,nan,nan,353,18478930_15
Binary-mask A*,1,143.65180361560894,1858,11.310600000001614,0.8596491228070176,0.14035087719298245,nan,nan,nan,-0.004061260572994302,354,18478930_15
Soft-probability A*,1,143.651803615609,1983,12.29590000002645,0.9912280701754386,0.00877192982456143,nan,nan,nan,-0.004061260572993908,354,18478930_15
Clearance-aware A*,1,143.65180361560903,1794,10.826199999996788,0.9912280701754386,0.00877192982456143,nan,nan,nan,-0.004061260572993711,354,18478930_15
URA-style A*,1,143.651803615609,1829,11.262900000019727,0.9912280701754386,0.00877192982456143,nan,nan,nan,-0.004061260572993908,354,18478930_15
GT Oracle A*,1,144.23759005323586,1495,9.291100000041297,1.0,0.0,nan,nan,nan,0.0,354,18478930_15
Topology+Risk A*,1,143.65180361560903,1728,10.55210000004081,0.9912280701754386,0.00877192982456143,nan,nan,nan,-0.004061260572993711,354,18478930_15
Binary-mask A*,1,661.7472580451152,9761,67.47020000000248,0.5594059405940595,0.44059405940594054,nan,nan,nan,-0.025988736202756373,355,18478930_15
Soft-probability A*,1,665.9898987322347,12345,81.90319999999929,0.9507389162561576,0.049261083743842415,nan,nan,nan,-0.01974408650113709,355,18478930_15
Clearance-aware A*,1,676.374675043085,17016,110.45060000003559,0.9771986970684039,0.0228013029315961,nan,nan,nan,-0.004458962194519479,355,18478930_15
URA-style A*,1,679.5462479183387,14071,91.74569999998994,0.9870550161812298,0.012944983818770184,nan,nan,nan,0.00020920630469989105,355,18478930_15
GT Oracle A*,1,679.4041122946077,8530,52.69149999998035,1.0,0.0,nan,nan,nan,0.0,355,18478930_15
Topology+Risk A*,1,679.5462479183388,16811,111.15860000001021,0.9838187702265372,0.016181229773462813,nan,nan,nan,0.0002092063047000584,355,18478930_15
Binary-mask A*,1,555.8111831820434,12921,80.15330000000631,0.588126159554731,0.411873840445269,nan,nan,nan,-0.015387653427310962,356,18478930_15
Soft-probability A*,1,560.0538238691627,15622,102.34279999997398,0.985239852398524,0.014760147601476037,nan,nan,nan,-0.007871870137932417,356,18478930_15
Clearance-aware A*,1,565.6101730552667,18469,121.8372999999815,0.9871086556169429,0.012891344383057057,nan,nan,nan,0.001971130823628506,356,18478930_15
URA-style A*,1,569.4680374315358,14896,97.7575999999658,0.9963702359346642,0.003629764065335772,nan,nan,nan,0.008805287838121931,356,18478930_15
GT Oracle A*,1,564.4974746830585,9949,62.49370000000454,1.0,0.0,nan,nan,nan,0.0,356,18478930_15
Topology+Risk A*,1,567.9533188057744,17654,115.1527000000101,0.9926873857404022,0.007312614259597838,nan,nan,nan,0.00612198331738548,356,18478930_15
Binary-mask A*,1,684.0386719675145,13207,82.48009999999795,0.5958549222797928,0.40414507772020725,nan,nan,nan,-0.0037659398903922463,357,18478930_15
Soft-probability A*,1,685.695526217007,16930,112.11259999998902,0.9654576856649395,0.0345423143350605,nan,nan,nan,-0.0013528970265522342,357,18478930_15
Clearance-aware A*,1,692.5239533417532,19495,127.39019999997936,0.9897435897435898,0.01025641025641022,nan,nan,nan,0.008592025618072105,357,18478930_15
URA-style A*,1,691.695526217007,15725,104.03820000004771,0.9965811965811966,0.0034188034188034067,nan,nan,nan,0.0073855041861521815,357,18478930_15
GT Oracle A*,1,686.6244584051414,10573,64.89440000001423,1.0,0.0,nan,nan,nan,0.0,357,18478930_15
Topology+Risk A*,1,693.695526217007,19063,127.47150000001284,0.9880749574105622,0.011925042589437829,nan,nan,nan,0.010298304590386987,357,18478930_15
Binary-mask A*,1,1985.5180361560983,48442,312.6887000000238,0.4369047619047619,0.5630952380952381,nan,nan,nan,-0.01998283074066705,358,18478930_15
Soft-probability A*,1,1995.861181906606,67296,445.1963000000205,0.9574468085106383,0.04255319148936165,nan,nan,nan,-0.014877633892758778,358,18478930_15
Clearance-aware A*,1,2020.2043276571135,85745,571.354499999984,0.969732246798603,0.030267753201396963,nan,nan,nan,-0.0028622805417181443,358,18478930_15
URA-style A*,1,2024.7585848021627,68328,454.51409999998305,0.9832214765100671,0.016778523489932917,nan,nan,nan,-0.0006143784254468154,358,18478930_15
GT Oracle A*,1,2026.003317530337,42833,270.6170999999813,1.0,0.0,nan,nan,nan,0.0,358,18478930_15
Topology+Risk A*,1,2022.7901140947404,84077,561.5397000000257,0.9674607786170831,0.03253922138291687,nan,nan,nan,-0.0015859813297410769,358,18478930_15
Binary-mask A*,1,1896.72914755064,81475,527.2312999999826,0.5794561933534743,0.4205438066465257,nan,nan,nan,-0.009097653768340161,359,18478930_15
Soft-probability A*,1,1906.042856049625,106848,735.276400000032,0.9686935580975317,0.03130644190246834,nan,nan,nan,-0.00423192182359729,359,18478930_15
Clearance-aware A*,1,1927.3565645486099,106923,714.2858000000274,0.9868969624776652,0.01310303752233477,nan,nan,nan,0.006902933032097329,359,18478930_15
URA-style A*,1,1926.042856049625,98208,655.4012999999941,0.9886972040452112,0.01130279595478878,nan,nan,nan,0.006216616361322486,359,18478930_15
GT Oracle A*,1,1914.143361113013,64468,404.4198999999935,1.0,0.0,nan,nan,nan,0.0,359,18478930_15
Topology+Risk A*,1,1929.6997102991174,104581,693.6231000000248,0.9863339275103981,0.013666072489601944,nan,nan,nan,0.008127055424447874,359,18478930_15
Binary-mask A*,1,1553.8225099390904,93426,610.015800000042,0.26548672566371684,0.7345132743362832,nan,nan,nan,-0.010777600920237457,360,18478930_15
Soft-probability A*,1,1561.479364188583,118613,798.6037999999667,0.9375917767988252,0.062408223201174784,nan,nan,nan,-0.005902956820517143,360,18478930_15
Clearance-aware A*,1,1576.207286249941,118465,787.5635999999986,0.9927166788055353,0.007283321194464731,nan,nan,nan,0.00347339749395819,360,18478930_15
URA-style A*,1,1577.479364188583,108184,723.6634999999865,0.9912917271407837,0.00870827285921627,nan,nan,nan,0.004283250602811174,360,18478930_15
GT Oracle A*,1,1570.7514421272251,74279,474.38390000002073,1.0,0.0,nan,nan,nan,0.0,360,18478930_15
Topology+Risk A*,1,1577.3788591251948,114853,795.4240999999911,0.9949090909090909,0.005090909090909146,nan,nan,nan,0.004219265263888204,360,18478930_15
Binary-mask A*,1,1682.6997102991168,44530,279.3386999999825,0.4352367688022284,0.5647632311977716,nan,nan,nan,-0.02343749051464345,361,18478930_15
Soft-probability A*,1,1694.5992052357285,62503,411.50310000000445,0.9051903114186851,0.09480968858131489,nan,nan,nan,-0.016531563945701343,361,18478930_15
Clearance-aware A*,1,1716.398195108952,65582,427.304099999958,0.94798083504449,0.052019164955509956,nan,nan,nan,-0.0038804199985398857,361,18478930_15
URA-style A*,1,1717.9129137347134,59351,389.13620000005267,0.9569965870307168,0.04300341296928323,nan,nan,nan,-0.003001346083399804,361,18478930_15
GT Oracle A*,1,1723.0844866099671,36153,223.76150000002326,1.0,0.0,nan,nan,nan,0.0,361,18478930_15
Topology+Risk A*,1,1716.983981546579,64295,425.7347000000209,0.9445964432284542,0.05540355677154585,nan,nan,nan,-0.003540456147562745,361,18478930_15
Binary-mask A*,1,1508.6631303726567,56249,359.2983000000345,0.5608628659476117,0.4391371340523883,nan,nan,nan,-0.020988328374545038,362,18478930_15
Soft-probability A*,1,1517.8347032479107,74081,504.46690000001126,0.9426605504587156,0.05733944954128445,nan,nan,nan,-0.015036650553785159,362,18478930_15
Clearance-aware A*,1,1536.4204896855376,88543,589.3990999999801,0.9615674453654861,0.038432554634513894,nan,nan,nan,-0.0029758389103798663,362,18478930_15
URA-style A*,1,1543.1067811865528,70137,462.63019999997823,0.9768137621540763,0.023186237845923663,nan,nan,nan,0.0013630736590331527,362,18478930_15
GT Oracle A*,1,1541.0062761231645,46032,286.5424000000303,1.0,0.0,nan,nan,nan,0.0,362,18478930_15
Topology+Risk A*,1,1540.7636354360452,87102,573.6496000000102,0.9609902475618904,0.03900975243810956,nan,nan,nan,-0.00015745600188582647,362,18478930_15
Binary-mask A*,1,2239.005409571361,67201,419.58439999996244,0.3524986566362171,0.6475013433637828,nan,nan,nan,-0.01588562275886443,363,18478930_15
Soft-probability A*,1,2252.0764773832248,89073,597.8845000000206,0.9310897435897436,0.06891025641025639,nan,nan,nan,-0.010140471047948409,363,18478930_15
Clearance-aware A*,1,2275.147545195088,105497,704.6609999999873,0.9661912308505018,0.03380876914949815,nan,nan,nan,5.996279474447944e-16,363,18478930_15
URA-style A*,1,2276.076477383221,87443,575.6442999999649,0.9731012658227848,0.026898734177215222,nan,nan,nan,0.0004082953609301159,363,18478930_15
GT Oracle A*,1,2275.1475451950864,53995,331.34860000001254,1.0,0.0,nan,nan,nan,0.0,363,18478930_15
Topology+Risk A*,1,2275.733331632714,102928,678.7997000000132,0.9635691657866948,0.036430834213305174,nan,nan,nan,0.0002574718456676384,363,18478930_15
Binary-mask A*,1,1673.9646455628217,49287,310.335699999996,0.5095108695652174,0.4904891304347826,nan,nan,nan,-0.025360009757826228,364,18478930_15
Soft-probability A*,1,1685.0357133746872,69394,457.91559999997844,0.9203241053342336,0.07967589466576641,nan,nan,nan,-0.01891405198163966,364,18478930_15
Clearance-aware A*,1,1707.4204896855376,90663,612.1652000000495,0.9619492656875834,0.03805073431241657,nan,nan,nan,-0.0058808626469598335,364,18478930_15
URA-style A*,1,1716.1067811865528,67511,457.4137000000178,0.9781456953642385,0.021854304635761546,nan,nan,nan,-0.0008234039448116568,364,18478930_15
GT Oracle A*,1,1717.520994748926,40932,251.8692000000442,1.0,0.0,nan,nan,nan,0.0,364,18478930_15
Topology+Risk A*,1,1713.1778489984183,89223,589.8391999999717,0.9634551495016611,0.03654485049833889,nan,nan,nan,-0.0025287293510740886,364,18478930_15
Binary-mask A*,1,1835.5840533340804,50526,322.03739999999925,0.4923282188125417,0.5076717811874583,nan,nan,nan,-0.011295419249624033,365,18478930_15
Soft-probability A*,1,1846.4124804588268,68342,449.554599999999,0.9582504970178927,0.041749502982107334,nan,nan,nan,-0.005462880292275676,365,18478930_15
Clearance-aware A*,1,1863.9271990845882,87589,590.2929999999742,0.9692609548724657,0.030739045127534337,nan,nan,nan,0.00397111021575391,365,18478930_15
URA-style A*,1,1864.9982668964535,68926,461.59320000003845,0.9784031413612565,0.0215968586387435,nan,nan,nan,0.0045480217714857435,365,18478930_15
GT Oracle A*,1,1856.5546160825577,42466,262.11929999999484,1.0,0.0,nan,nan,nan,0.0,365,18478930_15
Topology+Risk A*,1,1865.3414126469613,86831,589.0993000000435,0.965359477124183,0.03464052287581698,nan,nan,nan,0.004732851104022084,365,18478930_15
Binary-mask A*,1,1662.7068529740543,40412,259.8771000000397,0.4058181818181818,0.5941818181818181,nan,nan,nan,-0.0015527519766978654,366,18478930_15
Soft-probability A*,1,1665.049998724562,47642,320.62120000000505,0.9898477157360406,0.010152284263959421,nan,nan,nan,-0.00014570453347155415,366,18478930_15
Clearance-aware A*,1,1670.8073580374428,65909,438.9938000000484,0.9956709956709957,0.0043290043290042934,nan,nan,nan,0.00331156128073072,366,18478930_15
URA-style A*,1,1670.221571599816,44110,292.48889999996663,0.9985559566787003,0.0014440433212996595,nan,nan,nan,0.0029597994199241765,366,18478930_15
GT Oracle A*,1,1665.2926394116812,32054,200.57230000008985,1.0,0.0,nan,nan,nan,0.0,366,18478930_15
Topology+Risk A*,1,1671.635785162189,64013,421.6540999999552,0.9949494949494949,0.005050505050505083,nan,nan,nan,0.0038090276750089545,366,18478930_15
Binary-mask A*,1,1873.5058428472776,48832,309.87609999999677,0.5588607594936709,0.44113924050632913,nan,nan,nan,-0.004871558344865965,367,18478930_15
Soft-probability A*,1,1879.2632021601582,61504,418.859100000077,0.9760554505356017,0.02394454946439828,nan,nan,nan,-0.0018134883511431534,367,18478930_15
Clearance-aware A*,1,1891.748483534397,66980,446.9060999999783,0.9937382592360676,0.0062617407639323774,nan,nan,nan,0.004818174232139752,367,18478930_15
URA-style A*,1,1894.3342699720238,58763,391.6316000000961,0.99875,0.0012499999999999734,nan,nan,nan,0.006191636523678579,367,18478930_15
GT Oracle A*,1,1882.6774157225314,40019,248.9411999999902,1.0,0.0,nan,nan,nan,0.0,367,18478930_15
Topology+Risk A*,1,1893.748483534397,66716,439.48069999999007,0.9943714821763602,0.0056285178236398226,nan,nan,nan,0.005880491113033786,367,18478930_15
Binary-mask A*,1,1976.3321779309697,98560,645.7000000000335,0.5736301369863014,0.4263698630136986,nan,nan,nan,-0.006862778652869456,368,18478930_15
Soft-probability A*,1,1985.9890321804623,122972,827.5310999999874,0.9744318181818182,0.025568181818181768,nan,nan,nan,-0.0020100613296430633,368,18478930_15
Clearance-aware A*,1,2006.616449178432,113262,761.6813999999295,0.9915445321307779,0.008455467869222133,nan,nan,nan,0.008355531979867754,368,18478930_15
URA-style A*,1,2002.9595949289396,110724,740.6595999999581,0.9926636568848759,0.0073363431151241,nan,nan,nan,0.0065179066511062405,368,18478930_15
GT Oracle A*,1,1989.9890321804621,77872,490.45169999999416,1.0,0.0,nan,nan,nan,0.0,368,18478930_15
Topology+Risk A*,1,2006.616449178432,110423,731.4605999999912,0.9909808342728298,0.009019165727170209,nan,nan,nan,0.008355531979867754,368,18478930_15
Binary-mask A*,1,2147.5769106591342,78405,505.9274000000187,0.39092872570194387,0.6090712742980562,nan,nan,nan,-0.01976990915029264,369,18478930_15
Soft-probability A*,1,2162.0621920333733,101512,687.6857000000882,0.924892703862661,0.07510729613733902,nan,nan,nan,-0.013158314190885095,369,18478930_15
Clearance-aware A*,1,2187.8611819065954,118762,795.5369999999675,0.9692144373673036,0.030785562632696384,nan,nan,nan,-0.0013827423537407276,369,18478930_15
URA-style A*,1,2193.9616869699844,97519,647.4491999999827,0.9751716851558373,0.024828314844162702,nan,nan,nan,0.0014017440145167365,369,18478930_15
GT Oracle A*,1,2190.8906191581186,65113,418.15649999989546,1.0,0.0,nan,nan,nan,0.0,369,18478930_15
Topology+Risk A*,1,2191.861181906595,116188,771.9313000000056,0.9676906779661016,0.03230932203389836,nan,nan,nan,0.00044299918032846426,369,18478930_15
Binary-mask A*,1,2106.8073580374407,80233,518.6770000000251,0.530735455543359,0.469264544456641,nan,nan,nan,-0.017671177244596926,370,18478930_15
Soft-probability A*,1,2120.464212286932,105630,724.5637999999417,0.9296619411123228,0.07033805888767719,nan,nan,nan,-0.011303475182866103,370,18478930_15
Clearance-aware A*,1,2146.2632021601503,126550,882.0684999999457,0.9714131607335491,0.028586839266450892,nan,nan,nan,0.0007256698900109882,370,18478930_15
URA-style A*,1,2150.9494936611654,101678,706.0265000000072,0.976906552094522,0.02309344790547796,nan,nan,nan,0.0029107197929926975,370,18478930_15
GT Oracle A*,1,2144.706852974047,65144,405.35990000000766,1.0,0.0,nan,nan,nan,0.0,370,18478930_15
Topology+Risk A*,1,2149.4347750354036,123717,828.121699999997,0.9698600645855759,0.030139935414424057,nan,nan,nan,0.0022044607424089925,370,18478930_15
Binary-mask A*,1,2221.5840533340615,98533,634.3486999999186,0.3952254641909814,0.6047745358090186,nan,nan,nan,-0.01916743787263763,371,18478930_15
Soft-probability A*,1,2233.5840533340606,127700,855.4588000000649,0.9356879283078545,0.06431207169214548,nan,nan,nan,-0.01386942057373618,371,18478930_15
Clearance-aware A*,1,2256.8977618330428,141449,942.1662999999398,0.9655712050078247,0.03442879499217533,nan,nan,nan,-0.0035763846629726496,371,18478930_15
URA-style A*,1,2260.1698397716846,120954,827.9066000000057,0.9714137214137214,0.028586278586278602,nan,nan,nan,-0.00213175753611603,371,18478930_15
GT Oracle A*,1,2264.998266896431,81738,527.1615000000338,1.0,0.0,nan,nan,nan,0.0,371,18478930_15
Topology+Risk A*,1,2259.4835482706694,138246,922.9460999999901,0.9635416666666666,0.03645833333333337,nan,nan,nan,-0.002434756223154994,371,18478930_15
Binary-mask A*,1,1813.2926394116814,39865,254.34809999990193,0.372870249017038,0.627129750982962,nan,nan,nan,-0.003673829068813482,372,18478930_15
Soft-probability A*,1,1816.4642122869352,45979,306.41669999999976,0.9790849673202614,0.0209150326797386,nan,nan,nan,-0.001931186436317026,372,18478930_15
Clearance-aware A*,1,1825.635785162189,57367,377.46609999999237,0.9935064935064936,0.00649350649350644,nan,nan,nan,0.003108197657351772,372,18478930_15
URA-style A*,1,1826.4642122869352,41666,275.9427000000869,0.9987012987012988,0.0012987012987012436,nan,nan,nan,0.003563382665636877,372,18478930_15
GT Oracle A*,1,1819.9789309126966,31056,194.76350000002185,1.0,0.0,nan,nan,nan,0.0,372,18478930_15
Topology+Risk A*,1,1826.221571599816,56062,378.4152999999151,0.9941596365996106,0.005840363400389403,nan,nan,nan,0.0034300620634046095,372,18478930_15
Binary-mask A*,0,nan,0,0.0,nan,nan,nan,nan,nan,nan,373,20278885_15
Soft-probability A*,0,nan,0,0.0,nan,nan,nan,nan,nan,nan,373,20278885_15
Clearance-aware A*,0,nan,0,0.0,nan,nan,nan,nan,nan,nan,373,20278885_15
URA-style A*,0,nan,0,0.0,nan,nan,nan,nan,nan,nan,373,20278885_15
GT Oracle A*,1,681.4945160902301,7640,46.26250000001164,1.0,0.0,nan,nan,nan,0.0,373,20278885_15
Topology+Risk A*,1,756.9331162702435,13623,85.66059999998288,0.8419354838709677,0.15806451612903227,nan,nan,nan,0.11069582865143011,373,20278885_15
Binary-mask A*,1,602.4284989122476,7780,48.02790000007917,0.2706333973128599,0.7293666026871402,nan,nan,nan,-0.01694606943211168,374,20278885_15
Soft-probability A*,1,602.4284989122477,11165,71.16150000001653,0.9654510556621881,0.03454894433781186,nan,nan,nan,-0.016946069432111497,374,20278885_15
Clearance-aware A*,1,603.8427124746208,19582,127.77100000005248,0.9712643678160919,0.028735632183908066,nan,nan,nan,-0.01463832966936198,374,20278885_15
URA-style A*,1,605.8427124746208,14463,94.01530000002367,0.9751908396946565,0.024809160305343525,nan,nan,nan,-0.01137469279845397,374,20278885_15
GT Oracle A*,1,612.813275223098,7469,47.43740000003527,1.0,0.0,nan,nan,nan,0.0,374,20278885_15
Topology+Risk A*,1,604.671139599367,19072,123.49799999992683,0.9731800766283525,0.026819923371647514,nan,nan,nan,-0.013286487014770955,374,20278885_15
Binary-mask A*,1,712.7493500861698,13943,92.64909999990323,0.5706984667802385,0.4293015332197615,nan,nan,nan,-0.009489491394819336,375,20278885_15
Soft-probability A*,1,713.3351365237967,17453,113.23670000001584,0.9812925170068028,0.018707482993197244,nan,nan,nan,-0.008675421733166634,375,20278885_15
Clearance-aware A*,1,715.5777772109161,21035,133.44810000000962,0.9864176570458404,0.01358234295415961,nan,nan,nan,-0.005558815359062212,375,20278885_15
URA-style A*,1,718.163563648543,16392,104.87220000004527,0.9949324324324325,0.0050675675675675436,nan,nan,nan,-0.001965338017878325,375,20278885_15
GT Oracle A*,1,719.577777210916,7837,46.533899999985806,1.0,0.0,nan,nan,nan,0.0,375,20278885_15
Topology+Risk A*,1,717.5777772109161,20359,130.90790000001107,0.9915397631133672,0.008460236886632777,nan,nan,nan,-0.0027794076795310267,375,20278885_15
Binary-mask A*,1,120.95331880577392,1628,10.088399999972353,0.93,0.06999999999999995,nan,nan,nan,-1.1749040750193637e-16,376,20278885_15
Soft-probability A*,1,120.95331880577395,1705,11.192000000050939,1.0,0.0,nan,nan,nan,1.1749040750193637e-16,376,20278885_15
Clearance-aware A*,1,120.95331880577395,1924,11.95949999998902,1.0,0.0,nan,nan,nan,1.1749040750193637e-16,376,20278885_15
URA-style A*,1,120.95331880577395,1456,9.192600000005768,1.0,0.0,nan,nan,nan,1.1749040750193637e-16,376,20278885_15
GT Oracle A*,1,120.95331880577393,1250,7.473000000004504,1.0,0.0,nan,nan,nan,0.0,376,20278885_15
Topology+Risk A*,1,120.95331880577393,1832,11.377400000014859,1.0,0.0,nan,nan,nan,0.0,376,20278885_15
Binary-mask A*,0,nan,0,0.0,nan,nan,nan,nan,nan,nan,377,20278885_15
Soft-probability A*,0,nan,0,0.0,nan,nan,nan,nan,nan,nan,377,20278885_15
Clearance-aware A*,0,nan,0,0.0,nan,nan,nan,nan,nan,nan,377,20278885_15
URA-style A*,0,nan,0,0.0,nan,nan,nan,nan,nan,nan,377,20278885_15
GT Oracle A*,1,554.9797974644688,7393,44.46999999993295,1.0,0.0,nan,nan,nan,0.0,377,20278885_15
Topology+Risk A*,0,nan,0,0.0,nan,nan,nan,nan,nan,nan,377,20278885_15
Binary-mask A*,0,nan,0,0.0,nan,nan,nan,nan,nan,nan,378,20278885_15
Soft-probability A*,0,nan,0,0.0,nan,nan,nan,nan,nan,nan,378,20278885_15
Clearance-aware A*,0,nan,0,0.0,nan,nan,nan,nan,nan,nan,378,20278885_15
URA-style A*,0,nan,0,0.0,nan,nan,nan,nan,nan,nan,378,20278885_15
GT Oracle A*,1,662.6316010800791,12989,82.60659999996278,1.0,0.0,nan,nan,nan,0.0,378,20278885_15
Topology+Risk A*,0,nan,0,0.0,nan,nan,nan,nan,nan,nan,378,20278885_15
Binary-mask A*,1,1110.3494218736716,25136,158.54969999998048,0.3997785160575858,0.6002214839424143,nan,nan,nan,-0.0058068408470640645,379,20278885_15
Soft-probability A*,1,1112.5920625607912,33798,261.372999999935,0.9867256637168141,0.013274336283185861,nan,nan,nan,-0.0037988080731919454,379,20278885_15
Clearance-aware A*,1,1116.2489168102836,38669,261.82300000004943,0.9944812362030905,0.0055187637969095205,nan,nan,nan,-0.000524505941589313,379,20278885_15
URA-style A*,1,1117.6631303726565,33342,220.20850000001246,0.9933847850055126,0.006615214994487362,nan,nan,nan,0.0007417634161411997,379,20278885_15
GT Oracle A*,1,1116.8347032479103,15928,97.64419999999063,1.0,0.0,nan,nan,nan,0.0,379,20278885_15
Topology+Risk A*,1,1116.8347032479105,39741,256.80949999991753,0.9955898566703418,0.004410143329658167,nan,nan,nan,2.035875808496977e-16,379,20278885_15
Binary-mask A*,1,1957.1647891378254,41760,259.5969999999852,0.34673366834170855,0.6532663316582914,nan,nan,nan,-0.007603313805347225,380,20278885_15
Soft-probability A*,1,1963.407429824945,59032,381.2269000000015,0.9824671258609894,0.017532874139010612,nan,nan,nan,-0.004437930918129812,380,20278885_15
Clearance-aware A*,1,1973.549565448676,56466,361.62449999994806,0.990642545227698,0.009357454772301987,nan,nan,nan,0.0007047233130253029,380,20278885_15
URA-style A*,1,1976.135351886303,55379,357.77410000002874,0.9912826899128269,0.008717310087173136,nan,nan,nan,0.0020158678350143994,380,20278885_15
GT Oracle A*,1,1972.1597385039424,28595,172.15590000000702,1.0,0.0,nan,nan,nan,0.0,380,20278885_15
Topology+Risk A*,1,1974.9637790110492,57591,370.9813000000395,0.9918952618453866,0.008104738154613433,nan,nan,nan,0.0014218120633746598,380,20278885_15
Binary-mask A*,1,1039.709811566882,20706,130.7904000000235,0.22209165687426558,0.7779083431257344,nan,nan,nan,-0.006755060157443963,381,20278885_15
Soft-probability A*,1,1041.1240251292554,26227,173.17639999998846,0.9859154929577465,0.014084507042253502,nan,nan,nan,-0.005404048125954953,381,20278885_15
Clearance-aware A*,1,1043.9524522540014,26776,174.4360999999799,0.9941451990632318,0.005854800936768156,nan,nan,nan,-0.002702024062977585,381,20278885_15
URA-style A*,1,1046.295598004509,23693,155.39960000000974,0.9895104895104895,0.010489510489510523,nan,nan,nan,-0.0004635940374901075,381,20278885_15
GT Oracle A*,1,1046.7808793787476,15061,92.0394000000897,1.0,0.0,nan,nan,nan,0.0,381,20278885_15
Topology+Risk A*,1,1045.709811566882,26771,173.45350000005055,0.9953325554259043,0.004667444574095736,nan,nan,nan,-0.0010232015438619768,381,20278885_15
Binary-mask A*,1,1278.6946596652342,32356,202.15129999996861,0.3629112662013958,0.6370887337986042,nan,nan,nan,-0.0038721643787552255,382,20278885_15
Soft-probability A*,1,1280.6946596652342,42360,278.4551999999394,0.9860696517412936,0.013930348258706426,nan,nan,nan,-0.002314125752267126,382,20278885_15
Clearance-aware A*,1,1285.7657274770997,52553,344.0592000000606,0.9930555555555556,0.00694444444444442,nan,nan,nan,0.0016363340119463674,382,20278885_15
URA-style A*,1,1287.7657274770997,42557,277.43840000005093,0.9930693069306931,0.006930693069306937,nan,nan,nan,0.003194372638434467,382,20278885_15
GT Oracle A*,1,1283.6652224137115,23110,141.28489999995963,1.0,0.0,nan,nan,nan,0.0,382,20278885_15
Topology+Risk A*,1,1287.1799410394729,51173,343.3827000000065,0.9930624380574826,0.0069375619425173785,nan,nan,nan,0.002738033690086686,382,20278885_15
Binary-mask A*,1,1878.650070512064,40836,255.51150000001144,0.34612839179351423,0.6538716082064857,nan,nan,nan,-0.00680408180343063,383,20278885_15
Soft-probability A*,1,1882.8927111991834,51796,336.5953999999647,0.964993394980185,0.03500660501981501,nan,nan,nan,-0.0045611024008466,383,20278885_15
Clearance-aware A*,1,1890.2064196981682,50817,332.390700000019,0.994729907773386,0.005270092226614009,nan,nan,nan,-0.0006945252547943936,383,20278885_15
URA-style A*,1,1891.1353518863027,46465,307.37090000002354,0.9921104536489151,0.007889546351084853,nan,nan,nan,-0.00020342173742402748,383,20278885_15
GT Oracle A*,1,1891.520128197153,28559,176.07900000007248,1.0,0.0,nan,nan,nan,0.0,383,20278885_15
Topology+Risk A*,1,1891.377992573422,50478,332.44410000008884,0.9953947368421052,0.004605263157894779,nan,nan,nan,-7.514359567853877e-05,383,20278885_15
Binary-mask A*,1,1680.015510839157,33327,207.0479000000205,0.43308823529411766,0.5669117647058823,nan,nan,nan,-0.006831722292857008,384,20278885_15
Soft-probability A*,1,1685.6723650886495,43551,287.57980000000316,0.9875366568914956,0.012463343108504388,nan,nan,nan,-0.003487581625130395,384,20278885_15
Clearance-aware A*,1,1692.1576464628881,46457,299.4108000000324,0.993421052631579,0.006578947368421018,nan,nan,nan,0.0003462971047639357,384,20278885_15
URA-style A*,1,1694.743432900515,40261,262.71829999996044,0.9941648431801605,0.005835156819839482,nan,nan,nan,0.0018749264812234605,384,20278885_15
GT Oracle A*,1,1691.5718600252612,24372,148.72759999991558,1.0,0.0,nan,nan,nan,0.0,384,20278885_15
Topology+Risk A*,1,1694.743432900515,46184,300.73409999999967,0.9956236323851203,0.004376367614879695,nan,nan,nan,0.0018749264812234605,384,20278885_15
Binary-mask A*,1,1366.4398256692948,29094,180.0984999999855,0.33061594202898553,0.6693840579710144,nan,nan,nan,-0.008386343443454656,385,20278885_15
Soft-probability A*,1,1369.268252794041,40706,260.9830999999758,0.9882459312839059,0.01175406871609408,nan,nan,nan,-0.006333778148748366,385,20278885_15
Clearance-aware A*,1,1372.0966799187872,48738,318.6469000000898,0.9927797833935018,0.0072202166064981865,nan,nan,nan,-0.004281212854042075,385,20278885_15
URA-style A*,1,1374.6824663564141,37912,250.04699999999502,0.9963996399639964,0.0036003600360036137,nan,nan,nan,-0.0024047298239652792,385,20278885_15
GT Oracle A*,1,1377.996174855399,21295,128.29290000001947,1.0,0.0,nan,nan,nan,0.0,385,20278885_15
Topology+Risk A*,1,1374.6824663564141,47587,335.15330000000176,0.9963996399639964,0.0036003600360036137,nan,nan,nan,-0.0024047298239652792,385,20278885_15
Binary-mask A*,1,977.2640687119311,32918,210.06150000005164,0.5163934426229508,0.48360655737704916,nan,nan,nan,-0.014164783447377313,386,20728960_15
Soft-probability A*,1,983.7493500861698,41332,272.72449999998116,0.9568764568764568,0.04312354312354316,nan,nan,nan,-0.007622622558965654,386,20728960_15
Clearance-aware A*,1,994.3767670841396,42973,281.54059999997116,0.974477958236659,0.025522041763341052,nan,nan,nan,0.0030980027796876962,386,20728960_15
URA-style A*,1,999.305699272274,38492,252.583300000083,0.9804372842347526,0.019562715765247374,nan,nan,nan,0.008070164436533536,386,20728960_15
GT Oracle A*,1,991.3056992722738,25950,163.3160000000089,1.0,0.0,nan,nan,nan,0.0,386,20728960_15
Topology+Risk A*,1,1000.6194077712589,42246,274.89009999999325,0.9826989619377162,0.01730103806228378,nan,nan,nan,0.009395394887593559,386,20728960_15
Binary-mask A*,1,236.92388155425144,4113,26.237400000013622,0.6635071090047393,0.3364928909952607,nan,nan,nan,-0.034971276316136654,387,20728960_15
Soft-probability A*,1,238.92388155425152,5576,36.232599999948434,0.9248826291079812,0.07511737089201875,nan,nan,nan,-0.026824957613664026,387,20728960_15
Clearance-aware A*,1,241.994949366117,7016,46.16009999995185,0.9626168224299065,0.03738317757009346,nan,nan,nan,-0.014316009037483847,387,20728960_15
URA-style A*,1,246.58073580374392,5541,36.52999999997064,0.9726027397260274,0.0273972602739726,nan,nan,nan,0.004362629873708126,387,20728960_15
GT Oracle A*,1,245.5096679918784,3544,21.509300000047915,1.0,0.0,nan,nan,nan,0.0,387,20728960_15
Topology+Risk A*,1,244.5807358037439,6856,44.710699999995995,0.9723502304147466,0.027649769585253448,nan,nan,nan,-0.0037836888287642737,387,20728960_15
Binary-mask A*,0,nan,0,0.0,nan,nan,nan,nan,nan,nan,388,20728960_15
Soft-probability A*,0,nan,0,0.0,nan,nan,nan,nan,nan,nan,388,20728960_15
Clearance-aware A*,0,nan,0,0.0,nan,nan,nan,nan,nan,nan,388,20728960_15
URA-style A*,0,nan,0,0.0,nan,nan,nan,nan,nan,nan,388,20728960_15
GT Oracle A*,1,1986.7535341682797,60684,382.34909999994215,1.0,0.0,nan,nan,nan,0.0,388,20728960_15
Topology+Risk A*,1,3083.586145375092,147876,970.4784000000473,0.9955173701905118,0.0044826298094882144,nan,nan,nan,0.5520728124266218,388,20728960_15
Binary-mask A*,1,650.0315292925773,13352,83.6292000000185,0.49146757679180886,0.5085324232081911,nan,nan,nan,-0.015724591023478337,389,20728960_15
Soft-probability A*,1,652.516810666816,19454,131.04780000003302,0.9607508532423208,0.03924914675767921,nan,nan,nan,-0.011961386885191758,389,20728960_15
Clearance-aware A*,1,659.4873734152932,28275,187.7910000000611,0.9744897959183674,0.025510204081632626,nan,nan,nan,-0.0014065857857426685,389,20728960_15
URA-style A*,1,659.8305191658009,19605,131.14010000003873,0.9745762711864406,0.025423728813559365,nan,nan,nan,-0.0008869957217236515,389,20728960_15
GT Oracle A*,1,660.4163056034276,10742,65.35710000002837,1.0,0.0,nan,nan,nan,0.0,389,20728960_15
Topology+Risk A*,1,660.9015869776664,27844,187.56680000001325,0.9796264855687606,0.02037351443123936,nan,nan,nan,0.0007348113154101291,389,20728960_15
Binary-mask A*,1,618.0803025278574,13686,87.96189999998205,0.3438735177865613,0.6561264822134387,nan,nan,nan,0.0009486504290530353,390,20728960_15
Soft-probability A*,1,619.2518754031113,15346,104.86769999999979,1.0,0.0,nan,nan,nan,0.00284595128715929,390,20728960_15
Clearance-aware A*,1,619.8376618407382,20964,138.13210000000709,1.0,0.0,nan,nan,nan,0.003794601716212325,390,20728960_15
URA-style A*,1,620.4234482783651,12792,85.59030000003531,1.0,0.0,nan,nan,nan,0.00474325214526536,390,20728960_15
GT Oracle A*,1,617.4945160902305,10290,65.67329999995764,1.0,0.0,nan,nan,nan,0.0,390,20728960_15
Topology+Risk A*,1,620.4234482783651,20482,134.36320000005253,1.0,0.0,nan,nan,nan,0.00474325214526536,390,20728960_15
Binary-mask A*,0,nan,0,0.0,nan,nan,nan,nan,nan,nan,391,20728960_15
Soft-probability A*,0,nan,0,0.0,nan,nan,nan,nan,nan,nan,391,20728960_15
Clearance-aware A*,0,nan,0,0.0,nan,nan,nan,nan,nan,nan,391,20728960_15
URA-style A*,0,nan,0,0.0,nan,nan,nan,nan,nan,nan,391,20728960_15
GT Oracle A*,1,3716.8918446473012,169686,1063.2003000000623,1.0,0.0,nan,nan,nan,0.0,391,20728960_15
Topology+Risk A*,0,nan,200001,1318.274200000019,nan,nan,nan,nan,nan,nan,391,20728960_15
Binary-mask A*,0,nan,0,0.0,nan,nan,nan,nan,nan,nan,392,20728960_15
Soft-probability A*,0,nan,0,0.0,nan,nan,nan,nan,nan,nan,392,20728960_15
Clearance-aware A*,0,nan,0,0.0,nan,nan,nan,nan,nan,nan,392,20728960_15
URA-style A*,0,nan,0,0.0,nan,nan,nan,nan,nan,nan,392,20728960_15
GT Oracle A*,1,2739.265294201154,104168,659.7745999999916,1.0,0.0,nan,nan,nan,0.0,392,20728960_15
Topology+Risk A*,1,3806.7253224059095,193143,1304.231800000025,0.9878677585683955,0.012132241431604518,nan,nan,nan,0.38968844327144897,392,20728960_15
Binary-mask A*,0,nan,0,0.0,nan,nan,nan,nan,nan,nan,393,20728960_15
Soft-probability A*,0,nan,0,0.0,nan,nan,nan,nan,nan,nan,393,20728960_15
Clearance-aware A*,0,nan,0,0.0,nan,nan,nan,nan,nan,nan,393,20728960_15
URA-style A*,0,nan,0,0.0,nan,nan,nan,nan,nan,nan,393,20728960_15
GT Oracle A*,1,2371.9150057757456,131849,833.4479999999758,1.0,0.0,nan,nan,nan,0.0,393,20728960_15
Topology+Risk A*,0,nan,200001,1344.3657999999914,nan,nan,nan,nan,nan,nan,393,20728960_15
Binary-mask A*,0,nan,0,0.0,nan,nan,nan,nan,nan,nan,394,20728960_15
Soft-probability A*,0,nan,0,0.0,nan,nan,nan,nan,nan,nan,394,20728960_15
Clearance-aware A*,0,nan,0,0.0,nan,nan,nan,nan,nan,nan,394,20728960_15
URA-style A*,0,nan,0,0.0,nan,nan,nan,nan,nan,nan,394,20728960_15
GT Oracle A*,1,2109.182033080524,66560,413.30859999993663,1.0,0.0,nan,nan,nan,0.0,394,20728960_15
Topology+Risk A*,1,3197.2867222259288,175156,1164.7365999999693,0.9874631268436578,0.012536873156342221,nan,nan,nan,0.5158894168827122,394,20728960_15
Binary-mask A*,0,nan,0,0.0,nan,nan,nan,nan,nan,nan,395,20728960_15
Soft-probability A*,0,nan,0,0.0,nan,nan,nan,nan,nan,nan,395,20728960_15
Clearance-aware A*,0,nan,0,0.0,nan,nan,nan,nan,nan,nan,395,20728960_15
URA-style A*,0,nan,0,0.0,nan,nan,nan,nan,nan,nan,395,20728960_15
GT Oracle A*,1,2672.790114094717,126195,852.8718000000026,1.0,0.0,nan,nan,nan,0.0,395,20728960_15
Topology+Risk A*,0,nan,0,0.0,nan,nan,nan,nan,nan,nan,395,20728960_15
Binary-mask A*,1,1997.6408357960715,44990,294.8056999999835,0.3710511200459506,0.6289488799540495,nan,nan,nan,-0.011368124897752744,396,20728960_15
Soft-probability A*,1,2002.9545442950566,65613,459.9724999999353,0.9793459552495697,0.02065404475043031,nan,nan,nan,-0.008738372089858778,396,20728960_15
Clearance-aware A*,1,2010.75353416828,80528,553.63310000007,0.9885386819484241,0.011461318051575908,nan,nan,nan,-0.004878654244635733,396,20728960_15
URA-style A*,1,2016.5108934811608,61201,430.1652000000331,0.9931506849315068,0.006849315068493178,nan,nan,nan,-0.0020293387765414127,396,20728960_15
GT Oracle A*,1,2020.6113985445488,56230,386.57549999993535,1.0,0.0,nan,nan,nan,0.0,396,20728960_15
Topology+Risk A*,1,2015.5819612930263,106003,760.7438999999658,0.9931389365351629,0.006861063464837058,nan,nan,nan,-0.0024890670492828115,396,20728960_15
Binary-mask A*,0,nan,0,0.0,nan,nan,nan,nan,nan,nan,397,20728960_15
Soft-probability A*,0,nan,0,0.0,nan,nan,nan,nan,nan,nan,397,20728960_15
Clearance-aware A*,0,nan,0,0.0,nan,nan,nan,nan,nan,nan,397,20728960_15
URA-style A*,0,nan,0,0.0,nan,nan,nan,nan,nan,nan,397,20728960_15
GT Oracle A*,1,2919.1963184303513,116055,787.9828000000089,1.0,0.0,nan,nan,nan,0.0,397,20728960_15
Topology+Risk A*,0,nan,200001,1442.383399999926,nan,nan,nan,nan,nan,nan,397,20728960_15
Binary-mask A*,0,nan,0,0.0,nan,nan,nan,nan,nan,nan,398,20728960_15
Soft-probability A*,0,nan,0,0.0,nan,nan,nan,nan,nan,nan,398,20728960_15
Clearance-aware A*,0,nan,0,0.0,nan,nan,nan,nan,nan,nan,398,20728960_15
URA-style A*,0,nan,0,0.0,nan,nan,nan,nan,nan,nan,398,20728960_15
GT Oracle A*,1,2082.587011926909,101337,678.9250999999012,1.0,0.0,nan,nan,nan,0.0,398,20728960_15
Topology+Risk A*,1,3155.620633260488,181068,1292.126200000098,0.9928135106000718,0.007186489399928164,nan,nan,nan,0.5152407151241941,398,20728960_15
Binary-mask A*,1,2301.897761833048,57227,388.02989999999227,0.42099898063200814,0.5790010193679919,nan,nan,nan,0.0022517150281636668,399,20728960_15
Soft-probability A*,1,2308.968829644914,72534,513.5018999999375,0.9781392984239959,0.02186070157600406,nan,nan,nan,0.005330474632099937,399,20728960_15
Clearance-aware A*,1,2321.010460205256,71973,490.22119999995084,0.9863083164300203,0.01369168356997974,nan,nan,nan,0.010573428980875122,399,20728960_15
URA-style A*,1,2330.2825381438975,69214,495.48219999996945,0.9919395465994962,0.008060453400503764,nan,nan,nan,0.014610513585570133,399,20728960_15
GT Oracle A*,1,2296.726188957795,53416,360.7322000000295,1.0,0.0,nan,nan,nan,0.0,399,20728960_15
Topology+Risk A*,1,2330.424673767628,72296,518.3571000000029,0.9919232710752145,0.008076728924785503,nan,nan,nan,0.014672399771400195,399,20728960_15
Binary-mask A*,0,nan,0,0.0,nan,nan,nan,nan,nan,nan,400,20728960_15
Soft-probability A*,0,nan,0,0.0,nan,nan,nan,nan,nan,nan,400,20728960_15
Clearance-aware A*,0,nan,0,0.0,nan,nan,nan,nan,nan,nan,400,20728960_15
URA-style A*,0,nan,0,0.0,nan,nan,nan,nan,nan,nan,400,20728960_15
GT Oracle A*,1,2915.568901432367,92491,642.3818999999185,1.0,0.0,nan,nan,nan,0.0,400,20728960_15
Topology+Risk A*,1,4017.0289296371147,182998,1300.5501000000095,0.9869413813116656,0.013058618688334356,nan,nan,nan,0.37778562793135156,400,20728960_15
Binary-mask A*,0,nan,0,0.0,nan,nan,nan,nan,nan,nan,401,20728960_15
Soft-probability A*,0,nan,0,0.0,nan,nan,nan,nan,nan,nan,401,20728960_15
Clearance-aware A*,0,nan,0,0.0,nan,nan,nan,nan,nan,nan,401,20728960_15
URA-style A*,0,nan,0,0.0,nan,nan,nan,nan,nan,nan,401,20728960_15
GT Oracle A*,1,2331.8023074035386,92926,626.9397000000936,1.0,0.0,nan,nan,nan,0.0,401,20728960_15
Topology+Risk A*,1,3390.9780643608306,175581,1264.8245999999972,0.988427501701838,0.011572498298161982,nan,nan,nan,0.4542305124213913,401,20728960_15
Binary-mask A*,0,nan,0,0.0,nan,nan,nan,nan,nan,nan,402,20728960_15
Soft-probability A*,0,nan,0,0.0,nan,nan,nan,nan,nan,nan,402,20728960_15
Clearance-aware A*,0,nan,0,0.0,nan,nan,nan,nan,nan,nan,402,20728960_15
URA-style A*,0,nan,0,0.0,nan,nan,nan,nan,nan,nan,402,20728960_15
GT Oracle A*,1,2385.8489885977756,111584,773.1172000000015,1.0,0.0,nan,nan,nan,0.0,402,20728960_15
Topology+Risk A*,1,3447.1668811787895,185342,1356.9132999999738,0.9897078353253652,0.010292164674634785,nan,nan,nan,0.44483867070093885,402,20728960_15
Binary-mask A*,0,nan,0,0.0,nan,nan,nan,nan,nan,nan,403,20728960_15
Soft-probability A*,0,nan,0,0.0,nan,nan,nan,nan,nan,nan,403,20728960_15
Clearance-aware A*,0,nan,0,0.0,nan,nan,nan,nan,nan,nan,403,20728960_15
URA-style A*,0,nan,0,0.0,nan,nan,nan,nan,nan,nan,403,20728960_15
GT Oracle A*,1,2473.642927837094,107222,733.4429,1.0,0.0,nan,nan,nan,0.0,403,20728960_15
Topology+Risk A*,0,nan,200001,1427.065799999923,nan,nan,nan,nan,nan,nan,403,20728960_15
Binary-mask A*,0,nan,0,0.0,nan,nan,nan,nan,nan,nan,404,20728960_15
Soft-probability A*,0,nan,0,0.0,nan,nan,nan,nan,nan,nan,404,20728960_15
Clearance-aware A*,0,nan,0,0.0,nan,nan,nan,nan,nan,nan,404,20728960_15
URA-style A*,0,nan,0,0.0,nan,nan,nan,nan,nan,nan,404,20728960_15
GT Oracle A*,1,2740.0714267493086,156636,1058.7964000000056,1.0,0.0,nan,nan,nan,0.0,404,20728960_15
Topology+Risk A*,0,nan,200001,1441.8641999999409,nan,nan,nan,nan,nan,nan,404,20728960_15
Binary-mask A*,0,nan,0,0.0,nan,nan,nan,nan,nan,nan,405,20728960_15
Soft-probability A*,0,nan,0,0.0,nan,nan,nan,nan,nan,nan,405,20728960_15
Clearance-aware A*,0,nan,0,0.0,nan,nan,nan,nan,nan,nan,405,20728960_15
URA-style A*,0,nan,0,0.0,nan,nan,nan,nan,nan,nan,405,20728960_15
GT Oracle A*,0,nan,200001,1362.504299999955,nan,nan,nan,nan,nan,nan,405,20728960_15
Topology+Risk A*,0,nan,0,0.0,nan,nan,nan,nan,nan,nan,405,20728960_15
Binary-mask A*,1,569.3696244092021,17004,120.46850000001541,0.7405857740585774,0.2594142259414226,nan,nan,nan,-0.010255191419488238,406,20878930_15
Soft-probability A*,1,573.0264786586945,22192,167.70810000002712,0.9833333333333333,0.01666666666666672,nan,nan,nan,-0.003898420081490924,406,20878930_15
Clearance-aware A*,1,578.09754647056,27558,212.73540000004232,0.9855072463768116,0.01449275362318836,nan,nan,nan,0.004916702513012783,406,20878930_15
URA-style A*,1,579.5117600329331,21559,153.86760000001232,0.9958677685950413,0.004132231404958664,nan,nan,nan,0.0073750537695191735,406,20878930_15
GT Oracle A*,1,575.2691193458138,13596,93.72719999998935,1.0,0.0,nan,nan,nan,0.0,406,20878930_15
Topology+Risk A*,1,579.5117600329331,27187,190.60379999996258,0.9917355371900827,0.008264462809917328,nan,nan,nan,0.0073750537695191735,406,20878930_15
Binary-mask A*,1,715.6833329081871,14124,92.05719999999928,0.5603864734299517,0.43961352657004826,nan,nan,nan,-0.016354832029034684,407,20878930_15
Soft-probability A*,1,719.9259735953066,19340,135.44960000001538,0.9423076923076923,0.05769230769230771,nan,nan,nan,-0.010523687416005921,407,20878930_15
Clearance-aware A*,1,728.8965363437839,23279,173.59969999995428,0.9888535031847133,0.011146496815286677,nan,nan,nan,0.0018055793082367708,407,20878930_15
URA-style A*,1,729.8254685319183,18199,141.74790000004123,0.9698890649762282,0.030110935023771823,nan,nan,nan,0.003082316681060829,407,20878930_15
GT Oracle A*,1,727.5828278447989,11055,70.94390000008843,1.0,0.0,nan,nan,nan,0.0,407,20878930_15
Topology+Risk A*,1,729.4823227814107,23138,183.3893000000444,0.9904610492845787,0.009538950715421324,nan,nan,nan,0.002610692369195169,407,20878930_15
Binary-mask A*,1,973.7026688919444,19969,130.3457999999864,0.39951573849878935,0.6004842615012107,nan,nan,nan,-0.010064531474879153,408,20878930_15
Soft-probability A*,1,980.5310960166908,26832,186.4871000000221,0.9507211538461539,0.049278846153846145,nan,nan,nan,-0.0031222662218550303,408,20878930_15
Clearance-aware A*,1,997.5016587651679,28947,202.62539999998808,0.9988151658767772,0.0011848341232227888,nan,nan,nan,0.014131216306509117,408,20878930_15
URA-style A*,1,993.6021638285562,25811,178.31279999995786,0.9988137603795967,0.0011862396204033177,nan,nan,nan,0.01016671207907491,408,20878930_15
GT Oracle A*,1,983.6021638285562,15740,103.84750000002896,1.0,0.0,nan,nan,nan,0.0,408,20878930_15
Topology+Risk A*,1,998.915872327541,28235,207.90280000005623,1.0,0.0,nan,nan,nan,0.015569006517206139,408,20878930_15
Binary-mask A*,1,610.7493500861699,10418,67.61229999995066,0.6164948453608248,0.3835051546391752,nan,nan,nan,-0.011993934936269487,409,20878930_15
Soft-probability A*,1,613.3351365237968,13085,88.9578999999685,0.9528688524590164,0.047131147540983576,nan,nan,nan,-0.007810921588855431,409,20878930_15
Clearance-aware A*,1,621.3351365237968,18352,125.44940000009319,0.9858870967741935,0.014112903225806495,nan,nan,nan,0.005130637038091403,409,20878930_15
URA-style A*,1,621.3351365237968,13621,92.90339999995467,0.9818548387096774,0.01814516129032262,nan,nan,nan,0.005130637038091403,409,20878930_15
GT Oracle A*,1,618.163563648543,8807,56.28030000002582,1.0,0.0,nan,nan,nan,0.0,409,20878930_15
Topology+Risk A*,1,621.3351365237968,18093,128.54870000001029,0.9858870967741935,0.014112903225806495,nan,nan,nan,0.005130637038091403,409,20878930_15
Binary-mask A*,1,1224.1341263970205,18660,130.42890000008356,0.6212259835315646,0.37877401646843545,nan,nan,nan,-0.011033247505454487,410,20878930_15
Soft-probability A*,1,1226.3767670841398,23238,167.12219999999434,0.9835466179159049,0.01645338208409508,nan,nan,nan,-0.009221438628039688,410,20878930_15
Clearance-aware A*,1,1229.205194208886,23574,171.2280000000419,0.9881386861313869,0.01186131386861311,nan,nan,nan,-0.006936378251150456,410,20878930_15
URA-style A*,1,1233.205194208886,21281,147.1759999999449,0.9927272727272727,0.0072727272727273196,nan,nan,nan,-0.0037048148753123537,410,20878930_15
GT Oracle A*,1,1237.7909806465127,15184,109.14949999994406,1.0,0.0,nan,nan,nan,0.0,410,20878930_15
Topology+Risk A*,1,1231.205194208886,23112,161.06980000006388,0.9890710382513661,0.010928961748633892,nan,nan,nan,-0.0053205965632314054,410,20878930_15
Binary-mask A*,1,95.56854249492375,897,5.517700000041259,0.475,0.525,nan,nan,nan,0.0,411,20878930_15
Soft-probability A*,1,95.56854249492376,1204,8.455400000002555,1.0,0.0,nan,nan,nan,1.4869803749446983e-16,411,20878930_15
Clearance-aware A*,1,96.15432893255065,1558,10.347100000103637,1.0,0.0,nan,nan,nan,0.006129490126502898,411,20878930_15
URA-style A*,1,96.15432893255067,1143,9.08049999998184,1.0,0.0,nan,nan,nan,0.006129490126503046,411,20878930_15
GT Oracle A*,1,95.56854249492375,692,4.2272000000593835,1.0,0.0,nan,nan,nan,0.0,411,20878930_15
Topology+Risk A*,1,96.15432893255065,1521,9.736799999927825,1.0,0.0,nan,nan,nan,0.006129490126502898,411,20878930_15
Binary-mask A*,0,nan,0,0.0,nan,nan,nan,nan,nan,nan,412,20878930_15
Soft-probability A*,0,nan,0,0.0,nan,nan,nan,nan,nan,nan,412,20878930_15
Clearance-aware A*,0,nan,0,0.0,nan,nan,nan,nan,nan,nan,412,20878930_15
URA-style A*,0,nan,0,0.0,nan,nan,nan,nan,nan,nan,412,20878930_15
GT Oracle A*,1,1542.6387437550163,43404,284.7782000000052,1.0,0.0,nan,nan,nan,0.0,412,20878930_15
Topology+Risk A*,0,nan,0,0.0,nan,nan,nan,nan,nan,nan,412,20878930_15
Binary-mask A*,0,nan,0,0.0,nan,nan,nan,nan,nan,nan,413,20878930_15
Soft-probability A*,0,nan,0,0.0,nan,nan,nan,nan,nan,nan,413,20878930_15
Clearance-aware A*,0,nan,0,0.0,nan,nan,nan,nan,nan,nan,413,20878930_15
URA-style A*,0,nan,0,0.0,nan,nan,nan,nan,nan,nan,413,20878930_15
GT Oracle A*,1,1627.7707781109823,59327,400.7159999999885,1.0,0.0,nan,nan,nan,0.0,413,20878930_15
Topology+Risk A*,1,1855.77792078592,93959,659.4228000000157,0.9680715197956578,0.03192848020434225,nan,nan,nan,0.14007324971120236,413,20878930_15
Binary-mask A*,0,nan,0,0.0,nan,nan,nan,nan,nan,nan,414,20878930_15
Soft-probability A*,0,nan,0,0.0,nan,nan,nan,nan,nan,nan,414,20878930_15
Clearance-aware A*,0,nan,0,0.0,nan,nan,nan,nan,nan,nan,414,20878930_15
URA-style A*,0,nan,0,0.0,nan,nan,nan,nan,nan,nan,414,20878930_15
GT Oracle A*,1,1692.6753236814766,45321,300.8920999999418,1.0,0.0,nan,nan,nan,0.0,414,20878930_15
Topology+Risk A*,1,1973.5525240415034,75337,531.398099999933,0.9588719153936546,0.04112808460634543,nan,nan,nan,0.16593684354607013,414,20878930_15
Binary-mask A*,1,1529.1757569573629,62130,427.102600000012,0.4716031631919482,0.5283968368080518,nan,nan,nan,-0.016003426315208742,415,20878930_15
Soft-probability A*,1,1535.903679018721,81351,577.728699999966,0.9469153515064562,0.05308464849354377,nan,nan,nan,-0.011674131774490124,415,20878930_15
Clearance-aware A*,1,1550.3300858899142,128450,913.7292000000343,0.9842406876790831,0.015759312320916874,nan,nan,nan,-0.0023910033523641913,415,20878930_15
URA-style A*,1,1555.217387517706,99533,709.054100000003,0.975886524822695,0.024113475177305,nan,nan,nan,0.0007538856732634777,415,20878930_15
GT Oracle A*,1,1554.045814642452,52809,378.5908999999492,1.0,0.0,nan,nan,nan,0.0,415,20878930_15
Topology+Risk A*,1,1555.501658765168,128412,952.1538000000191,0.9871611982881597,0.012838801711840264,nan,nan,nan,0.0009368090110336278,415,20878930_15
Binary-mask A*,1,1422.7758287448648,47647,321.37649999992846,0.4488778054862843,0.5511221945137157,nan,nan,nan,0.16613093925313932,416,20878930_15
Soft-probability A*,1,1432.6753236814766,66376,467.5611000000117,0.8983471074380165,0.10165289256198351,nan,nan,nan,0.17424473138773486,416,20878930_15
Clearance-aware A*,1,1450.5748186180886,97497,699.4690999999875,0.9395918367346939,0.06040816326530607,nan,nan,nan,0.18891545773891408,416,20878930_15
URA-style A*,1,1456.5748186180883,66180,470.75280000001385,0.9415109666937449,0.0584890333062551,nan,nan,nan,0.19383315840135149,416,20878930_15
GT Oracle A*,1,1220.0823945689122,34521,238.75710000004347,1.0,0.0,nan,nan,nan,0.0,416,20878930_15
Topology+Risk A*,1,1455.1606050557152,95658,709.993299999951,0.943089430894309,0.05691056910569103,nan,nan,nan,0.1926740452392664,416,20878930_15
Binary-mask A*,1,2209.339320605899,95273,664.6742000000359,0.45010288065843623,0.5498971193415638,nan,nan,nan,-0.00816004193242975,417,20878930_15
Soft-probability A*,1,2220.067242667257,123697,889.2081000000189,0.9636084059456689,0.03639159405433112,nan,nan,nan,-0.003343949778431807,417,20878930_15
Clearance-aware A*,1,2243.564717350312,164466,1185.199799999964,0.9923469387755102,0.007653061224489832,nan,nan,nan,0.007204784898477808,417,20878930_15
URA-style A*,1,2245.557574675376,129287,931.3432000000148,0.9995007488766849,0.0004992511233150587,nan,nan,nan,0.008099439471132636,417,20878930_15
GT Oracle A*,1,2227.5159441150336,77061,534.3244999999115,1.0,0.0,nan,nan,nan,0.0,417,20878930_15
Topology+Risk A*,1,2249.564717350312,164892,1188.1233000000293,0.9944048830111902,0.005595116988809767,nan,nan,nan,0.009898368311809439,417,20878930_15
Binary-mask A*,1,1899.8225099390907,59099,414.8435000000745,0.4806110458284371,0.5193889541715628,nan,nan,nan,-0.011821755977401927,418,20878930_15
Soft-probability A*,1,1906.8935777509562,75171,547.7964000000384,0.9490333919156415,0.05096660808435849,nan,nan,nan,-0.008143793779807994,418,20878930_15
Clearance-aware A*,1,1918.9352083112992,110459,833.750499999951,0.9754672897196262,0.02453271028037385,nan,nan,nan,-0.001880431134067928,418,20878930_15
URA-style A*,1,1924.5504320004488,73759,575.8573000000524,0.9733023795705166,0.026697620429483426,nan,nan,nan,0.001040284804346688,418,20878930_15
GT Oracle A*,1,1922.5504320004486,48215,317.27550000005067,1.0,0.0,nan,nan,nan,0.0,418,20878930_15
Topology+Risk A*,1,1923.2783540618066,108844,782.1225999999797,0.9784633294528522,0.021536670547147807,nan,nan,nan,0.0003786231295896577,418,20878930_15
Binary-mask A*,1,1928.1606050557152,125727,888.6420000000044,0.5214327657075749,0.4785672342924251,nan,nan,nan,-0.010338298665384387,419,20878930_15
Soft-probability A*,1,1935.8174593052076,159508,1164.953999999966,0.9479227618490346,0.05207723815096543,nan,nan,nan,-0.006408286101309159,419,20878930_15
Clearance-aware A*,1,1952.4448763031774,181460,1313.5145999999622,0.9749854566608493,0.025014543339150652,nan,nan,nan,0.0021260225822433256,419,20878930_15
URA-style A*,1,1957.8174593052076,159361,1172.73780000005,0.9734257654534951,0.02657423454650487,nan,nan,nan,0.004883593513009802,419,20878930_15
GT Oracle A*,1,1948.3027406794463,104566,734.9874999999884,1.0,0.0,nan,nan,nan,0.0,419,20878930_15
Topology+Risk A*,1,1958.202235616058,181101,1297.99330000003,0.9797219003476245,0.02027809965237548,nan,nan,nan,0.005081086593944542,419,20878930_15
Binary-mask A*,0,nan,0,0.0,nan,nan,nan,nan,nan,nan,420,20878930_15
Soft-probability A*,0,nan,0,0.0,nan,nan,nan,nan,nan,nan,420,20878930_15
Clearance-aware A*,0,nan,0,0.0,nan,nan,nan,nan,nan,nan,420,20878930_15
URA-style A*,0,nan,0,0.0,nan,nan,nan,nan,nan,nan,420,20878930_15
GT Oracle A*,1,2510.8338366960957,75259,498.39459999998326,1.0,0.0,nan,nan,nan,0.0,420,20878930_15
Topology+Risk A*,1,2788.88260993136,134083,937.6880999999457,0.9729043183742591,0.02709568162574094,nan,nan,nan,0.11073961533079286,420,20878930_15
Binary-mask A*,1,2016.476405595755,96497,665.8456999999771,0.4039580908032596,0.5960419091967404,nan,nan,nan,-0.0035643823061626678,421,20878930_15
Soft-probability A*,1,2020.7190462828746,124366,868.3961000000409,0.9738524113887275,0.026147588611272532,nan,nan,nan,-0.0014678944514119059,421,20878930_15
Clearance-aware A*,1,2030.6185412194864,152971,1098.6338999999816,0.9751157407407407,0.0248842592592593,nan,nan,nan,0.0034239105430062767,421,20878930_15
URA-style A*,1,2032.1332598452477,119384,872.8125000000091,0.9815242494226328,0.018475750577367167,nan,nan,nan,0.004172404096069678,421,20878930_15
GT Oracle A*,1,2023.6896090313517,76332,535.4839999999967,1.0,0.0,nan,nan,nan,0.0,421,20878930_15
Topology+Risk A*,1,2032.6185412194864,149660,1069.8606999999356,0.9757225433526011,0.024277456647398887,nan,nan,nan,0.004412204395519217,421,20878930_15
Binary-mask A*,1,2037.3321779309695,66964,446.7031000000361,0.3739658025372311,0.6260341974627689,nan,nan,nan,-0.014136250623384064,422,20878930_15
Soft-probability A*,1,2045.2316728675814,92186,675.1415999999608,0.9532453245324533,0.04675467546754675,nan,nan,nan,-0.010313690031277349,422,20878930_15
Clearance-aware A*,1,2061.072293301146,113433,836.4623999999594,0.9824272377814388,0.01757276221856119,nan,nan,nan,-0.002648423845305845,422,20878930_15
URA-style A*,1,2069.959594928937,93123,664.0602999999601,0.9771615008156607,0.022838499184339334,nan,nan,nan,0.0016521357784628613,422,20878930_15
GT Oracle A*,1,2066.545381366564,57813,377.822300000048,1.0,0.0,nan,nan,nan,0.0,422,20878930_15
Topology+Risk A*,1,2068.243866176399,112867,788.550999999984,0.9852378348824494,0.014762165117550574,nan,nan,nan,0.0008218957227601919,422,20878930_15
Binary-mask A*,0,nan,0,0.0,nan,nan,nan,nan,nan,nan,423,20878930_15
Soft-probability A*,0,nan,0,0.0,nan,nan,nan,nan,nan,nan,423,20878930_15
Clearance-aware A*,0,nan,0,0.0,nan,nan,nan,nan,nan,nan,423,20878930_15
URA-style A*,0,nan,0,0.0,nan,nan,nan,nan,nan,nan,423,20878930_15
GT Oracle A*,1,2615.706852974015,128275,893.6578000000281,1.0,0.0,nan,nan,nan,0.0,423,20878930_15
Topology+Risk A*,0,nan,0,0.0,nan,nan,nan,nan,nan,nan,423,20878930_15
Binary-mask A*,1,1929.763635436045,116784,824.7885000000679,0.47444831591173053,0.5255516840882695,nan,nan,nan,-0.009875617989880046,424,20878930_15
Soft-probability A*,1,1941.5626253092685,148960,1087.0359000000462,0.9594907407407407,0.0405092592592593,nan,nan,nan,-0.003821784586635648,424,20878930_15
Clearance-aware A*,1,1963.8885271170734,180588,1337.0498000000453,0.9919308357348703,0.008069164265129714,nan,nan,nan,0.007633203643193129,424,20878930_15
URA-style A*,1,1965.5382386916283,132868,979.1711999999961,1.0,0.0,nan,nan,nan,0.008479638731541145,424,20878930_15
GT Oracle A*,1,1949.0113267570468,93726,645.6243000000086,1.0,0.0,nan,nan,nan,0.0,424,20878930_15
Topology+Risk A*,1,1968.4743135547003,177421,1284.501299999988,0.9936781609195402,0.006321839080459801,nan,nan,nan,0.009986081933160364,424,20878930_15
Binary-mask A*,0,nan,0,0.0,nan,nan,nan,nan,nan,nan,425,20878930_15
Soft-probability A*,0,nan,0,0.0,nan,nan,nan,nan,nan,nan,425,20878930_15
Clearance-aware A*,0,nan,0,0.0,nan,nan,nan,nan,nan,nan,425,20878930_15
URA-style A*,0,nan,0,0.0,nan,nan,nan,nan,nan,nan,425,20878930_15
GT Oracle A*,1,2519.98816562864,122659,825.16099999998,1.0,0.0,nan,nan,nan,0.0,425,20878930_15
Topology+Risk A*,0,nan,200001,1466.8682999999874,nan,nan,nan,nan,nan,nan,425,20878930_15
Binary-mask A*,1,658.73715677735,17977,120.249000000058,0.3669724770642202,0.6330275229357798,nan,nan,nan,-0.008302149877130072,426,21479035_15
Soft-probability A*,1,660.4945160902307,21378,151.54789999996865,0.9416058394160584,0.058394160583941646,nan,nan,nan,-0.005656527970809973,426,21479035_15
Clearance-aware A*,1,666.8376618407383,20413,138.1390999999894,0.9964028776978417,0.003597122302158251,nan,nan,nan,0.00389278003326324,426,21479035_15
URA-style A*,1,667.6660889654845,18710,136.49579999992056,0.9964028776978417,0.003597122302158251,nan,nan,nan,0.00513993816020638,426,21479035_15
GT Oracle A*,1,664.2518754031114,15392,102.50840000003336,1.0,0.0,nan,nan,nan,0.0,426,21479035_15
Topology+Risk A*,1,669.0803025278576,20340,153.39849999998023,0.9964093357271095,0.0035906642728904536,nan,nan,nan,0.0072689702559228875,426,21479035_15
Binary-mask A*,0,nan,0,0.0,nan,nan,nan,nan,nan,nan,427,21479035_15
Soft-probability A*,0,nan,0,0.0,nan,nan,nan,nan,nan,nan,427,21479035_15
Clearance-aware A*,0,nan,0,0.0,nan,nan,nan,nan,nan,nan,427,21479035_15
URA-style A*,0,nan,0,0.0,nan,nan,nan,nan,nan,nan,427,21479035_15
GT Oracle A*,1,812.9625535217662,11365,75.52999999995791,1.0,0.0,nan,nan,nan,0.0,427,21479035_15
Topology+Risk A*,1,823.1046891454973,16012,110.1654999999937,0.9985443959243085,0.0014556040756914523,nan,nan,nan,0.012475526184810471,427,21479035_15
Binary-mask A*,1,312.4629867976525,4028,26.634199999989505,0.2981132075471698,0.7018867924528303,nan,nan,nan,-0.1723581409872235,428,21479035_15
Soft-probability A*,1,316.70562748477175,5824,39.593200000012985,0.5373134328358209,0.4626865671641791,nan,nan,nan,-0.16112037147923192,428,21479035_15
Clearance-aware A*,1,320.1198410471449,7389,53.94109999997454,0.5977859778597786,0.4022140221402214,nan,nan,nan,-0.15207691296022635,428,21479035_15
URA-style A*,1,320.3624817342642,9476,66.58249999998134,0.5851851851851851,0.41481481481481486,nan,nan,nan,-0.1514342141515845,428,21479035_15
GT Oracle A*,1,377.5340546095179,4616,29.172399999993104,1.0,0.0,nan,nan,nan,0.0,428,21479035_15
Topology+Risk A*,1,320.7056274847718,8187,57.46560000000045,0.5955882352941176,0.40441176470588236,nan,nan,nan,-0.15052530077988205,428,21479035_15
Binary-mask A*,1,191.40916292848996,2943,19.472599999971862,0.8588957055214724,0.14110429447852757,nan,nan,nan,-0.0030510512883849474,429,21479035_15
Soft-probability A*,1,192.58073580374378,3467,23.964800000044306,1.0,0.0,nan,nan,nan,0.0030510512883850953,429,21479035_15
Clearance-aware A*,1,193.7523086789976,3592,25.905800000032286,1.0,0.0,nan,nan,nan,0.009153153865155137,429,21479035_15
URA-style A*,1,193.7523086789976,3120,21.1467999999968,1.0,0.0,nan,nan,nan,0.009153153865155137,429,21479035_15
GT Oracle A*,1,191.99494936611686,2275,14.67969999998786,1.0,0.0,nan,nan,nan,0.0,429,21479035_15
Topology+Risk A*,1,193.7523086789976,3521,23.552700000095683,1.0,0.0,nan,nan,nan,0.009153153865155137,429,21479035_15
Binary-mask A*,1,776.5777772109166,11820,79.67009999993024,0.3476923076923077,0.6523076923076923,nan,nan,nan,0.29584847852323903,430,21479035_15
Soft-probability A*,1,784.234631460409,14217,102.44919999990998,0.7926829268292683,0.20731707317073167,nan,nan,nan,0.3086252063934523,430,21479035_15
Clearance-aware A*,1,793.0630585851551,14845,111.21900000000551,0.8373493975903614,0.16265060240963858,nan,nan,nan,0.323356897401201,430,21479035_15
URA-style A*,1,794.4772721475282,12564,87.62570000010328,0.8330827067669173,0.1669172932330827,nan,nan,nan,0.3257167466614901,430,21479035_15
GT Oracle A*,1,599.2813126546337,7099,45.06949999995413,1.0,0.0,nan,nan,nan,0.0,430,21479035_15
Topology+Risk A*,1,794.234631460409,14559,120.79430000005686,0.8363363363363363,0.1636636636636637,nan,nan,nan,0.32531186053873684,430,21479035_15
Binary-mask A*,0,nan,0,0.0,nan,nan,nan,nan,nan,nan,431,21479035_15
Soft-probability A*,0,nan,0,0.0,nan,nan,nan,nan,nan,nan,431,21479035_15
Clearance-aware A*,0,nan,0,0.0,nan,nan,nan,nan,nan,nan,431,21479035_15
URA-style A*,0,nan,0,0.0,nan,nan,nan,nan,nan,nan,431,21479035_15
GT Oracle A*,1,423.629509039024,3978,25.34689999993134,1.0,0.0,nan,nan,nan,0.0,431,21479035_15
Topology+Risk A*,0,nan,0,0.0,nan,nan,nan,nan,nan,nan,431,21479035_15
Binary-mask A*,0,nan,0,0.0,nan,nan,nan,nan,nan,nan,432,21479035_15
Soft-probability A*,0,nan,0,0.0,nan,nan,nan,nan,nan,nan,432,21479035_15
Clearance-aware A*,0,nan,0,0.0,nan,nan,nan,nan,nan,nan,432,21479035_15
URA-style A*,0,nan,0,0.0,nan,nan,nan,nan,nan,nan,432,21479035_15
GT Oracle A*,1,1135.1391770309028,16197,104.62299999994684,1.0,0.0,nan,nan,nan,0.0,432,21479035_15
Topology+Risk A*,1,1128.8376618407383,27249,185.70790000001125,0.8732809430255403,0.12671905697445973,nan,nan,nan,-0.0055513150437173095,432,21479035_15
Binary-mask A*,0,nan,0,0.0,nan,nan,nan,nan,nan,nan,433,21479035_15
Soft-probability A*,0,nan,0,0.0,nan,nan,nan,nan,nan,nan,433,21479035_15
Clearance-aware A*,0,nan,0,0.0,nan,nan,nan,nan,nan,nan,433,21479035_15
URA-style A*,0,nan,0,0.0,nan,nan,nan,nan,nan,nan,433,21479035_15
GT Oracle A*,1,1663.12611717031,31677,203.081300000008,1.0,0.0,nan,nan,nan,0.0,433,21479035_15
Topology+Risk A*,1,1671.5108934811603,43353,301.9147999999632,0.9815209665955935,0.018479033404406486,nan,nan,nan,0.005041575755611655,433,21479035_15
Binary-mask A*,1,1357.0895372438497,22151,144.42189999999755,0.36684303350970016,0.6331569664902998,nan,nan,nan,-0.0036188438694155557,434,21479035_15
Soft-probability A*,1,1361.6753236814768,27486,190.86349999997765,0.9754170324846356,0.024582967515364373,nan,nan,nan,-0.0002519391316702772,434,21479035_15
Clearance-aware A*,1,1370.8468965567306,31364,223.48069999998188,1.0,0.0,nan,nan,nan,0.006481870343819945,434,21479035_15
URA-style A*,1,1369.4326829943575,24774,181.03640000003907,1.0,0.0,nan,nan,nan,0.0054435484751283346,434,21479035_15
GT Oracle A*,1,1362.0184694319844,19829,136.7682000000059,1.0,0.0,nan,nan,nan,0.0,434,21479035_15
Topology+Risk A*,1,1370.8468965567306,36007,263.3577999999943,1.0,0.0,nan,nan,nan,0.006481870343819945,434,21479035_15
Binary-mask A*,1,1054.844804515676,13975,94.61820000001353,0.23034330011074197,0.769656699889258,nan,nan,nan,0.2220093340407031,435,21479035_15
Soft-probability A*,1,1064.158513014661,19086,156.46490000005997,0.8503850385038504,0.1496149614961496,nan,nan,nan,0.23279901482746054,435,21479035_15
Clearance-aware A*,1,1076.300648638392,23408,208.0125999999609,0.8822246455834242,0.11777535441657583,nan,nan,nan,0.24686535236248797,435,21479035_15
URA-style A*,1,1076.8864350760189,18104,165.03509999995458,0.8790849673202614,0.12091503267973858,nan,nan,nan,0.2475439701946753,435,21479035_15
GT Oracle A*,1,863.2051942088856,12584,84.43980000004103,1.0,0.0,nan,nan,nan,0.0,435,21479035_15
Topology+Risk A*,1,1077.4722215136458,22822,196.47659999998268,0.8813928182807399,0.1186071817192601,nan,nan,nan,0.24822258802686265,435,21479035_15
Binary-mask A*,1,857.058007951272,14948,140.88570000001255,0.5450643776824035,0.45493562231759654,nan,nan,nan,-0.004761614733428682,436,21479035_15
Soft-probability A*,1,860.5727265770333,17947,176.85129999995297,0.9602836879432625,0.039716312056737535,nan,nan,nan,-0.0006802306762039843,436,21479035_15
Clearance-aware A*,1,866.4305909533023,19969,186.96199999999408,1.0,0.0,nan,nan,nan,0.006122076085837178,436,21479035_15
URA-style A*,1,867.0163773909292,18217,167.2287999999753,1.0,0.0,nan,nan,nan,0.006802306762041295,436,21479035_15
GT Oracle A*,1,861.1585130146601,11595,98.58589999998912,1.0,0.0,nan,nan,nan,0.0,436,21479035_15
Topology+Risk A*,1,867.0163773909292,19523,188.8419999999087,1.0,0.0,nan,nan,nan,0.006802306762041295,436,21479035_15
Binary-mask A*,0,nan,0,0.0,nan,nan,nan,nan,nan,nan,437,21479035_15
Soft-probability A*,0,nan,0,0.0,nan,nan,nan,nan,nan,nan,437,21479035_15
Clearance-aware A*,0,nan,0,0.0,nan,nan,nan,nan,nan,nan,437,21479035_15
URA-style A*,0,nan,0,0.0,nan,nan,nan,nan,nan,nan,437,21479035_15
GT Oracle A*,1,1375.07734393503,17784,168.17760000003545,1.0,0.0,nan,nan,nan,0.0,437,21479035_15
Topology+Risk A*,1,1379.5626253092687,28650,278.759300000047,0.9716981132075472,0.028301886792452824,nan,nan,nan,0.0032618393387263606,437,21479035_15
Binary-mask A*,1,1274.8590898655502,23901,218.01049999999123,0.36503362151777136,0.6349663784822286,nan,nan,nan,0.4650302732232126,438,21479035_15
Soft-probability A*,1,1278.9595949289385,28856,267.53309999992325,0.9198473282442748,0.08015267175572516,nan,nan,nan,0.4697424520837033,438,21479035_15
Clearance-aware A*,1,1287.6458864299536,32278,300.7400000000189,0.9754716981132076,0.024528301886792447,nan,nan,nan,0.47972448077392565,438,21479035_15
URA-style A*,1,1288.4743135546998,26216,235.9899000000496,0.9669811320754716,0.03301886792452835,nan,nan,nan,0.48067648466718765,438,21479035_15
GT Oracle A*,1,870.1930009000655,12761,102.80290000002879,1.0,0.0,nan,nan,nan,0.0,438,21479035_15
Topology+Risk A*,1,1289.060099992327,31495,290.3651000000309,0.9745523091423186,0.025447690857681393,nan,nan,nan,0.48134965307582944,438,21479035_15
Binary-mask A*,0,nan,0,0.0,nan,nan,nan,nan,nan,nan,439,21479035_15
Soft-probability A*,0,nan,0,0.0,nan,nan,nan,nan,nan,nan,439,21479035_15
Clearance-aware A*,0,nan,0,0.0,nan,nan,nan,nan,nan,nan,439,21479035_15
URA-style A*,0,nan,0,0.0,nan,nan,nan,nan,nan,nan,439,21479035_15
GT Oracle A*,1,1739.1210665364274,25528,220.08440000001883,1.0,0.0,nan,nan,nan,0.0,439,21479035_15
Topology+Risk A*,1,1754.0916292849047,39555,387.9862000000003,0.999315537303217,0.000684462696783017,nan,nan,nan,0.008608119950091874,439,21479035_15
Binary-mask A*,0,nan,0,0.0,nan,nan,nan,nan,nan,nan,440,21479035_15
Soft-probability A*,0,nan,0,0.0,nan,nan,nan,nan,nan,nan,440,21479035_15
Clearance-aware A*,0,nan,0,0.0,nan,nan,nan,nan,nan,nan,440,21479035_15
URA-style A*,0,nan,0,0.0,nan,nan,nan,nan,nan,nan,440,21479035_15
GT Oracle A*,1,1633.2682527940408,25993,223.9167999999836,1.0,0.0,nan,nan,nan,0.0,440,21479035_15
Topology+Risk A*,1,1650.2388155425183,42093,377.4273000000221,1.0,0.0,nan,nan,nan,0.010390554472264965,440,21479035_15
Binary-mask A*,0,nan,0,0.0,nan,nan,nan,nan,nan,nan,441,21479035_15
Soft-probability A*,0,nan,0,0.0,nan,nan,nan,nan,nan,nan,441,21479035_15
Clearance-aware A*,0,nan,0,0.0,nan,nan,nan,nan,nan,nan,441,21479035_15
URA-style A*,0,nan,0,0.0,nan,nan,nan,nan,nan,nan,441,21479035_15
GT Oracle A*,1,1690.1799410394733,29238,251.73309999991034,1.0,0.0,nan,nan,nan,0.0,441,21479035_15
Topology+Risk A*,1,1704.4225817265926,46473,422.0275000000129,1.0,0.0,nan,nan,nan,0.008426700815275318,441,21479035_15
Binary-mask A*,0,nan,0,0.0,nan,nan,nan,nan,nan,nan,442,21479035_15
Soft-probability A*,0,nan,0,0.0,nan,nan,nan,nan,nan,nan,442,21479035_15
Clearance-aware A*,0,nan,0,0.0,nan,nan,nan,nan,nan,nan,442,21479035_15
URA-style A*,0,nan,0,0.0,nan,nan,nan,nan,nan,nan,442,21479035_15
GT Oracle A*,1,1852.530229464918,30989,291.70090000002347,1.0,0.0,nan,nan,nan,0.0,442,21479035_15
Topology+Risk A*,1,1871.8439379639028,46668,441.78499999998166,1.0,0.0,nan,nan,nan,0.010425583448947763,442,21479035_15
Binary-mask A*,0,nan,0,0.0,nan,nan,nan,nan,nan,nan,443,21479035_15
Soft-probability A*,0,nan,0,0.0,nan,nan,nan,nan,nan,nan,443,21479035_15
Clearance-aware A*,0,nan,0,0.0,nan,nan,nan,nan,nan,nan,443,21479035_15
URA-style A*,0,nan,0,0.0,nan,nan,nan,nan,nan,nan,443,21479035_15
GT Oracle A*,1,1711.108873227607,30213,281.8182999999408,1.0,0.0,nan,nan,nan,0.0,443,21479035_15
Topology+Risk A*,1,1719.4936495384577,42170,396.47200000001703,0.9819193324061196,0.018080667593880384,nan,nan,nan,0.004900200356646325,443,21479035_15
Binary-mask A*,0,nan,0,0.0,nan,nan,nan,nan,nan,nan,444,21479035_15
Soft-probability A*,0,nan,0,0.0,nan,nan,nan,nan,nan,nan,444,21479035_15
Clearance-aware A*,0,nan,0,0.0,nan,nan,nan,nan,nan,nan,444,21479035_15
URA-style A*,0,nan,0,0.0,nan,nan,nan,nan,nan,nan,444,21479035_15
GT Oracle A*,1,1629.9961748553987,24849,217.82550000000356,1.0,0.0,nan,nan,nan,0.0,444,21479035_15
Topology+Risk A*,1,1645.2093782909953,39287,359.5672999999806,1.0,0.0,nan,nan,nan,0.009333275544003164,444,21479035_15
Binary-mask A*,0,nan,0,0.0,nan,nan,nan,nan,nan,nan,445,21479035_15
Soft-probability A*,0,nan,0,0.0,nan,nan,nan,nan,nan,nan,445,21479035_15
Clearance-aware A*,0,nan,0,0.0,nan,nan,nan,nan,nan,nan,445,21479035_15
URA-style A*,0,nan,0,0.0,nan,nan,nan,nan,nan,nan,445,21479035_15
GT Oracle A*,1,1753.16269709677,26134,235.96299999996972,1.0,0.0,nan,nan,nan,0.0,445,21479035_15
Topology+Risk A*,1,1770.476405595755,40679,365.64320000002226,0.9993206521739131,0.0006793478260869179,nan,nan,nan,0.009875699801083212,445,21479035_15
Binary-mask A*,1,581.2569260369934,8979,81.25619999998435,0.37074148296593185,0.6292585170340681,nan,nan,nan,-0.0017679226518529368,446,21779005_15
Soft-probability A*,1,584.9137802864859,13161,118.30080000004273,0.8502994011976048,0.14970059880239517,nan,nan,nan,0.004512242023205082,446,21779005_15
Clearance-aware A*,1,594.1269837220825,16525,151.88850000004095,0.8670634920634921,0.1329365079365079,nan,nan,nan,0.02033470330078709,446,21779005_15
URA-style A*,1,594.9554108468286,16016,160.23340000003827,0.875,0.125,nan,nan,nan,0.021757417581896955,446,21779005_15
GT Oracle A*,1,582.2863632885162,9698,87.10150000001704,1.0,0.0,nan,nan,nan,0.0,446,21779005_15
Topology+Risk A*,1,597.1980515339479,17075,164.2976999999064,0.8752475247524752,0.12475247524752475,nan,nan,nan,0.025608857059980897,446,21779005_15
Binary-mask A*,1,451.4701294725905,6454,56.496600000059516,0.6584022038567493,0.3415977961432507,nan,nan,nan,-0.0038774332015693376,447,21779005_15
Soft-probability A*,1,452.64170234784433,8164,79.58860000007917,0.9753424657534246,0.024657534246575352,nan,nan,nan,-0.0012924777338563205,447,21779005_15
Clearance-aware A*,1,454.9848480983519,8152,77.86529999998493,0.983739837398374,0.016260162601625994,nan,nan,nan,0.0038774332015694634,447,21779005_15
URA-style A*,1,454.399061660725,8523,80.0846999999294,0.9755434782608695,0.024456521739130488,nan,nan,nan,0.002584955467713017,447,21779005_15
GT Oracle A*,1,453.22748878547117,4963,45.18269999994118,1.0,0.0,nan,nan,nan,0.0,447,21779005_15
Topology+Risk A*,1,454.9848480983519,8260,74.51830000002246,0.983739837398374,0.016260162601625994,nan,nan,nan,0.0038774332015694634,447,21779005_15
Binary-mask A*,0,nan,0,0.0,nan,nan,nan,nan,nan,nan,448,21779005_15
Soft-probability A*,0,nan,0,0.0,nan,nan,nan,nan,nan,nan,448,21779005_15
Clearance-aware A*,0,nan,0,0.0,nan,nan,nan,nan,nan,nan,448,21779005_15
URA-style A*,0,nan,0,0.0,nan,nan,nan,nan,nan,nan,448,21779005_15
GT Oracle A*,1,461.23253941935405,5254,44.810200000029,1.0,0.0,nan,nan,nan,0.0,448,21779005_15
Topology+Risk A*,0,nan,0,0.0,nan,nan,nan,nan,nan,nan,448,21779005_15
Binary-mask A*,1,511.2691193458137,6444,57.24740000005113,0.5275779376498801,0.47242206235011985,nan,nan,nan,-0.005970888311949164,449,21779005_15
Soft-probability A*,1,514.6833329081869,9576,88.43860000001769,0.9857142857142858,0.014285714285714235,nan,nan,nan,0.0006671571832719557,449,21779005_15
Clearance-aware A*,1,519.5117600329331,11817,110.32669999997324,0.9952830188679245,0.004716981132075526,nan,nan,nan,0.010054771150262992,449,21779005_15
URA-style A*,1,521.1686142824254,10479,99.47449999992841,0.9929245283018868,0.007075471698113178,nan,nan,nan,0.013276090990441797,449,21779005_15
GT Oracle A*,1,514.3401871576792,6142,47.05300000000534,1.0,0.0,nan,nan,nan,0.0,449,21779005_15
Topology+Risk A*,1,521.1686142824254,11628,113.91490000005433,0.9929245283018868,0.007075471698113178,nan,nan,nan,0.013276090990441797,449,21779005_15
Binary-mask A*,1,627.4701294725902,8980,84.4428999999991,0.4897959183673469,0.5102040816326531,nan,nan,nan,0.003748271649635585,450,21779005_15
Soft-probability A*,1,631.1269837220827,11644,106.56300000005103,1.0,0.0,nan,nan,nan,0.009598049926233377,450,21779005_15
Clearance-aware A*,1,638.4406922210675,16246,148.8821000000371,1.0,0.0,nan,nan,nan,0.021297606479428414,450,21779005_15
URA-style A*,1,634.7838379715752,12076,134.81770000009874,1.0,0.0,nan,nan,nan,0.015447828202830987,450,21779005_15
GT Oracle A*,1,625.1269837220825,6580,55.74269999999615,1.0,0.0,nan,nan,nan,0.0,450,21779005_15
Topology+Risk A*,1,639.0264786586944,15608,168.77830000009908,1.0,0.0,nan,nan,nan,0.022234674391837263,450,21779005_15
Binary-mask A*,1,817.2762620207513,15278,143.1479999999965,0.39589442815249265,0.6041055718475073,nan,nan,nan,-0.007872765397023366,451,21779005_15
Soft-probability A*,1,821.5189027078708,19253,191.53589999996257,0.9197080291970803,0.08029197080291972,nan,nan,nan,-0.002722439163494513,451,21779005_15
Clearance-aware A*,1,827.7615433949901,20649,173.99719999991703,0.9304347826086956,0.06956521739130439,nan,nan,nan,0.0048557741400682645,451,21779005_15
URA-style A*,1,826.347329832617,18878,181.91279999996368,0.93033381712627,0.06966618287373005,nan,nan,nan,0.003138998728892026,451,21779005_15
GT Oracle A*,1,823.76154339499,10853,103.8204000000178,1.0,0.0,nan,nan,nan,0.0,451,21779005_15
Topology+Risk A*,1,828.9331162702439,20150,193.14940000003844,0.9335260115606936,0.06647398843930641,nan,nan,nan,0.0062779974577839145,451,21779005_15
Binary-mask A*,1,1770.7728701520373,30894,282.1787000000313,0.4297520661157025,0.5702479338842975,nan,nan,nan,-0.0032971760886621117,452,21779005_15
Soft-probability A*,1,1779.3586565896644,38388,354.0378000000146,0.9623545516769336,0.03764544832306638,nan,nan,nan,0.0015354468479812978,452,21779005_15
Clearance-aware A*,1,1792.5302294649182,35603,317.3658000000614,0.9606779661016949,0.03932203389830513,nan,nan,nan,0.008949240057379326,452,21779005_15
URA-style A*,1,1794.5302294649182,35087,340.37880000005316,0.960054163845633,0.039945836154366976,nan,nan,nan,0.010074966389323594,452,21779005_15
GT Oracle A*,1,1776.6307345283062,30314,266.2075000000641,1.0,0.0,nan,nan,nan,0.0,452,21779005_15
Topology+Risk A*,1,1796.5302294649182,36295,345.0672999999824,0.9601081812035159,0.03989181879648407,nan,nan,nan,0.011200692721267861,452,21779005_15
Binary-mask A*,1,1708.4764055957553,25959,242.80459999999948,0.4673758865248227,0.5326241134751772,nan,nan,nan,-0.006496430092155835,453,21779005_15
Soft-probability A*,1,1721.5474734076208,32084,303.11380000000554,0.9711470795214637,0.02885292047853627,nan,nan,nan,0.0011045835894276548,453,21779005_15
Clearance-aware A*,1,1741.2043276571133,36791,333.9276000000382,0.9756775538568451,0.02432244614315493,nan,nan,nan,0.012535326680795648,453,21779005_15
URA-style A*,1,1742.6185412194864,33405,308.9699000000792,0.9770833333333333,0.022916666666666696,nan,nan,nan,0.013357712180664363,453,21779005_15
GT Oracle A*,1,1719.6479784710093,23757,208.93710000007104,1.0,0.0,nan,nan,nan,0.0,453,21779005_15
Topology+Risk A*,1,1744.6185412194864,36938,338.12719999991714,0.9791955617198336,0.020804438280166426,nan,nan,nan,0.014520740908077668,453,21779005_15
Binary-mask A*,1,2361.3556979968102,38201,320.95819999995,0.39969135802469136,0.6003086419753086,nan,nan,nan,-0.005301641392657501,454,21779005_15
Soft-probability A*,1,2373.598338683928,51811,478.0662000000575,0.9647058823529412,0.03529411764705881,nan,nan,nan,-0.00014454684445956988,454,21779005_15
Clearance-aware A*,1,2390.7699115591795,50480,454.5937999999978,0.9660415610745058,0.033958438925494216,nan,nan,nan,0.0070888129446687,454,21779005_15
URA-style A*,1,2389.3556979968066,48060,423.34730000004583,0.966024340770791,0.033975659229208977,nan,nan,nan,0.006493089093998556,454,21779005_15
GT Oracle A*,1,2373.9414844344346,36950,311.52860000008786,1.0,0.0,nan,nan,nan,0.0,454,21779005_15
Topology+Risk A*,1,2393.9414844344333,50216,454.8264999999674,0.966110268082954,0.03388973191704603,nan,nan,nan,0.008424807490469132,454,21779005_15
Binary-mask A*,1,1500.2510088513384,38515,326.5790000000379,0.4344262295081967,0.5655737704918034,nan,nan,nan,-0.0038894030042565713,455,21779005_15
Soft-probability A*,1,1507.4225817265922,47620,438.57839999998305,0.9796416938110749,0.02035830618892509,nan,nan,nan,0.0008722533425950546,455,21779005_15
Clearance-aware A*,1,1516.6946596652342,46250,434.36910000002626,0.975825946817083,0.024174053182916988,nan,nan,nan,0.00702856654375951,455,21779005_15
URA-style A*,1,1517.5230867899807,44502,394.09649999993235,0.975825946817083,0.024174053182916988,nan,nan,nan,0.007578611191575117,455,21779005_15
GT Oracle A*,1,1506.1088732276073,32341,284.0517000000773,1.0,0.0,nan,nan,nan,0.0,455,21779005_15
Topology+Risk A*,1,1518.6946596652344,45074,417.2569999999496,0.9750603378921963,0.02493966210780374,nan,nan,nan,0.00835649179242643,455,21779005_15
Binary-mask A*,1,1491.5525240415031,39713,340.57800000005045,0.4721311475409836,0.5278688524590164,nan,nan,nan,-6.737831213239021e-05,456,21779005_15
Soft-probability A*,1,1499.5525240415034,48295,442.97930000004726,0.988599348534202,0.01140065146579805,nan,nan,nan,0.005295799212335786,456,21779005_15
Clearance-aware A*,1,1509.0672426672645,46298,422.58779999997387,0.9822580645161291,0.01774193548387093,nan,nan,nan,0.01167443984800071,456,21779005_15
URA-style A*,1,1507.0672426672645,44429,440.52529999999024,0.9838449111470113,0.016155088852988664,nan,nan,nan,0.010333645466883704,456,21779005_15
GT Oracle A*,1,1491.6530291048914,35641,308.49079999995865,1.0,0.0,nan,nan,nan,0.0,456,21779005_15
Topology+Risk A*,1,1509.0672426672645,45069,405.85490000000846,0.9822580645161291,0.01774193548387093,nan,nan,nan,0.01167443984800071,456,21779005_15
Binary-mask A*,1,1505.3931444750692,28220,256.8726000000652,0.40786240786240785,0.5921375921375922,nan,nan,nan,-0.005896323064779783,457,21779005_15
Soft-probability A*,1,1508.9078631008308,33571,325.99179999999706,0.9837000814995925,0.016299918500407462,nan,nan,nan,-0.003575338196417934,457,21779005_15
Clearance-aware A*,1,1516.7657274770997,29493,281.0098999999582,0.9887005649717514,0.011299435028248594,nan,nan,nan,0.001613692920122132,457,21779005_15
URA-style A*,1,1517.594154601846,29338,282.9411000000164,0.9846650524616626,0.015334947538337418,nan,nan,nan,0.002160754299938799,457,21779005_15
GT Oracle A*,1,1514.3220766632037,27210,237.32749999999214,1.0,0.0,nan,nan,nan,0.0,457,21779005_15
Topology+Risk A*,1,1518.7657274770997,30011,292.9423000000497,0.9879129734085415,0.01208702659145855,nan,nan,nan,0.0029344159227260324,457,21779005_15
Binary-mask A*,1,1840.2703448350958,38707,325.548700000013,0.46317186463171867,0.5368281353682813,nan,nan,nan,-0.009244742843114587,458,21779005_15
Soft-probability A*,1,1845.1992770232305,47471,458.2603999999719,0.9577278731836195,0.042272126816380484,nan,nan,nan,-0.006591129752369579,458,21779005_15
Clearance-aware A*,1,1856.4713549618725,54185,477.609799999982,0.9666448659254414,0.03335513407455859,nan,nan,nan,-0.0005225265668998433,458,21779005_15
URA-style A*,1,1857.2997820866187,51232,465.295699999956,0.9633747547416612,0.03662524525833877,nan,nan,nan,-7.652224404736516e-05,458,21779005_15
GT Oracle A*,1,1857.4419177103496,32329,283.44189999995706,1.0,0.0,nan,nan,nan,0.0,458,21779005_15
Topology+Risk A*,1,1859.0571413994994,52879,482.6423000000659,0.966710182767624,0.03328981723237601,nan,nan,nan,0.000869595799335095,458,21779005_15
Binary-mask A*,1,2175.8805178903544,46720,423.62040000000434,0.43870258383727323,0.5612974161627268,nan,nan,nan,-0.01187187406178962,459,21779005_15
Soft-probability A*,1,2183.8805178903544,58370,571.5296000000762,0.9474548440065681,0.0525451559934319,nan,nan,nan,-0.00823885058347378,459,21779005_15
Clearance-aware A*,1,2200.608439951709,54612,510.6971000000158,0.9668478260869565,0.03315217391304348,nan,nan,nan,-0.0006422338844314622,459,21779005_15
URA-style A*,1,2202.36579926459,52017,499.57740000002104,0.9679869777536625,0.03201302224633751,nan,nan,nan,0.00015583207101020375,459,21779005_15
GT Oracle A*,1,2202.0226535140814,44240,393.1304000000182,1.0,0.0,nan,nan,nan,0.0,459,21779005_15
Topology+Risk A*,1,2205.4368670764547,54248,489.31179999999586,0.970173535791757,0.029826464208242975,nan,nan,nan,0.0015504897540108348,459,21779005_15
Binary-mask A*,1,2144.65007051205,67497,607.131900000013,0.48902644907146875,0.5109735509285313,nan,nan,nan,-0.00610410638692782,460,21779005_15
Soft-probability A*,1,2151.579002700184,80476,783.4292000000005,0.9686450167973124,0.03135498320268759,nan,nan,nan,-0.0028930290444756897,460,21779005_15
Clearance-aware A*,1,2163.5790027001826,77837,735.9748000000081,0.9744160177975528,0.025583982202447175,nan,nan,nan,0.002668134936232788,460,21779005_15
URA-style A*,1,2164.7505755754364,77433,750.0561000000516,0.9733333333333334,0.026666666666666616,nan,nan,nan,0.003211077342452552,460,21779005_15
GT Oracle A*,1,2157.8216433873017,47752,419.7076000000379,1.0,0.0,nan,nan,nan,0.0,460,21779005_15
Topology+Risk A*,1,2166.993216262555,75695,699.0640000000212,0.9755691282620766,0.024430871737923354,nan,nan,nan,0.004250385060025627,460,21779005_15
Binary-mask A*,0,nan,0,0.0,nan,nan,nan,nan,nan,nan,461,21779005_15
Soft-probability A*,0,nan,0,0.0,nan,nan,nan,nan,nan,nan,461,21779005_15
Clearance-aware A*,0,nan,0,0.0,nan,nan,nan,nan,nan,nan,461,21779005_15
URA-style A*,0,nan,0,0.0,nan,nan,nan,nan,nan,nan,461,21779005_15
GT Oracle A*,1,2304.9881656286598,38480,350.9350000000495,1.0,0.0,nan,nan,nan,0.0,461,21779005_15
Topology+Risk A*,0,nan,0,0.0,nan,nan,nan,nan,nan,nan,461,21779005_15
Binary-mask A*,1,2085.010460205268,67003,628.4152000000631,0.48559907834101385,0.5144009216589862,nan,nan,nan,-0.010327364558784347,462,21779005_15
Soft-probability A*,1,2091.3536059557755,79108,781.5643000000136,0.9604357798165137,0.039564220183486265,nan,nan,nan,-0.007316522219281384,462,21779005_15
Clearance-aware A*,1,2105.596246642893,75703,703.4598999999844,0.9686966420034149,0.031303357996585124,nan,nan,nan,-0.0005560996633799663,462,21779005_15
URA-style A*,1,2109.010460205266,74242,677.2075000000086,0.96875,0.03125,nan,nan,nan,0.0010644935176729732,462,21779005_15
GT Oracle A*,1,2106.767819518147,45931,417.6169000000982,1.0,0.0,nan,nan,nan,0.0,462,21779005_15
Topology+Risk A*,1,2111.253100892385,73601,586.8411999999807,0.9710391822827938,0.028960817717206155,nan,nan,nan,0.0021289870353459464,462,21779005_15
Binary-mask A*,0,nan,0,0.0,nan,nan,nan,nan,nan,nan,463,21779005_15
Soft-probability A*,0,nan,0,0.0,nan,nan,nan,nan,nan,nan,463,21779005_15
Clearance-aware A*,0,nan,0,0.0,nan,nan,nan,nan,nan,nan,463,21779005_15
URA-style A*,0,nan,0,0.0,nan,nan,nan,nan,nan,nan,463,21779005_15
GT Oracle A*,1,2232.2064196981464,38548,266.7123999999603,1.0,0.0,nan,nan,nan,0.0,463,21779005_15
Topology+Risk A*,0,nan,0,0.0,nan,nan,nan,nan,nan,nan,463,21779005_15
Binary-mask A*,0,nan,0,0.0,nan,nan,nan,nan,nan,nan,464,21779005_15
Soft-probability A*,0,nan,0,0.0,nan,nan,nan,nan,nan,nan,464,21779005_15
Clearance-aware A*,0,nan,0,0.0,nan,nan,nan,nan,nan,nan,464,21779005_15
URA-style A*,0,nan,0,0.0,nan,nan,nan,nan,nan,nan,464,21779005_15
GT Oracle A*,1,2225.72113832391,45469,315.27410000001055,1.0,0.0,nan,nan,nan,0.0,464,21779005_15
Topology+Risk A*,0,nan,0,0.0,nan,nan,nan,nan,nan,nan,464,21779005_15
Binary-mask A*,1,2260.301874127655,65201,461.2303999999767,0.4699248120300752,0.5300751879699248,nan,nan,nan,-0.013333133470002973,465,21779005_15
Soft-probability A*,1,2268.4023791910436,80792,596.6971999999942,0.9033635878270155,0.09663641217298446,nan,nan,nan,-0.009797101385222913,465,21779005_15
Clearance-aware A*,1,2283.2308063157893,75804,563.985300000013,0.9088500264970854,0.09114997350291465,nan,nan,nan,-0.0033241970823903915,465,21779005_15
URA-style A*,1,2285.473447002909,76122,553.1625999999505,0.9110169491525424,0.08898305084745761,nan,nan,nan,-0.002345239676372706,465,21779005_15
GT Oracle A*,1,2290.8460300049373,42076,283.5831000001008,1.0,0.0,nan,nan,nan,0.0,465,21779005_15
Topology+Risk A*,1,2288.8876605652817,83169,601.2312000000293,0.9122157588577472,0.0877842411422528,nan,nan,nan,-0.000854867334602744,465,21779005_15
Binary-mask A*,1,1488.5403307326835,130189,1281.2703999999258,0.4222945484133442,0.5777054515866558,nan,nan,nan,0.6822614803591952,466,22078975_15
Soft-probability A*,1,1493.7119036079375,178995,1832.1644000000106,0.897165991902834,0.10283400809716603,nan,nan,nan,0.6881060904522439,466,22078975_15
Clearance-aware A*,1,1506.640835796072,182338,1892.5072000000682,0.916,0.08399999999999996,nan,nan,nan,0.702717615684865,466,22078975_15
URA-style A*,1,1513.9545442950568,189643,1918.2796000000053,0.9066985645933014,0.09330143540669855,nan,nan,nan,0.7109831425452369,466,22078975_15
GT Oracle A*,1,884.8448045156758,31548,334.80650000001333,1.0,0.0,nan,nan,nan,0.0,466,22078975_15
Topology+Risk A*,1,1512.055049358445,182705,1881.1691000000792,0.9211155378486056,0.07888446215139444,nan,nan,nan,0.7088364441333596,466,22078975_15
Binary-mask A*,1,1019.661038331602,39481,390.0697000000264,0.36860068259385664,0.6313993174061434,nan,nan,nan,0.24026879524374656,467,22078975_15
Soft-probability A*,1,1026.6316010800792,52912,548.327200000017,0.8808172531214529,0.11918274687854713,nan,nan,nan,0.24874746721141403,467,22078975_15
Clearance-aware A*,1,1043.7859300126302,65134,664.9059999999736,0.8990929705215419,0.10090702947845809,nan,nan,nan,0.2696132040382347,467,22078975_15
URA-style A*,1,1044.7148622007649,60182,608.9905000000044,0.8598870056497175,0.14011299435028246,nan,nan,nan,0.27074311443250265,467,22078975_15
GT Oracle A*,1,822.129075763138,19978,180.39210000006278,1.0,0.0,nan,nan,nan,0.0,467,22078975_15
Topology+Risk A*,1,1045.7859300126304,65940,669.2039000000705,0.915158371040724,0.08484162895927605,nan,nan,nan,0.272045912062998,467,22078975_15
Binary-mask A*,1,191.42135623730957,5618,56.07470000006742,0.5165562913907285,0.48344370860927155,nan,nan,nan,-0.010340119823925848,468,22078975_15
Soft-probability A*,1,194.00714267493652,7680,79.36319999998886,1.0,0.0,nan,nan,nan,0.003028550978146476,468,22078975_15
Clearance-aware A*,1,199.1787155501904,11975,121.99659999998858,1.0,0.0,nan,nan,nan,0.029765892582290978,468,22078975_15
URA-style A*,1,207.42135623730968,9439,95.55269999998472,0.9940119760479041,0.005988023952095856,nan,nan,nan,0.07238083876748035,468,22078975_15
GT Oracle A*,1,193.4213562373096,4317,40.175200000021505,1.0,0.0,nan,nan,nan,0.0,468,22078975_15
Topology+Risk A*,1,204.59292911256347,11785,122.4734999999555,0.9878787878787879,0.012121212121212088,nan,nan,nan,0.057757701075921604,468,22078975_15
Binary-mask A*,1,862.6316010800796,27020,271.4177000000291,0.5146443514644351,0.4853556485355649,nan,nan,nan,-0.07884977123423433,469,22078975_15
Soft-probability A*,1,869.702668891945,35466,348.92969999998513,0.6842105263157895,0.3157894736842105,nan,nan,nan,-0.07129902103639477,469,22078975_15
Clearance-aware A*,1,881.8448045156761,34927,355.6886000000077,0.6520547945205479,0.34794520547945207,nan,nan,nan,-0.05833319530789062,469,22078975_15
URA-style A*,1,957.300648638392,37024,381.97170000000824,0.9298245614035088,0.07017543859649122,nan,nan,nan,0.02224137208371291,469,22078975_15
GT Oracle A*,1,936.4722215136458,18857,179.74900000001526,1.0,0.0,nan,nan,nan,0.0,469,22078975_15
Topology+Risk A*,1,883.5016587651685,34905,355.26790000005803,0.6547945205479452,0.3452054794520548,nan,nan,nan,-0.05656394448396932,469,22078975_15
Binary-mask A*,0,nan,0,0.0,nan,nan,nan,nan,nan,nan,470,22078975_15
Soft-probability A*,0,nan,0,0.0,nan,nan,nan,nan,nan,nan,470,22078975_15
Clearance-aware A*,0,nan,0,0.0,nan,nan,nan,nan,nan,nan,470,22078975_15
URA-style A*,0,nan,0,0.0,nan,nan,nan,nan,nan,nan,470,22078975_15
GT Oracle A*,1,479.71782079359224,9557,91.11219999999776,1.0,0.0,nan,nan,nan,0.0,470,22078975_15
Topology+Risk A*,0,nan,0,0.0,nan,nan,nan,nan,nan,nan,470,22078975_15
Binary-mask A*,1,1121.4427842621224,47196,449.83940000008715,0.8152400835073069,0.18475991649269308,nan,nan,nan,0.0013370962584070814,471,22078975_15
Soft-probability A*,1,1127.928065636361,62406,636.7959000000383,0.9604989604989606,0.03950103950103945,nan,nan,nan,0.007127808821573367,471,22078975_15
Clearance-aware A*,1,1136.655987697719,65864,672.1072999999933,0.921406411582213,0.07859358841778696,nan,nan,nan,0.014920976922467853,471,22078975_15
URA-style A*,1,1136.8986283848383,64224,650.7227000000739,0.9585921325051759,0.04140786749482406,nan,nan,nan,0.015137630972486167,471,22078975_15
GT Oracle A*,1,1119.9453095790636,37678,357.87279999999555,1.0,0.0,nan,nan,nan,0.0,471,22078975_15
Topology+Risk A*,1,1139.4844148224652,64238,650.4542999999785,0.9318885448916409,0.06811145510835914,nan,nan,nan,0.01744648160609324,471,22078975_15
Binary-mask A*,0,nan,0,0.0,nan,nan,nan,nan,nan,nan,472,22078975_15
Soft-probability A*,0,nan,0,0.0,nan,nan,nan,nan,nan,nan,472,22078975_15
Clearance-aware A*,0,nan,0,0.0,nan,nan,nan,nan,nan,nan,472,22078975_15
URA-style A*,0,nan,0,0.0,nan,nan,nan,nan,nan,nan,472,22078975_15
GT Oracle A*,1,1134.3595231414367,58689,561.3270999999713,1.0,0.0,nan,nan,nan,0.0,472,22078975_15
Topology+Risk A*,0,nan,0,0.0,nan,nan,nan,nan,nan,nan,472,22078975_15
Binary-mask A*,1,1492.7119036079368,54012,544.0201999999772,0.419773095623987,0.580226904376013,nan,nan,nan,-0.0037753418307929503,473,22078975_15
Soft-probability A*,1,1499.8834764831906,78193,793.814999999995,0.9243156199677939,0.07568438003220612,nan,nan,nan,0.0010109117784378467,473,22078975_15
Clearance-aware A*,1,1514.1677477306528,119775,1246.3005999999268,0.8926282051282052,0.10737179487179482,nan,nan,nan,0.010544126597924417,473,22078975_15
URA-style A*,1,1519.6824663564141,113927,1172.900000000027,0.8861464968152867,0.11385350318471332,nan,nan,nan,0.014224608186213173,473,22078975_15
GT Oracle A*,1,1498.3687578574293,38872,374.4738000000325,1.0,0.0,nan,nan,nan,0.0,473,22078975_15
Topology+Risk A*,1,1516.4103884177723,122310,1238.8779999999997,0.9063250600480385,0.09367493995196152,nan,nan,nan,0.012040848066093826,473,22078975_15
Binary-mask A*,1,1346.7413408594593,41578,409.866500000021,0.6450137236962489,0.3549862763037511,nan,nan,nan,0.03986727965439392,474,22078975_15
Soft-probability A*,1,1352.1555544218327,56487,584.6381000000065,0.9480874316939891,0.051912568306010876,nan,nan,nan,0.044047788084453775,474,22078975_15
Clearance-aware A*,1,1367.8124086713249,110730,1041.0753999999542,0.9316546762589928,0.06834532374100721,nan,nan,nan,0.05613700666147808,474,22078975_15
URA-style A*,1,1373.368757857429,63028,481.7434000000276,0.9703504043126685,0.029649595687331498,nan,nan,nan,0.060427263103206334,474,22078975_15
GT Oracle A*,1,1295.1088732276073,37390,360.85370000000694,1.0,0.0,nan,nan,nan,0.0,474,22078975_15
Topology+Risk A*,1,1370.3981951089518,107200,803.5756000000447,0.9515695067264573,0.04843049327354265,nan,nan,nan,0.05813358508903739,474,22078975_15
Binary-mask A*,1,1165.550432000448,41022,327.5958000000401,0.3236514522821577,0.6763485477178424,nan,nan,nan,0.22168316031192672,475,22078975_15
Soft-probability A*,1,1170.6214998123137,52928,486.8192999999792,0.8810754912099276,0.11892450879007244,nan,nan,nan,0.22699844996432153,475,22078975_15
Clearance-aware A*,1,1187.3910524340145,79772,738.1699000000026,0.9321685508735869,0.06783144912641315,nan,nan,nan,0.2445756216434005,475,22078975_15
URA-style A*,1,1193.6336931211338,74576,688.726900000006,0.8660531697341514,0.13394683026584864,nan,nan,nan,0.2511189069392948,475,22078975_15
GT Oracle A*,1,954.0529573173893,22570,151.10889999994015,1.0,0.0,nan,nan,nan,0.0,475,22078975_15
Topology+Risk A*,1,1191.6336931211338,82204,729.9011000000064,0.9334016393442623,0.06659836065573765,nan,nan,nan,0.2490225872490088,475,22078975_15
Binary-mask A*,1,1371.124025129255,95525,818.5892999999851,0.5372250423011844,0.4627749576988156,nan,nan,nan,0.006234554578639312,476,22078975_15
Soft-probability A*,1,1379.8519471906131,125311,1132.1046999998998,0.9140690817186183,0.08593091828138166,nan,nan,nan,0.012639764178099089,476,22078975_15
Clearance-aware A*,0,nan,200001,1696.4828000000125,nan,nan,nan,nan,nan,nan,476,22078975_15
URA-style A*,1,1402.035713374687,112783,811.5911000001006,0.9666110183639399,0.03338898163606008,nan,nan,nan,0.028919890319863667,476,22078975_15
GT Oracle A*,1,1362.628642487251,63388,527.9510999999957,1.0,0.0,nan,nan,nan,0.0,476,22078975_15
Topology+Risk A*,1,1400.0357133746868,194142,1392.9147000000057,0.9565217391304348,0.04347826086956519,nan,nan,nan,0.027452138991556373,476,22078975_15
Binary-mask A*,1,1219.3961030678965,64555,439.1828999999916,0.5077369439071566,0.4922630560928434,nan,nan,nan,-0.010093562465999975,477,22078975_15
Soft-probability A*,1,1228.1240251292547,87402,601.1994000000414,0.9384023099133783,0.06159769008662175,nan,nan,nan,-0.003008230461824776,477,22078975_15
Clearance-aware A*,1,1242.6509370638362,109675,778.2998999999791,0.9530651340996169,0.046934865900383094,nan,nan,nan,0.008784724760315187,477,22078975_15
URA-style A*,1,1248.0235200658667,77793,544.1356000000042,0.9375,0.0625,nan,nan,nan,0.01314619064208669,477,22078975_15
GT Oracle A*,1,1231.8296526140273,52265,336.8065999999317,1.0,0.0,nan,nan,nan,0.0,477,22078975_15
Topology+Risk A*,1,1247.3372285648513,105435,723.9455999999791,0.9439163498098859,0.056083650190114076,nan,nan,nan,0.012589058818251293,477,22078975_15
Binary-mask A*,1,754.009234715992,19094,125.570699999912,0.2593167701863354,0.7406832298136645,nan,nan,nan,-0.0036048475179611995,478,22078975_15
Soft-probability A*,1,758.2518754031113,34096,238.10329999992064,0.865533230293663,0.13446676970633697,nan,nan,nan,0.0020016443122894538,478,22078975_15
Clearance-aware A*,1,772.7787873376927,41145,280.11239999989357,0.9079754601226994,0.09202453987730064,nan,nan,nan,0.02119841799318803,478,22078975_15
URA-style A*,1,778.1930009000658,38379,262.6017000000047,0.8340943683409436,0.16590563165905636,nan,nan,nan,0.028353099792387825,478,22078975_15
GT Oracle A*,1,756.7371567773498,12388,78.84169999999813,1.0,0.0,nan,nan,nan,0.0,478,22078975_15
Topology+Risk A*,1,775.8498551495583,42071,293.15439999993487,0.9218989280245024,0.07810107197549765,nan,nan,nan,0.025256719854489542,478,22078975_15
Binary-mask A*,1,2160.713995648982,161453,1124.3152000000691,0.6812227074235808,0.3187772925764192,nan,nan,nan,0.02448102026686053,479,22078975_15
Soft-probability A*,0,nan,200001,1412.9613000000063,nan,nan,nan,nan,nan,nan,479,22078975_15
Clearance-aware A*,0,nan,200001,1412.8261000000748,nan,nan,nan,nan,nan,nan,479,22078975_15
URA-style A*,0,nan,200001,1417.900099999997,nan,nan,nan,nan,nan,nan,479,22078975_15
GT Oracle A*,1,2109.081528017133,135111,1012.16050000005,1.0,0.0,nan,nan,nan,0.0,479,22078975_15
Topology+Risk A*,0,nan,200001,1443.2864000000336,nan,nan,nan,nan,nan,nan,479,22078975_15
Binary-mask A*,1,2286.3241687042387,161842,1172.8784000000587,0.7099276111685625,0.2900723888314375,nan,nan,nan,0.2760541996414388,480,22078975_15
Soft-probability A*,0,nan,200001,1449.0246999999954,nan,nan,nan,nan,nan,nan,480,22078975_15
Clearance-aware A*,0,nan,200001,1429.5141000000058,nan,nan,nan,nan,nan,nan,480,22078975_15
URA-style A*,0,nan,200001,1461.8386000000783,nan,nan,nan,nan,nan,nan,480,22078975_15
GT Oracle A*,1,1791.7139956489918,133700,887.92490000003,1.0,0.0,nan,nan,nan,0.0,480,22078975_15
Topology+Risk A*,0,nan,200001,1485.1301999999578,nan,nan,nan,nan,nan,nan,480,22078975_15
Binary-mask A*,0,nan,0,0.0,nan,nan,nan,nan,nan,nan,481,22078975_15
Soft-probability A*,0,nan,0,0.0,nan,nan,nan,nan,nan,nan,481,22078975_15
Clearance-aware A*,0,nan,0,0.0,nan,nan,nan,nan,nan,nan,481,22078975_15
URA-style A*,0,nan,0,0.0,nan,nan,nan,nan,nan,nan,481,22078975_15
GT Oracle A*,1,1884.434775035412,75276,508.2341999999471,1.0,0.0,nan,nan,nan,0.0,481,22078975_15
Topology+Risk A*,0,nan,0,0.0,nan,nan,nan,nan,nan,nan,481,22078975_15
Binary-mask A*,0,nan,0,0.0,nan,nan,nan,nan,nan,nan,482,22078975_15
Soft-probability A*,0,nan,0,0.0,nan,nan,nan,nan,nan,nan,482,22078975_15
Clearance-aware A*,0,nan,0,0.0,nan,nan,nan,nan,nan,nan,482,22078975_15
URA-style A*,0,nan,0,0.0,nan,nan,nan,nan,nan,nan,482,22078975_15
GT Oracle A*,1,1703.8561312727227,56054,398.69930000008935,1.0,0.0,nan,nan,nan,0.0,482,22078975_15
Topology+Risk A*,0,nan,0,0.0,nan,nan,nan,nan,nan,nan,482,22078975_15
Binary-mask A*,0,nan,0,0.0,nan,nan,nan,nan,nan,nan,483,22078975_15
Soft-probability A*,0,nan,0,0.0,nan,nan,nan,nan,nan,nan,483,22078975_15
Clearance-aware A*,0,nan,0,0.0,nan,nan,nan,nan,nan,nan,483,22078975_15
URA-style A*,0,nan,0,0.0,nan,nan,nan,nan,nan,nan,483,22078975_15
GT Oracle A*,1,1886.1820330805285,77320,546.4197000000013,1.0,0.0,nan,nan,nan,0.0,483,22078975_15
Topology+Risk A*,0,nan,0,0.0,nan,nan,nan,nan,nan,nan,483,22078975_15
Binary-mask A*,0,nan,200001,1478.1704000000673,nan,nan,nan,nan,nan,nan,484,22078975_15
Soft-probability A*,0,nan,200001,1564.343000000008,nan,nan,nan,nan,nan,nan,484,22078975_15
Clearance-aware A*,0,nan,200001,1530.0324999999475,nan,nan,nan,nan,nan,nan,484,22078975_15
URA-style A*,0,nan,200001,1547.156100000052,nan,nan,nan,nan,nan,nan,484,22078975_15
GT Oracle A*,1,1843.4419177103503,110749,798.5077000000729,1.0,0.0,nan,nan,nan,0.0,484,22078975_15
Topology+Risk A*,0,nan,200001,1529.4159000000036,nan,nan,nan,nan,nan,nan,484,22078975_15
Binary-mask A*,0,nan,0,0.0,nan,nan,nan,nan,nan,nan,485,22078975_15
Soft-probability A*,0,nan,0,0.0,nan,nan,nan,nan,nan,nan,485,22078975_15
Clearance-aware A*,0,nan,0,0.0,nan,nan,nan,nan,nan,nan,485,22078975_15
URA-style A*,0,nan,0,0.0,nan,nan,nan,nan,nan,nan,485,22078975_15
GT Oracle A*,1,1929.981022953752,60571,428.4192999999732,1.0,0.0,nan,nan,nan,0.0,485,22078975_15
Topology+Risk A*,0,nan,0,0.0,nan,nan,nan,nan,nan,nan,485,22078975_15
Binary-mask A*,0,nan,0,0.0,nan,nan,nan,nan,nan,nan,486,22228900_15
Soft-probability A*,0,nan,0,0.0,nan,nan,nan,nan,nan,nan,486,22228900_15
Clearance-aware A*,0,nan,0,0.0,nan,nan,nan,nan,nan,nan,486,22228900_15
URA-style A*,0,nan,0,0.0,nan,nan,nan,nan,nan,nan,486,22228900_15
GT Oracle A*,1,388.9655121145943,4517,41.42660000002252,1.0,0.0,nan,nan,nan,0.0,486,22228900_15
Topology+Risk A*,0,nan,0,0.0,nan,nan,nan,nan,nan,nan,486,22228900_15
Binary-mask A*,1,508.450793488833,7772,71.58410000010917,0.34460887949260044,0.6553911205073996,nan,nan,nan,0.00047744351557852695,487,22228900_15
Soft-probability A*,1,509.2792206135793,9978,93.19550000009258,0.9978858350951374,0.0021141649048626032,nan,nan,nan,0.0021075376417337504,487,22228900_15
Clearance-aware A*,1,511.76450198781794,8933,73.82930000005672,0.9978858350951374,0.0021141649048626032,nan,nan,nan,0.0069978200201990855,487,22228900_15
URA-style A*,1,513.7645019878179,11601,99.30610000003526,1.0,0.0,nan,nan,nan,0.010933215367507253,487,22228900_15
GT Oracle A*,1,508.2081528017137,6753,49.64830000005804,1.0,0.0,nan,nan,nan,0.0,487,22228900_15
Topology+Risk A*,1,513.178715550191,10186,82.70919999995385,1.0,0.0,nan,nan,nan,0.00978056475693067,487,22228900_15
Binary-mask A*,0,nan,0,0.0,nan,nan,nan,nan,nan,nan,488,22228900_15
Soft-probability A*,0,nan,0,0.0,nan,nan,nan,nan,nan,nan,488,22228900_15
Clearance-aware A*,0,nan,0,0.0,nan,nan,nan,nan,nan,nan,488,22228900_15
URA-style A*,0,nan,0,0.0,nan,nan,nan,nan,nan,nan,488,22228900_15
GT Oracle A*,1,479.0121933088199,5769,56.1933000000181,1.0,0.0,nan,nan,nan,0.0,488,22228900_15
Topology+Risk A*,0,nan,0,0.0,nan,nan,nan,nan,nan,nan,488,22228900_15
Binary-mask A*,1,215.85281374238588,1793,16.146700000035707,0.7083333333333334,0.29166666666666663,nan,nan,nan,0.0,489,22228900_15
Soft-probability A*,1,215.85281374238593,2515,25.38120000008348,1.0,0.0,nan,nan,nan,2.6334342311909353e-16,489,22228900_15
Clearance-aware A*,1,215.85281374238593,2597,24.855499999944186,1.0,0.0,nan,nan,nan,2.6334342311909353e-16,489,22228900_15
URA-style A*,1,215.85281374238593,2624,16.80179999993925,1.0,0.0,nan,nan,nan,2.6334342311909353e-16,489,22228900_15
GT Oracle A*,1,215.85281374238588,1414,12.381699999991724,1.0,0.0,nan,nan,nan,0.0,489,22228900_15
Topology+Risk A*,1,215.85281374238593,2619,20.376299999952607,1.0,0.0,nan,nan,nan,2.6334342311909353e-16,489,22228900_15
Binary-mask A*,1,539.0071426749371,5171,41.22810000001209,0.6412825651302605,0.3587174348697395,nan,nan,nan,-0.007366385606449843,490,22228900_15
Soft-probability A*,1,541.2497833620565,8214,61.77590000004329,0.99,0.010000000000000009,nan,nan,nan,-0.003236346586941116,490,22228900_15
Clearance-aware A*,1,546.2203461105337,8496,85.41189999994003,0.952,0.04800000000000004,nan,nan,nan,0.005917423884643112,490,22228900_15
URA-style A*,1,546.5634918610413,8469,68.61909999997806,0.99800796812749,0.0019920318725099584,nan,nan,nan,0.00654935986400645,490,22228900_15
GT Oracle A*,1,543.0071426749372,3967,36.910200000079385,1.0,0.0,nan,nan,nan,0.0,490,22228900_15
Topology+Risk A*,1,546.8061325481606,8525,70.00679999998738,0.9680638722554891,0.031936127744510934,nan,nan,nan,0.006996206080290151,490,22228900_15
Binary-mask A*,0,nan,0,0.0,nan,nan,nan,nan,nan,nan,491,22228900_15
Soft-probability A*,0,nan,0,0.0,nan,nan,nan,nan,nan,nan,491,22228900_15
Clearance-aware A*,0,nan,0,0.0,nan,nan,nan,nan,nan,nan,491,22228900_15
URA-style A*,0,nan,0,0.0,nan,nan,nan,nan,nan,nan,491,22228900_15
GT Oracle A*,1,669.44574285495,5692,56.525100000044404,1.0,0.0,nan,nan,nan,0.0,491,22228900_15
Topology+Risk A*,0,nan,0,0.0,nan,nan,nan,nan,nan,nan,491,22228900_15
Binary-mask A*,0,nan,0,0.0,nan,nan,nan,nan,nan,nan,492,22228900_15
Soft-probability A*,0,nan,0,0.0,nan,nan,nan,nan,nan,nan,492,22228900_15
Clearance-aware A*,0,nan,0,0.0,nan,nan,nan,nan,nan,nan,492,22228900_15
URA-style A*,0,nan,0,0.0,nan,nan,nan,nan,nan,nan,492,22228900_15
GT Oracle A*,1,779.595021153619,9465,91.23920000001817,1.0,0.0,nan,nan,nan,0.0,492,22228900_15
Topology+Risk A*,0,nan,0,0.0,nan,nan,nan,nan,nan,nan,492,22228900_15
Binary-mask A*,1,2001.261110119104,38806,333.3174000000554,0.39853850477796515,0.6014614952220348,nan,nan,nan,-0.002406885153979692,493,22228900_15
Soft-probability A*,1,2007.5037508062235,49012,453.659000000016,0.9254484304932735,0.07455156950672648,nan,nan,nan,0.0007049603400635399,493,22228900_15
Clearance-aware A*,1,2018.5748186180888,49327,411.03099999997994,0.928053541550474,0.07194645844952596,nan,nan,nan,0.006223690988086237,493,22228900_15
URA-style A*,1,2018.3321779309697,45773,403.65030000009483,0.9336677814938684,0.06633221850613158,nan,nan,nan,0.006102738915601748,493,22228900_15
GT Oracle A*,1,2006.0895372438501,34094,277.25310000005265,1.0,0.0,nan,nan,nan,0.0,493,22228900_15
Topology+Risk A*,1,2019.7463914933428,48645,431.68839999998454,0.9303621169916435,0.0696378830083565,nan,nan,nan,0.006807699255665174,493,22228900_15
Binary-mask A*,1,1090.116882454318,21763,197.2010000000637,0.38110403397027603,0.618895966029724,nan,nan,nan,-0.01908812125661999,494,22228900_15
Soft-probability A*,1,1093.5310960166914,26458,220.30879999999797,0.9830687830687831,0.016931216931216908,nan,nan,nan,-0.01601593450875619,494,22228900_15
Clearance-aware A*,1,1101.4305909533032,26577,204.81840000002194,0.9905263157894737,0.0094736842105263,nan,nan,nan,-0.00890778991975579,494,22228900_15
URA-style A*,1,1101.1879502661836,24186,209.59700000003068,0.9915878023133544,0.008412197686645584,nan,nan,nan,-0.0091261235095688,494,22228900_15
GT Oracle A*,1,1111.3300858899147,18912,138.63839999999072,1.0,0.0,nan,nan,nan,0.0,494,22228900_15
Topology+Risk A*,1,1104.0163773909298,26147,239.2558999999892,0.9916054564533053,0.008394543546694666,nan,nan,nan,-0.006581040675352802,494,22228900_15
Binary-mask A*,1,868.3919189857878,13634,120.47580000000835,0.6342648845686513,0.36573511543134873,nan,nan,nan,0.0010708608923635295,495,22228900_15
Soft-probability A*,1,870.6345596729071,17676,155.05589999997937,0.8701456310679612,0.12985436893203883,nan,nan,nan,0.0036561477821227158,495,22228900_15
Clearance-aware A*,1,875.1198410471458,26174,237.11050000008527,0.8535108958837773,0.14648910411622273,nan,nan,nan,0.008826721561641089,495,22228900_15
URA-style A*,1,874.8772003600264,17831,158.00230000002102,0.8706166868198307,0.12938331318016927,nan,nan,nan,0.008547008547008548,495,22228900_15
GT Oracle A*,1,867.4629867976533,13861,93.24260000005324,1.0,0.0,nan,nan,nan,0.0,495,22228900_15
Topology+Risk A*,1,875.7056274847727,25903,226.35839999998097,0.8561064087061668,0.14389359129383317,nan,nan,nan,0.009502008515139123,495,22228900_15
Binary-mask A*,0,nan,0,0.0,nan,nan,nan,nan,nan,nan,496,22228900_15
Soft-probability A*,0,nan,0,0.0,nan,nan,nan,nan,nan,nan,496,22228900_15
Clearance-aware A*,0,nan,0,0.0,nan,nan,nan,nan,nan,nan,496,22228900_15
URA-style A*,0,nan,0,0.0,nan,nan,nan,nan,nan,nan,496,22228900_15
GT Oracle A*,1,1914.6803743153594,37210,322.4771000000146,1.0,0.0,nan,nan,nan,0.0,496,22228900_15
Topology+Risk A*,0,nan,0,0.0,nan,nan,nan,nan,nan,nan,496,22228900_15
Binary-mask A*,1,1997.5260453828084,45649,377.6511999999457,0.4098901098901099,0.5901098901098901,nan,nan,nan,-0.013154841020132408,497,22228900_15
Soft-probability A*,1,2005.6681810065395,59699,531.2471999999389,0.9292763157894737,0.07072368421052633,nan,nan,nan,-0.009132351730138355,497,22228900_15
Clearance-aware A*,1,2017.7098115668825,55551,487.9929999999604,0.9261891744122471,0.07381082558775287,nan,nan,nan,-0.0031833805754612494,497,22228900_15
URA-style A*,1,2018.6387437550168,54952,482.18100000008235,0.9361353711790393,0.06386462882096067,nan,nan,nan,-0.00272445678070033,497,22228900_15
GT Oracle A*,1,2024.1534623807781,44556,368.9193999999816,1.0,0.0,nan,nan,nan,0.0,497,22228900_15
Topology+Risk A*,1,2020.881384442136,54939,537.8557999999884,0.928532460447354,0.07146753955264595,nan,nan,nan,-0.0016165167312924358,497,22228900_15
Binary-mask A*,1,1674.4844148224656,36433,309.88190000005034,0.33643617021276595,0.663563829787234,nan,nan,nan,0.0002049682167489923,498,22228900_15
Soft-probability A*,1,1679.312841947212,45637,362.1792999999798,0.9290450928381963,0.07095490716180375,nan,nan,nan,0.003089089893901737,498,22228900_15
Clearance-aware A*,1,1688.141269071958,47957,427.50580000006266,0.9201846965699209,0.07981530343007914,nan,nan,nan,0.008362496199475895,498,22228900_15
URA-style A*,1,1687.3128419472118,42819,428.0569000000014,0.929419525065963,0.07058047493403696,nan,nan,nan,0.00786765915074497,498,22228900_15
GT Oracle A*,1,1674.141269071958,32612,289.74379999999655,1.0,0.0,nan,nan,nan,0.0,498,22228900_15
Topology+Risk A*,1,1689.3128419472118,47416,482.71460000000843,0.9216073781291173,0.0783926218708827,nan,nan,nan,0.009062301464955812,498,22228900_15
Binary-mask A*,1,1917.5382386916285,41729,378.9430000000493,0.38483796296296297,0.615162037037037,nan,nan,nan,-0.00012652159051555525,499,22228900_15
Soft-probability A*,1,1922.9524522540019,52246,533.3681000000752,0.9382573571840739,0.06174264281592612,nan,nan,nan,0.0026966442990761855,499,22228900_15
Clearance-aware A*,1,1934.2661607529867,53994,534.7286999999596,0.9207352096496266,0.07926479035037337,nan,nan,nan,0.00859601925929054,499,22228900_15
URA-style A*,1,1932.609306503494,49445,501.75799999999526,0.9385410683515221,0.06145893164847793,nan,nan,nan,0.007732075798748073,499,22228900_15
GT Oracle A*,1,1917.7808793787478,38475,362.6037000000224,1.0,0.0,nan,nan,nan,0.0,499,22228900_15
Topology+Risk A*,1,1935.4377336282403,53483,506.60210000000916,0.9259896729776248,0.0740103270223752,nan,nan,nan,0.009206919538801662,499,22228900_15
Binary-mask A*,1,1805.1707063234808,40238,391.1051000000043,0.34737484737484736,0.6526251526251526,nan,nan,nan,-0.012062982563883731,500,22228900_15
Soft-probability A*,1,1811.0702012600927,50373,502.7011999999331,0.9250457038391224,0.07495429616087756,nan,nan,nan,-0.00883429653898904,500,22228900_15
Clearance-aware A*,1,1820.626550446197,49213,462.84270000001015,0.9210206561360875,0.07897934386391248,nan,nan,nan,-0.003604280851593987,500,22228900_15
URA-style A*,1,1820.3839097590776,46367,468.93089999991844,0.9301760777170613,0.06982392228293866,nan,nan,nan,-0.00373707367606294,500,22228900_15
GT Oracle A*,1,1827.2123368838236,38719,370.00880000005054,1.0,0.0,nan,nan,nan,0.0,500,22228900_15
Topology+Risk A*,1,1823.2123368838238,49127,493.0057000000261,0.9229836264402669,0.07701637355973312,nan,nan,nan,-0.002189127075850133,500,22228900_15
Binary-mask A*,1,2314.1067811865505,44098,437.632600000029,0.3942125237191651,0.6057874762808348,nan,nan,nan,-0.00010484185526449491,501,22228900_15
Soft-probability A*,1,2319.5209947489243,55436,561.9290999999293,0.9493610979649787,0.050638902035021305,nan,nan,nan,0.0022345687415979724,501,22228900_15
Clearance-aware A*,1,2330.006276123162,56091,565.6421000001046,0.9094766619519095,0.09052333804809054,nan,nan,nan,0.006765121161702699,501,22228900_15
URA-style A*,1,2328.3494218736696,53912,541.5329999999585,0.9495520980669495,0.05044790193305049,nan,nan,nan,0.006049216193406659,501,22228900_15
GT Oracle A*,1,2314.34942187367,41826,396.75790000001143,1.0,0.0,nan,nan,nan,0.0,501,22228900_15
Topology+Risk A*,1,2331.1778489984154,55806,557.0459000000483,0.9392369288742346,0.0607630711257654,nan,nan,nan,0.007271342419469747,501,22228900_15
Binary-mask A*,1,1968.5798692519713,42633,415.2847999999949,0.3639954853273138,0.6360045146726863,nan,nan,nan,-0.0001232415242584899,502,22228900_15
Soft-probability A*,1,1973.9940828143444,53035,535.9278000000813,0.939786156443444,0.06021384355655601,nan,nan,nan,0.00262673392301563,502,22228900_15
Clearance-aware A*,1,1984.479364188583,53700,510.8195999999907,0.9226890756302522,0.07731092436974785,nan,nan,nan,0.007952394982510028,502,22228900_15
URA-style A*,1,1981.9940828143444,49147,497.5273999999672,0.9400560224089636,0.059943977591036424,nan,nan,nan,0.006690076331797566,502,22228900_15
GT Oracle A*,1,1968.8225099390907,40254,395.15929999993205,1.0,0.0,nan,nan,nan,0.0,502,22228900_15
Topology+Risk A*,1,1984.8225099390909,53166,525.7298000000219,0.9289311695579183,0.07106883044208168,nan,nan,nan,0.008126684817563986,502,22228900_15
Binary-mask A*,0,nan,0,0.0,nan,nan,nan,nan,nan,nan,503,22228900_15
Soft-probability A*,0,nan,0,0.0,nan,nan,nan,nan,nan,nan,503,22228900_15
Clearance-aware A*,0,nan,0,0.0,nan,nan,nan,nan,nan,nan,503,22228900_15
URA-style A*,0,nan,0,0.0,nan,nan,nan,nan,nan,nan,503,22228900_15
GT Oracle A*,1,2252.5626253092564,37910,347.76639999995496,1.0,0.0,nan,nan,nan,0.0,503,22228900_15
Topology+Risk A*,0,nan,0,0.0,nan,nan,nan,nan,nan,nan,503,22228900_15
Binary-mask A*,1,1826.7392488184053,35556,330.8424000000514,0.5830797321972002,0.4169202678027998,nan,nan,nan,-0.0004532949097596001,504,22228900_15
Soft-probability A*,1,1832.1534623807786,44069,448.51149999999507,0.9344660194174758,0.06553398058252424,nan,nan,nan,0.002509229342361036,504,22228900_15
Clearance-aware A*,1,1841.8103166302708,48716,487.67450000002555,0.9160628019323671,0.08393719806763289,nan,nan,nan,0.00779322203746525,504,22228900_15
URA-style A*,1,1840.7392488184053,40644,417.8802999999789,0.9354254677127338,0.06457453228726617,nan,nan,nan,0.0072071601225143925,504,22228900_15
GT Oracle A*,1,1827.5676759431515,30211,282.99300000003313,1.0,0.0,nan,nan,nan,0.0,504,22228900_15
Topology+Risk A*,1,1842.9818895055248,46580,476.1538999999857,0.9215922798552473,0.07840772014475272,nan,nan,nan,0.00843427784660206,504,22228900_15
Binary-mask A*,0,nan,0,0.0,nan,nan,nan,nan,nan,nan,505,22228900_15
Soft-probability A*,0,nan,0,0.0,nan,nan,nan,nan,nan,nan,505,22228900_15
Clearance-aware A*,0,nan,0,0.0,nan,nan,nan,nan,nan,nan,505,22228900_15
URA-style A*,0,nan,0,0.0,nan,nan,nan,nan,nan,nan,505,22228900_15
GT Oracle A*,1,1764.5554826343307,26605,259.3525000000909,1.0,0.0,nan,nan,nan,0.0,505,22228900_15
Topology+Risk A*,0,nan,0,0.0,nan,nan,nan,nan,nan,nan,505,22228900_15
Binary-mask A*,1,195.58073580374366,1716,13.585100000000239,0.5535714285714286,0.4464285714285714,nan,nan,nan,-1.4531957512893238e-16,506,22229050_15
Soft-probability A*,1,195.58073580374375,2117,19.831999999951222,1.0,0.0,nan,nan,nan,2.9063915025786476e-16,506,22229050_15
Clearance-aware A*,1,195.58073580374372,2811,25.576799999953437,1.0,0.0,nan,nan,nan,1.4531957512893238e-16,506,22229050_15
URA-style A*,1,195.58073580374375,2204,20.234800000025643,1.0,0.0,nan,nan,nan,2.9063915025786476e-16,506,22229050_15
GT Oracle A*,1,195.5807358037437,1370,9.9484999999504,1.0,0.0,nan,nan,nan,0.0,506,22229050_15
Topology+Risk A*,1,195.58073580374372,2728,25.122600000031525,1.0,0.0,nan,nan,nan,1.4531957512893238e-16,506,22229050_15
Binary-mask A*,1,214.92388155425124,3239,28.257699999926444,0.8412698412698413,0.15873015873015872,nan,nan,nan,0.0,507,22229050_15
Soft-probability A*,1,215.5096679918782,3894,37.443400000029214,1.0,0.0,nan,nan,nan,0.002725553034826824,507,22229050_15
Clearance-aware A*,1,216.0954544295051,3538,31.318199999986973,1.0,0.0,nan,nan,nan,0.005451106069653516,507,22229050_15
URA-style A*,1,216.0954544295051,3661,35.08699999997589,1.0,0.0,nan,nan,nan,0.005451106069653516,507,22229050_15
GT Oracle A*,1,214.92388155425124,3064,27.37000000001899,1.0,0.0,nan,nan,nan,0.0,507,22229050_15
Topology+Risk A*,1,216.92388155425132,3517,34.94130000001405,1.0,0.0,nan,nan,nan,0.009305620136472566,507,22229050_15
Binary-mask A*,1,426.35028842544483,6445,59.87119999997503,0.6005154639175257,0.39948453608247425,nan,nan,nan,-0.010641454046482438,508,22229050_15
Soft-probability A*,1,429.76450198781794,8258,82.33789999997043,0.9948849104859335,0.005115089514066473,nan,nan,nan,-0.0027186697600706782,508,22229050_15
Clearance-aware A*,1,435.178715550191,9630,96.53900000000704,0.9949494949494949,0.005050505050505083,nan,nan,nan,0.0098451741095645,508,22229050_15
URA-style A*,1,436.35028842544483,7793,77.42059999998219,0.9974874371859297,0.002512562814070307,nan,nan,nan,0.01256384386963531,508,22229050_15
GT Oracle A*,1,430.9360748630717,5220,50.59029999995346,1.0,0.0,nan,nan,nan,0.0,508,22229050_15
Topology+Risk A*,1,436.5929291125641,9414,104.28779999995186,0.9974811083123426,0.0025188916876573986,nan,nan,nan,0.01312689881275271,508,22229050_15
Binary-mask A*,0,nan,0,0.0,nan,nan,nan,nan,nan,nan,509,22229050_15
Soft-probability A*,0,nan,0,0.0,nan,nan,nan,nan,nan,nan,509,22229050_15
Clearance-aware A*,0,nan,0,0.0,nan,nan,nan,nan,nan,nan,509,22229050_15
URA-style A*,0,nan,0,0.0,nan,nan,nan,nan,nan,nan,509,22229050_15
GT Oracle A*,1,317.20815280171354,3353,29.937700000004952,1.0,0.0,nan,nan,nan,0.0,509,22229050_15
Topology+Risk A*,0,nan,0,0.0,nan,nan,nan,nan,nan,nan,509,22229050_15
Binary-mask A*,1,70.69848480983498,632,6.401500000038141,0.6666666666666666,0.33333333333333337,nan,nan,nan,-0.019611158565633762,510,22229050_15
Soft-probability A*,1,71.52691193458116,899,8.60499999998865,0.9523809523809523,0.04761904761904767,nan,nan,nan,-0.008123207851734853,510,22229050_15
Clearance-aware A*,1,73.76955262170046,1205,11.873499999978776,1.0,0.0,nan,nan,nan,0.02297590142779802,510,22229050_15
URA-style A*,1,74.35533905932735,967,9.921499999904881,1.0,0.0,nan,nan,nan,0.031099109279532675,510,22229050_15
GT Oracle A*,1,72.11269837220807,587,6.073200000059842,1.0,0.0,nan,nan,nan,0.0,510,22229050_15
Topology+Risk A*,1,73.76955262170046,1170,10.40330000000722,1.0,0.0,nan,nan,nan,0.02297590142779802,510,22229050_15
Binary-mask A*,0,nan,0,0.0,nan,nan,nan,nan,nan,nan,511,22229050_15
Soft-probability A*,0,nan,0,0.0,nan,nan,nan,nan,nan,nan,511,22229050_15
Clearance-aware A*,0,nan,0,0.0,nan,nan,nan,nan,nan,nan,511,22229050_15
URA-style A*,0,nan,0,0.0,nan,nan,nan,nan,nan,nan,511,22229050_15
GT Oracle A*,1,24.48528137423857,151,1.5497000000550543,1.0,0.0,nan,nan,nan,0.0,511,22229050_15
Topology+Risk A*,0,nan,0,0.0,nan,nan,nan,nan,nan,nan,511,22229050_15
Binary-mask A*,1,3118.4065632730762,118904,1176.9610000000057,0.31281455671699576,0.6871854432830042,nan,nan,nan,-0.008888177063777687,512,22229050_15
Soft-probability A*,1,3136.3060582096878,160319,1637.6631999999063,0.9626635873749038,0.03733641262509624,nan,nan,nan,-0.003199245650792711,512,22229050_15
Clearance-aware A*,1,3163.484773759855,158223,1623.7727000000177,0.9845261121856866,0.015473887814313358,nan,nan,nan,0.005438866720840549,512,22229050_15
URA-style A*,1,3200.874600704604,150175,1554.0376999999808,0.9803476946334089,0.019652305366591127,nan,nan,nan,0.01732233951073366,512,22229050_15
GT Oracle A*,1,3146.3720753876473,120439,1152.0881999999801,1.0,0.0,nan,nan,nan,0.0,512,22229050_15
Topology+Risk A*,0,nan,200001,2061.965299999997,nan,nan,nan,nan,nan,nan,512,22229050_15
Binary-mask A*,1,1261.386001800132,28522,283.2902000000104,0.42829076620825146,0.5717092337917485,nan,nan,nan,-0.0077545030017875695,513,22229050_15
Soft-probability A*,1,1269.0428560496243,35749,371.6468000000077,0.96875,0.03125,nan,nan,nan,-0.001731383084975367,513,22229050_15
Clearance-aware A*,1,1276.800215362505,51929,534.8280000000614,0.9816069699903195,0.01839303000968051,nan,nan,nan,0.0043707972435032055,513,22229050_15
URA-style A*,1,1329.8540392316684,36482,377.4672999999211,0.9709465791940018,0.029053420805998154,nan,nan,nan,0.04610458670809794,513,22229050_15
GT Oracle A*,1,1271.2438661764008,27997,270.6732000000329,1.0,0.0,nan,nan,nan,0.0,513,22229050_15
Topology+Risk A*,1,1331.0256121069222,53213,524.5759999999109,0.9317118802619271,0.06828811973807292,nan,nan,nan,0.047026182403798404,513,22229050_15
Binary-mask A*,1,1918.2581515262762,58178,562.9582000000255,0.5153412648716343,0.48465873512836566,nan,nan,nan,-0.011215043999039729,514,22229050_15
Soft-probability A*,1,1929.6723650886493,82217,835.3544000000284,0.960820895522388,0.03917910447761197,nan,nan,nan,-0.005331475801465953,514,22229050_15
Clearance-aware A*,1,1949.9150057757686,102889,1069.2370000000437,0.9932390903503381,0.006760909649661917,nan,nan,nan,0.005102791643315111,514,22229050_15
URA-style A*,1,1948.5007922133955,95030,995.9746999999197,0.993849938499385,0.006150061500615034,nan,nan,nan,0.004373821408555809,514,22229050_15
GT Oracle A*,1,1940.0155108391568,51507,501.71160000002146,1.0,0.0,nan,nan,nan,0.0,514,22229050_15
Topology+Risk A*,1,1951.3292193381417,103067,1060.7908999999154,0.9944717444717445,0.005528255528255532,nan,nan,nan,0.005831761878074412,514,22229050_15
Binary-mask A*,1,1214.1240251292554,31494,304.6477999999979,0.4917073170731707,0.5082926829268293,nan,nan,nan,-0.01159477954219283,515,22229050_15
Soft-probability A*,1,1224.508801440106,42572,433.0571000000418,0.974757281553398,0.025242718446601975,nan,nan,nan,-0.0031406456098389515,515,22229050_15
Clearance-aware A*,1,1241.1362184380755,49558,503.1673999999384,0.9855769230769231,0.014423076923076872,nan,nan,nan,0.010395554500995921,515,22229050_15
URA-style A*,1,1281.3199846221496,44206,449.8839999999973,0.9775491113189897,0.022450888681010306,nan,nan,nan,0.04310872337990546,515,22229050_15
GT Oracle A*,1,1228.3666658163747,29838,278.4485999999333,1.0,0.0,nan,nan,nan,0.0,515,22229050_15
Topology+Risk A*,1,1282.7341981845225,48886,500.2578999999514,0.9355140186915888,0.06448598130841121,nan,nan,nan,0.04426001932575644,515,22229050_15
Binary-mask A*,1,1950.9271990845887,46821,442.59569999996984,0.6045792079207921,0.3954207920792079,nan,nan,nan,-0.010025632579648789,516,22229050_15
Soft-probability A*,1,1963.5129855222156,58923,599.7016999999687,0.9637814610190301,0.03621853898096994,nan,nan,nan,-0.00363912775623785,516,22229050_15
Clearance-aware A*,1,1985.7556262093349,67370,693.2322000000113,0.9957575757575757,0.00424242424242427,nan,nan,nan,0.007647630742142377,516,22229050_15
URA-style A*,1,1982.9271990845887,54356,559.360100000049,0.9939320388349514,0.0060679611650485965,nan,nan,nan,0.0062123796702781686,516,22229050_15
GT Oracle A*,1,1970.6845583974691,44794,423.4341000000086,1.0,0.0,nan,nan,nan,0.0,516,22229050_15
Topology+Risk A*,1,1985.7556262093349,64947,662.7859999999828,0.9957575757575757,0.00424242424242427,nan,nan,nan,0.007647630742142377,516,22229050_15
Binary-mask A*,1,2444.2968234937784,119756,1152.6937000000999,0.3396132870599901,0.6603867129400098,nan,nan,nan,-0.012124656878327693,517,22229050_15
Soft-probability A*,1,2454.054182806659,161802,1641.851900000006,0.960552268244576,0.03944773175542404,nan,nan,nan,-0.008181169088086429,517,22229050_15
Clearance-aware A*,1,2472.539464180895,158958,1574.7159999999667,0.9789628180039139,0.021037181996086063,nan,nan,nan,-0.0007102459560209016,517,22229050_15
URA-style A*,1,2475.125250618523,147763,1503.3052999999654,0.9838788470933073,0.016121152906692693,nan,nan,nan,0.00033481315454160043,517,22229050_15
GT Oracle A*,1,2474.2968234937766,120439,1152.2430999999642,1.0,0.0,nan,nan,nan,0.0,517,22229050_15
Topology+Risk A*,0,nan,200001,2025.6534999999758,nan,nan,nan,nan,nan,nan,517,22229050_15
Binary-mask A*,1,974.577777210916,24803,243.1878999999526,0.5943396226415094,0.4056603773584906,nan,nan,nan,-0.006220699666398856,518,22229050_15
Soft-probability A*,1,977.7493500861699,29313,297.45489999993424,0.965962441314554,0.034037558685446,nan,nan,nan,-0.002986639187463131,518,22229050_15
Clearance-aware A*,1,983.0630585851547,34466,344.5692999999892,0.8911007025761124,0.1088992974238876,nan,nan,nan,0.0024317621323476407,518,22229050_15
URA-style A*,1,986.5777772109162,30766,314.22199999997247,0.9697674418604652,0.03023255813953485,nan,nan,nan,0.006015729157303514,518,22229050_15
GT Oracle A*,1,980.6782822743044,20488,193.31849999991846,1.0,0.0,nan,nan,nan,0.0,518,22229050_15
Topology+Risk A*,1,984.8204178980354,33636,332.9723000000513,0.911318553092182,0.08868144690781798,nan,nan,nan,0.0042237456448255195,518,22229050_15
Binary-mask A*,1,2235.782104868006,100092,901.4691999999513,0.3815060908084164,0.6184939091915835,nan,nan,nan,-0.007131442517548599,519,22229050_15
Soft-probability A*,1,2248.6105319927533,127916,938.4815000000799,0.9741474147414741,0.02585258525852585,nan,nan,nan,-0.001434580597782773,519,22229050_15
Clearance-aware A*,1,2266.1252506185137,126977,960.0538000000824,0.984766050054407,0.015233949945593017,nan,nan,nan,0.006343374766832889,519,22229050_15
URA-style A*,1,2305.137443927328,118529,865.8719999999676,0.9828418230563003,0.0171581769436997,nan,nan,nan,0.02366795215315911,519,22229050_15
GT Oracle A*,1,2251.840979371051,85703,803.7391999999954,1.0,0.0,nan,nan,nan,0.0,519,22229050_15
Topology+Risk A*,1,2307.723230364955,123732,914.7985999999264,0.9566381156316917,0.043361884368308345,nan,nan,nan,0.024816251016762207,519,22229050_15
Binary-mask A*,1,1986.0815280171403,61138,426.1917999999696,0.41284403669724773,0.5871559633027523,nan,nan,nan,-0.004868094050927488,520,22229050_15
Soft-probability A*,1,1996.3241687042596,75685,573.455899999999,0.9762773722627737,0.02372262773722633,nan,nan,nan,0.0002640107519910557,520,22229050_15
Clearance-aware A*,1,2008.6673144547672,100561,888.6678999999731,0.9849215922798552,0.015078407720144793,nan,nan,nan,0.00644857970489448,520,22229050_15
URA-style A*,1,2047.9221484507066,74621,754.663800000003,0.9815914489311164,0.018408551068883616,nan,nan,nan,0.026117328052347264,520,22229050_15
GT Oracle A*,1,1995.7972567696781,67315,470.84910000000946,1.0,0.0,nan,nan,nan,0.0,520,22229050_15
Topology+Risk A*,1,2049.679507763587,133446,1364.5798000000013,0.9531713100177831,0.0468286899822169,nan,nan,nan,0.026997858029487752,520,22229050_15
Binary-mask A*,0,nan,0,0.0,nan,nan,nan,nan,nan,nan,521,22229050_15
Soft-probability A*,0,nan,0,0.0,nan,nan,nan,nan,nan,nan,521,22229050_15
Clearance-aware A*,0,nan,0,0.0,nan,nan,nan,nan,nan,nan,521,22229050_15
URA-style A*,0,nan,0,0.0,nan,nan,nan,nan,nan,nan,521,22229050_15
GT Oracle A*,1,2170.0419894978354,61240,604.0067000000136,1.0,0.0,nan,nan,nan,0.0,521,22229050_15
Topology+Risk A*,0,nan,0,0.0,nan,nan,nan,nan,nan,nan,521,22229050_15
Binary-mask A*,0,nan,0,0.0,nan,nan,nan,nan,nan,nan,522,22229050_15
Soft-probability A*,0,nan,0,0.0,nan,nan,nan,nan,nan,nan,522,22229050_15
Clearance-aware A*,0,nan,0,0.0,nan,nan,nan,nan,nan,nan,522,22229050_15
URA-style A*,0,nan,0,0.0,nan,nan,nan,nan,nan,nan,522,22229050_15
GT Oracle A*,1,3910.420848622891,102053,965.5655000000252,1.0,0.0,nan,nan,nan,0.0,522,22229050_15
Topology+Risk A*,0,nan,0,0.0,nan,nan,nan,nan,nan,nan,522,22229050_15
Binary-mask A*,1,1930.868324581543,46488,439.4551999999976,0.3764186633039092,0.6235813366960907,nan,nan,nan,-0.012623677854862306,523,22229050_15
Soft-probability A*,1,1943.3536059557819,60375,609.2790999999806,0.9674185463659147,0.03258145363408527,nan,nan,nan,-0.006239155903105285,523,22229050_15
Clearance-aware A*,1,1960.767819518155,66871,654.2783999999529,0.9826410415375078,0.017358958462492247,nan,nan,nan,0.0026658439466344915,523,22229050_15
URA-style A*,1,2000.365799264602,55147,554.423799999995,0.9768433881779403,0.023156611822059747,nan,nan,nan,0.022914820590289257,523,22229050_15
GT Oracle A*,1,1955.5546160825581,40159,383.057000000008,1.0,0.0,nan,nan,nan,0.0,523,22229050_15
Topology+Risk A*,1,2002.365799264602,65053,643.3299999999917,0.9506999391357274,0.04930006086427263,nan,nan,nan,0.023937548354347554,523,22229050_15
Binary-mask A*,1,3299.058366888667,105569,1029.221199999938,0.42773508964507867,0.5722649103549213,nan,nan,nan,-0.1669419420879344,524,22229050_15
Soft-probability A*,1,3313.6441533262932,139635,1411.6992000000437,0.960334788937409,0.03966521106259102,nan,nan,nan,-0.16325882843198886,524,22229050_15
Clearance-aware A*,1,3339.5436482629034,136119,1376.8175999999812,0.978347167087694,0.02165283291230602,nan,nan,nan,-0.1567188462451493,524,22229050_15
URA-style A*,1,3339.058366888665,129204,1263.3435999999847,0.9812477461233321,0.0187522538766679,nan,nan,nan,-0.15684138653216614,524,22229050_15
GT Oracle A*,1,3960.178207935782,103064,972.0036999999593,1.0,0.0,nan,nan,nan,0.0,524,22229050_15
Topology+Risk A*,1,3345.786288950022,132224,1340.606100000059,0.9812680115273775,0.018731988472622474,nan,nan,nan,-0.1551424927682757,524,22229050_15
Binary-mask A*,0,nan,0,0.0,nan,nan,nan,nan,nan,nan,525,22229050_15
Soft-probability A*,0,nan,0,0.0,nan,nan,nan,nan,nan,nan,525,22229050_15
Clearance-aware A*,0,nan,0,0.0,nan,nan,nan,nan,nan,nan,525,22229050_15
URA-style A*,0,nan,0,0.0,nan,nan,nan,nan,nan,nan,525,22229050_15
GT Oracle A*,1,1892.4074298249448,63963,623.1443000000354,1.0,0.0,nan,nan,nan,0.0,525,22229050_15
Topology+Risk A*,0,nan,0,0.0,nan,nan,nan,nan,nan,nan,525,22229050_15
Binary-mask A*,1,625.6711395993664,15544,156.66490000000977,0.6887661141804788,0.31123388581952116,nan,nan,nan,-0.17237055580341332,526,22528885_15
Soft-probability A*,1,630.3990616607244,20801,208.1782000000203,0.8805147058823529,0.11948529411764708,nan,nan,nan,-0.16611652351681602,526,22528885_15
Clearance-aware A*,1,635.1269837220824,26808,263.11180000004697,0.8642201834862385,0.13577981651376148,nan,nan,nan,-0.1598624912302189,526,22528885_15
URA-style A*,1,638.7838379715748,24719,252.4958000000197,0.8446069469835467,0.15539305301645334,nan,nan,nan,-0.155025253169417,526,22528885_15
GT Oracle A*,1,755.9797974644687,17816,162.69899999997506,1.0,0.0,nan,nan,nan,0.0,526,22528885_15
Topology+Risk A*,1,639.0264786586941,26073,260.3624000000764,0.8388278388278388,0.16117216117216115,nan,nan,nan,-0.15470429130253494,526,22528885_15
Binary-mask A*,1,922.023520065867,12114,114.97099999996863,0.4671232876712329,0.5328767123287671,nan,nan,nan,-0.01372241579353597,527,22528885_15
Soft-probability A*,1,926.3666658163747,16299,155.07869999999002,0.9266304347826086,0.07336956521739135,nan,nan,nan,-0.00907660448238711,527,22528885_15
Clearance-aware A*,1,932.3666658163747,20798,207.2942999999441,0.9272237196765498,0.07277628032345018,nan,nan,nan,-0.002658475902743023,527,22528885_15
URA-style A*,1,933.7808793787478,17666,171.93680000002587,0.9327052489905787,0.06729475100942128,nan,nan,nan,-0.0011457084890118382,527,22528885_15
GT Oracle A*,1,934.8519471906134,9801,92.52350000008391,1.0,0.0,nan,nan,nan,0.0,527,22528885_15
Topology+Risk A*,1,932.9524522540016,20395,197.15389999998933,0.927321668909825,0.07267833109017496,nan,nan,nan,-0.0020318671232595125,527,22528885_15
Binary-mask A*,1,533.9381669041263,9788,93.40959999997267,0.4835680751173709,0.5164319248826291,nan,nan,nan,-0.0019242983005438347,528,22528885_15
Soft-probability A*,1,537.4528855298878,12840,128.89310000002752,0.9490740740740741,0.05092592592592593,nan,nan,nan,0.004645667055225383,528,22528885_15
Clearance-aware A*,1,542.3818177180223,15054,147.28700000000572,0.9749430523917996,0.02505694760820043,nan,nan,nan,0.013859182322030946,528,22528885_15
URA-style A*,1,543.7960312803954,12776,127.55249999997886,0.9772727272727273,0.022727272727272707,nan,nan,nan,0.016502732233067505,528,22528885_15
GT Oracle A*,1,534.967604155649,8513,78.61000000002605,1.0,0.0,nan,nan,nan,0.0,528,22528885_15
Topology+Risk A*,1,543.7960312803954,14805,146.9556999999213,0.975,0.025000000000000022,nan,nan,nan,0.016502732233067505,528,22528885_15
Binary-mask A*,1,654.312841947211,16551,157.51019999993332,0.546583850931677,0.45341614906832295,nan,nan,nan,-0.02422266480218582,529,22528885_15
Soft-probability A*,1,654.3128419472112,21490,208.57380000006742,0.9192546583850931,0.08074534161490687,nan,nan,nan,-0.024222664802185653,529,22528885_15
Clearance-aware A*,1,657.1412690719574,21127,207.7628999999206,0.8329896907216495,0.16701030927835048,nan,nan,nan,-0.020004628863333117,529,22528885_15
URA-style A*,1,659.3839097590767,21399,209.41979999997784,0.9197530864197531,0.08024691358024694,nan,nan,nan,-0.01666017677070548,529,22528885_15
GT Oracle A*,1,670.5554826343304,9330,87.65410000000884,1.0,0.0,nan,nan,nan,0.0,529,22528885_15
Topology+Risk A*,1,659.3839097590767,20659,201.85130000004392,0.8518518518518519,0.14814814814814814,nan,nan,nan,-0.01666017677070548,529,22528885_15
Binary-mask A*,1,924.6072144624388,34775,339.0663999999788,0.47571606475716066,0.5242839352428393,nan,nan,nan,0.0767948406771256,530,22528885_15
Soft-probability A*,1,927.4356415871852,48116,490.1369000000386,0.8633540372670807,0.1366459627329193,nan,nan,nan,0.0800888185820339,530,22528885_15
Clearance-aware A*,1,946.3717164502566,53953,537.264900000082,0.8369426751592357,0.1630573248407643,nan,nan,nan,0.10214171563528252,530,22528885_15
URA-style A*,1,938.891485709901,56433,575.2072000000226,0.8640296662546354,0.1359703337453646,nan,nan,nan,0.09343026093073284,530,22528885_15
GT Oracle A*,1,858.6660889654839,14171,131.2059000000545,1.0,0.0,nan,nan,nan,0.0,530,22528885_15
Topology+Risk A*,1,953.3422791987339,55987,572.1346000000267,0.8017789072426937,0.19822109275730626,nan,nan,nan,0.1102596124965355,530,22528885_15
Binary-mask A*,0,nan,0,0.0,nan,nan,nan,nan,nan,nan,531,22528885_15
Soft-probability A*,0,nan,0,0.0,nan,nan,nan,nan,nan,nan,531,22528885_15
Clearance-aware A*,0,nan,0,0.0,nan,nan,nan,nan,nan,nan,531,22528885_15
URA-style A*,0,nan,0,0.0,nan,nan,nan,nan,nan,nan,531,22528885_15
GT Oracle A*,1,754.4894654563481,5898,51.69499999999516,1.0,0.0,nan,nan,nan,0.0,531,22528885_15
Topology+Risk A*,0,nan,0,0.0,nan,nan,nan,nan,nan,nan,531,22528885_15
Binary-mask A*,1,1493.6702730475938,46894,455.36089999995966,0.4420289855072464,0.5579710144927537,nan,nan,nan,0.07978552280893898,532,22528885_15
Soft-probability A*,1,1496.7413408594596,65879,669.862299999977,0.917135961383749,0.08286403861625102,nan,nan,nan,0.08200562092741544,532,22528885_15
Clearance-aware A*,1,1500.983981546579,92200,923.7282999999934,0.9373996789727127,0.0626003210272873,nan,nan,nan,0.08507265792687618,532,22528885_15
URA-style A*,1,1507.0256121069217,91472,934.3138000000408,0.9156626506024096,0.08433734939759041,nan,nan,nan,0.08944019829434144,532,22528885_15
GT Oracle A*,1,1383.302740679446,25718,239.6389000000454,1.0,0.0,nan,nan,nan,0.0,532,22528885_15
Topology+Risk A*,1,1505.4692629208175,96660,983.7472000000389,0.9222756410256411,0.07772435897435892,nan,nan,nan,0.08831510171183939,532,22528885_15
Binary-mask A*,1,1397.4276323604752,33842,336.02459999997336,0.4106364428945074,0.5893635571054926,nan,nan,nan,-0.03736567572830701,533,22528885_15
Soft-probability A*,1,1400.5992052357292,41570,426.83050000005096,0.9252823631624674,0.07471763683753263,nan,nan,nan,-0.035180900759680216,533,22528885_15
Clearance-aware A*,1,1402.013418798102,51012,517.5623999999743,0.9453125,0.0546875,nan,nan,nan,-0.0342067032517269,533,22528885_15
URA-style A*,1,1407.0844866099676,49972,511.34320000005573,0.9160173160173161,0.08398268398268394,nan,nan,nan,-0.03071343904013739,533,22528885_15
GT Oracle A*,1,1451.6702730475945,33676,320.6793999999036,1.0,0.0,nan,nan,nan,0.0,533,22528885_15
Topology+Risk A*,1,1407.9129137347138,55776,571.1212999999589,0.9255411255411256,0.07445887445887445,nan,nan,nan,-0.030142767352408305,533,22528885_15
Binary-mask A*,1,1081.6336931211335,19533,188.66979999995692,0.48729792147806006,0.5127020785219399,nan,nan,nan,-0.01194026762131305,534,22528885_15
Soft-probability A*,1,1086.2194795587604,24823,250.86499999997613,0.9758897818599311,0.024110218140068862,nan,nan,nan,-0.0077512053268196,534,22528885_15
Clearance-aware A*,1,1094.704760932999,39514,397.2137000000657,0.9863169897377423,0.013683010262257711,nan,nan,nan,0.0,534,22528885_15
URA-style A*,1,1101.7758287448646,23900,226.2521000000106,0.9920634920634921,0.007936507936507908,nan,nan,nan,0.006459337772349667,534,22528885_15
GT Oracle A*,1,1094.704760932999,15955,163.3474999999862,1.0,0.0,nan,nan,nan,0.0,534,22528885_15
Topology+Risk A*,1,1099.5331880577453,38487,376.12139999998817,0.9886492622020431,0.011350737797956922,nan,nan,nan,0.004410711725260995,534,22528885_15
Binary-mask A*,1,1024.4915574974027,18101,176.91160000003947,0.37761377613776137,0.6223862238622386,nan,nan,nan,0.0,535,22528885_15
Soft-probability A*,1,1024.4915574974027,20715,212.01780000001236,1.0,0.0,nan,nan,nan,0.0,535,22528885_15
Clearance-aware A*,1,1024.4915574974027,29660,300.81859999995686,1.0,0.0,nan,nan,nan,0.0,535,22528885_15
URA-style A*,1,1024.4915574974027,18728,189.82489999996233,1.0,0.0,nan,nan,nan,0.0,535,22528885_15
GT Oracle A*,1,1024.4915574974027,14648,140.35390000003645,1.0,0.0,nan,nan,nan,0.0,535,22528885_15
Topology+Risk A*,1,1024.4915574974027,28345,285.38079999998445,1.0,0.0,nan,nan,nan,0.0,535,22528885_15
Binary-mask A*,0,nan,0,0.0,nan,nan,nan,nan,nan,nan,536,22528885_15
Soft-probability A*,0,nan,0,0.0,nan,nan,nan,nan,nan,nan,536,22528885_15
Clearance-aware A*,0,nan,0,0.0,nan,nan,nan,nan,nan,nan,536,22528885_15
URA-style A*,0,nan,0,0.0,nan,nan,nan,nan,nan,nan,536,22528885_15
GT Oracle A*,1,952.9158723275409,11137,104.95939999998427,1.0,0.0,nan,nan,nan,0.0,536,22528885_15
Topology+Risk A*,0,nan,0,0.0,nan,nan,nan,nan,nan,nan,536,22528885_15
Binary-mask A*,0,nan,0,0.0,nan,nan,nan,nan,nan,nan,537,22528885_15
Soft-probability A*,0,nan,0,0.0,nan,nan,nan,nan,nan,nan,537,22528885_15
Clearance-aware A*,0,nan,0,0.0,nan,nan,nan,nan,nan,nan,537,22528885_15
URA-style A*,0,nan,0,0.0,nan,nan,nan,nan,nan,nan,537,22528885_15
GT Oracle A*,1,1376.6681810065388,36952,349.4500000000471,1.0,0.0,nan,nan,nan,0.0,537,22528885_15
Topology+Risk A*,0,nan,0,0.0,nan,nan,nan,nan,nan,nan,537,22528885_15
Binary-mask A*,0,nan,0,0.0,nan,nan,nan,nan,nan,nan,538,22528885_15
Soft-probability A*,0,nan,0,0.0,nan,nan,nan,nan,nan,nan,538,22528885_15
Clearance-aware A*,0,nan,0,0.0,nan,nan,nan,nan,nan,nan,538,22528885_15
URA-style A*,0,nan,0,0.0,nan,nan,nan,nan,nan,nan,538,22528885_15
GT Oracle A*,1,1974.9200564096514,64323,616.6680999999699,1.0,0.0,nan,nan,nan,0.0,538,22528885_15
Topology+Risk A*,0,nan,0,0.0,nan,nan,nan,nan,nan,nan,538,22528885_15
Binary-mask A*,1,1790.4835482706922,38830,370.96329999997124,0.34458993797381116,0.6554100620261889,nan,nan,nan,-0.004605525603455193,539,22528885_15
Soft-probability A*,1,1795.3119753954384,56881,573.2037999999875,0.8254295532646048,0.17457044673539523,nan,nan,nan,-0.0019212285683661231,539,22528885_15
Clearance-aware A*,1,1802.0398974567966,69105,703.4281999999621,0.8731138545953361,0.12688614540466392,nan,nan,nan,0.0018190663092465032,539,22528885_15
URA-style A*,1,1804.8683245815428,78112,803.8596999999754,0.8082191780821918,0.1917808219178082,nan,nan,nan,0.003391491106963798,539,22528885_15
GT Oracle A*,1,1798.7678195181543,31336,299.95499999995445,1.0,0.0,nan,nan,nan,0.0,539,22528885_15
Topology+Risk A*,1,1805.9393923934083,76108,781.5863999999237,0.8437285812200137,0.1562714187799863,nan,nan,nan,0.003986936389141708,539,22528885_15
Binary-mask A*,0,nan,0,0.0,nan,nan,nan,nan,nan,nan,540,22528885_15
Soft-probability A*,0,nan,0,0.0,nan,nan,nan,nan,nan,nan,540,22528885_15
Clearance-aware A*,0,nan,0,0.0,nan,nan,nan,nan,nan,nan,540,22528885_15
URA-style A*,0,nan,0,0.0,nan,nan,nan,nan,nan,nan,540,22528885_15
GT Oracle A*,1,2066.573952066313,51484,496.55110000003333,1.0,0.0,nan,nan,nan,0.0,540,22528885_15
Topology+Risk A*,0,nan,0,0.0,nan,nan,nan,nan,nan,nan,540,22528885_15
Binary-mask A*,1,1654.8561312727225,37668,372.43080000007467,0.4183055975794251,0.5816944024205749,nan,nan,nan,-0.0010002060134591119,541,22528885_15
Soft-probability A*,1,1655.6845583974687,52324,537.7431999999089,0.886535552193646,0.11346444780635401,nan,nan,nan,-0.0005001030067295559,541,22528885_15
Clearance-aware A*,1,1657.684558397469,68655,708.9998999999807,0.9373111782477341,0.06268882175226587,nan,nan,nan,0.0007072524547006051,541,22528885_15
URA-style A*,1,1660.9982668964537,77219,850.3626000000395,0.8761329305135952,0.1238670694864048,nan,nan,nan,0.002707664481618829,541,22528885_15
GT Oracle A*,1,1656.5129855222149,28868,282.02009999995425,1.0,0.0,nan,nan,nan,0.0,541,22528885_15
Topology+Risk A*,1,1660.9982668964537,71652,737.9436999999598,0.9086102719033232,0.09138972809667678,nan,nan,nan,0.002707664481618829,541,22528885_15
Binary-mask A*,0,nan,0,0.0,nan,nan,nan,nan,nan,nan,542,22528885_15
Soft-probability A*,0,nan,0,0.0,nan,nan,nan,nan,nan,nan,542,22528885_15
Clearance-aware A*,0,nan,0,0.0,nan,nan,nan,nan,nan,nan,542,22528885_15
URA-style A*,0,nan,0,0.0,nan,nan,nan,nan,nan,nan,542,22528885_15
GT Oracle A*,1,1888.579002700198,37901,366.1859999999706,1.0,0.0,nan,nan,nan,0.0,542,22528885_15
Topology+Risk A*,0,nan,0,0.0,nan,nan,nan,nan,nan,nan,542,22528885_15
Binary-mask A*,1,1583.0743853422018,27298,267.0176999999967,0.36213668499607227,0.6378633150039277,nan,nan,nan,0.0,543,22528885_15
Soft-probability A*,1,1583.0743853422018,37012,373.1136000000106,0.8829536527886881,0.11704634721131191,nan,nan,nan,0.0,543,22528885_15
Clearance-aware A*,1,1583.0743853422018,57295,603.7201999999979,0.9347996857816182,0.0652003142183818,nan,nan,nan,0.0,543,22528885_15
URA-style A*,1,1585.5596667164405,65270,677.8651000000764,0.8711704634721131,0.12882953652788687,nan,nan,nan,0.001569908146610188,543,22528885_15
GT Oracle A*,1,1583.0743853422018,22138,214.31110000003173,1.0,0.0,nan,nan,nan,0.0,543,22528885_15
Topology+Risk A*,1,1586.3880938411867,62262,644.3440999998984,0.9049489395129615,0.09505106048703849,nan,nan,nan,0.0020932108621469175,543,22528885_15
Binary-mask A*,1,1674.1160159025449,28977,292.7026999999498,0.38614591009579957,0.6138540899042004,nan,nan,nan,0.0,544,22528885_15
Soft-probability A*,1,1674.944443027291,40080,413.1184000000303,0.8747236551215918,0.12527634487840822,nan,nan,nan,0.0004948445130904465,544,22528885_15
Clearance-aware A*,1,1679.0865786510221,62336,644.5730000000367,0.9358879882092852,0.0641120117907148,nan,nan,nan,0.0029690670785426786,544,22528885_15
URA-style A*,1,1680.7434329005146,72784,753.6610000000792,0.8599852616064849,0.14001473839351508,nan,nan,nan,0.003958756104723572,544,22528885_15
GT Oracle A*,1,1674.1160159025449,23147,222.74849999996604,1.0,0.0,nan,nan,nan,0.0,544,22528885_15
Topology+Risk A*,1,1682.400287150007,68541,710.2373999999827,0.9056742815033162,0.09432571849668381,nan,nan,nan,0.0049484451309044645,544,22528885_15
Binary-mask A*,1,2152.7699115591936,68513,682.8706000000011,0.5060518731988473,0.49394812680115274,nan,nan,nan,-0.007821471254016958,545,22528885_15
Soft-probability A*,1,2157.5983386839393,86330,900.7540000000063,0.8056354226566993,0.1943645773433007,nan,nan,nan,-0.005596123484585485,545,22528885_15
Clearance-aware A*,1,2165.7404743076695,99344,1012.6039000000446,0.8187033849684452,0.1812966150315548,nan,nan,nan,-0.0018435384541899999,545,22528885_15
URA-style A*,1,2170.811542119534,104609,1084.5937000000276,0.7892325315005727,0.2107674684994273,nan,nan,nan,0.0004936386745550854,545,22528885_15
GT Oracle A*,1,2169.740474307668,57644,562.4847999999929,1.0,0.0,nan,nan,nan,0.0,545,22528885_15
Topology+Risk A*,1,2172.7110370561454,104690,1087.13130000001,0.8051575931232091,0.19484240687679089,nan,nan,nan,0.0013690866643510165,545,22528885_15
Binary-mask A*,1,2242.015510839136,77261,748.2559000000037,0.4458896982310094,0.5541103017689906,nan,nan,nan,-0.011164549145789439,546,22529065_15
Soft-probability A*,1,2253.4713549618514,107326,1097.040600000014,0.9678089304257529,0.03219106957424711,nan,nan,nan,-0.006111977148300846,546,22529065_15
Clearance-aware A*,1,2282.182033080504,104411,1058.7534999999662,0.983453981385729,0.016546018614270963,nan,nan,nan,0.006550797129813835,546,22529065_15
URA-style A*,1,2281.3119753954147,101774,1038.8732999999775,0.9881504379185987,0.01184956208140131,nan,nan,nan,0.006167060318384554,546,22529065_15
GT Oracle A*,1,2267.3292193381208,62738,598.5766000000012,1.0,0.0,nan,nan,nan,0.0,546,22529065_15
Topology+Risk A*,1,2284.424673767623,104850,1075.0633000000107,0.9850129198966409,0.01498708010335914,nan,nan,nan,0.007539908313135402,546,22529065_15
Binary-mask A*,1,272.5340546095182,3062,29.179699999986042,0.5605381165919282,0.4394618834080718,nan,nan,nan,0.0,547,22529065_15
Soft-probability A*,1,272.53405460951825,3344,32.70499999996446,1.0,0.0,nan,nan,nan,2.085736365763619e-16,547,22529065_15
Clearance-aware A*,1,272.53405460951825,3403,32.926799999927425,1.0,0.0,nan,nan,nan,2.085736365763619e-16,547,22529065_15
URA-style A*,1,273.3624817342644,4067,40.85799999995743,1.0,0.0,nan,nan,nan,0.0030397196634129563,547,22529065_15
GT Oracle A*,1,272.5340546095182,3422,30.59289999998782,1.0,0.0,nan,nan,nan,0.0,547,22529065_15
Topology+Risk A*,1,272.53405460951825,3705,34.9285999999438,1.0,0.0,nan,nan,nan,2.085736365763619e-16,547,22529065_15
Binary-mask A*,1,28.041630560342625,118,1.2339999999539941,1.0,0.0,nan,nan,nan,0.0,548,22529065_15
Soft-probability A*,1,28.041630560342625,146,1.5864999999166685,1.0,0.0,nan,nan,nan,0.0,548,22529065_15
Clearance-aware A*,1,28.041630560342625,318,3.1480000000101427,1.0,0.0,nan,nan,nan,0.0,548,22529065_15
URA-style A*,1,28.041630560342625,262,2.705999999989217,1.0,0.0,nan,nan,nan,0.0,548,22529065_15
GT Oracle A*,1,28.041630560342625,118,1.2238000000479587,1.0,0.0,nan,nan,nan,0.0,548,22529065_15
Topology+Risk A*,1,28.041630560342625,317,3.073800000038318,1.0,0.0,nan,nan,nan,0.0,548,22529065_15
Binary-mask A*,0,nan,0,0.0,nan,nan,nan,nan,nan,nan,549,22529065_15
Soft-probability A*,0,nan,0,0.0,nan,nan,nan,nan,nan,nan,549,22529065_15
Clearance-aware A*,0,nan,0,0.0,nan,nan,nan,nan,nan,nan,549,22529065_15
URA-style A*,0,nan,0,0.0,nan,nan,nan,nan,nan,nan,549,22529065_15
GT Oracle A*,1,892.6955262170075,22517,211.69499999996333,1.0,0.0,nan,nan,nan,0.0,549,22529065_15
Topology+Risk A*,0,nan,0,0.0,nan,nan,nan,nan,nan,nan,549,22529065_15
Binary-mask A*,0,nan,0,0.0,nan,nan,nan,nan,nan,nan,550,22529065_15
Soft-probability A*,0,nan,0,0.0,nan,nan,nan,nan,nan,nan,550,22529065_15
Clearance-aware A*,0,nan,0,0.0,nan,nan,nan,nan,nan,nan,550,22529065_15
URA-style A*,0,nan,0,0.0,nan,nan,nan,nan,nan,nan,550,22529065_15
GT Oracle A*,1,559.1442276647855,12263,111.5685999999414,1.0,0.0,nan,nan,nan,0.0,550,22529065_15
Topology+Risk A*,0,nan,0,0.0,nan,nan,nan,nan,nan,nan,550,22529065_15
Binary-mask A*,1,700.8670990922607,28700,286.88130000000456,0.42016806722689076,0.5798319327731092,nan,nan,nan,-0.0418696467632736,551,22529065_15
Soft-probability A*,1,702.2813126546339,38284,392.6940000000059,0.912751677852349,0.08724832214765099,nan,nan,nan,-0.03993632596418947,551,22529065_15
Clearance-aware A*,1,707.9381669041263,39243,400.8677000000489,0.9266666666666666,0.07333333333333336,nan,nan,nan,-0.032203042767853594,551,22529065_15
URA-style A*,1,711.9381669041263,37394,387.56080000007387,0.9387417218543046,0.0612582781456954,nan,nan,nan,-0.026734785778888555,551,22529065_15
GT Oracle A*,1,731.4945160902304,23328,226.66559999993297,1.0,0.0,nan,nan,nan,0.0,551,22529065_15
Topology+Risk A*,1,710.7665940288725,38378,388.8770000000932,0.9352159468438538,0.06478405315614622,nan,nan,nan,-0.02833640116968565,551,22529065_15
Binary-mask A*,0,nan,0,0.0,nan,nan,nan,nan,nan,nan,552,22529065_15
Soft-probability A*,0,nan,0,0.0,nan,nan,nan,nan,nan,nan,552,22529065_15
Clearance-aware A*,0,nan,0,0.0,nan,nan,nan,nan,nan,nan,552,22529065_15
URA-style A*,0,nan,0,0.0,nan,nan,nan,nan,nan,nan,552,22529065_15
GT Oracle A*,1,4300.018828369347,143805,1410.1141999999527,1.0,0.0,nan,nan,nan,0.0,552,22529065_15
Topology+Risk A*,0,nan,0,0.0,nan,nan,nan,nan,nan,nan,552,22529065_15
Binary-mask A*,1,2276.986073587615,113016,1113.0463000000645,0.3698770491803279,0.6301229508196722,nan,nan,nan,-0.009987389494902587,553,22529065_15
Soft-probability A*,1,2289.027704147957,148666,1531.8841000000702,0.9616760347470619,0.03832396525293813,nan,nan,nan,-0.004751799236329337,553,22529065_15
Clearance-aware A*,1,2310.3830432072823,154082,1584.991299999956,0.9888211382113821,0.011178861788617933,nan,nan,nan,0.004533305848671289,553,22529065_15
URA-style A*,1,2322.785063460834,139446,1414.394199999947,0.9864457831325302,0.013554216867469826,nan,nan,nan,0.009925590232479716,553,22529065_15
GT Oracle A*,1,2299.9566363360896,91428,887.4575999999479,1.0,0.0,nan,nan,nan,0.0,553,22529065_15
Topology+Risk A*,1,2313.7972567696547,152527,1566.4891999999782,0.9903602232369355,0.00963977676306449,nan,nan,nan,0.0060177745157898935,553,22529065_15
Binary-mask A*,1,1428.5453813665658,63670,618.8521999999921,0.6477462437395659,0.3522537562604341,nan,nan,nan,-0.009302766602856283,554,22529065_15
Soft-probability A*,1,1435.373808491312,82343,847.7841999999782,0.9443521594684385,0.055647840531561465,nan,nan,nan,-0.004567247557273924,554,22529065_15
Clearance-aware A*,1,1449.8590898655507,80806,817.4420999999938,0.9819078947368421,0.018092105263157854,nan,nan,nan,0.005478305331434089,554,22529065_15
URA-style A*,1,1450.2022356160583,75746,764.0657000000601,0.9761904761904762,0.023809523809523836,nan,nan,nan,0.005716277152360517,554,22529065_15
GT Oracle A*,1,1441.959594928939,97790,960.8580999999958,1.0,0.0,nan,nan,nan,0.0,554,22529065_15
Topology+Risk A*,1,1453.2733034279238,85201,861.9752999999264,0.985233798195242,0.014766201804757961,nan,nan,nan,0.007846064854225268,554,22529065_15
Binary-mask A*,1,2772.2308063157457,117373,825.8054000000357,0.3228114478114478,0.6771885521885521,nan,nan,nan,-0.014563679372195193,555,22529065_15
Soft-probability A*,1,2784.6155826265954,153833,1235.6033999999454,0.9538396978598406,0.046160302140159426,nan,nan,nan,-0.0101613011965549,555,22529065_15
Clearance-aware A*,1,2818.9831149947395,156731,1355.3141999999525,0.9724425887265136,0.027557411273486432,nan,nan,nan,0.0020552193647073442,555,22529065_15
URA-style A*,1,2840.3140674364267,154257,1313.0135999999766,0.9921810699588477,0.007818930041152305,nan,nan,nan,0.009637667132668861,555,22529065_15
GT Oracle A*,1,2813.2013690642175,111538,778.8301000000502,1.0,0.0,nan,nan,nan,0.0,555,22529065_15
Topology+Risk A*,1,2822.0541828066043,157520,1333.0496999999468,0.9737061769616027,0.026293823038397335,nan,nan,nan,0.0031468823525177083,555,22529065_15
Binary-mask A*,0,nan,0,0.0,nan,nan,nan,nan,nan,nan,556,22529065_15
Soft-probability A*,0,nan,0,0.0,nan,nan,nan,nan,nan,nan,556,22529065_15
Clearance-aware A*,0,nan,0,0.0,nan,nan,nan,nan,nan,nan,556,22529065_15
URA-style A*,0,nan,0,0.0,nan,nan,nan,nan,nan,nan,556,22529065_15
GT Oracle A*,1,2248.081528017122,88686,736.7287999999235,1.0,0.0,nan,nan,nan,0.0,556,22529065_15
Topology+Risk A*,0,nan,0,0.0,nan,nan,nan,nan,nan,nan,556,22529065_15
Binary-mask A*,0,nan,0,0.0,nan,nan,nan,nan,nan,nan,557,22529065_15
Soft-probability A*,0,nan,0,0.0,nan,nan,nan,nan,nan,nan,557,22529065_15
Clearance-aware A*,0,nan,0,0.0,nan,nan,nan,nan,nan,nan,557,22529065_15
URA-style A*,0,nan,0,0.0,nan,nan,nan,nan,nan,nan,557,22529065_15
GT Oracle A*,1,4365.741699796827,142010,1209.478499999932,1.0,0.0,nan,nan,nan,0.0,557,22529065_15
Topology+Risk A*,1,4373.967096541239,168371,1425.6745000000137,0.9783432593394694,0.021656740660530582,nan,nan,nan,0.0018840777375342503,557,22529065_15
Binary-mask A*,0,nan,0,0.0,nan,nan,nan,nan,nan,nan,558,22529065_15
Soft-probability A*,0,nan,0,0.0,nan,nan,nan,nan,nan,nan,558,22529065_15
Clearance-aware A*,0,nan,0,0.0,nan,nan,nan,nan,nan,nan,558,22529065_15
URA-style A*,0,nan,0,0.0,nan,nan,nan,nan,nan,nan,558,22529065_15
GT Oracle A*,1,2939.078569424236,131176,1049.6548999999504,1.0,0.0,nan,nan,nan,0.0,558,22529065_15
Topology+Risk A*,0,nan,0,0.0,nan,nan,nan,nan,nan,nan,558,22529065_15
Binary-mask A*,0,nan,0,0.0,nan,nan,nan,nan,nan,nan,559,22529065_15
Soft-probability A*,0,nan,0,0.0,nan,nan,nan,nan,nan,nan,559,22529065_15
Clearance-aware A*,0,nan,0,0.0,nan,nan,nan,nan,nan,nan,559,22529065_15
URA-style A*,0,nan,0,0.0,nan,nan,nan,nan,nan,nan,559,22529065_15
GT Oracle A*,1,4820.2118292694795,139128,1177.2024000000556,1.0,0.0,nan,nan,nan,0.0,559,22529065_15
Topology+Risk A*,0,nan,0,0.0,nan,nan,nan,nan,nan,nan,559,22529065_15
Binary-mask A*,0,nan,0,0.0,nan,nan,nan,nan,nan,nan,560,22529065_15
Soft-probability A*,0,nan,0,0.0,nan,nan,nan,nan,nan,nan,560,22529065_15
Clearance-aware A*,0,nan,0,0.0,nan,nan,nan,nan,nan,nan,560,22529065_15
URA-style A*,0,nan,0,0.0,nan,nan,nan,nan,nan,nan,560,22529065_15
GT Oracle A*,1,3522.240041031675,103851,828.5986000000776,1.0,0.0,nan,nan,nan,0.0,560,22529065_15
Topology+Risk A*,0,nan,0,0.0,nan,nan,nan,nan,nan,nan,560,22529065_15
Binary-mask A*,0,nan,0,0.0,nan,nan,nan,nan,nan,nan,561,22529065_15
Soft-probability A*,0,nan,0,0.0,nan,nan,nan,nan,nan,nan,561,22529065_15
Clearance-aware A*,0,nan,0,0.0,nan,nan,nan,nan,nan,nan,561,22529065_15
URA-style A*,0,nan,0,0.0,nan,nan,nan,nan,nan,nan,561,22529065_15
GT Oracle A*,1,4555.310242291764,137394,1107.9796000000215,1.0,0.0,nan,nan,nan,0.0,561,22529065_15
Topology+Risk A*,1,4594.547832344998,189762,1606.667899999934,0.9765826042202779,0.023417395779722128,nan,nan,nan,0.008613593359448982,561,22529065_15
Binary-mask A*,0,nan,0,0.0,nan,nan,nan,nan,nan,nan,562,22529065_15
Soft-probability A*,0,nan,0,0.0,nan,nan,nan,nan,nan,nan,562,22529065_15
Clearance-aware A*,0,nan,0,0.0,nan,nan,nan,nan,nan,nan,562,22529065_15
URA-style A*,0,nan,0,0.0,nan,nan,nan,nan,nan,nan,562,22529065_15
GT Oracle A*,1,4909.1407614576,158695,1286.493500000006,1.0,0.0,nan,nan,nan,0.0,562,22529065_15
Topology+Risk A*,0,nan,0,0.0,nan,nan,nan,nan,nan,nan,562,22529065_15
Binary-mask A*,0,nan,0,0.0,nan,nan,nan,nan,nan,nan,563,22529065_15
Soft-probability A*,0,nan,0,0.0,nan,nan,nan,nan,nan,nan,563,22529065_15
Clearance-aware A*,0,nan,0,0.0,nan,nan,nan,nan,nan,nan,563,22529065_15
URA-style A*,0,nan,0,0.0,nan,nan,nan,nan,nan,nan,563,22529065_15
GT Oracle A*,1,4828.885927461657,161073,1314.3236999999317,1.0,0.0,nan,nan,nan,0.0,563,22529065_15
Topology+Risk A*,0,nan,0,0.0,nan,nan,nan,nan,nan,nan,563,22529065_15
Binary-mask A*,0,nan,0,0.0,nan,nan,nan,nan,nan,nan,564,22529065_15
Soft-probability A*,0,nan,0,0.0,nan,nan,nan,nan,nan,nan,564,22529065_15
Clearance-aware A*,0,nan,0,0.0,nan,nan,nan,nan,nan,nan,564,22529065_15
URA-style A*,0,nan,0,0.0,nan,nan,nan,nan,nan,nan,564,22529065_15
GT Oracle A*,1,5331.338812991595,171880,1371.5822000000344,1.0,0.0,nan,nan,nan,0.0,564,22529065_15
Topology+Risk A*,0,nan,0,0.0,nan,nan,nan,nan,nan,nan,564,22529065_15
Binary-mask A*,0,nan,0,0.0,nan,nan,nan,nan,nan,nan,565,22529065_15
Soft-probability A*,0,nan,0,0.0,nan,nan,nan,nan,nan,nan,565,22529065_15
Clearance-aware A*,0,nan,0,0.0,nan,nan,nan,nan,nan,nan,565,22529065_15
URA-style A*,0,nan,0,0.0,nan,nan,nan,nan,nan,nan,565,22529065_15
GT Oracle A*,1,4108.006635060498,140629,1134.3408000000181,1.0,0.0,nan,nan,nan,0.0,565,22529065_15
Topology+Risk A*,0,nan,0,0.0,nan,nan,nan,nan,nan,nan,565,22529065_15
Binary-mask A*,1,77.31370849898474,600,6.016799999997602,0.9466666666666667,0.053333333333333344,nan,nan,nan,0.0,566,23278915_15
Soft-probability A*,1,77.31370849898474,627,6.80570000008629,1.0,0.0,nan,nan,nan,0.0,566,23278915_15
Clearance-aware A*,1,78.97056274847711,1043,6.961600000067847,1.0,0.0,nan,nan,nan,0.021430277782033005,566,23278915_15
URA-style A*,1,77.31370849898474,800,6.418100000018967,1.0,0.0,nan,nan,nan,0.0,566,23278915_15
GT Oracle A*,1,77.31370849898474,475,4.392300000063187,1.0,0.0,nan,nan,nan,0.0,566,23278915_15
Topology+Risk A*,1,78.97056274847711,1041,10.823500000014974,1.0,0.0,nan,nan,nan,0.021430277782033005,566,23278915_15
Binary-mask A*,1,871.5676759431507,62244,522.4285000000464,0.4294032023289665,0.5705967976710336,nan,nan,nan,-0.015269446899736194,567,23278915_15
Soft-probability A*,1,876.4966081312853,78837,687.2511000000259,0.962536023054755,0.03746397694524495,nan,nan,nan,-0.009700550468873094,567,23278915_15
Clearance-aware A*,1,887.0823945689122,108523,959.9051999999801,0.9687943262411347,0.031205673758865293,nan,nan,nan,0.0022596766270266094,567,23278915_15
URA-style A*,1,888.0113267570466,72043,644.2222999999103,0.981638418079096,0.01836158192090398,nan,nan,nan,0.0033092198038366205,567,23278915_15
GT Oracle A*,1,885.082394568912,45418,352.39389999992454,1.0,0.0,nan,nan,nan,0.0,567,23278915_15
Topology+Risk A*,1,890.4966081312853,105756,946.4176999999836,0.9788135593220338,0.021186440677966156,nan,nan,nan,0.006117185920312272,567,23278915_15
Binary-mask A*,1,249.75230867899768,4508,39.7378000000117,0.6053811659192825,0.3946188340807175,nan,nan,nan,-0.0009705823567019393,568,23278915_15
Soft-probability A*,1,252.23759005323637,5899,50.81130000007761,1.0,0.0,nan,nan,nan,0.0089707439802514,568,23278915_15
Clearance-aware A*,1,255.3086578651018,6753,59.32400000006055,0.9910714285714286,0.008928571428571397,nan,nan,nan,0.021255263406153267,568,23278915_15
URA-style A*,1,258.82337649086327,6295,59.912800000120114,1.0,0.0,nan,nan,nan,0.035314421939848996,568,23278915_15
GT Oracle A*,1,249.99494936611703,3438,26.6414000000168,1.0,0.0,nan,nan,nan,0.0,568,23278915_15
Topology+Risk A*,1,258.48023074035564,6670,57.97480000001087,1.0,0.0,nan,nan,nan,0.03394181120760138,568,23278915_15
Binary-mask A*,1,451.210244842768,9136,70.24209999985942,0.2219020172910663,0.7780979827089337,nan,nan,nan,0.6234612386082151,569,23278915_15
Soft-probability A*,1,451.79603128039497,12361,107.52959999990708,0.9568965517241379,0.0431034482758621,nan,nan,nan,0.6255689070099403,569,23278915_15
Clearance-aware A*,1,455.2102448427681,15934,138.3584999998675,0.9772079772079773,0.022792022792022748,nan,nan,nan,0.6378532986925243,569,23278915_15
URA-style A*,1,458.86709909226056,12392,113.02190000014889,0.9943342776203966,0.005665722379603388,nan,nan,nan,0.6510107152120883,569,23278915_15
GT Oracle A*,1,277.9310242291884,2767,19.916999999850304,1.0,0.0,nan,nan,nan,0.0,569,23278915_15
Topology+Risk A*,1,457.4528855298874,15711,125.12070000002495,0.9886363636363636,0.011363636363636354,nan,nan,nan,0.6459223535716585,569,23278915_15
Binary-mask A*,1,589.6732316404214,12946,114.56640000005791,0.4805491990846682,0.5194508009153318,nan,nan,nan,-0.011280866946012224,570,23278915_15
Soft-probability A*,1,591.6732316404214,15406,130.74710000000778,0.9567198177676538,0.0432801822323462,nan,nan,nan,-0.007927419375385847,570,23278915_15
Clearance-aware A*,1,596.7442994522869,25418,220.86009999998168,0.9683257918552036,0.03167420814479638,nan,nan,nan,0.0005753606417051945,570,23278915_15
URA-style A*,1,596.15851301466,16083,127.5669999999991,0.9682539682539683,0.031746031746031744,nan,nan,nan,-0.0004068414113776982,570,23278915_15
GT Oracle A*,1,596.4011537017793,10005,77.15269999994234,1.0,0.0,nan,nan,nan,0.0,570,23278915_15
Topology+Risk A*,1,596.7442994522869,25063,213.8551999998981,0.9683257918552036,0.03167420814479638,nan,nan,nan,0.0005753606417051945,570,23278915_15
Binary-mask A*,1,307.7766952966378,9774,84.09809999989193,0.7315175097276264,0.2684824902723736,nan,nan,nan,-0.005677434475174857,571,23278915_15
Soft-probability A*,1,309.19090885901096,13274,121.77889999998115,0.875968992248062,0.12403100775193798,nan,nan,nan,-0.0011085880386907903,571,23278915_15
Clearance-aware A*,1,310.0193359837572,16138,146.2619999999788,0.9806201550387597,0.019379844961240345,nan,nan,nan,0.0015677802394015352,571,23278915_15
URA-style A*,1,312.60512242138407,12401,108.2837000001291,0.8697318007662835,0.13026819923371646,nan,nan,nan,0.009921582992668534,571,23278915_15
GT Oracle A*,1,309.53405460951853,6149,54.84090000004471,1.0,0.0,nan,nan,nan,0.0,571,23278915_15
Topology+Risk A*,1,310.60512242138407,15666,120.48170000002756,0.9845559845559846,0.015444015444015413,nan,nan,nan,0.003460258397793093,571,23278915_15
Binary-mask A*,1,1508.4154390516549,67569,549.0739000001668,0.47086614173228347,0.5291338582677165,nan,nan,nan,0.4582641985371181,572,23278915_15
Soft-probability A*,1,1514.0722933011475,85940,750.1898999998957,0.8304552590266876,0.1695447409733124,nan,nan,nan,0.4637329757816443,572,23278915_15
Clearance-aware A*,1,1524.1139238614903,91454,805.904000000055,0.9185591229444009,0.0814408770555991,nan,nan,nan,0.4734407459104693,572,23278915_15
URA-style A*,1,1529.8712831743708,87066,691.7622000000847,0.8426791277258567,0.15732087227414326,nan,nan,nan,0.47900668666308205,572,23278915_15
GT Oracle A*,1,1034.391052434015,26138,214.32600000002822,1.0,0.0,nan,nan,nan,0.0,572,23278915_15
Topology+Risk A*,1,1529.7707781109825,89598,742.9116000000704,0.9063231850117096,0.09367681498829039,nan,nan,nan,0.4789095231549951,572,23278915_15
Binary-mask A*,1,1248.6702730475943,54540,468.973399999868,0.4272818455366098,0.5727181544633901,nan,nan,nan,-0.01778535422658221,573,23278915_15
Soft-probability A*,1,1256.167747730653,75178,677.7063000001817,0.8777777777777778,0.12222222222222223,nan,nan,nan,-0.011887776940592796,573,23278915_15
Clearance-aware A*,1,1267.724096916757,100833,912.0132999998987,0.954864593781344,0.04513540621865597,nan,nan,nan,-0.002797454485362565,573,23278915_15
URA-style A*,1,1277.5230867899804,78923,724.8991999999816,0.8671328671328671,0.13286713286713292,nan,nan,nan,0.00491051420342087,573,23278915_15
GT Oracle A*,1,1271.280446102861,35954,303.85389999992185,1.0,0.0,nan,nan,nan,0.0,573,23278915_15
Topology+Risk A*,1,1270.3098833543838,100521,916.9225000000552,0.943,0.05700000000000005,nan,nan,nan,-0.0007634529040799452,573,23278915_15
Binary-mask A*,1,2233.8237354283483,112928,962.4094000000696,0.42070116861435725,0.5792988313856428,nan,nan,nan,-0.0063018610481232855,574,23278915_15
Soft-probability A*,1,2243.7232303649594,155753,1392.0924000001378,0.8237250554323725,0.1762749445676275,nan,nan,nan,-0.0018981520450100117,574,23278915_15
Clearance-aware A*,1,2261.865365988689,199415,1782.823100000087,0.933993399339934,0.06600660066006603,nan,nan,nan,0.006172227958565255,574,23278915_15
URA-style A*,1,2282.8359287371622,160881,1533.773900000142,0.8396946564885496,0.16030534351145043,nan,nan,nan,0.015500810534457472,574,23278915_15
GT Oracle A*,1,2247.9902576697177,93780,794.3513000000166,1.0,0.0,nan,nan,nan,0.0,574,23278915_15
Topology+Risk A*,1,2269.179074487672,194138,1747.4557999998979,0.9132821075740944,0.08671789242590555,nan,nan,nan,0.009425671105852056,574,23278915_15
Binary-mask A*,0,nan,200001,1747.1126000000368,nan,nan,nan,nan,nan,nan,575,23278915_15
Soft-probability A*,0,nan,200001,1772.8865999999925,nan,nan,nan,nan,nan,nan,575,23278915_15
Clearance-aware A*,0,nan,200001,1872.0984000001408,nan,nan,nan,nan,nan,nan,575,23278915_15
URA-style A*,0,nan,200001,1891.8691999999737,nan,nan,nan,nan,nan,nan,575,23278915_15
GT Oracle A*,1,2298.1222920256837,93419,760.2948999999626,1.0,0.0,nan,nan,nan,0.0,575,23278915_15
Topology+Risk A*,0,nan,200001,1832.0862000000488,nan,nan,nan,nan,nan,nan,575,23278915_15
Binary-mask A*,0,nan,0,0.0,nan,nan,nan,nan,nan,nan,576,23278915_15
Soft-probability A*,0,nan,0,0.0,nan,nan,nan,nan,nan,nan,576,23278915_15
Clearance-aware A*,0,nan,0,0.0,nan,nan,nan,nan,nan,nan,576,23278915_15
URA-style A*,0,nan,0,0.0,nan,nan,nan,nan,nan,nan,576,23278915_15
GT Oracle A*,1,2002.1080066758345,92575,815.3795999999147,1.0,0.0,nan,nan,nan,0.0,576,23278915_15
Topology+Risk A*,0,nan,0,0.0,nan,nan,nan,nan,nan,nan,576,23278915_15
Binary-mask A*,1,1764.3779925734216,108171,969.2517000000862,0.3108399138549892,0.6891600861450108,nan,nan,nan,-0.024376115899988254,577,23278915_15
Soft-probability A*,1,1772.8632739476602,141499,1299.475399999892,0.8720514653323803,0.12794853466761968,nan,nan,nan,-0.019684126311101058,577,23278915_15
Clearance-aware A*,1,1791.2480502585108,190709,1724.053099999992,0.9412181303116147,0.05878186968838528,nan,nan,nan,-0.009518148868512006,577,23278915_15
URA-style A*,1,1822.6033893178383,161989,1505.384499999991,0.8918353105373342,0.10816468946266578,nan,nan,nan,0.007819982648145329,577,23278915_15
GT Oracle A*,1,1808.4612536941072,92111,801.6438000001926,1.0,0.0,nan,nan,nan,0.0,577,23278915_15
Topology+Risk A*,1,1798.3191180703764,189749,1815.715500000124,0.940014114326041,0.059985885673959016,nan,nan,nan,-0.005608157544439342,577,23278915_15
Binary-mask A*,1,1648.6378772032438,111419,1024.4864999999663,0.36736272235112144,0.6326372776488786,nan,nan,nan,-0.011926310593265984,578,23278915_15
Soft-probability A*,1,1654.880517890363,137948,1238.4492000001046,0.7973805855161787,0.20261941448382126,nan,nan,nan,-0.008184925598626458,578,23278915_15
Clearance-aware A*,1,1669.3657992646017,146462,1332.1026000000984,0.9244274809160306,0.07557251908396945,nan,nan,nan,0.0004964989928177496,578,23278915_15
URA-style A*,1,1668.194226389348,133670,1231.0268999999607,0.8027522935779816,0.1972477064220184,nan,nan,nan,-0.00020565661652966076,578,23278915_15
GT Oracle A*,1,1668.5373721398555,86180,696.8741999999111,1.0,0.0,nan,nan,nan,0.0,578,23278915_15
Topology+Risk A*,1,1670.194226389348,144669,1288.1964999999127,0.8908396946564886,0.1091603053435114,nan,nan,nan,0.0009929979856354992,578,23278915_15
Binary-mask A*,0,nan,0,0.0,nan,nan,nan,nan,nan,nan,579,23278915_15
Soft-probability A*,0,nan,0,0.0,nan,nan,nan,nan,nan,nan,579,23278915_15
Clearance-aware A*,0,nan,0,0.0,nan,nan,nan,nan,nan,nan,579,23278915_15
URA-style A*,0,nan,0,0.0,nan,nan,nan,nan,nan,nan,579,23278915_15
GT Oracle A*,1,2193.889752606337,182845,1477.619200000163,1.0,0.0,nan,nan,nan,0.0,579,23278915_15
Topology+Risk A*,0,nan,0,0.0,nan,nan,nan,nan,nan,nan,579,23278915_15
Binary-mask A*,1,1865.7749621930923,77523,649.065900000096,0.5707515233581584,0.4292484766418416,nan,nan,nan,0.01252022524194694,580,23278915_15
Soft-probability A*,1,1872.8460300049578,99267,869.8306000001139,0.9595141700404858,0.04048582995951422,nan,nan,nan,0.016357557888514104,580,23278915_15
Clearance-aware A*,1,1885.230806315808,197978,1885.9572999999727,0.9684351914036265,0.03156480859637345,nan,nan,nan,0.023078538046321238,580,23278915_15
URA-style A*,1,1887.230806315808,108670,985.7449000000997,0.971830985915493,0.028169014084507005,nan,nan,nan,0.024163899620743695,580,23278915_15
GT Oracle A*,1,1842.7038943812265,61171,507.0338999998967,1.0,0.0,nan,nan,nan,0.0,580,23278915_15
Topology+Risk A*,1,1888.645019878181,192474,1770.516999999927,0.9731903485254692,0.02680965147453085,nan,nan,nan,0.024931366150057126,580,23278915_15
Binary-mask A*,1,1843.591196009018,63323,575.5873999999039,0.5381991814461119,0.4618008185538881,nan,nan,nan,-0.038916760613862865,581,23278915_15
Soft-probability A*,1,1847.49069094563,100144,985.3381999998874,0.8152692569870484,0.18473074301295156,nan,nan,nan,-0.03688391340035809,581,23278915_15
Clearance-aware A*,1,1859.1475451951221,150397,1409.0916000000107,0.8280297901150981,0.17197020988490186,nan,nan,nan,-0.030807074203356835,581,23278915_15
URA-style A*,1,1863.0470401317339,118712,1085.8149999999114,0.8132611637347767,0.18673883626522325,nan,nan,nan,-0.028774226989852176,581,23278915_15
GT Oracle A*,1,1918.2429996246278,55989,501.7834000000221,1.0,0.0,nan,nan,nan,0.0,581,23278915_15
Topology+Risk A*,1,1865.3901858822414,152600,1437.4900999998772,0.8225371120107963,0.17746288798920373,nan,nan,nan,-0.027552720772461525,581,23278915_15
Binary-mask A*,1,1755.110965268662,118486,1020.6983000000491,0.29879347054648686,0.7012065294535131,nan,nan,nan,-0.0012900055163657573,582,23278915_15
Soft-probability A*,1,1760.424673767647,176382,1642.6252999999633,0.8618001417434443,0.13819985825655567,nan,nan,nan,0.0017336516145646848,582,23278915_15
Clearance-aware A*,0,nan,200001,1831.749899999977,nan,nan,nan,nan,nan,nan,582,23278915_15
URA-style A*,0,nan,200001,1906.1654999998154,nan,nan,nan,nan,nan,nan,582,23278915_15
GT Oracle A*,1,1757.3779925734216,106329,918.1760999999824,1.0,0.0,nan,nan,nan,0.0,582,23278915_15
Topology+Risk A*,0,nan,200001,1833.456900000101,nan,nan,nan,nan,nan,nan,582,23278915_15
Binary-mask A*,0,nan,200001,1788.6508999999933,nan,nan,nan,nan,nan,nan,583,23278915_15
Soft-probability A*,0,nan,200001,1924.7035000000778,nan,nan,nan,nan,nan,nan,583,23278915_15
Clearance-aware A*,0,nan,200001,1832.8244000001632,nan,nan,nan,nan,nan,nan,583,23278915_15
URA-style A*,0,nan,200001,1866.491700000097,nan,nan,nan,nan,nan,nan,583,23278915_15
GT Oracle A*,1,2267.7455249415525,174174,1470.3770000000986,1.0,0.0,nan,nan,nan,0.0,583,23278915_15
Topology+Risk A*,0,nan,200001,1523.7056000000848,nan,nan,nan,nan,nan,nan,583,23278915_15
Binary-mask A*,1,2172.341412646944,167095,1673.3626000000186,0.2487751769188895,0.7512248230811105,nan,nan,nan,-0.007311473386890364,584,23278915_15
Soft-probability A*,0,nan,200001,2099.0392999999585,nan,nan,nan,nan,nan,nan,584,23278915_15
Clearance-aware A*,0,nan,200001,2078.294700000015,nan,nan,nan,nan,nan,nan,584,23278915_15
URA-style A*,0,nan,200001,2081.6257999999834,nan,nan,nan,nan,nan,nan,584,23278915_15
GT Oracle A*,1,2188.341412646942,122294,1152.4076000000605,1.0,0.0,nan,nan,nan,0.0,584,23278915_15
Topology+Risk A*,0,nan,200001,2140.7321000001502,nan,nan,nan,nan,nan,nan,584,23278915_15
Binary-mask A*,1,2068.4591616530506,156118,1570.2608999999939,0.21505989731888192,0.784940102681118,nan,nan,nan,-0.006782387322333224,585,23278915_15
Soft-probability A*,0,nan,200001,2108.2688000001326,nan,nan,nan,nan,nan,nan,585,23278915_15
Clearance-aware A*,0,nan,200001,2063.960599999973,nan,nan,nan,nan,nan,nan,585,23278915_15
URA-style A*,0,nan,200001,2079.1831000001366,nan,nan,nan,nan,nan,nan,585,23278915_15
GT Oracle A*,1,2082.584053334077,134258,1304.6153000000231,1.0,0.0,nan,nan,nan,0.0,585,23278915_15
Topology+Risk A*,0,nan,200001,2086.5115999999944,nan,nan,nan,nan,nan,nan,585,23278915_15
Binary-mask A*,1,480.4457428549501,5524,34.59149999980582,0.42788461538461536,0.5721153846153846,nan,nan,nan,-0.009949895179766589,586,23278930_15
Soft-probability A*,1,481.85995641732325,7276,46.67029999995975,0.973621103117506,0.026378896882493952,nan,nan,nan,-0.007035638353708171,586,23278930_15
Clearance-aware A*,1,484.10259710444257,8760,57.570899999973335,0.9904306220095693,0.009569377990430672,nan,nan,nan,-0.002414249403183253,586,23278930_15
URA-style A*,1,484.68838354206946,7555,52.69160000011652,0.9952267303102625,0.004773269689737458,nan,nan,nan,-0.001207124701591568,586,23278930_15
GT Oracle A*,1,485.2741699796963,6763,42.619000000058804,1.0,0.0,nan,nan,nan,0.0,586,23278930_15
Topology+Risk A*,1,484.10259710444257,8656,56.70609999992848,0.9904306220095693,0.009569377990430672,nan,nan,nan,-0.002414249403183253,586,23278930_15
Binary-mask A*,1,450.79603128039486,12345,82.85649999993439,0.3804034582132565,0.6195965417867435,nan,nan,nan,-0.00698634185836416,587,23278930_15
Soft-probability A*,1,451.96760415564876,16297,108.65300000000389,0.9799426934097422,0.02005730659025784,nan,nan,nan,-0.004405600711795007,587,23278930_15
Clearance-aware A*,1,454.5533905932757,18111,120.42229999997289,0.9971590909090909,0.0028409090909090606,nan,nan,nan,0.001290370573284577,587,23278930_15
URA-style A*,1,455.9676041556488,15549,104.505300000028,0.9971671388101983,0.0028328611898017497,nan,nan,nan,0.0044056007117951315,587,23278930_15
GT Oracle A*,1,453.96760415564876,9024,57.291300000088086,1.0,0.0,nan,nan,nan,0.0,587,23278930_15
Topology+Risk A*,1,455.96760415564876,17726,117.2548999998071,0.9971671388101983,0.0028328611898017497,nan,nan,nan,0.004405600711795007,587,23278930_15
Binary-mask A*,0,nan,0,0.0,nan,nan,nan,nan,nan,nan,588,23278930_15
Soft-probability A*,0,nan,0,0.0,nan,nan,nan,nan,nan,nan,588,23278930_15
Clearance-aware A*,0,nan,0,0.0,nan,nan,nan,nan,nan,nan,588,23278930_15
URA-style A*,0,nan,0,0.0,nan,nan,nan,nan,nan,nan,588,23278930_15
GT Oracle A*,1,531.6244584051416,18566,115.72640000008505,1.0,0.0,nan,nan,nan,0.0,588,23278930_15
Topology+Risk A*,1,546.3523804664995,42306,283.4714000000531,0.8515981735159818,0.14840182648401823,nan,nan,nan,0.02770362015611793,588,23278930_15
Binary-mask A*,0,nan,0,0.0,nan,nan,nan,nan,nan,nan,589,23278930_15
Soft-probability A*,0,nan,0,0.0,nan,nan,nan,nan,nan,nan,589,23278930_15
Clearance-aware A*,0,nan,0,0.0,nan,nan,nan,nan,nan,nan,589,23278930_15
URA-style A*,0,nan,0,0.0,nan,nan,nan,nan,nan,nan,589,23278930_15
GT Oracle A*,1,255.5756851698609,4048,25.061999999934415,1.0,0.0,nan,nan,nan,0.0,589,23278930_15
Topology+Risk A*,0,nan,0,0.0,nan,nan,nan,nan,nan,nan,589,23278930_15
Binary-mask A*,0,nan,0,0.0,nan,nan,nan,nan,nan,nan,590,23278930_15
Soft-probability A*,0,nan,0,0.0,nan,nan,nan,nan,nan,nan,590,23278930_15
Clearance-aware A*,0,nan,0,0.0,nan,nan,nan,nan,nan,nan,590,23278930_15
URA-style A*,0,nan,0,0.0,nan,nan,nan,nan,nan,nan,590,23278930_15
GT Oracle A*,1,513.1269837220826,8540,52.65570000005937,1.0,0.0,nan,nan,nan,0.0,590,23278930_15
Topology+Risk A*,1,789.484414822465,29081,194.86540000002606,0.9176090468497576,0.08239095315024236,nan,nan,nan,0.5385751283157266,590,23278930_15
Binary-mask A*,0,nan,0,0.0,nan,nan,nan,nan,nan,nan,591,23278930_15
Soft-probability A*,0,nan,0,0.0,nan,nan,nan,nan,nan,nan,591,23278930_15
Clearance-aware A*,0,nan,0,0.0,nan,nan,nan,nan,nan,nan,591,23278930_15
URA-style A*,0,nan,0,0.0,nan,nan,nan,nan,nan,nan,591,23278930_15
GT Oracle A*,1,572.5706345359783,20247,130.0063000001046,1.0,0.0,nan,nan,nan,0.0,591,23278930_15
Topology+Risk A*,0,nan,0,0.0,nan,nan,nan,nan,nan,nan,591,23278930_15
Binary-mask A*,0,nan,0,0.0,nan,nan,nan,nan,nan,nan,592,23278930_15
Soft-probability A*,0,nan,0,0.0,nan,nan,nan,nan,nan,nan,592,23278930_15
Clearance-aware A*,0,nan,0,0.0,nan,nan,nan,nan,nan,nan,592,23278930_15
URA-style A*,0,nan,0,0.0,nan,nan,nan,nan,nan,nan,592,23278930_15
GT Oracle A*,1,1412.8683245815428,61052,399.2203000000245,1.0,0.0,nan,nan,nan,0.0,592,23278930_15
Topology+Risk A*,1,1450.5424227737378,162547,1128.7379000000328,0.9259589652096343,0.07404103479036572,nan,nan,nan,0.026664974744446346,592,23278930_15
Binary-mask A*,0,nan,0,0.0,nan,nan,nan,nan,nan,nan,593,23278930_15
Soft-probability A*,0,nan,0,0.0,nan,nan,nan,nan,nan,nan,593,23278930_15
Clearance-aware A*,0,nan,0,0.0,nan,nan,nan,nan,nan,nan,593,23278930_15
URA-style A*,0,nan,0,0.0,nan,nan,nan,nan,nan,nan,593,23278930_15
GT Oracle A*,1,1773.8826099314178,133040,867.3103999999512,1.0,0.0,nan,nan,nan,0.0,593,23278930_15
Topology+Risk A*,0,nan,200001,1350.1351999998406,nan,nan,nan,nan,nan,nan,593,23278930_15
Binary-mask A*,1,1992.6967517062888,141247,933.7359000001015,0.5561627200971463,0.4438372799028537,nan,nan,nan,-0.010340748916040258,594,23278930_15
Soft-probability A*,1,2008.3536059557814,191345,1368.4319999999843,0.7585791691751956,0.24142083082480437,nan,nan,nan,-0.0025648790363830883,594,23278930_15
Clearance-aware A*,0,nan,200001,1400.2537999999731,nan,nan,nan,nan,nan,nan,594,23278930_15
URA-style A*,1,2033.2236636408707,198646,1374.457399999983,0.768772348033373,0.23122765196662698,nan,nan,nan,0.009786665493392957,594,23278930_15
GT Oracle A*,1,2013.5180361560974,136589,897.9750000000877,1.0,0.0,nan,nan,nan,0.0,594,23278930_15
Topology+Risk A*,0,nan,200001,1404.9012999998922,nan,nan,nan,nan,nan,nan,594,23278930_15
Binary-mask A*,0,nan,0,0.0,nan,nan,nan,nan,nan,nan,595,23278930_15
Soft-probability A*,0,nan,0,0.0,nan,nan,nan,nan,nan,nan,595,23278930_15
Clearance-aware A*,0,nan,0,0.0,nan,nan,nan,nan,nan,nan,595,23278930_15
URA-style A*,0,nan,0,0.0,nan,nan,nan,nan,nan,nan,595,23278930_15
GT Oracle A*,1,1902.1424945612405,153921,1010.1740000000063,1.0,0.0,nan,nan,nan,0.0,595,23278930_15
Topology+Risk A*,0,nan,200001,1411.4362000000256,nan,nan,nan,nan,nan,nan,595,23278930_15
Binary-mask A*,0,nan,0,0.0,nan,nan,nan,nan,nan,nan,596,23278930_15
Soft-probability A*,0,nan,0,0.0,nan,nan,nan,nan,nan,nan,596,23278930_15
Clearance-aware A*,0,nan,0,0.0,nan,nan,nan,nan,nan,nan,596,23278930_15
URA-style A*,0,nan,0,0.0,nan,nan,nan,nan,nan,nan,596,23278930_15
GT Oracle A*,1,1819.1088732276078,95856,660.2831999998671,1.0,0.0,nan,nan,nan,0.0,596,23278930_15
Topology+Risk A*,0,nan,0,0.0,nan,nan,nan,nan,nan,nan,596,23278930_15
Binary-mask A*,1,1363.1109652686623,67394,442.49600000011924,0.5132743362831859,0.48672566371681414,nan,nan,nan,-0.010689146747699609,597,23278930_15
Soft-probability A*,1,1371.1109652686623,88420,615.9400999999889,0.9482926829268292,0.05170731707317078,nan,nan,nan,-0.004882952661029271,597,23278930_15
Clearance-aware A*,1,1381.6967517062892,109516,762.3987000001762,0.9942084942084942,0.00579150579150578,nan,nan,nan,0.0027999386660837703,597,23278930_15
URA-style A*,1,1384.282538143916,83187,599.2364000001089,0.9951876804619827,0.004812319538017307,nan,nan,nan,0.004676635906526474,597,23278930_15
GT Oracle A*,1,1377.83888733002,138714,938.631199999918,1.0,0.0,nan,nan,nan,0.0,597,23278930_15
Topology+Risk A*,1,1383.4541110191699,134182,971.5887999998358,0.9951876804619827,0.004812319538017307,nan,nan,nan,0.004075384822409127,597,23278930_15
Binary-mask A*,0,nan,0,0.0,nan,nan,nan,nan,nan,nan,598,23278930_15
Soft-probability A*,0,nan,0,0.0,nan,nan,nan,nan,nan,nan,598,23278930_15
Clearance-aware A*,0,nan,0,0.0,nan,nan,nan,nan,nan,nan,598,23278930_15
URA-style A*,0,nan,0,0.0,nan,nan,nan,nan,nan,nan,598,23278930_15
GT Oracle A*,1,1456.7749621930923,60969,392.82140000000254,1.0,0.0,nan,nan,nan,0.0,598,23278930_15
Topology+Risk A*,1,1495.5028842544502,148290,1014.9187000001803,0.9954669084315503,0.004533091568449721,nan,nan,nan,0.026584697751157984,598,23278930_15
Binary-mask A*,0,nan,0,0.0,nan,nan,nan,nan,nan,nan,599,23278930_15
Soft-probability A*,0,nan,0,0.0,nan,nan,nan,nan,nan,nan,599,23278930_15
Clearance-aware A*,0,nan,0,0.0,nan,nan,nan,nan,nan,nan,599,23278930_15
URA-style A*,0,nan,0,0.0,nan,nan,nan,nan,nan,nan,599,23278930_15
GT Oracle A*,1,2023.5201281971533,108788,718.257900000026,1.0,0.0,nan,nan,nan,0.0,599,23278930_15
Topology+Risk A*,0,nan,0,0.0,nan,nan,nan,nan,nan,nan,599,23278930_15
Binary-mask A*,1,2386.590329457204,170977,1138.416700000107,0.5434782608695652,0.4565217391304348,nan,nan,nan,0.023407238464013474,600,23278930_15
Soft-probability A*,0,nan,200001,1406.7188999999871,nan,nan,nan,nan,nan,nan,600,23278930_15
Clearance-aware A*,0,nan,200001,1382.9425999999785,nan,nan,nan,nan,nan,nan,600,23278930_15
URA-style A*,0,nan,200001,1401.149900000064,nan,nan,nan,nan,nan,nan,600,23278930_15
GT Oracle A*,1,2332.004543019582,174259,1151.2783000000582,1.0,0.0,nan,nan,nan,0.0,600,23278930_15
Topology+Risk A*,0,nan,200001,1418.3047000001352,nan,nan,nan,nan,nan,nan,600,23278930_15
Binary-mask A*,0,nan,0,0.0,nan,nan,nan,nan,nan,nan,601,23278930_15
Soft-probability A*,0,nan,0,0.0,nan,nan,nan,nan,nan,nan,601,23278930_15
Clearance-aware A*,0,nan,0,0.0,nan,nan,nan,nan,nan,nan,601,23278930_15
URA-style A*,0,nan,0,0.0,nan,nan,nan,nan,nan,nan,601,23278930_15
GT Oracle A*,1,1887.7354236738042,157310,1031.6505000000689,1.0,0.0,nan,nan,nan,0.0,601,23278930_15
Topology+Risk A*,0,nan,0,0.0,nan,nan,nan,nan,nan,nan,601,23278930_15
Binary-mask A*,0,nan,0,0.0,nan,nan,nan,nan,nan,nan,602,23278930_15
Soft-probability A*,0,nan,0,0.0,nan,nan,nan,nan,nan,nan,602,23278930_15
Clearance-aware A*,0,nan,0,0.0,nan,nan,nan,nan,nan,nan,602,23278930_15
URA-style A*,0,nan,0,0.0,nan,nan,nan,nan,nan,nan,602,23278930_15
GT Oracle A*,1,2006.5323215059732,73494,475.8472000000893,1.0,0.0,nan,nan,nan,0.0,602,23278930_15
Topology+Risk A*,0,nan,0,0.0,nan,nan,nan,nan,nan,nan,602,23278930_15
Binary-mask A*,0,nan,0,0.0,nan,nan,nan,nan,nan,nan,603,23278930_15
Soft-probability A*,0,nan,0,0.0,nan,nan,nan,nan,nan,nan,603,23278930_15
Clearance-aware A*,0,nan,0,0.0,nan,nan,nan,nan,nan,nan,603,23278930_15
URA-style A*,0,nan,0,0.0,nan,nan,nan,nan,nan,nan,603,23278930_15
GT Oracle A*,0,nan,200001,1360.6010999999398,nan,nan,nan,nan,nan,nan,603,23278930_15
Topology+Risk A*,0,nan,0,0.0,nan,nan,nan,nan,nan,nan,603,23278930_15
Binary-mask A*,0,nan,0,0.0,nan,nan,nan,nan,nan,nan,604,23278930_15
Soft-probability A*,0,nan,0,0.0,nan,nan,nan,nan,nan,nan,604,23278930_15
Clearance-aware A*,0,nan,0,0.0,nan,nan,nan,nan,nan,nan,604,23278930_15
URA-style A*,0,nan,0,0.0,nan,nan,nan,nan,nan,nan,604,23278930_15
GT Oracle A*,1,2051.86327394766,110418,718.5543000000507,1.0,0.0,nan,nan,nan,0.0,604,23278930_15
Topology+Risk A*,0,nan,200001,1414.8605999998836,nan,nan,nan,nan,nan,nan,604,23278930_15
Binary-mask A*,0,nan,0,0.0,nan,nan,nan,nan,nan,nan,605,23278930_15
Soft-probability A*,0,nan,0,0.0,nan,nan,nan,nan,nan,nan,605,23278930_15
Clearance-aware A*,0,nan,0,0.0,nan,nan,nan,nan,nan,nan,605,23278930_15
URA-style A*,0,nan,0,0.0,nan,nan,nan,nan,nan,nan,605,23278930_15
GT Oracle A*,1,1661.920056409651,80551,574.6536999999989,1.0,0.0,nan,nan,nan,0.0,605,23278930_15
Topology+Risk A*,0,nan,0,0.0,nan,nan,nan,nan,nan,nan,605,23278930_15
Binary-mask A*,1,927.4082963767174,20298,128.6509000001388,0.3356164383561644,0.6643835616438356,nan,nan,nan,-0.031131177438031468,606,23428540_15
Soft-probability A*,1,936.5798692519712,26462,172.6944999998068,0.9135135135135135,0.08648648648648649,nan,nan,nan,-0.021549582096038893,606,23428540_15
Clearance-aware A*,1,951.6509370638369,25581,171.00749999985965,0.9707835325365206,0.02921646746347939,nan,nan,nan,-0.00580475019979446,606,23428540_15
URA-style A*,1,957.3077913133293,24127,159.1581000000133,0.988110964332893,0.011889035667106973,nan,nan,nan,0.00010499822225770756,606,23428540_15
GT Oracle A*,1,957.2072862499409,15806,97.6756000000023,1.0,0.0,nan,nan,nan,0.0,606,23428540_15
Topology+Risk A*,1,957.3077913133293,24766,160.80970000007255,0.9854689564068693,0.014531043593130732,nan,nan,nan,0.00010499822225770756,606,23428540_15
Binary-mask A*,0,nan,0,0.0,nan,nan,nan,nan,nan,nan,607,23428540_15
Soft-probability A*,0,nan,0,0.0,nan,nan,nan,nan,nan,nan,607,23428540_15
Clearance-aware A*,0,nan,0,0.0,nan,nan,nan,nan,nan,nan,607,23428540_15
URA-style A*,0,nan,0,0.0,nan,nan,nan,nan,nan,nan,607,23428540_15
GT Oracle A*,1,702.9158723275408,6207,37.60110000007444,1.0,0.0,nan,nan,nan,0.0,607,23428540_15
Topology+Risk A*,0,nan,0,0.0,nan,nan,nan,nan,nan,nan,607,23428540_15
Binary-mask A*,1,697.6904755831242,11151,70.61269999985598,0.47686832740213525,0.5231316725978647,nan,nan,nan,-0.015480691268572122,608,23428540_15
Soft-probability A*,1,703.589970519736,15194,98.50260000007438,0.9734513274336283,0.026548672566371723,nan,nan,nan,-0.007155843961457698,608,23428540_15
Clearance-aware A*,1,711.1463197058401,15214,98.13050000002477,0.9947183098591549,0.005281690140845119,nan,nan,nan,0.003507010036970184,608,23428540_15
URA-style A*,1,713.9747468305864,14849,96.86260000012226,1.0,0.0,nan,nan,nan,0.00749823711417083,608,23428540_15
GT Oracle A*,1,708.6610383316015,9278,56.81989999993675,1.0,0.0,nan,nan,nan,0.0,608,23428540_15
Topology+Risk A*,1,713.9747468305864,14911,100.52489999998215,1.0,0.0,nan,nan,nan,0.00749823711417083,608,23428540_15
Binary-mask A*,1,562.6072144624383,7396,46.73539999998866,0.5714285714285714,0.4285714285714286,nan,nan,nan,-2.0207141821002396e-16,609,23428540_15
Soft-probability A*,1,562.6072144624384,8693,55.96760000003087,1.0,0.0,nan,nan,nan,0.0,609,23428540_15
Clearance-aware A*,1,562.6072144624384,14447,96.1147999998957,1.0,0.0,nan,nan,nan,0.0,609,23428540_15
URA-style A*,1,562.6072144624384,8180,54.48519999981727,1.0,0.0,nan,nan,nan,0.0,609,23428540_15
GT Oracle A*,1,562.6072144624384,5713,34.90689999989627,1.0,0.0,nan,nan,nan,0.0,609,23428540_15
Topology+Risk A*,1,562.6072144624384,13832,93.16869999997834,1.0,0.0,nan,nan,nan,0.0,609,23428540_15
Binary-mask A*,1,639.6660889654842,14164,92.97319999996034,0.4431818181818182,0.5568181818181819,nan,nan,nan,-0.011457949706410541,610,23428540_15
Soft-probability A*,1,642.4945160902304,20661,139.86819999990985,0.9792452830188679,0.02075471698113207,nan,nan,nan,-0.007086889246531302,610,23428540_15
Clearance-aware A*,1,646.1513703397229,24724,167.08479999988413,0.9849624060150376,0.015037593984962405,nan,nan,nan,-0.0014355748189296225,610,23428540_15
URA-style A*,1,647.9087296526036,29392,200.67199999994045,0.9981308411214953,0.0018691588785046953,nan,nan,nan,0.0012802539677224409,610,23428540_15
GT Oracle A*,1,647.0803025278573,8780,54.87630000015997,1.0,0.0,nan,nan,nan,0.0,610,23428540_15
Topology+Risk A*,1,648.1513703397228,29276,192.75560000005498,0.9943820224719101,0.005617977528089901,nan,nan,nan,0.001655231673227176,610,23428540_15
Binary-mask A*,1,231.56349186104077,3516,22.479400000065652,0.6524064171122995,0.3475935828877005,nan,nan,nan,-0.015546504840929114,611,23428540_15
Soft-probability A*,1,232.97770542341394,4078,26.6950000000179,0.9574468085106383,0.04255319148936165,nan,nan,nan,-0.009534212172553371,611,23428540_15
Clearance-aware A*,1,236.39191898578707,4822,31.662900000128502,1.0,0.0,nan,nan,nan,0.00498074632839514,611,23428540_15
URA-style A*,1,236.63455967290633,3864,26.440699999966455,1.0,0.0,nan,nan,nan,0.006012292668375621,611,23428540_15
GT Oracle A*,1,235.2203461105332,2719,16.825100000005477,1.0,0.0,nan,nan,nan,0.0,611,23428540_15
Topology+Risk A*,1,237.22034611053326,4536,29.72829999998794,1.0,0.0,nan,nan,nan,0.008502665832573131,611,23428540_15
Binary-mask A*,1,968.2245301926431,15301,97.49650000003385,0.31585677749360613,0.6841432225063939,nan,nan,nan,-0.0018117444582151376,612,23428540_15
Soft-probability A*,1,968.81031663027,17278,121.04420000014215,0.9948914431673053,0.005108556832694733,nan,nan,nan,-0.0012078296388100917,612,23428540_15
Clearance-aware A*,1,971.0529573173893,16326,109.13729999992938,0.9948979591836735,0.005102040816326481,nan,nan,nan,0.001104214236836463,612,23428540_15
URA-style A*,1,973.0529573173893,15509,102.49649999991561,1.0,0.0,nan,nan,nan,0.003166108403767309,612,23428540_15
GT Oracle A*,1,969.9818895055238,10986,68.41269999995347,1.0,0.0,nan,nan,nan,0.0,612,23428540_15
Topology+Risk A*,1,971.6387437550162,15770,102.63850000001185,1.0,0.0,nan,nan,nan,0.001708129056241509,612,23428540_15
Binary-mask A*,1,1981.7699115592097,45581,289.91130000008525,0.25831202046035806,0.7416879795396419,nan,nan,nan,-0.010231104130251361,613,23428540_15
Soft-probability A*,1,1988.3556979968366,63660,421.9081000001097,0.9751750477402928,0.024824952259707156,nan,nan,nan,-0.006941919784085056,613,23428540_15
Clearance-aware A*,1,1999.7699115592097,59951,403.77920000014456,0.9898862199747156,0.010113780025284402,nan,nan,nan,-0.0012412410680766033,613,23428540_15
URA-style A*,1,2003.4267658087022,58757,394.07500000015716,0.9955808080808081,0.004419191919191934,nan,nan,nan,0.000585126650882772,613,23428540_15
GT Oracle A*,1,2002.2551929334484,34032,214.4017000000531,1.0,0.0,nan,nan,nan,0.0,613,23428540_15
Topology+Risk A*,1,2004.012552246329,60196,409.4316999999137,0.9955835962145111,0.004416403785488909,nan,nan,nan,0.000877689976324158,613,23428540_15
Binary-mask A*,1,1296.0083681642188,30481,198.94520000002558,0.471976401179941,0.528023598820059,nan,nan,nan,-0.002813689392027427,614,23428540_15
Soft-probability A*,1,1297.4225817265922,37899,253.53629999995064,0.9921414538310412,0.007858546168958758,nan,nan,nan,-0.001725552587268671,614,23428540_15
Clearance-aware A*,1,1300.836795288965,50516,336.6246000000501,0.9970617042115573,0.002938295788442735,nan,nan,nan,0.000901442044496633,614,23428540_15
URA-style A*,1,1301.0794359760844,37195,254.45530000001781,1.0,0.0,nan,nan,nan,0.0010881368047585811,614,23428540_15
GT Oracle A*,1,1299.6652224137113,21932,142.72430000005443,1.0,0.0,nan,nan,nan,0.0,614,23428540_15
Topology+Risk A*,1,1301.6652224137113,49590,327.7820000000702,1.0,0.0,nan,nan,nan,0.0015388578270068977,614,23428540_15
Binary-mask A*,1,1669.738382266632,51496,333.1544000000122,0.4540622627182992,0.5459377372817008,nan,nan,nan,-0.013628862841470846,615,23428540_15
Soft-probability A*,1,1676.9099551418858,67962,451.5638999998828,0.9683018867924529,0.03169811320754712,nan,nan,nan,-0.009392371324412483,615,23428540_15
Clearance-aware A*,1,1687.738382266632,66827,449.55430000004526,0.9850187265917603,0.014981273408239737,nan,nan,nan,-0.002995651880151296,615,23428540_15
URA-style A*,1,1692.5668093913782,69434,485.4023000000325,0.9940253920836445,0.005974607916355512,nan,nan,nan,-0.0001433360896632919,615,23428540_15
GT Oracle A*,1,1692.8094500784975,35142,217.3714000000473,1.0,0.0,nan,nan,nan,0.0,615,23428540_15
Topology+Risk A*,1,1691.9810229537513,68984,476.6012000000046,0.992526158445441,0.007473841554558991,nan,nan,nan,-0.0004893800213058816,615,23428540_15
Binary-mask A*,1,1602.0693347083193,36802,235.37959999998748,0.32304038004750596,0.6769596199524941,nan,nan,nan,-0.0022773834509518015,616,23428540_15
Soft-probability A*,1,1603.4835482706924,45981,310.22729999995136,0.9936708860759493,0.006329113924050667,nan,nan,nan,-0.0013966519961755707,616,23428540_15
Clearance-aware A*,1,1606.8977618330655,61712,419.41410000004,0.9976322020520916,0.0023677979479084232,nan,nan,nan,0.0007296218267537819,616,23428540_15
URA-style A*,1,1607.1404025201848,46117,307.29279999991377,1.0,0.0,nan,nan,nan,0.0008807314547762308,616,23428540_15
GT Oracle A*,1,1605.7261889578117,26497,168.44409999998788,1.0,0.0,nan,nan,nan,0.0,616,23428540_15
Topology+Risk A*,1,1607.7261889578117,59875,399.2296000001261,1.0,0.0,nan,nan,nan,0.0012455423681531218,616,23428540_15
Binary-mask A*,1,1599.6134905856038,41139,265.5833999999686,0.39668769716088326,0.6033123028391167,nan,nan,nan,-0.01563924940941121,617,23428540_15
Soft-probability A*,1,1607.3708498984845,56367,381.7664999999124,0.9584964761158966,0.04150352388410339,nan,nan,nan,-0.010865571217292041,617,23428540_15
Clearance-aware A*,1,1620.199277023231,55505,390.2510999998867,0.9837083010085338,0.016291698991466208,nan,nan,nan,-0.0029712891124386047,617,23428540_15
URA-style A*,1,1625.6134905856038,52526,350.3714000000855,0.9938176197836167,0.0061823802163832875,nan,nan,nan,0.0003604778159360852,617,23428540_15
GT Oracle A*,1,1625.027704147977,30973,195.65400000010413,1.0,0.0,nan,nan,nan,0.0,617,23428540_15
Topology+Risk A*,1,1625.027704147977,56063,371.15240000002814,0.9922660479505027,0.007733952049497339,nan,nan,nan,0.0,617,23428540_15
Binary-mask A*,1,1113.2783540618059,18338,117.16920000003483,0.3436123348017621,0.6563876651982379,nan,nan,nan,-2.0423793799067157e-16,618,23428540_15
Soft-probability A*,1,1113.278354061806,19456,128.8584000001265,1.0,0.0,nan,nan,nan,0.0,618,23428540_15
Clearance-aware A*,1,1113.278354061806,21329,138.11340000006567,0.9922907488986784,0.00770925110132159,nan,nan,nan,0.0,618,23428540_15
URA-style A*,1,1113.278354061806,17840,117.45700000005854,1.0,0.0,nan,nan,nan,0.0,618,23428540_15
GT Oracle A*,1,1113.278354061806,12824,87.81679999992775,1.0,0.0,nan,nan,nan,0.0,618,23428540_15
Topology+Risk A*,1,1113.278354061806,20278,132.5373000001946,0.9955947136563876,0.004405286343612369,nan,nan,nan,0.0,618,23428540_15
Binary-mask A*,1,2025.5272708720906,52015,338.28489999996236,0.42510876320696084,0.5748912367930392,nan,nan,nan,-0.0018021303262824005,619,23428540_15
Soft-probability A*,1,2026.9414844344637,66492,446.78099999987353,0.9950310559006211,0.004968944099378869,nan,nan,nan,-0.0011051932938736875,619,23428540_15
Clearance-aware A*,1,2030.3556979968369,82210,564.0088999998625,0.9981401115933044,0.0018598884066955979,nan,nan,nan,0.0005773615418874764,619,23428540_15
URA-style A*,1,2030.5983386839562,65549,449.6675000000323,1.0,0.0,nan,nan,nan,0.0006969370324087129,619,23428540_15
GT Oracle A*,1,2029.184125121583,29865,188.99820000001455,1.0,0.0,nan,nan,nan,0.0,619,23428540_15
Topology+Risk A*,1,2031.184125121583,78975,642.8779000000304,1.0,0.0,nan,nan,nan,0.000985617803352451,619,23428540_15
Binary-mask A*,1,1569.7190462828742,26628,175.5574000001161,0.2929133858267717,0.7070866141732284,nan,nan,nan,0.0,620,23428540_15
Soft-probability A*,1,1569.7190462828744,28290,192.32790000000932,1.0,0.0,nan,nan,nan,1.448499181950155e-16,620,23428540_15
Clearance-aware A*,1,1569.7190462828744,30649,210.2816999999959,0.9944881889763779,0.005511811023622082,nan,nan,nan,1.448499181950155e-16,620,23428540_15
URA-style A*,1,1569.7190462828744,25094,169.92449999997916,1.0,0.0,nan,nan,nan,1.448499181950155e-16,620,23428540_15
GT Oracle A*,1,1569.7190462828742,18997,120.75479999998606,1.0,0.0,nan,nan,nan,0.0,620,23428540_15
Topology+Risk A*,1,1569.7190462828742,29127,197.88659999994707,0.9968503937007874,0.0031496062992125706,nan,nan,nan,0.0,620,23428540_15
Binary-mask A*,1,2098.1668811788754,36647,237.53560000000107,0.3271196632591702,0.6728803367408298,nan,nan,nan,-0.0017398482031827835,621,23428540_15
Soft-probability A*,1,2099.581094741249,47827,314.2806999999266,0.9951923076923077,0.004807692307692291,nan,nan,nan,-0.0010669975076007577,621,23428540_15
Clearance-aware A*,1,2102.995308303622,54506,363.293399999975,0.9982003599280144,0.001799640071985631,nan,nan,nan,0.0005574077671246401,621,23428540_15
URA-style A*,1,2103.237948990741,41121,276.60439999999653,1.0,0.0,nan,nan,nan,0.0006728506955820257,621,23428540_15
GT Oracle A*,1,2101.8237354283674,26520,172.84790000007888,1.0,0.0,nan,nan,nan,0.0,621,23428540_15
Topology+Risk A*,1,2103.8237354283683,54365,358.9079999999285,1.0,0.0,nan,nan,nan,0.0009515545791442376,621,23428540_15
Binary-mask A*,1,1968.8826099314178,38504,243.28130000003512,0.27496757457846954,0.7250324254215305,nan,nan,nan,-0.005713427700922418,622,23428540_15
Soft-probability A*,1,1972.8826099314178,53117,350.6238999998459,0.9864165588615783,0.013583441138421692,nan,nan,nan,-0.0036934259653517805,622,23428540_15
Clearance-aware A*,1,1979.4683963690447,52403,341.4783999999145,0.9948486799742434,0.005151320025756578,nan,nan,nan,-0.0003676009568258079,622,23428540_15
URA-style A*,1,1980.5394641809103,44999,297.30160000008254,0.9980670103092784,0.0019329896907216426,nan,nan,nan,0.00017328875289474716,622,23428540_15
GT Oracle A*,1,1980.1963184304027,29198,180.34810000017387,1.0,0.0,nan,nan,nan,0.0,622,23428540_15
Topology+Risk A*,1,1981.1252506185372,51950,339.73040000000765,0.9980682549903412,0.0019317450096587585,nan,nan,nan,0.0004691111580647636,622,23428540_15
Binary-mask A*,1,2017.8237354283724,40307,258.9636000000155,0.2814674256799494,0.7185325743200506,nan,nan,nan,-0.005575624525999275,623,23428540_15
Soft-probability A*,1,2021.8237354283724,55554,373.94429999994827,0.9867507886435332,0.013249211356466839,nan,nan,nan,-0.0036043435701572325,623,23428540_15
Clearance-aware A*,1,2028.4095218659993,53900,363.81260000007387,0.9949748743718593,0.005025125628140725,nan,nan,nan,-0.00035873472422305646,623,23428540_15
URA-style A*,1,2029.4805896778648,47071,314.14889999996376,0.9981143934632307,0.0018856065367692798,nan,nan,nan,0.00016910917076342645,623,23428540_15
GT Oracle A*,1,2029.1374439273573,30410,188.30000000002656,1.0,0.0,nan,nan,nan,0.0,623,23428540_15
Topology+Risk A*,1,2030.0663761154917,53510,348.98229999998875,0.9981155778894473,0.0018844221105527303,nan,nan,nan,0.0004577965829345384,623,23428540_15
Binary-mask A*,1,2087.7942981768447,45594,289.2076000000543,0.2618469015795869,0.7381530984204131,nan,nan,nan,-0.009716586724517664,624,23428540_15
Soft-probability A*,1,2094.380084614472,63522,417.1384000001126,0.9764065335753176,0.023593466424682408,nan,nan,nan,-0.006592813909230311,624,23428540_15
Clearance-aware A*,1,2105.208511739217,59784,387.94179999990774,0.9903788334335538,0.009621166566446182,nan,nan,nan,-0.0014566700933086065,624,23428540_15
URA-style A*,1,2109.4511524263366,58192,385.14409999993404,0.9957983193277311,0.004201680672268893,nan,nan,nan,0.0005557009073263925,624,23428540_15
GT Oracle A*,1,2108.2795795510824,34082,211.20570000016414,1.0,0.0,nan,nan,nan,0.0,624,23428540_15
Topology+Risk A*,1,2109.4511524263366,59828,390.2548000000934,0.9957983193277311,0.004201680672268893,nan,nan,nan,0.0005557009073263925,624,23428540_15
Binary-mask A*,1,2059.4805896778635,47655,320.8788000001732,0.2924120913016656,0.7075879086983343,nan,nan,nan,-0.006936215121173003,625,23428540_15
Soft-probability A*,1,2064.894803240236,59889,432.8419999999369,0.985239852398524,0.014760147601476037,nan,nan,nan,-0.004325528019124211,625,23428540_15
Clearance-aware A*,1,2072.309016802608,70535,475.457600000027,0.9938763012859767,0.006123698714023296,nan,nan,nan,-0.0007504581597376272,625,23428540_15
URA-style A*,1,2075.380084614473,57888,399.1384000000835,0.9981640146878825,0.001835985312117483,nan,nan,nan,0.0007303842624517125,625,23428540_15
GT Oracle A*,1,2073.8653659887113,35132,220.20180000004075,1.0,0.0,nan,nan,nan,0.0,625,23428540_15
Topology+Risk A*,1,2075.380084614473,67996,464.444100000037,0.9981640146878825,0.001835985312117483,nan,nan,nan,0.0007303842624517125,625,23428540_15
Binary-mask A*,1,850.788888605458,22512,143.57710000012958,0.39720812182741116,0.6027918781725888,nan,nan,nan,-0.010665109951057322,626,23428810_15
Soft-probability A*,1,852.2031021678313,27759,184.56620000006296,0.9784537389100126,0.021546261089987362,nan,nan,nan,-0.00902059996982147,626,23428810_15
Clearance-aware A*,1,856.6883835420699,27838,196.7783000000054,0.9860935524652339,0.013906447534766109,nan,nan,nan,-0.0038049167202500716,626,23428810_15
URA-style A*,1,863.0315292925775,24240,161.0944000001382,0.9974968710888611,0.0025031289111389077,nan,nan,nan,0.003571173268335811,626,23428810_15
GT Oracle A*,1,859.9604614807118,20977,136.62279999994098,1.0,0.0,nan,nan,nan,0.0,626,23428810_15
Topology+Risk A*,1,859.2741699796968,27406,182.80860000004395,0.9911838790931989,0.008816120906801062,nan,nan,nan,-0.0007980500636428707,626,23428810_15
Binary-mask A*,1,285.56349186104137,4564,29.02700000004188,0.3236514522821577,0.6763485477178424,nan,nan,nan,-0.07680490734044523,627,23428810_15
Soft-probability A*,1,286.7350647362952,6023,44.33829999993577,0.8395061728395061,0.16049382716049387,nan,nan,nan,-0.07301734219309891,627,23428810_15
Clearance-aware A*,1,291.90663761154906,6436,42.672099999890634,0.9116465863453815,0.08835341365461846,nan,nan,nan,-0.05629822075131154,627,23428810_15
URA-style A*,1,293.90663761154906,5514,36.626000000069325,0.896414342629482,0.10358565737051795,nan,nan,nan,-0.049832442604091004,627,23428810_15
GT Oracle A*,1,309.3208511739221,4915,30.65839999999298,1.0,0.0,nan,nan,nan,0.0,627,23428810_15
Topology+Risk A*,1,292.49242404917595,6207,40.98030000000108,0.912,0.08799999999999997,nan,nan,nan,-0.05440443817763847,627,23428810_15
Binary-mask A*,1,544.7350647362952,14733,96.44260000004579,0.7664670658682635,0.23353293413173648,nan,nan,nan,-0.01612698719391933,628,23428810_15
Soft-probability A*,1,549.5634918610415,18632,126.85030000011466,0.9702970297029703,0.02970297029702973,nan,nan,nan,-0.00740612553130816,628,23428810_15
Clearance-aware A*,1,557.3624817342649,17730,120.37279999981365,0.980276134122288,0.01972386587771202,nan,nan,nan,0.006680016815939085,628,23428810_15
URA-style A*,1,562.9777054234146,16916,114.92139999995743,0.9980694980694981,0.0019305019305019266,nan,nan,nan,0.01682195076927895,628,23428810_15
GT Oracle A*,1,553.6639969244296,11437,71.988200000078,1.0,0.0,nan,nan,nan,0.0,628,23428810_15
Topology+Risk A*,1,561.1198410471457,17224,116.88649999996414,0.98828125,0.01171875,nan,nan,nan,0.01346636979130447,628,23428810_15
Binary-mask A*,0,nan,0,0.0,nan,nan,nan,nan,nan,nan,629,23428810_15
Soft-probability A*,0,nan,0,0.0,nan,nan,nan,nan,nan,nan,629,23428810_15
Clearance-aware A*,0,nan,0,0.0,nan,nan,nan,nan,nan,nan,629,23428810_15
URA-style A*,0,nan,0,0.0,nan,nan,nan,nan,nan,nan,629,23428810_15
GT Oracle A*,1,726.303607231219,11637,74.46920000006685,1.0,0.0,nan,nan,nan,0.0,629,23428810_15
Topology+Risk A*,0,nan,0,0.0,nan,nan,nan,nan,nan,nan,629,23428810_15
Binary-mask A*,0,nan,0,0.0,nan,nan,nan,nan,nan,nan,630,23428810_15
Soft-probability A*,0,nan,0,0.0,nan,nan,nan,nan,nan,nan,630,23428810_15
Clearance-aware A*,0,nan,0,0.0,nan,nan,nan,nan,nan,nan,630,23428810_15
URA-style A*,0,nan,0,0.0,nan,nan,nan,nan,nan,nan,630,23428810_15
GT Oracle A*,1,789.5655839020964,12620,79.59550000009585,1.0,0.0,nan,nan,nan,0.0,630,23428810_15
Topology+Risk A*,0,nan,0,0.0,nan,nan,nan,nan,nan,nan,630,23428810_15
Binary-mask A*,1,892.0020920410545,19156,119.61590000009892,0.4520048602673147,0.5479951397326853,nan,nan,nan,-0.010820357134300747,631,23428810_15
Soft-probability A*,1,894.8305191658009,25103,165.08270000008451,0.9842424242424243,0.015757575757575748,nan,nan,nan,-0.007683792144047946,631,23428810_15
Clearance-aware A*,1,900.9726547895319,29858,198.56479999998555,0.9879081015719468,0.01209189842805325,nan,nan,nan,-0.0008725126897444364,631,23428810_15
URA-style A*,1,907.9015869776663,22743,148.7889999998515,0.9964114832535885,0.0035885167464114742,nan,nan,nan,0.0068112794543035106,631,23428810_15
GT Oracle A*,1,901.7594513539352,15133,97.61239999988902,1.0,0.0,nan,nan,nan,0.0,631,23428810_15
Topology+Risk A*,1,904.1442276647857,29098,191.14089999993666,0.9939831528279182,0.006016847172081841,nan,nan,nan,0.002644581442722786,631,23428810_15
Binary-mask A*,1,959.102597104443,18472,122.52599999987979,0.49384098544232924,0.5061590145576708,nan,nan,nan,-0.004153243914019082,632,23428810_15
Soft-probability A*,1,962.1736649163086,23310,154.55280000014682,0.9944071588366891,0.005592841163310935,nan,nan,nan,-0.0009645204892264767,632,23428810_15
Clearance-aware A*,1,966.0731598529203,26811,179.078299999901,0.9664804469273743,0.03351955307262566,nan,nan,nan,0.0030843679140812627,632,23428810_15
URA-style A*,1,970.4163056034279,19890,131.69649999986177,0.9900110987791343,0.009988901220865709,nan,nan,nan,0.007593903828079618,632,23428810_15
GT Oracle A*,1,963.102597104443,16838,104.6744000000217,1.0,0.0,nan,nan,nan,0.0,632,23428810_15
Topology+Risk A*,1,967.830519165801,26411,174.49150000015834,0.9888641425389755,0.011135857461024523,nan,nan,nan,0.004909053381822874,632,23428810_15
Binary-mask A*,1,993.8599564173236,20807,132.68479999987903,0.4542518837459634,0.5457481162540365,nan,nan,nan,-0.0034235455656518366,633,23428810_15
Soft-probability A*,1,994.6883835420699,27466,185.8073000000786,0.9946178686759957,0.005382131324004336,nan,nan,nan,-0.002592854117217759,633,23428810_15
Clearance-aware A*,1,996.3452377915623,30865,205.52889999999024,0.9946178686759957,0.005382131324004336,nan,nan,nan,-0.0009314712203498321,633,23428810_15
URA-style A*,1,999.5168106668161,23855,158.22370000000774,0.9978563772775991,0.002143622722400873,nan,nan,nan,0.002248770453129344,633,23428810_15
GT Oracle A*,1,997.2741699796967,18040,112.67629999997553,1.0,0.0,nan,nan,nan,0.0,633,23428810_15
Topology+Risk A*,1,998.3452377915623,30213,206.69180000004417,0.9967776584317938,0.0032223415682062218,nan,nan,nan,0.0010739953406067378,633,23428810_15
Binary-mask A*,0,nan,0,0.0,nan,nan,nan,nan,nan,nan,634,23428810_15
Soft-probability A*,0,nan,0,0.0,nan,nan,nan,nan,nan,nan,634,23428810_15
Clearance-aware A*,0,nan,0,0.0,nan,nan,nan,nan,nan,nan,634,23428810_15
URA-style A*,0,nan,0,0.0,nan,nan,nan,nan,nan,nan,634,23428810_15
GT Oracle A*,1,1157.9503602129462,14830,95.22349999997459,1.0,0.0,nan,nan,nan,0.0,634,23428810_15
Topology+Risk A*,0,nan,0,0.0,nan,nan,nan,nan,nan,nan,634,23428810_15
Binary-mask A*,0,nan,0,0.0,nan,nan,nan,nan,nan,nan,635,23428810_15
Soft-probability A*,0,nan,0,0.0,nan,nan,nan,nan,nan,nan,635,23428810_15
Clearance-aware A*,0,nan,0,0.0,nan,nan,nan,nan,nan,nan,635,23428810_15
URA-style A*,0,nan,0,0.0,nan,nan,nan,nan,nan,nan,635,23428810_15
GT Oracle A*,1,1152.7909806465125,9866,62.07000000017615,1.0,0.0,nan,nan,nan,0.0,635,23428810_15
Topology+Risk A*,0,nan,0,0.0,nan,nan,nan,nan,nan,nan,635,23428810_15
Binary-mask A*,0,nan,0,0.0,nan,nan,nan,nan,nan,nan,636,23428810_15
Soft-probability A*,0,nan,0,0.0,nan,nan,nan,nan,nan,nan,636,23428810_15
Clearance-aware A*,0,nan,0,0.0,nan,nan,nan,nan,nan,nan,636,23428810_15
URA-style A*,0,nan,0,0.0,nan,nan,nan,nan,nan,nan,636,23428810_15
GT Oracle A*,1,1824.408296376717,32229,209.19409999987693,1.0,0.0,nan,nan,nan,0.0,636,23428810_15
Topology+Risk A*,0,nan,0,0.0,nan,nan,nan,nan,nan,nan,636,23428810_15
Binary-mask A*,0,nan,0,0.0,nan,nan,nan,nan,nan,nan,637,23428810_15
Soft-probability A*,0,nan,0,0.0,nan,nan,nan,nan,nan,nan,637,23428810_15
Clearance-aware A*,0,nan,0,0.0,nan,nan,nan,nan,nan,nan,637,23428810_15
URA-style A*,0,nan,0,0.0,nan,nan,nan,nan,nan,nan,637,23428810_15
GT Oracle A*,1,1283.0386719675148,25246,161.21369999996205,1.0,0.0,nan,nan,nan,0.0,637,23428810_15
Topology+Risk A*,0,nan,0,0.0,nan,nan,nan,nan,nan,nan,637,23428810_15
Binary-mask A*,0,nan,0,0.0,nan,nan,nan,nan,nan,nan,638,23428810_15
Soft-probability A*,0,nan,0,0.0,nan,nan,nan,nan,nan,nan,638,23428810_15
Clearance-aware A*,0,nan,0,0.0,nan,nan,nan,nan,nan,nan,638,23428810_15
URA-style A*,0,nan,0,0.0,nan,nan,nan,nan,nan,nan,638,23428810_15
GT Oracle A*,1,1080.4163056034279,24282,153.18299999989904,1.0,0.0,nan,nan,nan,0.0,638,23428810_15
Topology+Risk A*,0,nan,0,0.0,nan,nan,nan,nan,nan,nan,638,23428810_15
Binary-mask A*,1,75.41421356237309,150,1.0893999999552761,1.0,0.0,nan,nan,nan,0.0,639,23429080_15
Soft-probability A*,1,75.41421356237309,190,1.3832000001912093,1.0,0.0,nan,nan,nan,0.0,639,23429080_15
Clearance-aware A*,1,75.41421356237309,716,4.642000000103508,1.0,0.0,nan,nan,nan,0.0,639,23429080_15
URA-style A*,1,75.41421356237309,416,3.0595000000630534,1.0,0.0,nan,nan,nan,0.0,639,23429080_15
GT Oracle A*,1,75.41421356237309,150,1.136600000108956,1.0,0.0,nan,nan,nan,0.0,639,23429080_15
Topology+Risk A*,1,75.41421356237309,716,4.907600000024104,1.0,0.0,nan,nan,nan,0.0,639,23429080_15
Binary-mask A*,1,694.7838379715748,24858,170.54159999997864,0.2802653399668325,0.7197346600331676,nan,nan,nan,-0.04524990289906242,640,23429080_15
Soft-probability A*,1,698.198051533948,31068,228.47470000010617,0.8976897689768977,0.10231023102310233,nan,nan,nan,-0.04055819800892574,640,23429080_15
Clearance-aware A*,1,704.3401871576791,40088,271.24959999991916,0.9161184210526315,0.08388157894736847,nan,nan,nan,-0.03211786842341762,640,23429080_15
URA-style A*,1,741.5117600329329,33062,223.98659999998927,0.9411764705882353,0.05882352941176472,nan,nan,nan,0.018962137864084835,640,23429080_15
GT Oracle A*,1,727.7127701597094,21073,164.09260000000359,1.0,0.0,nan,nan,nan,0.0,640,23429080_15
Topology+Risk A*,1,707.5117600329329,41084,285.316899999998,0.923202614379085,0.07679738562091498,nan,nan,nan,-0.027759592733741695,640,23429080_15
Binary-mask A*,1,573.7422074112325,28193,184.24129999993966,0.5480572597137015,0.45194274028629855,nan,nan,nan,-0.011761578554870995,641,23429080_15
Soft-probability A*,1,577.9848480983519,37036,256.2950000001365,0.9817073170731707,0.018292682926829285,nan,nan,nan,-0.004453870526354594,641,23429080_15
Clearance-aware A*,1,583.0559159102174,42464,301.0627999999542,0.9939393939393939,0.0060606060606061,nan,nan,nan,0.0042807562532423205,641,23429080_15
URA-style A*,1,585.6417023478443,35470,248.67539999991095,1.0,0.0,nan,nan,nan,0.00873462677959711,641,23429080_15
GT Oracle A*,1,580.5706345359787,28151,183.9365999999245,1.0,0.0,nan,nan,nan,0.0,641,23429080_15
Topology+Risk A*,1,585.0559159102174,42201,324.2058000000725,1.0,0.0,nan,nan,nan,0.00772564285450575,641,23429080_15
Binary-mask A*,0,nan,0,0.0,nan,nan,nan,nan,nan,nan,642,23429080_15
Soft-probability A*,0,nan,0,0.0,nan,nan,nan,nan,nan,nan,642,23429080_15
Clearance-aware A*,0,nan,0,0.0,nan,nan,nan,nan,nan,nan,642,23429080_15
URA-style A*,0,nan,0,0.0,nan,nan,nan,nan,nan,nan,642,23429080_15
GT Oracle A*,1,393.0121933088199,10042,63.688700000057,1.0,0.0,nan,nan,nan,0.0,642,23429080_15
Topology+Risk A*,0,nan,0,0.0,nan,nan,nan,nan,nan,nan,642,23429080_15
Binary-mask A*,1,472.2253967444165,12998,83.1914999998844,0.421978021978022,0.578021978021978,nan,nan,nan,-0.0037076439816056154,643,23429080_15
Soft-probability A*,1,472.81118318204346,15882,110.07310000013604,0.9956140350877193,0.004385964912280715,nan,nan,nan,-0.002471762654403624,643,23429080_15
Clearance-aware A*,1,474.22539674441657,22525,155.46840000001794,0.9956236323851203,0.004376367614879695,nan,nan,nan,0.0005119188072108782,643,23429080_15
URA-style A*,1,475.74011537017793,15637,110.10360000000219,1.0,0.0,nan,nan,nan,0.0037076439816057355,643,23429080_15
GT Oracle A*,1,473.9827560572972,11906,75.85390000008374,1.0,0.0,nan,nan,nan,0.0,643,23429080_15
Topology+Risk A*,1,474.81118318204346,21916,151.38610000008157,0.9978165938864629,0.0021834061135370675,nan,nan,nan,0.0017478001344127501,643,23429080_15
Binary-mask A*,1,313.62236636408693,6501,42.17659999994794,0.4014336917562724,0.5985663082437276,nan,nan,nan,0.01577334824126727,644,23429080_15
Soft-probability A*,1,318.10764773832557,9002,60.13559999996687,0.9750889679715302,0.02491103202846978,nan,nan,nan,0.03030046673773777,644,23429080_15
Clearance-aware A*,1,323.42135623731036,11145,75.16630000009172,0.9823321554770318,0.017667844522968212,nan,nan,nan,0.04751072994749186,644,23429080_15
URA-style A*,1,327.07821048680285,10540,69.70079999996415,1.0,0.0,nan,nan,nan,0.05935470373067877,644,23429080_15
GT Oracle A*,1,308.75230867899785,5061,32.19869999998082,1.0,0.0,nan,nan,nan,0.0,644,23429080_15
Topology+Risk A*,1,325.6639969244297,11528,75.87120000016512,0.9929577464788732,0.007042253521126751,nan,nan,nan,0.054774289195727105,644,23429080_15
Binary-mask A*,0,nan,0,0.0,nan,nan,nan,nan,nan,nan,645,23429080_15
Soft-probability A*,0,nan,0,0.0,nan,nan,nan,nan,nan,nan,645,23429080_15
Clearance-aware A*,0,nan,0,0.0,nan,nan,nan,nan,nan,nan,645,23429080_15
URA-style A*,0,nan,0,0.0,nan,nan,nan,nan,nan,nan,645,23429080_15
GT Oracle A*,1,1022.986940139407,49381,314.8702000000867,1.0,0.0,nan,nan,nan,0.0,645,23429080_15
Topology+Risk A*,0,nan,0,0.0,nan,nan,nan,nan,nan,nan,645,23429080_15
Binary-mask A*,1,1380.8772003600263,99660,666.5826000000834,0.6129032258064516,0.3870967741935484,nan,nan,nan,-0.002291518143425021,646,23429080_15
Soft-probability A*,1,1383.9482681718919,119024,831.4751999998862,0.9910044977511244,0.008995502248875575,nan,nan,nan,-7.26167063847897e-05,646,23429080_15
Clearance-aware A*,1,1389.2619766708767,160231,1171.5579000001526,0.9917664670658682,0.00823353293413176,nan,nan,nan,0.003766632749083318,646,23429080_15
URA-style A*,1,1393.9482681718919,120277,865.9150000000864,0.9977678571428571,0.0022321428571429047,nan,nan,nan,0.0071525621987086506,646,23429080_15
GT Oracle A*,1,1384.0487732352801,90283,595.629499999859,1.0,0.0,nan,nan,nan,0.0,646,23429080_15
Topology+Risk A*,1,1391.6051224213843,161233,1126.5189999999166,0.994776119402985,0.0052238805970149516,nan,nan,nan,0.005459597473895984,646,23429080_15
Binary-mask A*,0,nan,0,0.0,nan,nan,nan,nan,nan,nan,647,23429080_15
Soft-probability A*,0,nan,0,0.0,nan,nan,nan,nan,nan,nan,647,23429080_15
Clearance-aware A*,0,nan,0,0.0,nan,nan,nan,nan,nan,nan,647,23429080_15
URA-style A*,0,nan,0,0.0,nan,nan,nan,nan,nan,nan,647,23429080_15
GT Oracle A*,1,1806.4356415871853,124169,848.4906999999566,1.0,0.0,nan,nan,nan,0.0,647,23429080_15
Topology+Risk A*,0,nan,0,0.0,nan,nan,nan,nan,nan,nan,647,23429080_15
Binary-mask A*,1,1304.818325856981,76719,514.8475999999391,0.6551724137931034,0.3448275862068966,nan,nan,nan,-0.004393000250217887,648,23429080_15
Soft-probability A*,1,1308.4751801064735,101117,714.8374000000786,0.9959967974379503,0.004003202562049668,nan,nan,nan,-0.0016027346510062747,648,23429080_15
Clearance-aware A*,1,1311.7888886054582,164889,1173.37590000011,0.9959967974379503,0.004003202562049668,nan,nan,nan,0.0009257026887686809,648,23429080_15
URA-style A*,1,1313.3036072312198,116274,839.3588000001273,0.9992019154030327,0.0007980845969672856,nan,nan,nan,0.0020814685425852566,648,23429080_15
GT Oracle A*,1,1310.5756851698616,66790,450.2839000001586,1.0,0.0,nan,nan,nan,0.0,648,23429080_15
Topology+Risk A*,1,1312.9604614807122,160695,1121.470299999828,0.9976019184652278,0.0023980815347721673,nan,nan,nan,0.0018196402831489465,648,23429080_15
Binary-mask A*,1,1302.2569260369935,77999,521.9789999998738,0.7155737704918033,0.28442622950819674,nan,nan,nan,-0.027472438684030934,649,23429080_15
Soft-probability A*,1,1309.043722601397,98475,698.8075000001572,0.9764801297648013,0.023519870235198748,nan,nan,nan,-0.022404048123027813,649,23429080_15
Clearance-aware A*,1,1319.4701294725903,139121,972.609200000079,0.9723801787164906,0.02761982128350937,nan,nan,nan,-0.014617590746611637,649,23429080_15
URA-style A*,1,1338.9432175380089,100330,700.6367999999839,0.9865079365079366,0.013492063492063444,nan,nan,nan,-7.505734255844417e-05,649,23429080_15
GT Oracle A*,1,1339.043722601397,68209,483.17440000005263,1.0,0.0,nan,nan,nan,0.0,649,23429080_15
Topology+Risk A*,1,1326.0559159102172,136937,954.0927999998985,0.9789983844911146,0.021001615508885352,nan,nan,nan,-0.009699314870725742,649,23429080_15
Binary-mask A*,1,1448.643794388899,144750,985.6833999999708,0.5329202168861348,0.4670797831138652,nan,nan,nan,-0.022744636659456963,650,23429080_15
Soft-probability A*,1,1455.2295808265262,181743,1299.329299999954,0.9583975346687211,0.04160246533127887,nan,nan,nan,-0.018301863948238815,650,23429080_15
Clearance-aware A*,0,nan,200001,1423.1525000000147,nan,nan,nan,nan,nan,nan,650,23429080_15
URA-style A*,1,1482.3767670841398,182815,1308.712099999866,0.977037037037037,0.022962962962962963,nan,nan,nan,1.1632766838046489e-05,650,23429080_15
GT Oracle A*,1,1482.359523141437,132655,895.3717000001689,1.0,0.0,nan,nan,nan,0.0,650,23429080_15
Topology+Risk A*,0,nan,200001,1427.3233000001255,nan,nan,nan,nan,nan,nan,650,23429080_15
Binary-mask A*,1,969.2539674441662,32455,221.92999999992935,0.5444162436548223,0.45558375634517767,nan,nan,nan,-0.008288195625283492,651,23429080_15
Soft-probability A*,1,973.011326757047,40718,281.91930000002685,0.987389659520807,0.01261034047919296,nan,nan,nan,-0.004443777434572495,651,23429080_15
Clearance-aware A*,1,975.2539674441663,74567,525.282099999913,0.9899244332493703,0.010075566750629705,nan,nan,nan,-0.0021491742479052486,651,23429080_15
URA-style A*,1,979.8397538817932,56566,390.84840000009535,0.9937421777221527,0.006257822277847325,nan,nan,nan,0.0025428659142084486,651,23429080_15
GT Oracle A*,1,977.3544725075545,27495,182.30470000003152,1.0,0.0,nan,nan,nan,0.0,651,23429080_15
Topology+Risk A*,1,978.6681810065394,75545,520.187599999872,0.9912170639899623,0.008782936010037656,nan,nan,nan,0.0013441474264852228,651,23429080_15
Binary-mask A*,0,nan,200001,1424.1460000000643,nan,nan,nan,nan,nan,nan,652,23429080_15
Soft-probability A*,0,nan,200001,1432.2603999999046,nan,nan,nan,nan,nan,nan,652,23429080_15
Clearance-aware A*,0,nan,200001,1448.0066000000988,nan,nan,nan,nan,nan,nan,652,23429080_15
URA-style A*,0,nan,200001,1462.164199999961,nan,nan,nan,nan,nan,nan,652,23429080_15
GT Oracle A*,0,nan,200001,1420.8415999999033,nan,nan,nan,nan,nan,nan,652,23429080_15
Topology+Risk A*,0,nan,200001,1441.1771000000044,nan,nan,nan,nan,nan,nan,652,23429080_15
Binary-mask A*,0,nan,0,0.0,nan,nan,nan,nan,nan,nan,653,23429080_15
Soft-probability A*,0,nan,0,0.0,nan,nan,nan,nan,nan,nan,653,23429080_15
Clearance-aware A*,0,nan,0,0.0,nan,nan,nan,nan,nan,nan,653,23429080_15
URA-style A*,0,nan,0,0.0,nan,nan,nan,nan,nan,nan,653,23429080_15
GT Oracle A*,1,2000.8153672641533,181606,1246.758500000169,1.0,0.0,nan,nan,nan,0.0,653,23429080_15
Topology+Risk A*,0,nan,0,0.0,nan,nan,nan,nan,nan,nan,653,23429080_15
Binary-mask A*,0,nan,0,0.0,nan,nan,nan,nan,nan,nan,654,23429080_15
Soft-probability A*,0,nan,0,0.0,nan,nan,nan,nan,nan,nan,654,23429080_15
Clearance-aware A*,0,nan,0,0.0,nan,nan,nan,nan,nan,nan,654,23429080_15
URA-style A*,0,nan,0,0.0,nan,nan,nan,nan,nan,nan,654,23429080_15
GT Oracle A*,1,1878.562625309269,175660,1186.2217000000328,1.0,0.0,nan,nan,nan,0.0,654,23429080_15
Topology+Risk A*,0,nan,200001,1443.3051000000887,nan,nan,nan,nan,nan,nan,654,23429080_15
Binary-mask A*,0,nan,0,0.0,nan,nan,nan,nan,nan,nan,655,23429080_15
Soft-probability A*,0,nan,0,0.0,nan,nan,nan,nan,nan,nan,655,23429080_15
Clearance-aware A*,0,nan,0,0.0,nan,nan,nan,nan,nan,nan,655,23429080_15
URA-style A*,0,nan,0,0.0,nan,nan,nan,nan,nan,nan,655,23429080_15
GT Oracle A*,0,nan,200001,1399.8512999999093,nan,nan,nan,nan,nan,nan,655,23429080_15
Topology+Risk A*,0,nan,200001,1410.5423999999402,nan,nan,nan,nan,nan,nan,655,23429080_15
Binary-mask A*,0,nan,0,0.0,nan,nan,nan,nan,nan,nan,656,23429080_15
Soft-probability A*,0,nan,0,0.0,nan,nan,nan,nan,nan,nan,656,23429080_15
Clearance-aware A*,0,nan,0,0.0,nan,nan,nan,nan,nan,nan,656,23429080_15
URA-style A*,0,nan,0,0.0,nan,nan,nan,nan,nan,nan,656,23429080_15
GT Oracle A*,1,1864.42554031942,166738,1105.8918999999605,1.0,0.0,nan,nan,nan,0.0,656,23429080_15
Topology+Risk A*,0,nan,0,0.0,nan,nan,nan,nan,nan,nan,656,23429080_15
Binary-mask A*,0,nan,0,0.0,nan,nan,nan,nan,nan,nan,657,23429080_15
Soft-probability A*,0,nan,0,0.0,nan,nan,nan,nan,nan,nan,657,23429080_15
Clearance-aware A*,0,nan,0,0.0,nan,nan,nan,nan,nan,nan,657,23429080_15
URA-style A*,0,nan,0,0.0,nan,nan,nan,nan,nan,nan,657,23429080_15
GT Oracle A*,0,nan,200001,1349.8279999998886,nan,nan,nan,nan,nan,nan,657,23429080_15
Topology+Risk A*,0,nan,0,0.0,nan,nan,nan,nan,nan,nan,657,23429080_15
Binary-mask A*,0,nan,200001,1365.2615999999398,nan,nan,nan,nan,nan,nan,658,23429080_15
Soft-probability A*,0,nan,200001,1452.7502000000823,nan,nan,nan,nan,nan,nan,658,23429080_15
Clearance-aware A*,0,nan,200001,1428.8025999999263,nan,nan,nan,nan,nan,nan,658,23429080_15
URA-style A*,0,nan,200001,1433.6698000001888,nan,nan,nan,nan,nan,nan,658,23429080_15
GT Oracle A*,0,nan,200001,1351.3898000001063,nan,nan,nan,nan,nan,nan,658,23429080_15
Topology+Risk A*,0,nan,200001,1434.8423000001276,nan,nan,nan,nan,nan,nan,658,23429080_15
Binary-mask A*,0,nan,0,0.0,nan,nan,nan,nan,nan,nan,659,23729020_15
Soft-probability A*,0,nan,0,0.0,nan,nan,nan,nan,nan,nan,659,23729020_15
Clearance-aware A*,0,nan,0,0.0,nan,nan,nan,nan,nan,nan,659,23729020_15
URA-style A*,0,nan,0,0.0,nan,nan,nan,nan,nan,nan,659,23729020_15
GT Oracle A*,1,608.6072144624385,28242,189.39159999990807,1.0,0.0,nan,nan,nan,0.0,659,23729020_15
Topology+Risk A*,0,nan,0,0.0,nan,nan,nan,nan,nan,nan,659,23729020_15
Binary-mask A*,0,nan,0,0.0,nan,nan,nan,nan,nan,nan,660,23729020_15
Soft-probability A*,0,nan,0,0.0,nan,nan,nan,nan,nan,nan,660,23729020_15
Clearance-aware A*,0,nan,0,0.0,nan,nan,nan,nan,nan,nan,660,23729020_15
URA-style A*,0,nan,0,0.0,nan,nan,nan,nan,nan,nan,660,23729020_15
GT Oracle A*,1,657.1980515339483,37767,267.3288999999386,1.0,0.0,nan,nan,nan,0.0,660,23729020_15
Topology+Risk A*,0,nan,0,0.0,nan,nan,nan,nan,nan,nan,660,23729020_15
Binary-mask A*,0,nan,0,0.0,nan,nan,nan,nan,nan,nan,661,23729020_15
Soft-probability A*,0,nan,0,0.0,nan,nan,nan,nan,nan,nan,661,23729020_15
Clearance-aware A*,0,nan,0,0.0,nan,nan,nan,nan,nan,nan,661,23729020_15
URA-style A*,0,nan,0,0.0,nan,nan,nan,nan,nan,nan,661,23729020_15
GT Oracle A*,1,348.2741699796959,13776,85.3045999999722,1.0,0.0,nan,nan,nan,0.0,661,23729020_15
Topology+Risk A*,0,nan,0,0.0,nan,nan,nan,nan,nan,nan,661,23729020_15
Binary-mask A*,0,nan,0,0.0,nan,nan,nan,nan,nan,nan,662,23729020_15
Soft-probability A*,0,nan,0,0.0,nan,nan,nan,nan,nan,nan,662,23729020_15
Clearance-aware A*,0,nan,0,0.0,nan,nan,nan,nan,nan,nan,662,23729020_15
URA-style A*,0,nan,0,0.0,nan,nan,nan,nan,nan,nan,662,23729020_15
GT Oracle A*,1,249.35533905932763,4205,25.969300000042495,1.0,0.0,nan,nan,nan,0.0,662,23729020_15
Topology+Risk A*,0,nan,0,0.0,nan,nan,nan,nan,nan,nan,662,23729020_15
Binary-mask A*,0,nan,0,0.0,nan,nan,nan,nan,nan,nan,663,23729020_15
Soft-probability A*,0,nan,0,0.0,nan,nan,nan,nan,nan,nan,663,23729020_15
Clearance-aware A*,0,nan,0,0.0,nan,nan,nan,nan,nan,nan,663,23729020_15
URA-style A*,0,nan,0,0.0,nan,nan,nan,nan,nan,nan,663,23729020_15
GT Oracle A*,1,583.9503602129465,26780,169.02989999994134,1.0,0.0,nan,nan,nan,0.0,663,23729020_15
Topology+Risk A*,0,nan,0,0.0,nan,nan,nan,nan,nan,nan,663,23729020_15
Binary-mask A*,0,nan,0,0.0,nan,nan,nan,nan,nan,nan,664,23729020_15
Soft-probability A*,0,nan,0,0.0,nan,nan,nan,nan,nan,nan,664,23729020_15
Clearance-aware A*,0,nan,0,0.0,nan,nan,nan,nan,nan,nan,664,23729020_15
URA-style A*,0,nan,0,0.0,nan,nan,nan,nan,nan,nan,664,23729020_15
GT Oracle A*,1,745.4112549695452,29846,240.95499999998538,1.0,0.0,nan,nan,nan,0.0,664,23729020_15
Topology+Risk A*,0,nan,0,0.0,nan,nan,nan,nan,nan,nan,664,23729020_15
Binary-mask A*,0,nan,0,0.0,nan,nan,nan,nan,nan,nan,665,23729020_15
Soft-probability A*,0,nan,0,0.0,nan,nan,nan,nan,nan,nan,665,23729020_15
Clearance-aware A*,0,nan,0,0.0,nan,nan,nan,nan,nan,nan,665,23729020_15
URA-style A*,0,nan,0,0.0,nan,nan,nan,nan,nan,nan,665,23729020_15
GT Oracle A*,1,1029.9919907732894,65285,429.1313999999602,1.0,0.0,nan,nan,nan,0.0,665,23729020_15
Topology+Risk A*,0,nan,0,0.0,nan,nan,nan,nan,nan,nan,665,23729020_15
Binary-mask A*,0,nan,0,0.0,nan,nan,nan,nan,nan,nan,666,23729020_15
Soft-probability A*,0,nan,0,0.0,nan,nan,nan,nan,nan,nan,666,23729020_15
Clearance-aware A*,0,nan,0,0.0,nan,nan,nan,nan,nan,nan,666,23729020_15
URA-style A*,0,nan,0,0.0,nan,nan,nan,nan,nan,nan,666,23729020_15
GT Oracle A*,1,987.6559876977193,54028,343.9620999999988,1.0,0.0,nan,nan,nan,0.0,666,23729020_15
Topology+Risk A*,0,nan,0,0.0,nan,nan,nan,nan,nan,nan,666,23729020_15
Binary-mask A*,0,nan,0,0.0,nan,nan,nan,nan,nan,nan,667,23729020_15
Soft-probability A*,0,nan,0,0.0,nan,nan,nan,nan,nan,nan,667,23729020_15
Clearance-aware A*,0,nan,0,0.0,nan,nan,nan,nan,nan,nan,667,23729020_15
URA-style A*,0,nan,0,0.0,nan,nan,nan,nan,nan,nan,667,23729020_15
GT Oracle A*,1,773.9158723275406,31729,222.68129999997655,1.0,0.0,nan,nan,nan,0.0,667,23729020_15
Topology+Risk A*,0,nan,0,0.0,nan,nan,nan,nan,nan,nan,667,23729020_15
Binary-mask A*,0,nan,0,0.0,nan,nan,nan,nan,nan,nan,668,23729020_15
Soft-probability A*,0,nan,0,0.0,nan,nan,nan,nan,nan,nan,668,23729020_15
Clearance-aware A*,0,nan,0,0.0,nan,nan,nan,nan,nan,nan,668,23729020_15
URA-style A*,0,nan,0,0.0,nan,nan,nan,nan,nan,nan,668,23729020_15
GT Oracle A*,1,831.5411972844557,30460,193.7623999999687,1.0,0.0,nan,nan,nan,0.0,668,23729020_15
Topology+Risk A*,0,nan,0,0.0,nan,nan,nan,nan,nan,nan,668,23729020_15
Binary-mask A*,0,nan,0,0.0,nan,nan,nan,nan,nan,nan,669,23729020_15
Soft-probability A*,0,nan,0,0.0,nan,nan,nan,nan,nan,nan,669,23729020_15
Clearance-aware A*,0,nan,0,0.0,nan,nan,nan,nan,nan,nan,669,23729020_15
URA-style A*,0,nan,0,0.0,nan,nan,nan,nan,nan,nan,669,23729020_15
GT Oracle A*,1,839.4549775709424,24977,158.6985999999797,1.0,0.0,nan,nan,nan,0.0,669,23729020_15
Topology+Risk A*,0,nan,0,0.0,nan,nan,nan,nan,nan,nan,669,23729020_15
Binary-mask A*,0,nan,0,0.0,nan,nan,nan,nan,nan,nan,670,23729020_15
Soft-probability A*,0,nan,0,0.0,nan,nan,nan,nan,nan,nan,670,23729020_15
Clearance-aware A*,0,nan,0,0.0,nan,nan,nan,nan,nan,nan,670,23729020_15
URA-style A*,0,nan,0,0.0,nan,nan,nan,nan,nan,nan,670,23729020_15
GT Oracle A*,1,972.4844148224649,56631,362.65480000020034,1.0,0.0,nan,nan,nan,0.0,670,23729020_15
Topology+Risk A*,0,nan,0,0.0,nan,nan,nan,nan,nan,nan,670,23729020_15
Binary-mask A*,0,nan,0,0.0,nan,nan,nan,nan,nan,nan,671,23729020_15
Soft-probability A*,0,nan,0,0.0,nan,nan,nan,nan,nan,nan,671,23729020_15
Clearance-aware A*,0,nan,0,0.0,nan,nan,nan,nan,nan,nan,671,23729020_15
URA-style A*,0,nan,0,0.0,nan,nan,nan,nan,nan,nan,671,23729020_15
GT Oracle A*,1,855.4183976444823,46932,311.13170000003265,1.0,0.0,nan,nan,nan,0.0,671,23729020_15
Topology+Risk A*,0,nan,0,0.0,nan,nan,nan,nan,nan,nan,671,23729020_15
Binary-mask A*,1,730.842712474621,15399,97.65409999999974,0.29738058551617874,0.7026194144838213,nan,nan,nan,-0.0028658496499141504,672,23878540_15
Soft-probability A*,1,733.428498912248,19830,134.48449999987133,0.9708588957055214,0.02914110429447858,nan,nan,nan,0.0006620995496333747,672,23878540_15
Clearance-aware A*,1,739.7716446627555,22664,150.83149999986745,0.990909090909091,0.009090909090909038,nan,nan,nan,0.009316447661093494,672,23878540_15
URA-style A*,1,741.1858582251286,18504,126.71500000010383,0.9848714069591528,0.015128593040847238,nan,nan,nan,0.011245947148275485,672,23878540_15
GT Oracle A*,1,732.9432175380092,11760,73.49970000018402,1.0,0.0,nan,nan,nan,0.0,672,23878540_15
Topology+Risk A*,1,741.1858582251286,22101,147.04269999992903,0.9848714069591528,0.015128593040847238,nan,nan,nan,0.011245947148275485,672,23878540_15
Binary-mask A*,1,379.4579361637699,5966,38.90260000002854,0.46204620462046203,0.5379537953795379,nan,nan,nan,-0.0015413659081570648,673,23878540_15
Soft-probability A*,1,380.62950903902373,6859,45.85810000003221,1.0,0.0,nan,nan,nan,0.0015413659081572142,673,23878540_15
Clearance-aware A*,1,381.8010819142776,8322,54.57369999999173,1.0,0.0,nan,nan,nan,0.004624097724471493,673,23878540_15
URA-style A*,1,381.2152954766506,6126,45.938899999782734,1.0,0.0,nan,nan,nan,0.003082731816314279,673,23878540_15
GT Oracle A*,1,380.0437226013968,4496,28.52619999998751,1.0,0.0,nan,nan,nan,0.0,673,23878540_15
Topology+Risk A*,1,381.8010819142776,8220,53.87889999997242,1.0,0.0,nan,nan,nan,0.004624097724471493,673,23878540_15
Binary-mask A*,1,482.0681092190371,6550,41.36419999986174,0.3743455497382199,0.6256544502617801,nan,nan,nan,-0.002925057433821617,674,23878540_15
Soft-probability A*,1,483.4823227814103,8214,54.1381000000456,1.0,0.0,nan,nan,nan,1.175708318223411e-16,674,23878540_15
Clearance-aware A*,1,486.8965363437834,8975,57.71920000006503,1.0,0.0,nan,nan,nan,0.007061713327452474,674,23878540_15
URA-style A*,1,486.3107499061565,7619,49.94699999997465,1.0,0.0,nan,nan,nan,0.005850114867643351,674,23878540_15
GT Oracle A*,1,483.48232278141023,5258,32.8826999998455,1.0,0.0,nan,nan,nan,0.0,674,23878540_15
Topology+Risk A*,1,486.8965363437834,8883,57.16219999999339,1.0,0.0,nan,nan,nan,0.007061713327452474,674,23878540_15
Binary-mask A*,1,861.6681810065389,18258,114.97510000003786,0.3897058823529412,0.6102941176470589,nan,nan,nan,-0.004899627745523522,675,23878540_15
Soft-probability A*,1,862.2539674441658,23876,160.41870000003655,0.986784140969163,0.013215859030836996,nan,nan,nan,-0.004223130324598423,675,23878540_15
Clearance-aware A*,1,866.8397538817927,28170,185.26980000001458,0.9970845481049563,0.002915451895043719,nan,nan,nan,0.0010727804351925573,675,23878540_15
URA-style A*,1,866.2539674441658,23247,154.31899999998677,0.997080291970803,0.0029197080291970545,nan,nan,nan,0.00039628301426745786,675,23878540_15
GT Oracle A*,1,865.9108216936582,14263,88.30090000014934,1.0,0.0,nan,nan,nan,0.0,675,23878540_15
Topology+Risk A*,1,866.8397538817927,27734,183.59090000012657,0.9970845481049563,0.002915451895043719,nan,nan,nan,0.0010727804351925573,675,23878540_15
Binary-mask A*,1,706.5310960166904,18083,117.52960000012536,0.7114695340501792,0.2885304659498208,nan,nan,nan,-0.006308267315441251,676,23878540_15
Soft-probability A*,1,708.5310960166905,23692,159.85280000018065,0.9928571428571429,0.0071428571428571175,nan,nan,nan,-0.003495392586255541,676,23878540_15
Clearance-aware A*,1,711.3595231414367,24331,174.6173000001363,0.994661921708185,0.005338078291814985,nan,nan,nan,0.00048261300501524225,676,23878540_15
URA-style A*,1,712.7737367038098,22462,156.52090000003227,0.9982238010657194,0.001776198934280604,nan,nan,nan,0.002471615800650634,676,23878540_15
GT Oracle A*,1,711.016377390929,14501,91.65840000014214,1.0,0.0,nan,nan,nan,0.0,676,23878540_15
Topology+Risk A*,1,712.187950266183,23847,158.90439999998307,0.998220640569395,0.001779359430605032,nan,nan,nan,0.0016477438671004757,676,23878540_15
Binary-mask A*,1,419.747258045115,6833,42.20890000010513,0.4175824175824176,0.5824175824175823,nan,nan,nan,-0.0167984458773885,677,23878540_15
Soft-probability A*,1,420.33304448274197,8231,52.84340000002885,0.9616438356164384,0.0383561643835616,nan,nan,nan,-0.015426319854359511,677,23878540_15
Clearance-aware A*,1,422.5756851698613,10369,67.90860000000976,0.9781420765027322,0.021857923497267784,nan,nan,nan,-0.010173235369225547,677,23878540_15
URA-style A*,1,423.7472580451151,7499,49.93179999996755,0.9864130434782609,0.013586956521739135,nan,nan,nan,-0.007428983323167839,677,23878540_15
GT Oracle A*,1,426.9188309203688,5251,31.702999999879466,1.0,0.0,nan,nan,nan,0.0,677,23878540_15
Topology+Risk A*,1,423.1614716074882,9687,63.72020000003431,0.9836512261580381,0.016348773841961872,nan,nan,nan,-0.008801109346196693,677,23878540_15
Binary-mask A*,1,977.9280656363612,14125,89.16309999995065,0.5665024630541872,0.43349753694581283,nan,nan,nan,-0.016097744447688998,678,23878540_15
Soft-probability A*,1,981.0996385116151,18575,128.4939999998187,0.9705882352941176,0.02941176470588236,nan,nan,nan,-0.012906796344997779,678,23878540_15
Clearance-aware A*,1,987.3422791987344,30266,210.0353000000723,0.9805115712545676,0.01948842874543244,nan,nan,nan,-0.00662601919124825,678,23878540_15
URA-style A*,1,990.5138520739882,17928,119.9911000001066,0.9903030303030304,0.009696969696969648,nan,nan,nan,-0.003435071088557145,678,23878540_15
GT Oracle A*,1,993.9280656363612,11562,71.51739999994788,1.0,0.0,nan,nan,nan,0.0,678,23878540_15
Topology+Risk A*,1,989.9280656363613,29636,210.40890000017498,0.9878640776699029,0.012135922330097082,nan,nan,nan,-0.004024436111922135,678,23878540_15
Binary-mask A*,1,1671.0184694319844,31762,198.3857000000171,0.40551724137931033,0.5944827586206897,nan,nan,nan,-0.009852432392166901,679,23878540_15
Soft-probability A*,1,1674.6753236814768,44888,296.8407999999272,0.9862258953168044,0.01377410468319562,nan,nan,nan,-0.007685594977460114,679,23878540_15
Clearance-aware A*,1,1681.7463914933423,75878,518.6419999999998,0.9924502402196294,0.007549759780370646,nan,nan,nan,-0.0034956947924019393,679,23878540_15
URA-style A*,1,1683.9890321804617,46887,322.13359999991553,0.9945130315500685,0.005486968449931462,nan,nan,nan,-0.002166837414706787,679,23878540_15
GT Oracle A*,1,1687.645886429954,24865,152.0481000000018,1.0,0.0,nan,nan,nan,0.0,679,23878540_15
Topology+Risk A*,1,1685.1606050557155,75046,522.7697000000262,0.9945205479452055,0.005479452054794498,nan,nan,nan,-0.0014726320220505517,679,23878540_15
Binary-mask A*,1,1515.0996385116148,27063,171.8962999998439,0.6177777777777778,0.38222222222222224,nan,nan,nan,-0.007161682551672729,680,23878540_15
Soft-probability A*,1,1521.099638511615,37419,254.14249999994354,0.9609144542772862,0.03908554572271383,nan,nan,nan,-0.0032299081961972144,680,23878540_15
Clearance-aware A*,1,1534.1707063234805,41600,275.6234000000859,0.9897585954645208,0.01024140453547917,nan,nan,nan,0.005335506674031519,680,23878540_15
URA-style A*,1,1535.3422791987343,36043,236.44100000001345,0.9890430971512053,0.010956902848794692,nan,nan,nan,0.006103233371780416,680,23878540_15
GT Oracle A*,1,1526.0285706997493,19423,121.40389999990475,1.0,0.0,nan,nan,nan,0.0,680,23878540_15
Topology+Risk A*,1,1536.1707063234805,41632,325.73309999997946,0.9883126369612856,0.011687363038714427,nan,nan,nan,0.006646098125856641,680,23878540_15
Binary-mask A*,1,1421.106781186552,19527,129.8754000001736,0.3860082304526749,0.6139917695473252,nan,nan,nan,-0.0031462586612482457,681,23878540_15
Soft-probability A*,1,1423.9352083112983,26880,176.40049999999974,0.9967132292522597,0.0032867707477403085,nan,nan,nan,-0.0011622218536459995,681,23878540_15
Clearance-aware A*,1,1429.9352083112985,45217,299.8293000000558,0.9991823385118561,0.0008176614881438837,nan,nan,nan,0.0030465557886918994,681,23878540_15
URA-style A*,1,1428.7636354360448,27464,183.6611000001085,0.9991809991809992,0.0008190008190007703,nan,nan,nan,0.002224740834735653,681,23878540_15
GT Oracle A*,1,1425.5920625607907,15705,146.39529999999468,1.0,0.0,nan,nan,nan,0.0,681,23878540_15
Topology+Risk A*,1,1430.7636354360448,44689,309.3386000000464,1.0,0.0,nan,nan,nan,0.0036276667155148994,681,23878540_15
Binary-mask A*,1,1805.395236516124,27197,180.62800000006973,0.3838731909028256,0.6161268090971743,nan,nan,nan,-0.004411614103150241,682,23878540_15
Soft-probability A*,1,1807.152595829005,38681,288.35269999990487,0.9944979367262724,0.005502063273727598,nan,nan,nan,-0.0034425152120242625,682,23878540_15
Clearance-aware A*,1,1812.9099551418853,47198,316.2677000000258,0.9958932238193019,0.004106776180698102,nan,nan,nan,-0.00026760926932341365,682,23878540_15
URA-style A*,1,1811.152595829005,37285,250.2540999998928,0.9972565157750343,0.002743484224965731,nan,nan,nan,-0.0012367081604491418,682,23878540_15
GT Oracle A*,1,1813.395236516124,20201,131.3050999999632,1.0,0.0,nan,nan,nan,0.0,682,23878540_15
Topology+Risk A*,1,1814.3241687042585,47070,302.209300000186,0.9965800273597811,0.0034199726402188713,nan,nan,nan,0.0005122612927555289,682,23878540_15
Binary-mask A*,1,1181.1433611130124,33271,216.4921000000959,0.3003194888178914,0.6996805111821086,nan,nan,nan,-0.014364008129817673,683,23878540_15
Soft-probability A*,1,1185.9717882377588,42492,285.38129999992634,0.9618239660657476,0.038176033934252396,nan,nan,nan,-0.010334800740641992,683,23878540_15
Clearance-aware A*,1,1198.6997102991168,49581,325.0181999999313,0.9926470588235294,0.007352941176470562,nan,nan,nan,0.00028634695270105686,683,23878540_15
URA-style A*,1,1200.3565645486092,41097,268.2789000000412,0.9947478991596639,0.005252100840336116,nan,nan,nan,0.00166895234621056,683,23878540_15
GT Oracle A*,1,1198.356564548609,26954,166.84839999993528,1.0,0.0,nan,nan,nan,0.0,683,23878540_15
Topology+Risk A*,1,1202.356564548609,48990,326.90999999999804,0.9947589098532494,0.00524109014675056,nan,nan,nan,0.0033379046924207406,683,23878540_15
Binary-mask A*,1,1395.5941546018457,42518,277.768000000151,0.26410026857654434,0.7358997314234557,nan,nan,nan,-0.011193897274525527,684,23878540_15
Soft-probability A*,1,1399.8367952889653,55272,378.76089999986107,0.96875,0.03125,nan,nan,nan,-0.008187902308680993,684,23878540_15
Clearance-aware A*,1,1411.1505037879501,60279,412.7905999998802,0.9937943262411347,0.006205673758865271,nan,nan,nan,-0.00017191573309599423,684,23878540_15
URA-style A*,1,1411.9789309126963,52797,346.91320000001724,0.9955673758865248,0.004432624113475225,nan,nan,nan,0.0004150412944261458,684,23878540_15
GT Oracle A*,1,1411.3931444750692,33859,216.74780000012106,1.0,0.0,nan,nan,nan,0.0,684,23878540_15
Topology+Risk A*,1,1413.9789309126961,59439,392.7560000001904,0.995575221238938,0.004424778761061954,nan,nan,nan,0.001832080910800094,684,23878540_15
Binary-mask A*,1,2029.4490603852873,68780,438.58780000005027,0.27657004830917875,0.7234299516908212,nan,nan,nan,-0.010958090089255558,685,23878540_15
Soft-probability A*,1,2034.8632739476607,93026,607.7112000000398,0.9662853702588802,0.03371462974111983,nan,nan,nan,-0.008319500027094667,685,23878540_15
Clearance-aware A*,1,2048.1769824466455,103005,704.4570000000476,0.9862357869539198,0.01376421304608022,nan,nan,nan,-0.0018311303809351316,685,23878540_15
URA-style A*,1,2051.0054095713913,89487,598.2850000000326,0.9910340705319785,0.00896592946802155,nan,nan,nan,-0.0004527104835809145,685,23878540_15
GT Oracle A*,1,2051.9343417595255,54500,341.5016999999807,1.0,0.0,nan,nan,nan,0.0,685,23878540_15
Topology+Risk A*,1,2051.591196009018,101294,675.3479999999854,0.9898446833930705,0.010155316606929476,nan,nan,nan,-0.00016723037551646415,685,23878540_15
Binary-mask A*,1,2239.3313113791787,76896,491.45150000003923,0.6061755146262189,0.3938244853737811,nan,nan,nan,-0.012666301495915681,686,23878540_15
Soft-probability A*,1,2246.98816562867,98951,666.925099999844,0.9676025917926566,0.03239740820734338,nan,nan,nan,-0.009290351636847848,686,23878540_15
Clearance-aware A*,1,2262.544514814772,102684,698.5225999999329,0.9860440150295223,0.013955984970477675,nan,nan,nan,-0.0024314702828084635,686,23878540_15
URA-style A*,1,2269.372941939517,93972,624.9764000001505,0.9914392723381488,0.00856072766185123,nan,nan,nan,0.000579221424033303,686,23878540_15
GT Oracle A*,1,2268.059233440532,61097,377.2776000000704,1.0,0.0,nan,nan,nan,0.0,686,23878540_15
Topology+Risk A*,1,2267.9587283771443,100819,676.7922999999882,0.9898286937901499,0.010171306209850073,nan,nan,nan,-4.4313244515713755e-05,686,23878540_15
Binary-mask A*,1,1986.0499987245623,64440,421.1230999999316,0.5088235294117647,0.4911764705882353,nan,nan,nan,-0.005664320653303447,687,23878540_15
Soft-probability A*,1,1989.4642122869357,85555,582.1588000001157,0.9718144450968879,0.028185554903112142,nan,nan,nan,-0.003954960685448974,687,23878540_15
Clearance-aware A*,1,1998.1921343482936,106730,743.0288000000473,0.9871194379391101,0.012880562060889944,nan,nan,nan,0.0004147602771343909,687,23878540_15
URA-style A*,1,1999.0205614730398,83338,569.028200000048,0.9771662763466042,0.022833723653395754,nan,nan,nan,0.0008295205542687818,687,23878540_15
GT Oracle A*,1,1997.3637072235474,49350,317.3110000000179,1.0,0.0,nan,nan,nan,0.0,687,23878540_15
Topology+Risk A*,1,2000.434775035413,105399,714.7506999999678,0.9882972498537156,0.011702750146284413,nan,nan,nan,0.0015375606359316985,687,23878540_15
Binary-mask A*,1,2184.721138323918,74698,483.223100000032,0.6639118457300276,0.3360881542699724,nan,nan,nan,-0.012194539924076066,688,23878540_15
Soft-probability A*,1,2190.9637790110373,97422,655.7272000000012,0.9664835164835165,0.03351648351648351,nan,nan,nan,-0.009371976234890703,688,23878540_15
Clearance-aware A*,1,2207.105914634767,99931,690.6355999999505,0.9868995633187773,0.013100436681222738,nan,nan,nan,-0.0020734293280578963,688,23878540_15
URA-style A*,1,2211.1059146347666,93109,624.7651999999562,0.9912854030501089,0.008714596949891074,nan,nan,nan,-0.00026485899338600337,688,23878540_15
GT Oracle A*,1,2211.691701072393,59504,376.0475999999926,1.0,0.0,nan,nan,nan,0.0,688,23878540_15
Topology+Risk A*,1,2210.2774875100204,98085,670.2479999999014,0.9901960784313726,0.009803921568627416,nan,nan,nan,-0.000639426173949429,688,23878540_15
Binary-mask A*,1,2062.4490603852855,76495,494.8481000001266,0.2676139727649497,0.7323860272350503,nan,nan,nan,-0.011177545618697552,689,23878540_15
Soft-probability A*,1,2068.1059146347793,100470,687.3833000001923,0.9669226225634967,0.0330773774365033,nan,nan,nan,-0.008465418269468958,689,23878540_15
Clearance-aware A*,1,2081.4196231337637,109656,756.5349999999853,0.9864944216089254,0.01350557839107458,nan,nan,nan,-0.002082281750973016,689,23878540_15
URA-style A*,1,2085.4196231337637,95383,644.7837999999138,0.9912126537785588,0.008787346221441172,nan,nan,nan,-0.00016451811089245895,689,23878540_15
GT Oracle A*,1,2085.7627688842704,60544,395.84739999986596,1.0,0.0,nan,nan,nan,0.0,689,23878540_15
Topology+Risk A*,1,2084.5911960090175,107635,727.412299999969,0.9900410076157,0.00995899238429998,nan,nan,nan,-0.0005616999654661507,689,23878540_15
Binary-mask A*,1,2085.762768884267,66820,448.7590999999611,0.5950848449385605,0.4049151550614395,nan,nan,nan,-0.011053989150695786,690,23878540_15
Soft-probability A*,1,2091.4196231337596,84715,591.1989999999605,0.9673088149445418,0.032691185055458205,nan,nan,nan,-0.008371841627761513,690,23878540_15
Clearance-aware A*,1,2104.733331632743,94365,654.7754999999142,0.9866511897852582,0.013348810214741769,nan,nan,nan,-0.002059264231088856,690,23878540_15
URA-style A*,1,2108.733331632742,79982,545.1156999999967,0.9913144180660104,0.008685581933989606,nan,nan,nan,-0.0001626995294797766,690,23878540_15
GT Oracle A*,1,2109.0764773832493,53081,334.5016000000669,1.0,0.0,nan,nan,nan,0.0,690,23878540_15
Topology+Risk A*,1,2107.904904507996,92138,650.2799999998388,0.9901563404748118,0.009843659525188175,nan,nan,nan,-0.0005554909401421582,690,23878540_15
Binary-mask A*,1,2147.029796189024,72934,496.2815999999748,0.23724928366762177,0.7627507163323782,nan,nan,nan,-0.010631334328547827,691,23878540_15
Soft-probability A*,1,2153.8582233137704,97389,683.6354000001847,0.9680182752712736,0.0319817247287264,nan,nan,nan,-0.0074847399752526345,691,23878540_15
Clearance-aware A*,1,2170.8287860622468,105920,731.6233999999895,0.9869540555870675,0.013045944412932498,nan,nan,nan,0.0003354323632757848,691,23878540_15
URA-style A*,1,2174.0003589375,92808,685.0127000000157,0.9915110356536503,0.008488964346349714,nan,nan,nan,0.0017969187521646812,691,23878540_15
GT Oracle A*,1,2170.100864000888,57798,385.2180999999746,1.0,0.0,nan,nan,nan,0.0,691,23878540_15
Topology+Risk A*,1,2174.0003589375006,104181,725.0417000000198,0.9903791737408036,0.009620826259196358,nan,nan,nan,0.001796918752164891,691,23878540_15
Binary-mask A*,1,148.15432893255064,1229,7.562900000039008,0.39097744360902253,0.6090225563909775,nan,nan,nan,0.0,692,24029035_15
Soft-probability A*,1,148.1543289325507,1655,10.533299999906376,1.0,0.0,nan,nan,nan,3.8367707019000966e-16,692,24029035_15
Clearance-aware A*,1,148.1543289325507,1717,15.035300000135976,1.0,0.0,nan,nan,nan,3.8367707019000966e-16,692,24029035_15
URA-style A*,1,148.1543289325507,1682,14.262599999938175,1.0,0.0,nan,nan,nan,3.8367707019000966e-16,692,24029035_15
GT Oracle A*,1,148.15432893255064,990,6.038300000000163,1.0,0.0,nan,nan,nan,0.0,692,24029035_15
Topology+Risk A*,1,148.1543289325507,1701,10.72359999989203,1.0,0.0,nan,nan,nan,3.8367707019000966e-16,692,24029035_15
Binary-mask A*,0,nan,0,0.0,nan,nan,nan,nan,nan,nan,693,24029035_15
Soft-probability A*,0,nan,0,0.0,nan,nan,nan,nan,nan,nan,693,24029035_15
Clearance-aware A*,0,nan,0,0.0,nan,nan,nan,nan,nan,nan,693,24029035_15
URA-style A*,0,nan,0,0.0,nan,nan,nan,nan,nan,nan,693,24029035_15
GT Oracle A*,1,690.423448278365,11753,76.83819999988373,1.0,0.0,nan,nan,nan,0.0,693,24029035_15
Topology+Risk A*,0,nan,0,0.0,nan,nan,nan,nan,nan,nan,693,24029035_15
Binary-mask A*,0,nan,0,0.0,nan,nan,nan,nan,nan,nan,694,24029035_15
Soft-probability A*,0,nan,0,0.0,nan,nan,nan,nan,nan,nan,694,24029035_15
Clearance-aware A*,0,nan,0,0.0,nan,nan,nan,nan,nan,nan,694,24029035_15
URA-style A*,0,nan,0,0.0,nan,nan,nan,nan,nan,nan,694,24029035_15
GT Oracle A*,1,856.423448278365,19276,122.28570000002037,1.0,0.0,nan,nan,nan,0.0,694,24029035_15
Topology+Risk A*,0,nan,0,0.0,nan,nan,nan,nan,nan,nan,694,24029035_15
Binary-mask A*,0,nan,0,0.0,nan,nan,nan,nan,nan,nan,695,24029035_15
Soft-probability A*,0,nan,0,0.0,nan,nan,nan,nan,nan,nan,695,24029035_15
Clearance-aware A*,0,nan,0,0.0,nan,nan,nan,nan,nan,nan,695,24029035_15
URA-style A*,0,nan,0,0.0,nan,nan,nan,nan,nan,nan,695,24029035_15
GT Oracle A*,1,396.8305191658002,2762,17.259299999977884,1.0,0.0,nan,nan,nan,0.0,695,24029035_15
Topology+Risk A*,1,775.6488450227814,37757,256.92000000003645,0.5996908809891809,0.4003091190108191,nan,nan,nan,0.9546098587712372,695,24029035_15
Binary-mask A*,1,174.6101730552665,2371,14.947200000051453,1.0,0.0,nan,nan,nan,0.0,696,24029035_15
Soft-probability A*,1,175.43860018001277,2665,17.964799999845127,1.0,0.0,nan,nan,nan,0.004744437911324109,696,24029035_15
Clearance-aware A*,1,177.09545442950514,2720,17.633899999964342,1.0,0.0,nan,nan,nan,0.01423331373397135,696,24029035_15
URA-style A*,1,177.09545442950514,2794,18.620399999917936,1.0,0.0,nan,nan,nan,0.01423331373397135,696,24029035_15
GT Oracle A*,1,174.6101730552665,2052,13.325599999916449,1.0,0.0,nan,nan,nan,0.0,696,24029035_15
Topology+Risk A*,1,177.09545442950514,2696,17.863600000055158,1.0,0.0,nan,nan,nan,0.01423331373397135,696,24029035_15
Binary-mask A*,0,nan,0,0.0,nan,nan,nan,nan,nan,nan,697,24029035_15
Soft-probability A*,0,nan,0,0.0,nan,nan,nan,nan,nan,nan,697,24029035_15
Clearance-aware A*,0,nan,0,0.0,nan,nan,nan,nan,nan,nan,697,24029035_15
URA-style A*,0,nan,0,0.0,nan,nan,nan,nan,nan,nan,697,24029035_15
GT Oracle A*,1,696.6782822743043,12990,82.764300000008,1.0,0.0,nan,nan,nan,0.0,697,24029035_15
Topology+Risk A*,0,nan,0,0.0,nan,nan,nan,nan,nan,nan,697,24029035_15
Binary-mask A*,1,1041.342279198734,27265,176.50969999999688,0.22857142857142856,0.7714285714285715,nan,nan,nan,0.022010067249186756,698,24029035_15
Soft-probability A*,1,1055.6265504461965,47002,310.4519999999411,0.6867196367763905,0.3132803632236095,nan,nan,nan,0.03602915521847352,698,24029035_15
Clearance-aware A*,1,1061.5260453828082,58718,392.81800000003386,0.7341628959276018,0.26583710407239824,nan,nan,nan,0.04181912777345526,698,24029035_15
URA-style A*,1,1117.1240251292552,51507,347.3062000000482,0.9331896551724138,0.06681034482758619,nan,nan,nan,0.09638494744161176,698,24029035_15
GT Oracle A*,1,1018.9158723275411,29587,189.32629999994788,1.0,0.0,nan,nan,nan,0.0,698,24029035_15
Topology+Risk A*,1,1116.8813844421359,59729,397.6118000000497,0.9472551130247578,0.052744886975242156,nan,nan,nan,0.09614681130720741,698,24029035_15
Binary-mask A*,0,nan,0,0.0,nan,nan,nan,nan,nan,nan,699,24029035_15
Soft-probability A*,0,nan,0,0.0,nan,nan,nan,nan,nan,nan,699,24029035_15
Clearance-aware A*,0,nan,0,0.0,nan,nan,nan,nan,nan,nan,699,24029035_15
URA-style A*,0,nan,0,0.0,nan,nan,nan,nan,nan,nan,699,24029035_15
GT Oracle A*,1,1302.8174593052076,70306,451.4349000000948,1.0,0.0,nan,nan,nan,0.0,699,24029035_15
Topology+Risk A*,0,nan,0,0.0,nan,nan,nan,nan,nan,nan,699,24029035_15
Binary-mask A*,0,nan,0,0.0,nan,nan,nan,nan,nan,nan,700,24029035_15
Soft-probability A*,0,nan,0,0.0,nan,nan,nan,nan,nan,nan,700,24029035_15
Clearance-aware A*,0,nan,0,0.0,nan,nan,nan,nan,nan,nan,700,24029035_15
URA-style A*,0,nan,0,0.0,nan,nan,nan,nan,nan,nan,700,24029035_15
GT Oracle A*,1,1201.111831820435,49753,314.11739999998645,1.0,0.0,nan,nan,nan,0.0,700,24029035_15
Topology+Risk A*,0,nan,0,0.0,nan,nan,nan,nan,nan,nan,700,24029035_15
Binary-mask A*,1,1113.2712113868686,23559,154.97380000010708,0.20442571127502634,0.7955742887249737,nan,nan,nan,0.02698744650551415,701,24029035_15
Soft-probability A*,1,1122.4844148224654,42930,293.9567999999326,0.7226890756302521,0.2773109243697479,nan,nan,nan,0.035486583260045175,701,24029035_15
Clearance-aware A*,1,1126.3839097590771,62879,434.6114999998463,0.7618048268625394,0.23819517313746064,nan,nan,nan,0.03908384896372141,701,24029035_15
URA-style A*,1,1131.2123368838234,54371,373.89939999980015,0.741901776384535,0.258098223615465,nan,nan,nan,0.04353805023360217,701,24029035_15
GT Oracle A*,1,1084.0163773909296,21404,132.482600000003,1.0,0.0,nan,nan,nan,0.0,701,24029035_15
Topology+Risk A*,1,1127.555482634331,67651,460.23300000001655,0.7486910994764397,0.25130890052356025,nan,nan,nan,0.04016461942041284,701,24029035_15
Binary-mask A*,1,1166.9402589451813,26485,168.16549999998642,0.2810920121334681,0.7189079878665319,nan,nan,nan,0.019378589529173585,702,24029035_15
Soft-probability A*,1,1182.8813844421359,48570,321.4040999998815,0.7226130653266332,0.27738693467336684,nan,nan,nan,0.03330393137939117,702,24029035_15
Clearance-aware A*,1,1190.43773362824,61641,410.7168000000456,0.7655310621242485,0.23446893787575152,nan,nan,nan,0.03990476678315338,702,24029035_15
URA-style A*,1,1246.8641404994332,52230,345.6498000000465,0.9433781190019194,0.05662188099808063,nan,nan,nan,0.08919595423481388,702,24029035_15
GT Oracle A*,1,1144.7564927611074,32380,201.79989999996906,1.0,0.0,nan,nan,nan,0.0,702,24029035_15
Topology+Risk A*,1,1245.7930726875677,63205,434.3478000000687,0.9539789069990412,0.0460210930009588,nan,nan,nan,0.08826032485106419,702,24029035_15
Binary-mask A*,0,nan,0,0.0,nan,nan,nan,nan,nan,nan,703,24029035_15
Soft-probability A*,0,nan,0,0.0,nan,nan,nan,nan,nan,nan,703,24029035_15
Clearance-aware A*,0,nan,0,0.0,nan,nan,nan,nan,nan,nan,703,24029035_15
URA-style A*,0,nan,0,0.0,nan,nan,nan,nan,nan,nan,703,24029035_15
GT Oracle A*,1,876.0924958366775,13950,89.66420000001563,1.0,0.0,nan,nan,nan,0.0,703,24029035_15
Topology+Risk A*,0,nan,0,0.0,nan,nan,nan,nan,nan,nan,703,24029035_15
Binary-mask A*,1,1789.049998724562,91356,597.657899999831,0.4151696606786427,0.5848303393213573,nan,nan,nan,0.12906561229483796,704,24029035_15
Soft-probability A*,1,1827.1332598452477,119552,810.7021999999233,0.8127046496398166,0.1872953503601834,nan,nan,nan,0.1530998766061011,704,24029035_15
Clearance-aware A*,1,1836.4469683442326,123997,833.900599999879,0.8414872798434442,0.15851272015655582,nan,nan,nan,0.15897773803906207,704,24029035_15
URA-style A*,1,1897.4591616530527,109690,762.2916999998779,0.9601769911504425,0.03982300884955747,nan,nan,nan,0.19748240221545973,704,24029035_15
GT Oracle A*,1,1584.5403307326833,70643,467.5643000000491,1.0,0.0,nan,nan,nan,0.0,704,24029035_15
Topology+Risk A*,1,1894.6307345283064,125160,862.1376000000964,0.9651898734177216,0.034810126582278444,nan,nan,nan,0.19569738793094585,704,24029035_15
Binary-mask A*,1,1966.5718600252608,95224,622.7916000000278,0.4299634591961023,0.5700365408038977,nan,nan,nan,0.052960217142271504,705,24029035_15
Soft-probability A*,1,2002.8977618330657,120119,827.4926000001415,0.8310282621767889,0.16897173782321107,nan,nan,nan,0.07241016973894081,705,24029035_15
Clearance-aware A*,1,2008.2114703320506,122523,861.5056999999524,0.8534534534534535,0.14654654654654653,nan,nan,nan,0.07525528502237111,705,24029035_15
URA-style A*,1,2067.809450078496,109100,784.3182000001434,0.9626386456509048,0.037361354349095155,nan,nan,nan,0.1071657902882462,705,24029035_15
GT Oracle A*,1,1867.660171779829,94524,609.769500000084,1.0,0.0,nan,nan,nan,0.0,705,24029035_15
Topology+Risk A*,1,2066.1525958290035,123687,841.3869000000886,0.968476357267951,0.031523642732048995,nan,nan,nan,0.10627866195808884,705,24029035_15
Binary-mask A*,1,1825.4053377838898,76207,499.7538000000077,0.6514061478090255,0.3485938521909745,nan,nan,nan,0.059112785767008375,706,24029035_15
Soft-probability A*,1,1873.4885989045754,100140,696.6763000000356,0.9129878438899552,0.08701215611004476,nan,nan,nan,0.0870110259990203,706,24029035_15
Clearance-aware A*,1,1881.6307345283067,104687,808.254899999838,0.9176770899808552,0.08232291001914482,nan,nan,nan,0.09173514932880744,706,24029035_15
URA-style A*,1,1888.9444430272913,109748,736.7042999999285,0.9178866963717377,0.0821133036282623,nan,nan,nan,0.09597861351854814,706,24029035_15
GT Oracle A*,1,1723.5230867899807,39613,251.45270000007258,1.0,0.0,nan,nan,nan,0.0,706,24029035_15
Topology+Risk A*,1,1886.116015902545,109901,744.9658999998974,0.9196940726577438,0.08030592734225617,nan,nan,nan,0.0943375405637239,706,24029035_15
Binary-mask A*,0,nan,0,0.0,nan,nan,nan,nan,nan,nan,707,24029035_15
Soft-probability A*,0,nan,0,0.0,nan,nan,nan,nan,nan,nan,707,24029035_15
Clearance-aware A*,0,nan,0,0.0,nan,nan,nan,nan,nan,nan,707,24029035_15
URA-style A*,0,nan,0,0.0,nan,nan,nan,nan,nan,nan,707,24029035_15
GT Oracle A*,1,1646.9890321804617,30141,188.40439999985392,1.0,0.0,nan,nan,nan,0.0,707,24029035_15
Topology+Risk A*,0,nan,0,0.0,nan,nan,nan,nan,nan,nan,707,24029035_15
Binary-mask A*,0,nan,0,0.0,nan,nan,nan,nan,nan,nan,708,24029035_15
Soft-probability A*,0,nan,0,0.0,nan,nan,nan,nan,nan,nan,708,24029035_15
Clearance-aware A*,0,nan,0,0.0,nan,nan,nan,nan,nan,nan,708,24029035_15
URA-style A*,0,nan,0,0.0,nan,nan,nan,nan,nan,nan,708,24029035_15
GT Oracle A*,1,1701.2022356160583,37997,244.33120000003328,1.0,0.0,nan,nan,nan,0.0,708,24029035_15
Topology+Risk A*,0,nan,0,0.0,nan,nan,nan,nan,nan,nan,708,24029035_15
Binary-mask A*,1,1950.5474734076206,95798,633.9657999999417,0.39090909090909093,0.6090909090909091,nan,nan,nan,0.04806632984378524,709,24029035_15
Soft-probability A*,1,1989.3586565896644,121425,824.2329000001973,0.7863554757630161,0.21364452423698388,nan,nan,nan,0.06892031820810689,709,24029035_15
Clearance-aware A*,1,2002.4713549618727,123039,828.0976999999439,0.8304477611940299,0.16955223880597015,nan,nan,nan,0.07596602093755642,709,24029035_15
URA-style A*,1,2060.6551211459464,110104,750.7901999999831,0.9320557491289199,0.06794425087108014,nan,nan,nan,0.10722926734011526,709,24029035_15
GT Oracle A*,1,1861.0916292849047,94171,624.4501000001037,1.0,0.0,nan,nan,nan,0.0,709,24029035_15
Topology+Risk A*,1,2059.2409075835735,124420,864.6692999998322,0.9442184776292853,0.05578152237071465,nan,nan,nan,0.10646938344180538,709,24029035_15
Binary-mask A*,0,nan,0,0.0,nan,nan,nan,nan,nan,nan,710,24029035_15
Soft-probability A*,0,nan,0,0.0,nan,nan,nan,nan,nan,nan,710,24029035_15
Clearance-aware A*,0,nan,0,0.0,nan,nan,nan,nan,nan,nan,710,24029035_15
URA-style A*,0,nan,0,0.0,nan,nan,nan,nan,nan,nan,710,24029035_15
GT Oracle A*,1,1762.3931444750697,50609,320.1407999999901,1.0,0.0,nan,nan,nan,0.0,710,24029035_15
Topology+Risk A*,0,nan,0,0.0,nan,nan,nan,nan,nan,nan,710,24029035_15
Binary-mask A*,1,1910.3048327205013,74569,496.0026999999627,0.3469894475481068,0.6530105524518932,nan,nan,nan,0.049664146506062476,711,24029035_15
Soft-probability A*,1,1947.701802340172,109700,735.5916000001343,0.7792765174739423,0.22072348252605767,nan,nan,nan,0.07021283461352125,711,24029035_15
Clearance-aware A*,1,1957.986073587634,114919,789.730899999995,0.8224127372933252,0.1775872627066748,nan,nan,nan,0.07586378131925238,711,24029035_15
URA-style A*,1,2016.169839771708,111194,760.0050999999439,0.9273809523809524,0.07261904761904758,nan,nan,nan,0.10783428792428379,711,24029035_15
GT Oracle A*,1,1819.920056409651,53449,340.55100000000493,1.0,0.0,nan,nan,nan,0.0,711,24029035_15
Topology+Risk A*,1,2015.3414126469618,117475,791.9407000001684,0.9410714285714286,0.05892857142857144,nan,nan,nan,0.10737908819074135,711,24029035_15
Binary-mask A*,1,478.50966799187876,11016,74.78830000013659,0.565121412803532,0.434878587196468,nan,nan,nan,-0.017626496736009804,712,24478825_15
Soft-probability A*,1,481.0954544295057,13974,94.44989999997233,0.9429824561403509,0.05701754385964908,nan,nan,nan,-0.012317914169466523,712,24478825_15
Clearance-aware A*,1,481.9238815542519,14764,101.47040000015295,0.9539473684210527,0.046052631578947345,nan,nan,nan,-0.01061716513308621,712,24478825_15
URA-style A*,1,484.2670273047595,15118,101.91000000008898,0.9521739130434783,0.047826086956521685,nan,nan,nan,-0.005806720426202411,712,24478825_15
GT Oracle A*,1,487.09545442950565,9450,74.14290000019719,1.0,0.0,nan,nan,nan,0.0,712,24478825_15
Topology+Risk A*,1,483.0954544295057,15226,102.2475999998278,0.9585152838427947,0.04148471615720528,nan,nan,nan,-0.00821194277964431,712,24478825_15
Binary-mask A*,1,235.93607486307093,4319,28.49100000003091,0.8232323232323232,0.1767676767676768,nan,nan,nan,0.002488998171813916,713,24478825_15
Soft-probability A*,1,238.52186130069796,5143,35.2755999999772,0.945273631840796,0.05472636815920395,nan,nan,nan,0.013475967658559112,713,24478825_15
Clearance-aware A*,1,242.521861300698,6291,55.467700000008335,0.551219512195122,0.448780487804878,nan,nan,nan,0.030471910288419862,713,24478825_15
URA-style A*,1,240.7645019878173,5355,35.97060000015517,0.9455445544554455,0.054455445544554504,nan,nan,nan,0.023004915772977027,713,24478825_15
GT Oracle A*,1,235.35028842544412,2674,16.42530000003717,1.0,0.0,nan,nan,nan,0.0,713,24478825_15
Topology+Risk A*,1,241.3502884254442,6289,41.85009999991962,0.6551724137931034,0.3448275862068966,nan,nan,nan,0.025493913944791304,713,24478825_15
Binary-mask A*,0,nan,0,0.0,nan,nan,nan,nan,nan,nan,714,24478825_15
Soft-probability A*,0,nan,0,0.0,nan,nan,nan,nan,nan,nan,714,24478825_15
Clearance-aware A*,0,nan,0,0.0,nan,nan,nan,nan,nan,nan,714,24478825_15
URA-style A*,0,nan,0,0.0,nan,nan,nan,nan,nan,nan,714,24478825_15
GT Oracle A*,1,110.55634918610403,653,4.161699999940538,1.0,0.0,nan,nan,nan,0.0,714,24478825_15
Topology+Risk A*,0,nan,0,0.0,nan,nan,nan,nan,nan,nan,714,24478825_15
Binary-mask A*,1,454.2253967444161,8106,52.62229999993906,0.8901601830663616,0.10983981693363842,nan,nan,nan,-0.0012879772074391282,715,24478825_15
Soft-probability A*,1,457.2964645562819,15130,105.6452000000263,0.9840182648401826,0.01598173515981738,nan,nan,nan,0.005464424504364278,715,24478825_15
Clearance-aware A*,1,460.36753236814735,23685,166.04800000004616,0.8747152619589977,0.12528473804100226,nan,nan,nan,0.012216826216167058,715,24478825_15
URA-style A*,1,631.4701294725905,36305,254.43330000007336,0.9742173112338858,0.025782688766114226,nan,nan,nan,0.38842260881663043,715,24478825_15
GT Oracle A*,1,454.811183182043,6553,41.17279999991297,1.0,0.0,nan,nan,nan,0.0,715,24478825_15
Topology+Risk A*,1,485.62236636408676,34537,244.05890000002728,0.9689578713968958,0.03104212860310418,nan,nan,nan,0.06774499907077097,715,24478825_15
Binary-mask A*,1,927.2367235014639,41235,268.9708000000337,0.7997256515775034,0.20027434842249658,nan,nan,nan,-0.0021523040893861633,716,24478825_15
Soft-probability A*,1,929.8225099390908,53407,371.29630000004,0.9658469945355191,0.03415300546448086,nan,nan,nan,0.0006303952726056577,716,24478825_15
Clearance-aware A*,1,937.8225099390908,56874,387.6860999998826,0.9797297297297297,0.020270270270270285,nan,nan,nan,0.00923961163015031,716,24478825_15
URA-style A*,1,939.4793641885832,35915,245.53820000005544,0.9891891891891892,0.010810810810810811,nan,nan,nan,0.011022638718500006,716,24478825_15
GT Oracle A*,1,929.2367235014639,34153,217.38700000014433,1.0,0.0,nan,nan,nan,0.0,716,24478825_15
Topology+Risk A*,1,939.8225099390908,51378,355.37109999995664,0.9865229110512129,0.013477088948787075,nan,nan,nan,0.011391915719536473,716,24478825_15
Binary-mask A*,1,1263.9108216936586,112417,810.6859999998051,0.45235892691951896,0.547641073080481,nan,nan,nan,-0.008038781033472032,717,24478825_15
Soft-probability A*,1,1268.4966081312855,133562,975.6907000000865,0.9585635359116023,0.04143646408839774,nan,nan,nan,-0.00443969617201565,717,24478825_15
Clearance-aware A*,1,1276.4966081312855,137562,1031.1821999998756,0.9277879341864717,0.07221206581352835,nan,nan,nan,0.001838982367264745,717,24478825_15
URA-style A*,1,1277.0823945689124,93611,648.4765999998672,0.9296803652968036,0.07031963470319635,nan,nan,nan,0.0022987279590809314,717,24478825_15
GT Oracle A*,1,1274.153462380778,89476,589.9266000001262,1.0,0.0,nan,nan,nan,0.0,717,24478825_15
Topology+Risk A*,1,1278.4966081312855,129515,926.6864000001078,0.9324817518248175,0.06751824817518248,nan,nan,nan,0.0034086520020848434,717,24478825_15
Binary-mask A*,1,1652.8183258569807,60885,415.5797999999322,0.625705329153605,0.374294670846395,nan,nan,nan,-0.008976293612913501,718,24478825_15
Soft-probability A*,1,1680.327127297087,89481,639.9449999998978,0.8920812894183602,0.10791871058163982,nan,nan,nan,0.007517881176263848,718,24478825_15
Clearance-aware A*,1,1695.055049358445,123069,845.6433999999717,0.8734353268428373,0.1265646731571627,nan,nan,nan,0.01634868833775844,718,24478825_15
URA-style A*,1,1696.6113985445493,95719,650.4370000000108,0.9254355400696864,0.07456445993031358,nan,nan,nan,0.01728186950759195,718,24478825_15
GT Oracle A*,1,1667.788888605458,52555,341.61360000007335,1.0,0.0,nan,nan,nan,0.0,718,24478825_15
Topology+Risk A*,1,1696.7119036079373,117046,814.7825999999441,0.8866481223922114,0.11335187760778864,nan,nan,nan,0.01734213196891106,718,24478825_15
Binary-mask A*,1,1651.3422791987343,137427,909.850600000027,0.4686868686868687,0.5313131313131313,nan,nan,nan,-0.00566862968978758,719,24478825_15
Soft-probability A*,1,1656.6559876977192,178160,1264.832399999932,0.9838601210490922,0.01613987895090785,nan,nan,nan,-0.0024690585773781432,719,24478825_15
Clearance-aware A*,0,nan,200001,1394.7041000001263,nan,nan,nan,nan,nan,nan,719,24478825_15
URA-style A*,1,1668.555482634331,152177,1046.6076000000157,0.9913101604278075,0.008689839572192493,nan,nan,nan,0.0046960465951617035,719,24478825_15
GT Oracle A*,1,1660.7564927611074,118130,782.479100000046,1.0,0.0,nan,nan,nan,0.0,719,24478825_15
Topology+Risk A*,1,1669.0407640085696,198152,1386.539399999947,0.9939759036144579,0.0060240963855421326,nan,nan,nan,0.004988251609174221,719,24478825_15
Binary-mask A*,1,1061.2375900532365,39760,262.9048999999668,0.7596899224806202,0.24031007751937983,nan,nan,nan,-0.010733809223809312,720,24478825_15
Soft-probability A*,1,1068.2081528017138,66331,454.0324000001874,0.9526112185686654,0.047388781431334626,nan,nan,nan,-0.004235978650915065,720,24478825_15
Clearance-aware A*,1,1086.2914139223994,78060,536.5968000000976,0.7976878612716763,0.20231213872832365,nan,nan,nan,0.01262090524892347,720,24478825_15
URA-style A*,1,1154.940258945182,105019,732.5650999998743,0.9662231320368475,0.03377686796315249,nan,nan,nan,0.07661409777564727,720,24478825_15
GT Oracle A*,1,1072.752308678998,30978,196.81599999989885,1.0,0.0,nan,nan,nan,0.0,720,24478825_15
Topology+Risk A*,1,1087.4629867976532,88403,631.2577000001056,0.9144230769230769,0.0855769230769231,nan,nan,nan,0.013713023966147653,720,24478825_15
Binary-mask A*,1,1570.9158723275416,46801,304.6973999998954,0.4199011997177135,0.5800988002822864,nan,nan,nan,-0.006109718386958242,721,24478825_15
Soft-probability A*,1,1573.9869401394071,55210,374.91270000009536,0.9576868829337094,0.042313117066290595,nan,nan,nan,-0.004166708894116753,721,24478825_15
Clearance-aware A*,1,1581.7859300126306,63244,430.48300000009476,0.9887323943661972,0.011267605633802802,nan,nan,nan,0.0007675720422077446,721,24478825_15
URA-style A*,1,1581.300648638392,48538,330.99459999993996,0.9859353023909986,0.01406469760900142,nan,nan,nan,0.00046054322532464674,721,24478825_15
GT Oracle A*,1,1580.572726577034,36401,233.04400000006353,1.0,0.0,nan,nan,nan,0.0,721,24478825_15
Topology+Risk A*,1,1582.9575028878844,61663,419.2330999999285,0.9901547116736991,0.009845288326300938,nan,nan,nan,0.0015088051759661657,721,24478825_15
Binary-mask A*,0,nan,0,0.0,nan,nan,nan,nan,nan,nan,722,24478825_15
Soft-probability A*,0,nan,0,0.0,nan,nan,nan,nan,nan,nan,722,24478825_15
Clearance-aware A*,0,nan,0,0.0,nan,nan,nan,nan,nan,nan,722,24478825_15
URA-style A*,0,nan,0,0.0,nan,nan,nan,nan,nan,nan,722,24478825_15
GT Oracle A*,1,1561.768686069928,49863,318.1468999998742,1.0,0.0,nan,nan,nan,0.0,722,24478825_15
Topology+Risk A*,0,nan,0,0.0,nan,nan,nan,nan,nan,nan,722,24478825_15
Binary-mask A*,1,1839.1858582251289,133133,899.8732000000018,0.6395679363274588,0.3604320636725412,nan,nan,nan,-0.007868167840209028,723,24478825_15
Soft-probability A*,1,1845.32799384886,163470,1144.761500000186,0.9522998296422487,0.047700170357751315,nan,nan,nan,-0.004554849481167852,723,24478825_15
Clearance-aware A*,1,1864.2396820942915,195370,1412.2671000000082,0.9042492917847026,0.09575070821529741,nan,nan,nan,0.005646886153251177,723,24478825_15
URA-style A*,1,1878.780879378748,141284,989.3640000000232,0.9845971563981043,0.0154028436018957,nan,nan,nan,0.013491000786422142,723,24478825_15
GT Oracle A*,1,1853.7716446627558,113222,761.1593999999968,1.0,0.0,nan,nan,nan,0.0,723,24478825_15
Topology+Risk A*,1,1865.4112549695456,189628,1325.7014999999228,0.9728353140916808,0.02716468590831922,nan,nan,nan,0.006278880325039877,723,24478825_15
Binary-mask A*,0,nan,0,0.0,nan,nan,nan,nan,nan,nan,724,24478825_15
Soft-probability A*,0,nan,0,0.0,nan,nan,nan,nan,nan,nan,724,24478825_15
Clearance-aware A*,0,nan,0,0.0,nan,nan,nan,nan,nan,nan,724,24478825_15
URA-style A*,0,nan,0,0.0,nan,nan,nan,nan,nan,nan,724,24478825_15
GT Oracle A*,1,1459.7442994522878,79718,518.4630999999627,1.0,0.0,nan,nan,nan,0.0,724,24478825_15
Topology+Risk A*,0,nan,0,0.0,nan,nan,nan,nan,nan,nan,724,24478825_15
Binary-mask A*,1,1688.442784262123,46267,311.10370000010334,0.5704918032786885,0.42950819672131146,nan,nan,nan,-0.0037427415688188427,725,24478825_15
Soft-probability A*,1,1693.5138520739888,60157,409.52100000004066,0.9803664921465969,0.01963350785340312,nan,nan,nan,-0.0007505832542711362,725,24478825_15
Clearance-aware A*,1,1703.898628384839,115967,801.716800000122,0.9856490541422048,0.014350945857795172,nan,nan,nan,0.005376902304198636,725,24478825_15
URA-style A*,1,1708.2417741353465,78081,535.1602000000639,0.9844054580896686,0.015594541910331383,nan,nan,nan,0.00793955383062192,725,24478825_15
GT Oracle A*,1,1694.7859300126306,42708,286.6768999999749,1.0,0.0,nan,nan,nan,0.0,725,24478825_15
Topology+Risk A*,1,1705.6559876977196,110524,759.3878000000132,0.9876302083333334,0.01236979166666663,nan,nan,nan,0.006413823417219432,725,24478825_15
Binary-mask A*,1,1833.7098115668823,74069,501.0165000001052,0.4237082066869301,0.5762917933130699,nan,nan,nan,-0.031435636754455897,726,24478825_15
Soft-probability A*,1,1839.9524522540019,93645,639.9014999999508,0.98,0.020000000000000018,nan,nan,nan,-0.0281382778899559,726,24478825_15
Clearance-aware A*,1,1849.508801440106,130913,901.635400000032,0.9854984894259818,0.014501510574018162,nan,nan,nan,-0.02309062029113334,726,24478825_15
URA-style A*,1,1853.8519471906136,105827,735.2940999999191,0.9849488260084287,0.015051173991571298,nan,nan,nan,-0.020796573451340047,726,24478825_15
GT Oracle A*,1,1893.2245301926437,69624,463.6250999999447,1.0,0.0,nan,nan,nan,0.0,726,24478825_15
Topology+Risk A*,1,1852.6803743153598,127142,932.2151000001213,0.9885473176612417,0.011452682338758291,nan,nan,nan,-0.021415397503410923,726,24478825_15
Binary-mask A*,0,nan,0,0.0,nan,nan,nan,nan,nan,nan,727,24478825_15
Soft-probability A*,0,nan,0,0.0,nan,nan,nan,nan,nan,nan,727,24478825_15
Clearance-aware A*,0,nan,0,0.0,nan,nan,nan,nan,nan,nan,727,24478825_15
URA-style A*,0,nan,0,0.0,nan,nan,nan,nan,nan,nan,727,24478825_15
GT Oracle A*,1,2129.7758287448623,85625,567.8540999999768,1.0,0.0,nan,nan,nan,0.0,727,24478825_15
Topology+Risk A*,0,nan,0,0.0,nan,nan,nan,nan,nan,nan,727,24478825_15
Binary-mask A*,1,2108.4032457428348,142958,1056.473399999959,0.4973432518597237,0.5026567481402763,nan,nan,nan,-0.002952097430202729,728,24478825_15
Soft-probability A*,1,2110.4032457428348,172283,1323.482100000092,0.9591295116772823,0.04087048832271767,nan,nan,nan,-0.0020063126003007845,728,24478825_15
Clearance-aware A*,0,nan,200001,1398.5838000000967,nan,nan,nan,nan,nan,nan,728,24478825_15
URA-style A*,1,2118.0600999923267,141409,990.2603000000454,0.9814814814814815,0.01851851851851849,nan,nan,nan,0.0016145556966690876,728,24478825_15
GT Oracle A*,1,2114.6458864299534,123426,827.2577000000183,1.0,0.0,nan,nan,nan,0.0,728,24478825_15
Topology+Risk A*,0,nan,200001,1399.650599999859,nan,nan,nan,nan,nan,nan,728,24478825_15
Binary-mask A*,1,2162.832611206845,193373,1361.1966000000848,0.6396440929312902,0.3603559070687098,nan,nan,nan,-0.006494882987137539,729,24478825_15
Soft-probability A*,0,nan,200001,1424.5981999999913,nan,nan,nan,nan,nan,nan,729,24478825_15
Clearance-aware A*,0,nan,200001,1395.9047000000737,nan,nan,nan,nan,nan,nan,729,24478825_15
URA-style A*,1,2178.971788237749,175549,1252.0378000001529,0.9808884297520661,0.019111570247933862,nan,nan,nan,0.0009187073579944956,729,24478825_15
GT Oracle A*,1,2176.9717882377486,166549,1096.2663999998767,1.0,0.0,nan,nan,nan,0.0,729,24478825_15
Topology+Risk A*,0,nan,200001,1392.6592000000255,nan,nan,nan,nan,nan,nan,729,24478825_15
Binary-mask A*,1,1854.0113267570473,72956,484.15479999994204,0.43966547192353644,0.5603345280764636,nan,nan,nan,-0.005235284499524308,730,24478825_15
Soft-probability A*,1,1860.496608131286,92865,668.9387000001261,0.9827175208581644,0.01728247914183556,nan,nan,nan,-0.0017556244844642028,730,24478825_15
Clearance-aware A*,1,1871.7098115668825,129015,887.8502000000026,0.9887106357694593,0.011289364230540722,nan,nan,nan,0.004260789204318999,730,24478825_15
URA-style A*,1,1875.4671708797632,103150,708.863699999938,0.9875592417061612,0.012440758293838838,nan,nan,nan,0.0062767900852028335,730,24478825_15
GT Oracle A*,1,1863.768686069928,59494,381.38679999997294,1.0,0.0,nan,nan,nan,0.0,730,24478825_15
Topology+Risk A*,1,1874.2955980045094,125360,886.3607999999203,0.9911032028469751,0.008896797153024938,nan,nan,nan,0.0056481858576448276,730,24478825_15
Binary-mask A*,1,2071.658079738773,94073,685.758000000078,0.16430131004366813,0.8356986899563319,nan,nan,nan,-0.006269911766342687,731,24478825_15
Soft-probability A*,1,2075.6580797387737,115339,805.4543000000649,0.9564270152505446,0.04357298474945537,nan,nan,nan,-0.00435119728743758,731,24478825_15
Clearance-aware A*,1,2085.3149339882652,186734,1317.7052999999432,0.9793926247288504,0.02060737527114964,nan,nan,nan,0.0002809892298552861,731,24478825_15
URA-style A*,1,2085.9007204258924,103296,772.6258999998663,0.978319783197832,0.02168021680216803,nan,nan,nan,0.0005619784597105722,731,24478825_15
GT Oracle A*,1,2084.729147550638,72904,487.2024999999667,1.0,0.0,nan,nan,nan,0.0,731,24478825_15
Topology+Risk A*,1,2087.3149339882652,177250,1243.241800000078,0.9810400866738895,0.018959913326110467,nan,nan,nan,0.0012403464693076212,731,24478825_15
Binary-mask A*,0,nan,0,0.0,nan,nan,nan,nan,nan,nan,732,24478855_15
Soft-probability A*,0,nan,0,0.0,nan,nan,nan,nan,nan,nan,732,24478855_15
Clearance-aware A*,0,nan,0,0.0,nan,nan,nan,nan,nan,nan,732,24478855_15
URA-style A*,0,nan,0,0.0,nan,nan,nan,nan,nan,nan,732,24478855_15
GT Oracle A*,1,813.4873734152933,32024,203.38470000001507,1.0,0.0,nan,nan,nan,0.0,732,24478855_15
Topology+Risk A*,0,nan,0,0.0,nan,nan,nan,nan,nan,nan,732,24478855_15
Binary-mask A*,0,nan,0,0.0,nan,nan,nan,nan,nan,nan,733,24478855_15
Soft-probability A*,0,nan,0,0.0,nan,nan,nan,nan,nan,nan,733,24478855_15
Clearance-aware A*,0,nan,0,0.0,nan,nan,nan,nan,nan,nan,733,24478855_15
URA-style A*,0,nan,0,0.0,nan,nan,nan,nan,nan,nan,733,24478855_15
GT Oracle A*,1,819.3574311003823,19062,120.99850000004153,1.0,0.0,nan,nan,nan,0.0,733,24478855_15
Topology+Risk A*,0,nan,0,0.0,nan,nan,nan,nan,nan,nan,733,24478855_15
Binary-mask A*,1,872.7594513539345,27148,174.13190000002032,0.4745341614906832,0.5254658385093167,nan,nan,nan,-0.008696856476601155,734,24478855_15
Soft-probability A*,1,877.002092041054,37899,253.71100000006663,0.9814356435643564,0.01856435643564358,nan,nan,nan,-0.0038779535779189496,734,24478855_15
Clearance-aware A*,1,880.6589462905464,45790,320.4349000000093,0.980246913580247,0.01975308641975304,nan,nan,nan,0.0002755976752987668,734,24478855_15
URA-style A*,1,881.5878784786809,39954,285.00269999995,0.981549815498155,0.01845018450184499,nan,nan,nan,0.0013307032909288504,734,24478855_15
GT Oracle A*,1,880.416305603427,23700,151.41079999989415,1.0,0.0,nan,nan,nan,0.0,734,24478855_15
Topology+Risk A*,1,881.2447327281733,44895,316.50420000005397,0.9802712700369913,0.019728729963008673,nan,nan,nan,0.0009409493207631274,734,24478855_15
Binary-mask A*,1,266.8010819142773,1663,12.120000000095388,0.17708333333333334,0.8229166666666666,nan,nan,nan,0.0,735,24478855_15
Soft-probability A*,1,266.80108191427735,1723,12.613500000043132,1.0,0.0,nan,nan,nan,2.130554286098124e-16,735,24478855_15
Clearance-aware A*,1,268.2152954766504,4746,30.387400000108755,1.0,0.0,nan,nan,nan,0.005300629038781375,735,24478855_15
URA-style A*,1,268.4579361637697,3660,24.375899999995454,1.0,0.0,nan,nan,nan,0.006210073203619055,735,24478855_15
GT Oracle A*,1,266.8010819142773,816,5.7523000000401225,1.0,0.0,nan,nan,nan,0.0,735,24478855_15
Topology+Risk A*,1,268.2152954766504,4553,30.43870000010429,1.0,0.0,nan,nan,nan,0.005300629038781375,735,24478855_15
Binary-mask A*,1,804.8650070512061,20695,133.06179999995038,0.31469440832249673,0.6853055916775033,nan,nan,nan,-0.02245129640944129,736,24478855_15
Soft-probability A*,1,809.3502884254448,27578,190.9914000000299,0.9195849546044098,0.08041504539559019,nan,nan,nan,-0.017003698421935654,736,24478855_15
Clearance-aware A*,1,821.8772003600261,42710,292.2627000000375,0.979328165374677,0.02067183462532296,nan,nan,nan,-0.0017891389438093998,736,24478855_15
URA-style A*,1,820.3208511739219,27354,184.94600000008177,0.9716859716859717,0.028314028314028294,nan,nan,nan,-0.0036794026723622805,736,24478855_15
GT Oracle A*,1,823.3502884254448,18293,115.58289999993576,1.0,0.0,nan,nan,nan,0.0,736,24478855_15
Topology+Risk A*,1,823.0487732352799,41514,283.355100000108,0.9806701030927835,0.019329896907216537,nan,nan,nan,-0.00036620524022829725,736,24478855_15
Binary-mask A*,1,362.2548339959392,7616,48.48000000015418,0.7171428571428572,0.2828571428571428,nan,nan,nan,-0.016940796385344462,737,24478855_15
Soft-probability A*,1,364.7401153701778,9743,64.2809999999372,0.8085714285714286,0.1914285714285714,nan,nan,nan,-0.010196431647495964,737,24478855_15
Clearance-aware A*,1,376.6812408671322,12208,85.07190000000264,0.9659090909090909,0.03409090909090906,nan,nan,nan,0.022208472910465644,737,24478855_15
URA-style A*,1,378.1959594928936,10256,67.3165999999128,0.9747191011235955,0.0252808988764045,nan,nan,nan,0.026318999385753473,737,24478855_15
GT Oracle A*,1,368.4974746830585,6410,39.8310999999012,1.0,0.0,nan,nan,nan,0.0,737,24478855_15
Topology+Risk A*,1,377.85281374238605,12079,80.07150000003094,0.9717514124293786,0.02824858757062143,nan,nan,nan,0.02538779693775105,737,24478855_15
Binary-mask A*,1,1248.1585130146602,77176,596.9356999999036,0.2918572735590119,0.7081427264409881,nan,nan,nan,-0.010015512306552475,738,24478855_15
Soft-probability A*,1,1250.6437943888989,97503,699.7404999999617,0.9560841720036597,0.043915827996340306,nan,nan,nan,-0.008044296325252826,738,24478855_15
Clearance-aware A*,1,1259.6143571373761,109249,761.797199999819,0.9854147675478578,0.01458523245214216,nan,nan,nan,-0.0009292401250401413,738,24478855_15
URA-style A*,1,1256.5432893255106,91781,631.5661000001,0.9872262773722628,0.012773722627737238,nan,nan,nan,-0.0033650761688598626,738,24478855_15
GT Oracle A*,1,1260.78593001263,69071,443.0313999998816,1.0,0.0,nan,nan,nan,0.0,738,24478855_15
Topology+Risk A*,1,1259.6143571373761,106710,733.1687999999303,0.9863263445761167,0.013673655423883324,nan,nan,nan,-0.0009292401250401413,738,24478855_15
Binary-mask A*,1,1735.2051942088858,77978,542.5915000000714,0.48314606741573035,0.5168539325842696,nan,nan,nan,-0.0016273719276937218,739,24478855_15
Soft-probability A*,1,1740.7615433949902,102028,701.4087000000018,0.9868995633187773,0.013100436681222738,nan,nan,nan,0.0015695450466976526,739,24478855_15
Clearance-aware A*,1,1748.803173955333,131346,933.9864999999463,0.9950124688279302,0.004987531172069848,nan,nan,nan,0.006196400627415525,739,24478855_15
URA-style A*,1,1750.661038331602,97287,674.869999999828,0.993167701863354,0.006832298136645987,nan,nan,nan,0.007265346793625679,739,24478855_15
GT Oracle A*,1,1738.033621333632,77532,507.247100000086,1.0,0.0,nan,nan,nan,0.0,739,24478855_15
Topology+Risk A*,1,1751.1463197058406,127894,907.9547999999704,0.9975124378109452,0.0024875621890547706,nan,nan,nan,0.007544559674367463,739,24478855_15
Binary-mask A*,0,nan,0,0.0,nan,nan,nan,nan,nan,nan,740,24478855_15
Soft-probability A*,0,nan,0,0.0,nan,nan,nan,nan,nan,nan,740,24478855_15
Clearance-aware A*,0,nan,0,0.0,nan,nan,nan,nan,nan,nan,740,24478855_15
URA-style A*,0,nan,0,0.0,nan,nan,nan,nan,nan,nan,740,24478855_15
GT Oracle A*,1,1675.5432893255113,34450,233.2930000000033,1.0,0.0,nan,nan,nan,0.0,740,24478855_15
Topology+Risk A*,0,nan,0,0.0,nan,nan,nan,nan,nan,nan,740,24478855_15
Binary-mask A*,1,1956.626550446196,81697,538.4592000000339,0.49551066217732886,0.5044893378226711,nan,nan,nan,-0.017728296991037774,741,24478855_15
Soft-probability A*,1,1967.6976182580615,110459,750.5956999998489,0.9251814628699051,0.0748185371300949,nan,nan,nan,-0.012170365340151744,741,24478855_15
Clearance-aware A*,1,1985.1534623807777,132053,905.9268999999404,0.963353692393115,0.03664630760688503,nan,nan,nan,-0.0034071285692057252,741,24478855_15
URA-style A*,1,1986.7686860699273,109319,784.4422999999097,0.9690265486725663,0.030973451327433676,nan,nan,nan,-0.0025962489848928164,741,24478855_15
GT Oracle A*,1,1991.9402589451809,92371,602.2373000000698,1.0,0.0,nan,nan,nan,0.0,741,24478855_15
Topology+Risk A*,1,1990.5676759431506,129889,886.855000000196,0.9689922480620154,0.03100775193798455,nan,nan,nan,-0.0006890683572795195,741,24478855_15
Binary-mask A*,1,988.7859300126299,20165,133.6100000000897,0.8319226118500604,0.16807738814993956,nan,nan,nan,0.021243723527479007,742,24478855_15
Soft-probability A*,1,994.2001435750032,28445,189.56419999994978,0.96875,0.03125,nan,nan,nan,0.02683566355269799,742,24478855_15
Clearance-aware A*,1,1006.3422791987342,63981,432.5340000000324,0.9892857142857143,0.010714285714285676,nan,nan,nan,0.03937637577318476,742,24478855_15
URA-style A*,1,1007.513852073988,31213,207.48700000012832,0.9928741092636579,0.0071258907363420665,nan,nan,nan,0.04058640658894757,742,24478855_15
GT Oracle A*,1,968.2173875177058,21053,133.73969999997826,1.0,0.0,nan,nan,nan,0.0,742,24478855_15
Topology+Risk A*,1,1006.9280656363611,62027,432.1913000001132,0.9892984542211652,0.010701545778834753,nan,nan,nan,0.03998139118106617,742,24478855_15
Binary-mask A*,1,1443.4377336282403,49720,341.31299999990006,0.4316546762589928,0.5683453237410072,nan,nan,nan,-0.004708395816944977,743,24478855_15
Soft-probability A*,1,1448.2661607529867,66132,464.43040000008295,0.9864541832669322,0.013545816733067761,nan,nan,nan,-0.001379057206272648,743,24478855_15
Clearance-aware A*,1,1459.9646455628217,88900,608.7564000001748,0.9960254372019078,0.003974562798092163,nan,nan,nan,0.006687382683465307,743,24478855_15
URA-style A*,1,1461.9646455628217,71140,489.27839999987555,0.9928571428571429,0.0071428571428571175,nan,nan,nan,0.008066439889738113,743,24478855_15
GT Oracle A*,1,1450.2661607529865,45323,305.9189000000515,1.0,0.0,nan,nan,nan,0.0,743,24478855_15
Topology+Risk A*,1,1461.3788591251948,88532,614.0141000000767,0.9960285941223193,0.003971405877680745,nan,nan,nan,0.007662523385664991,743,24478855_15
Binary-mask A*,1,1905.4621202458802,124783,857.1729000000232,0.48016577856719955,0.5198342214328004,nan,nan,nan,-0.005503194853108241,744,24478855_15
Soft-probability A*,1,1909.9474016201189,162785,1169.0212000000884,0.9562389118864577,0.04376108811354229,nan,nan,nan,-0.0031622414699522465,744,24478855_15
Clearance-aware A*,1,1926.775828744865,165650,1136.0130000000481,0.9935559461042766,0.006444053895723445,nan,nan,nan,0.005620833687190115,744,24478855_15
URA-style A*,1,1925.8468965567306,153001,1108.036299999867,0.9818075117370892,0.018192488262910755,nan,nan,nan,0.005136006367096956,744,24478855_15
GT Oracle A*,1,1916.0062761231643,106109,692.3809999998412,1.0,0.0,nan,nan,nan,0.0,744,24478855_15
Topology+Risk A*,1,1929.361615182492,162279,1220.0521000002027,0.9947368421052631,0.0052631578947368585,nan,nan,nan,0.00697040465146637,744,24478855_15
Binary-mask A*,0,nan,0,0.0,nan,nan,nan,nan,nan,nan,745,24478855_15
Soft-probability A*,0,nan,0,0.0,nan,nan,nan,nan,nan,nan,745,24478855_15
Clearance-aware A*,0,nan,0,0.0,nan,nan,nan,nan,nan,nan,745,24478855_15
URA-style A*,0,nan,0,0.0,nan,nan,nan,nan,nan,nan,745,24478855_15
GT Oracle A*,1,2023.6681810065395,70617,470.4658999999083,1.0,0.0,nan,nan,nan,0.0,745,24478855_15
Topology+Risk A*,0,nan,0,0.0,nan,nan,nan,nan,nan,nan,745,24478855_15
Binary-mask A*,0,nan,0,0.0,nan,nan,nan,nan,nan,nan,746,24478855_15
Soft-probability A*,0,nan,0,0.0,nan,nan,nan,nan,nan,nan,746,24478855_15
Clearance-aware A*,0,nan,0,0.0,nan,nan,nan,nan,nan,nan,746,24478855_15
URA-style A*,0,nan,0,0.0,nan,nan,nan,nan,nan,nan,746,24478855_15
GT Oracle A*,1,2026.337228564852,101795,681.8545999999515,1.0,0.0,nan,nan,nan,0.0,746,24478855_15
Topology+Risk A*,0,nan,0,0.0,nan,nan,nan,nan,nan,nan,746,24478855_15
Binary-mask A*,1,2500.398195108912,173813,1155.1054999999906,0.534075723830735,0.465924276169265,nan,nan,nan,0.004829342523728099,747,24478855_15
Soft-probability A*,0,nan,200001,1400.5828000001657,nan,nan,nan,nan,nan,nan,747,24478855_15
Clearance-aware A*,0,nan,200001,1425.2742999999555,nan,nan,nan,nan,nan,nan,747,24478855_15
URA-style A*,0,nan,200001,1385.9846000000289,nan,nan,nan,nan,nan,nan,747,24478855_15
GT Oracle A*,1,2488.3809511662103,161772,1089.2341000001124,1.0,0.0,nan,nan,nan,0.0,747,24478855_15
Topology+Risk A*,0,nan,200001,1418.8146999999844,nan,nan,nan,nan,nan,nan,747,24478855_15
Binary-mask A*,0,nan,0,0.0,nan,nan,nan,nan,nan,nan,748,24478855_15
Soft-probability A*,0,nan,0,0.0,nan,nan,nan,nan,nan,nan,748,24478855_15
Clearance-aware A*,0,nan,0,0.0,nan,nan,nan,nan,nan,nan,748,24478855_15
URA-style A*,0,nan,0,0.0,nan,nan,nan,nan,nan,nan,748,24478855_15
GT Oracle A*,1,2195.709811566866,160554,1055.4389000001265,1.0,0.0,nan,nan,nan,0.0,748,24478855_15
Topology+Risk A*,0,nan,0,0.0,nan,nan,nan,nan,nan,nan,748,24478855_15
Binary-mask A*,0,nan,0,0.0,nan,nan,nan,nan,nan,nan,749,24478855_15
Soft-probability A*,0,nan,0,0.0,nan,nan,nan,nan,nan,nan,749,24478855_15
Clearance-aware A*,0,nan,0,0.0,nan,nan,nan,nan,nan,nan,749,24478855_15
URA-style A*,0,nan,0,0.0,nan,nan,nan,nan,nan,nan,749,24478855_15
GT Oracle A*,1,1909.6387437550165,77595,512.6557000000957,1.0,0.0,nan,nan,nan,0.0,749,24478855_15
Topology+Risk A*,0,nan,0,0.0,nan,nan,nan,nan,nan,nan,749,24478855_15
Binary-mask A*,1,1959.8448045156754,100507,696.2341000000833,0.6050884955752213,0.39491150442477874,nan,nan,nan,-0.006258605194723779,750,24478855_15
Soft-probability A*,1,1967.8448045156754,125881,867.9356000000098,0.9631057268722467,0.036894273127753285,nan,nan,nan,-0.0022021966770060567,750,24478855_15
Clearance-aware A*,1,1979.6437943888989,158665,1143.4220000001005,0.9928649835345774,0.007135016465422583,nan,nan,nan,0.0037804937007700577,750,24478855_15
URA-style A*,1,1984.0874452027947,113911,796.184200000198,0.99399235390497,0.006007646095030017,nan,nan,nan,0.0060336515771763485,750,24478855_15
GT Oracle A*,1,1972.187950266183,94268,612.9194999998617,1.0,0.0,nan,nan,nan,0.0,750,24478855_15
Topology+Risk A*,1,1982.8153672641529,153414,1081.3273000001118,0.9934282584884995,0.006571741511500528,nan,nan,nan,0.005388643103987917,750,24478855_15
Binary-mask A*,0,nan,200001,1357.1128999999473,nan,nan,nan,nan,nan,nan,751,24478855_15
Soft-probability A*,0,nan,200001,1391.3014999998268,nan,nan,nan,nan,nan,nan,751,24478855_15
Clearance-aware A*,0,nan,200001,1406.5789999999652,nan,nan,nan,nan,nan,nan,751,24478855_15
URA-style A*,0,nan,200001,1423.1624999999894,nan,nan,nan,nan,nan,nan,751,24478855_15
GT Oracle A*,0,nan,200001,1311.3559000000805,nan,nan,nan,nan,nan,nan,751,24478855_15
Topology+Risk A*,0,nan,200001,1391.3930000001073,nan,nan,nan,nan,nan,nan,751,24478855_15
Binary-mask A*,1,1001.8183258569807,16523,112.04569999995329,0.2860169491525424,0.7139830508474576,nan,nan,nan,-0.015153087386657616,752,24479170_15
Soft-probability A*,1,1006.0609665441001,22088,151.35190000000875,0.9672650475184794,0.032734952481520585,nan,nan,nan,-0.010982319619494788,752,24479170_15
Clearance-aware A*,1,1013.8599564173235,34202,232.40069999997104,0.982086406743941,0.017913593256059013,nan,nan,nan,-0.0033154493897289204,752,24479170_15
URA-style A*,1,1016.5462479183386,20893,141.55000000005202,0.9884816753926702,0.011518324607329822,nan,nan,nan,-0.000674665304559457,752,24479170_15
GT Oracle A*,1,1017.2325394193538,13093,102.3605000000316,1.0,0.0,nan,nan,nan,0.0,752,24479170_15
Topology+Risk A*,1,1016.4457428549504,33074,247.011799999882,0.9852941176470589,0.014705882352941124,nan,nan,nan,-0.0007734677508964804,752,24479170_15
Binary-mask A*,1,1130.666088965484,49100,328.9667000001373,0.26104023552502453,0.7389597644749755,nan,nan,nan,-0.018622893555376295,753,24479170_15
Soft-probability A*,1,1138.8082245892151,66015,453.4072000001288,0.8934506353861192,0.10654936461388076,nan,nan,nan,-0.011555815505827741,753,24479170_15
Clearance-aware A*,1,1152.163563648543,76067,525.528900000154,0.9785575048732943,0.021442495126705707,nan,nan,nan,3.613381461409116e-05,753,24479170_15
URA-style A*,1,1159.9209229614235,63345,443.2377999999062,0.9922705314009662,0.007729468599033784,nan,nan,nan,0.006769239999032675,753,24479170_15
GT Oracle A*,1,1152.1219330882,41593,276.2261000000308,1.0,0.0,nan,nan,nan,0.0,753,24479170_15
Topology+Risk A*,1,1156.1635636485428,74687,513.1608000001506,0.9844660194174757,0.01553398058252431,nan,nan,nan,0.0035079885594308927,753,24479170_15
Binary-mask A*,0,nan,0,0.0,nan,nan,nan,nan,nan,nan,754,24479170_15
Soft-probability A*,0,nan,0,0.0,nan,nan,nan,nan,nan,nan,754,24479170_15
Clearance-aware A*,0,nan,0,0.0,nan,nan,nan,nan,nan,nan,754,24479170_15
URA-style A*,0,nan,0,0.0,nan,nan,nan,nan,nan,nan,754,24479170_15
GT Oracle A*,1,731.8082245892151,12652,80.26279999990038,1.0,0.0,nan,nan,nan,0.0,754,24479170_15
Topology+Risk A*,0,nan,0,0.0,nan,nan,nan,nan,nan,nan,754,24479170_15
Binary-mask A*,1,472.154328932551,9116,59.66200000011668,0.7045951859956237,0.29540481400437635,nan,nan,nan,-0.010331387809658817,755,24479170_15
Soft-probability A*,1,474.7401153701779,11351,77.47519999998076,0.9804347826086957,0.019565217391304346,nan,nan,nan,-0.004911397949706931,755,24479170_15
Clearance-aware A*,1,480.5391052434013,15545,104.61380000015197,0.9869565217391304,0.013043478260869601,nan,nan,nan,0.007243691833995396,755,24479170_15
URA-style A*,1,480.9827560572972,11056,75.60769999986405,0.9956989247311828,0.004301075268817178,nan,nan,nan,0.008173615078113695,755,24479170_15
GT Oracle A*,1,477.0832611206855,7933,50.08820000011838,1.0,0.0,nan,nan,nan,0.0,755,24479170_15
Topology+Risk A*,1,482.29646455628205,15293,107.5373999999556,0.9913606911447084,0.008639308855291628,nan,nan,nan,0.010927240296275623,755,24479170_15
Binary-mask A*,0,nan,0,0.0,nan,nan,nan,nan,nan,nan,756,24479170_15
Soft-probability A*,0,nan,0,0.0,nan,nan,nan,nan,nan,nan,756,24479170_15
Clearance-aware A*,0,nan,0,0.0,nan,nan,nan,nan,nan,nan,756,24479170_15
URA-style A*,0,nan,0,0.0,nan,nan,nan,nan,nan,nan,756,24479170_15
GT Oracle A*,1,1348.1320343559655,40508,271.936500000038,1.0,0.0,nan,nan,nan,0.0,756,24479170_15
Topology+Risk A*,0,nan,0,0.0,nan,nan,nan,nan,nan,nan,756,24479170_15
Binary-mask A*,1,684.8650070512061,10285,69.5564000000104,0.5747303543913713,0.4252696456086287,nan,nan,nan,-0.014046998463286386,757,24479170_15
Soft-probability A*,1,689.1076477383255,12746,94.19240000011087,0.9693251533742331,0.030674846625766916,nan,nan,nan,-0.007939160748058633,757,24479170_15
Clearance-aware A*,1,694.6639969244296,16500,117.60449999997036,0.9877488514548239,0.01225114854517606,nan,nan,nan,5.9932651694934476e-05,757,24479170_15
URA-style A*,1,697.3502884254449,12521,89.59290000007059,0.9954476479514416,0.004552352048558417,nan,nan,nan,0.003927201589601895,757,24479170_15
GT Oracle A*,1,694.6223663640868,7820,49.4407000001047,1.0,0.0,nan,nan,nan,0.0,757,24479170_15
Topology+Risk A*,1,695.8355697996834,16123,111.86150000003181,0.9893129770992366,0.010687022900763399,nan,nan,nan,0.0017465654639757101,757,24479170_15
Binary-mask A*,1,2064.864140499432,127131,890.315899999905,0.23709677419354838,0.7629032258064516,nan,nan,nan,-0.009219045296715675,758,24479170_15
Soft-probability A*,1,2075.349421873671,176743,1211.7760999999518,0.9834047109207709,0.016595289079229136,nan,nan,nan,-0.004187906982798101,758,24479170_15
Clearance-aware A*,0,nan,200001,1435.7605000000149,nan,nan,nan,nan,nan,nan,758,24479170_15
URA-style A*,1,2103.1484117468935,169548,1164.4593999999415,0.9984126984126984,0.0015873015873015817,nan,nan,nan,0.009150844553521671,758,24479170_15
GT Oracle A*,1,2084.077343935028,103098,700.1705000000129,1.0,0.0,nan,nan,nan,0.0,758,24479170_15
Topology+Risk A*,1,2099.7341981845198,198361,1383.0180999998447,0.9978802331743508,0.002119766825649183,nan,nan,nan,0.007512607099278597,758,24479170_15
Binary-mask A*,1,1557.5950211536192,45209,296.64339999999356,0.5234806629834254,0.47651933701657456,nan,nan,nan,-0.001812602295785065,759,24479170_15
Soft-probability A*,1,1560.6660889654847,56219,376.1787999999342,0.9986197377501725,0.0013802622498274575,nan,nan,nan,0.00015549669378977092,759,24479170_15
Clearance-aware A*,1,1568.3229432149772,117920,818.3902000000671,0.9986254295532646,0.0013745704467353903,nan,nan,nan,0.005062404660303815,759,24479170_15
URA-style A*,1,1568.0803025278578,58191,391.0880000000816,0.9993131868131868,0.0006868131868131844,nan,nan,nan,0.0049069079665140436,759,24479170_15
GT Oracle A*,1,1560.4234482783654,36095,237.53740000006474,1.0,0.0,nan,nan,nan,0.0,759,24479170_15
Topology+Risk A*,1,1568.908729652604,115434,787.9089999998996,0.9993131868131868,0.0006868131868131844,nan,nan,nan,0.005437806887355195,759,24479170_15
Binary-mask A*,1,1821.8885271170732,66572,443.968600000062,0.5737602008788449,0.42623979912115506,nan,nan,nan,-0.004053027089228157,760,24479170_15
Soft-probability A*,1,1828.1311678041925,85265,568.5695000001942,0.9931163954943679,0.006883604505632079,nan,nan,nan,-0.0006404477778339944,760,24479170_15
Clearance-aware A*,1,1840.0306627408045,95805,641.4541999999983,0.9931549471064095,0.0068450528935904975,nan,nan,nan,0.005864486956037458,760,24479170_15
URA-style A*,1,1842.373808491312,76404,517.9419000000962,0.9950341402855369,0.004965859714463061,nan,nan,nan,0.007145382511705447,760,24479170_15
GT Oracle A*,1,1829.3027406794463,60717,401.0374000001775,1.0,0.0,nan,nan,nan,0.0,760,24479170_15
Topology+Risk A*,1,1842.8590898655507,93510,624.2998000000171,0.9950279676817899,0.0049720323182100845,nan,nan,nan,0.007410664667276041,760,24479170_15
Binary-mask A*,1,1165.5554826343314,32247,221.93459999994047,0.473313192346425,0.526686807653575,nan,nan,nan,-0.014351111178260389,761,24479170_15
Soft-probability A*,1,1171.4549775709431,38882,271.2162000000262,0.9608433734939759,0.03915662650602414,nan,nan,nan,-0.009362219001511797,761,24479170_15
Clearance-aware A*,1,1180.910821693659,59930,413.7789999999768,0.9809619238476954,0.019038076152304573,nan,nan,nan,-0.0013659096097344173,761,24479170_15
URA-style A*,1,1184.1828996323013,37238,256.7145000000437,0.9860696517412936,0.013930348258706426,nan,nan,nan,0.0014011143821836877,761,24479170_15
GT Oracle A*,1,1182.5260453828087,27153,176.50930000013432,1.0,0.0,nan,nan,nan,0.0,761,24479170_15
Topology+Risk A*,1,1184.910821693659,58764,394.3320999999287,0.9850299401197605,0.014970059880239472,nan,nan,nan,0.002016679734168884,761,24479170_15
Binary-mask A*,1,1292.683332908187,45264,292.4339000001055,0.6060100166944908,0.39398998330550916,nan,nan,nan,-0.0037984630083383146,762,24479170_15
Soft-probability A*,1,1295.854905783441,54127,368.30730000019685,0.9825291181364393,0.017470881863560717,nan,nan,nan,-0.0013543023290936641,762,24479170_15
Clearance-aware A*,1,1304.3401871576793,65940,441.92599999996673,0.9875827814569537,0.012417218543046338,nan,nan,nan,0.005184847771809976,762,24479170_15
URA-style A*,1,1308.6833329081871,54797,373.9330999999311,0.9909390444810544,0.00906095551894559,nan,nan,nan,0.00853187667045052,762,24479170_15
GT Oracle A*,1,1297.6122650963214,34081,214.75220000002082,1.0,0.0,nan,nan,nan,0.0,762,24479170_15
Topology+Risk A*,1,1306.9259735953065,66199,465.627700000141,0.9884393063583815,0.011560693641618491,nan,nan,nan,0.007177574341356681,762,24479170_15
Binary-mask A*,1,1026.3788591251941,27663,183.54410000006283,0.5618932038834952,0.4381067961165048,nan,nan,nan,-0.010016532173683668,763,24479170_15
Soft-probability A*,1,1030.0357133746868,34462,232.3030000000017,0.9612590799031477,0.03874092009685226,nan,nan,nan,-0.006489349965026585,763,24479170_15
Clearance-aware A*,1,1038.6631303726565,48849,318.6732000001484,0.9818840579710145,0.018115942028985477,nan,nan,nan,0.0018321388517963195,763,24479170_15
URA-style A*,1,1039.592062560791,39699,265.1777999999467,0.9843561973525873,0.01564380264741272,nan,nan,nan,0.0027281311072960748,763,24479170_15
GT Oracle A*,1,1036.7636354360445,22329,146.43920000003163,1.0,0.0,nan,nan,nan,0.0,763,24479170_15
Topology+Risk A*,1,1040.6631303726565,48147,317.41790000000947,0.9843373493975903,0.015662650602409678,nan,nan,nan,0.003761218857731168,763,24479170_15
Binary-mask A*,1,1777.4377336282403,49300,320.5700999999408,0.3905362776025237,0.6094637223974764,nan,nan,nan,-0.00098772715811376,764,24479170_15
Soft-probability A*,1,1780.6093065034943,62146,417.4880000000485,1.0,0.0,nan,nan,nan,0.0007948614336809744,764,24479170_15
Clearance-aware A*,1,1785.1950929411212,104971,727.2701000001689,0.9993726474278545,0.0006273525721455231,nan,nan,nan,0.0033723114591564275,764,24479170_15
URA-style A*,1,1786.0235200658672,63229,450.71859999984554,1.0,0.0,nan,nan,nan,0.0038379305067992265,764,24479170_15
GT Oracle A*,1,1779.195092941121,40779,262.1283000000858,1.0,0.0,nan,nan,nan,0.0,764,24479170_15
Topology+Risk A*,1,1785.1950929411212,102198,696.4895999999499,0.9993726474278545,0.0006273525721455231,nan,nan,nan,0.0033723114591564275,764,24479170_15
Binary-mask A*,1,2024.2531008923938,101646,713.1351999998969,0.5878136200716846,0.4121863799283154,nan,nan,nan,-0.007272110958292968,765,24479170_15
Soft-probability A*,1,2030.4957415795132,128589,907.1561999999176,0.9702203692674211,0.029779630732578943,nan,nan,nan,-0.004210614592725948,765,24479170_15
Clearance-aware A*,1,2044.2947314527366,199092,1529.7107000001233,0.9845880260818021,0.01541197391819793,nan,nan,nan,0.002556642961042397,765,24479170_15
URA-style A*,1,2045.809450078498,132090,913.7840000000779,0.9911295091661738,0.008870490833826183,nan,nan,nan,0.0032994865427967354,765,24479170_15
GT Oracle A*,1,2039.08152801714,82299,534.4315999998344,1.0,0.0,nan,nan,nan,0.0,765,24479170_15
Topology+Risk A*,1,2047.7089450151097,195686,1376.8943000000036,0.9881656804733728,0.011834319526627168,nan,nan,nan,0.004231030922220773,765,24479170_15
Binary-mask A*,1,1842.1900423072384,57810,380.9386000000359,0.4217016029593095,0.5782983970406905,nan,nan,nan,-0.0006355632370796664,766,24479170_15
Soft-probability A*,1,1845.947401620119,72040,492.0423999999457,1.0,0.0,nan,nan,nan,0.0014027559304314262,766,24479170_15
Clearance-aware A*,1,1851.118974495373,131726,900.3652000001239,0.9993876301285977,0.0006123698714023407,nan,nan,nan,0.004208267791294402,766,24479170_15
URA-style A*,1,1851.3616151824922,73413,507.37550000008014,1.0,0.0,nan,nan,nan,0.0043398972475663725,766,24479170_15
GT Oracle A*,1,1843.3616151824922,46938,302.73970000007466,1.0,0.0,nan,nan,nan,0.0,766,24479170_15
Topology+Risk A*,1,1851.118974495373,128546,905.5066999999326,0.9993876301285977,0.0006123698714023407,nan,nan,nan,0.004208267791294402,766,24479170_15
Binary-mask A*,1,1869.3422791987348,48458,315.2075000000423,0.4351145038167939,0.5648854961832062,nan,nan,nan,-0.0020059580577711914,767,24479170_15
Soft-probability A*,1,1872.756492761108,57681,392.9891000000225,0.9976553341148886,0.0023446658851113966,nan,nan,nan,-0.0001831967416214128,767,24479170_15
Clearance-aware A*,1,1881.3422791987348,102707,697.7845999999772,0.997667638483965,0.0023323615160349975,nan,nan,nan,0.004400535090417832,767,24479170_15
URA-style A*,1,1881.3422791987348,55619,384.25869999991846,0.9994169096209913,0.0005830903790087216,nan,nan,nan,0.004400535090417832,767,24479170_15
GT Oracle A*,1,1873.0996385116155,52662,336.64440000006834,1.0,0.0,nan,nan,nan,0.0,767,24479170_15
Topology+Risk A*,1,1882.5138520739886,100714,698.6323000000993,0.9988351776354106,0.0011648223645893685,nan,nan,nan,0.00502600789024429,767,24479170_15
Binary-mask A*,0,nan,0,0.0,nan,nan,nan,nan,nan,nan,768,24479170_15
Soft-probability A*,0,nan,0,0.0,nan,nan,nan,nan,nan,nan,768,24479170_15
Clearance-aware A*,0,nan,0,0.0,nan,nan,nan,nan,nan,nan,768,24479170_15
URA-style A*,0,nan,0,0.0,nan,nan,nan,nan,nan,nan,768,24479170_15
GT Oracle A*,1,1940.442784262123,48019,323.892399999977,1.0,0.0,nan,nan,nan,0.0,768,24479170_15
Topology+Risk A*,1,1950.6854249492424,130371,909.0503999998418,0.9983202687569989,0.0016797312430011369,nan,nan,nan,0.005278506931609534,768,24479170_15
Binary-mask A*,1,2208.277487510009,110348,764.8204999998143,0.5997818974918212,0.4002181025081788,nan,nan,nan,-0.008346173137373883,769,24479170_15
Soft-probability A*,1,2217.3485553218743,138145,984.8133000000416,0.9679521998913634,0.032047800108636615,nan,nan,nan,-0.004272699961903744,769,24479170_15
Clearance-aware A*,1,2235.975972319843,188968,1309.9448000000393,0.9875876956287102,0.012412304371289817,nan,nan,nan,0.004092167884224657,769,24479170_15
URA-style A*,1,2236.904904507977,139674,963.8422000000446,0.9908405172413793,0.009159482758620663,nan,nan,nan,0.004509316165846383,769,24479170_15
GT Oracle A*,1,2226.863273947635,90521,588.649999999916,1.0,0.0,nan,nan,nan,0.0,769,24479170_15
Topology+Risk A*,1,2238.804399444589,185913,1312.748099999908,0.9892183288409704,0.010781671159029615,nan,nan,nan,0.005362307437845167,769,24479170_15
Binary-mask A*,0,nan,0,0.0,nan,nan,nan,nan,nan,nan,770,24479170_15
Soft-probability A*,0,nan,0,0.0,nan,nan,nan,nan,nan,nan,770,24479170_15
Clearance-aware A*,0,nan,0,0.0,nan,nan,nan,nan,nan,nan,770,24479170_15
URA-style A*,0,nan,0,0.0,nan,nan,nan,nan,nan,nan,770,24479170_15
GT Oracle A*,1,2098.6530291048884,47306,298.0726999999206,1.0,0.0,nan,nan,nan,0.0,770,24479170_15
Topology+Risk A*,0,nan,0,0.0,nan,nan,nan,nan,nan,nan,770,24479170_15
Binary-mask A*,1,2152.235856949684,98382,653.5639999999603,0.32941176470588235,0.6705882352941177,nan,nan,nan,-0.006528009272717817,771,24479170_15
Soft-probability A*,1,2157.650070512058,121192,887.3622999999498,0.9782122905027933,0.021787709497206653,nan,nan,nan,-0.004028808495690763,771,24479170_15
Clearance-aware A*,1,2168.8632739476543,162928,1157.8895000000102,0.9899721448467966,0.010027855153203369,nan,nan,nan,0.001147205788998464,771,24479170_15
URA-style A*,1,2171.449060385281,119110,832.9304999999749,0.9944382647385984,0.005561735261401579,nan,nan,nan,0.002340804711481535,771,24479170_15
GT Oracle A*,1,2166.377992573415,77241,495.87800000017523,1.0,0.0,nan,nan,nan,0.0,771,24479170_15
Topology+Risk A*,1,2171.1059146347734,158953,1122.831799999858,0.9910913140311804,0.008908685968819552,nan,nan,nan,0.0021824086459362253,771,24479170_15
Binary-mask A*,0,nan,0,0.0,nan,nan,nan,nan,nan,nan,772,24479215_15
Soft-probability A*,0,nan,0,0.0,nan,nan,nan,nan,nan,nan,772,24479215_15
Clearance-aware A*,0,nan,0,0.0,nan,nan,nan,nan,nan,nan,772,24479215_15
URA-style A*,0,nan,0,0.0,nan,nan,nan,nan,nan,nan,772,24479215_15
GT Oracle A*,1,2094.024745555144,77443,531.066699999883,1.0,0.0,nan,nan,nan,0.0,772,24479215_15
Topology+Risk A*,0,nan,0,0.0,nan,nan,nan,nan,nan,nan,772,24479215_15
Binary-mask A*,1,463.71277015970924,12955,89.75540000005822,0.9197860962566845,0.0802139037433155,nan,nan,nan,-0.014003416224102009,773,24479215_15
Soft-probability A*,1,465.7127701597093,15840,105.5988000000525,0.9335106382978723,0.06648936170212771,nan,nan,nan,-0.00975079845195683,773,24479215_15
Clearance-aware A*,1,468.29855659733624,18196,127.50429999982771,0.920844327176781,0.079155672823219,nan,nan,nan,-0.004252617772144816,773,24479215_15
URA-style A*,1,469.71277015970935,15292,103.31310000015037,0.9368421052631579,0.06315789473684208,nan,nan,nan,-0.0012455629076665931,773,24479215_15
GT Oracle A*,1,470.29855659733613,10202,68.08509999996204,1.0,0.0,nan,nan,nan,0.0,773,24479215_15
Topology+Risk A*,1,469.12698372208246,17647,117.13399999985086,0.9182058047493403,0.08179419525065967,nan,nan,nan,-0.0024911258153334282,773,24479215_15
Binary-mask A*,1,202.6518036156092,3061,19.54129999990073,0.5028901734104047,0.49710982658959535,nan,nan,nan,-0.0160886571007148,774,24479215_15
Soft-probability A*,1,204.65180361560925,4587,31.087799999795607,0.8514285714285714,0.14857142857142858,nan,nan,nan,-0.006378293557485742,774,24479215_15
Clearance-aware A*,1,207.72287142747473,4905,31.700099999852682,0.8409090909090909,0.15909090909090906,nan,nan,nan,0.00853229890207521,774,24479215_15
URA-style A*,1,208.30865786510157,5191,33.473799999910625,0.8022598870056498,0.19774011299435024,nan,nan,nan,0.011376398536099959,774,24479215_15
GT Oracle A*,1,205.96551211459402,2679,16.856899999993402,1.0,0.0,nan,nan,nan,0.0,774,24479215_15
Topology+Risk A*,1,209.72287142747473,4984,32.642699999996694,0.797752808988764,0.202247191011236,nan,nan,nan,0.018242662445303995,774,24479215_15
Binary-mask A*,1,1330.4814562296378,68787,456.77040000009583,0.25070688030160226,0.7492931196983977,nan,nan,nan,-0.051093740773581454,775,24479215_15
Soft-probability A*,1,1337.6530291048916,95472,648.390500000005,0.8896164639850327,0.11038353601496731,nan,nan,nan,-0.045978937889284685,775,24479215_15
Clearance-aware A*,1,1350.8662325404882,107042,735.7640000000174,0.9163568773234201,0.08364312267657992,nan,nan,nan,-0.03655521282662918,775,24479215_15
URA-style A*,1,1365.493649538458,106451,760.4418999999325,0.9197416974169742,0.0802583025830258,nan,nan,nan,-0.026122863333369727,775,24479215_15
GT Oracle A*,1,1402.1210665364276,65510,420.4802000001564,1.0,0.0,nan,nan,nan,0.0,775,24479215_15
Topology+Risk A*,1,1356.7657274771,107792,741.0504000001765,0.9184430027803522,0.08155699721964782,nan,nan,nan,-0.032347662510603406,775,24479215_15
Binary-mask A*,1,808.6976182580618,26226,169.08600000010665,0.7120253164556962,0.2879746835443038,nan,nan,nan,-0.007242224212500831,776,24479215_15
Soft-probability A*,1,812.111831820435,34727,231.59830000008697,0.9874015748031496,0.012598425196850394,nan,nan,nan,-0.00305093319627882,776,24479215_15
Clearance-aware A*,1,814.9402589451812,41808,278.9383000001635,0.9921507064364207,0.00784929356357933,nan,nan,nan,0.0004212459692644189,776,24479215_15
URA-style A*,1,817.5260453828081,32669,224.0329000001111,0.9953125,0.004687499999999956,nan,nan,nan,0.0035955592533933045,776,24479215_15
GT Oracle A*,1,814.5971131946735,20651,128.8879999999608,1.0,0.0,nan,nan,nan,0.0,776,24479215_15
Topology+Risk A*,1,816.9402589451812,40810,273.1452000000445,0.9953051643192489,0.0046948356807511304,nan,nan,nan,0.0028764474027146714,776,24479215_15
Binary-mask A*,1,818.4894654563476,31961,210.72430000003806,0.7060561299852289,0.29394387001477107,nan,nan,nan,-0.019340431877779087,777,24479215_15
Soft-probability A*,1,822.7321061434669,40313,283.02499999995234,0.9294117647058824,0.07058823529411762,nan,nan,nan,-0.014257182355919372,777,24479215_15
Clearance-aware A*,1,828.3889603929595,47001,327.8280000001814,0.9342105263157895,0.06578947368421051,nan,nan,nan,-0.007479516326772946,777,24479215_15
URA-style A*,1,833.460028204825,37939,257.19119999985196,0.9475982532751092,0.05240174672489084,nan,nan,nan,-0.001403700595253586,777,24479215_15
GT Oracle A*,1,834.6316010800786,24928,157.52819999988787,1.0,0.0,nan,nan,nan,0.0,777,24479215_15
Topology+Risk A*,1,831.460028204825,45951,309.259000000111,0.9386861313868613,0.0613138686131387,nan,nan,nan,-0.0037999674001670874,777,24479215_15
Binary-mask A*,1,1881.1231585774826,103398,692.5846999999976,0.36966513460275774,0.6303348653972423,nan,nan,nan,-0.008074989874349126,778,24479215_15
Soft-probability A*,1,1892.5373721398557,138639,946.6866999998729,0.9491525423728814,0.05084745762711862,nan,nan,nan,-0.0020562218570572173,778,24479215_15
Clearance-aware A*,1,1912.5790027001985,134775,936.3680999999815,0.962508080155139,0.037491919844861,nan,nan,nan,0.00851182335883169,778,24479215_15
URA-style A*,1,1950.1181079436,133957,920.3105999999934,0.9628918746001279,0.03710812539987207,nan,nan,nan,0.028306368537270206,778,24479215_15
GT Oracle A*,1,1896.4368670764675,85070,544.9926999999661,1.0,0.0,nan,nan,nan,0.0,778,24479215_15
Topology+Risk A*,1,1932.3191180703768,132745,907.6982999999927,0.9574468085106383,0.04255319148936165,nan,nan,nan,0.018920878209473507,778,24479215_15
Binary-mask A*,1,1246.8468965567306,57884,383.737599999904,0.2839024390243902,0.7160975609756097,nan,nan,nan,0.017287706227557702,779,24479215_15
Soft-probability A*,1,1252.4032457428348,77150,549.2727999999261,0.9619883040935673,0.03801169590643272,nan,nan,nan,0.02182106612454333,779,24479215_15
Clearance-aware A*,1,1262.687516990297,92123,622.6705999999922,0.9737354085603113,0.026264591439688734,nan,nan,nan,0.030211881978875255,779,24479215_15
URA-style A*,1,1264.930157677416,67078,488.9181000000917,0.9757045675413022,0.024295432458697808,nan,nan,nan,0.03204162611730338,779,24479215_15
GT Oracle A*,1,1225.6580797387742,44553,282.3864000001777,1.0,0.0,nan,nan,nan,0.0,779,24479215_15
Topology+Risk A*,1,1266.3443712397893,89918,608.0644999999549,0.9815533980582525,0.01844660194174752,nan,nan,nan,0.03319546631609255,779,24479215_15
Binary-mask A*,0,nan,0,0.0,nan,nan,nan,nan,nan,nan,780,24479215_15
Soft-probability A*,0,nan,0,0.0,nan,nan,nan,nan,nan,nan,780,24479215_15
Clearance-aware A*,0,nan,0,0.0,nan,nan,nan,nan,nan,nan,780,24479215_15
URA-style A*,0,nan,0,0.0,nan,nan,nan,nan,nan,nan,780,24479215_15
GT Oracle A*,1,1522.1748904055905,48525,308.52850000019316,1.0,0.0,nan,nan,nan,0.0,780,24479215_15
Topology+Risk A*,0,nan,0,0.0,nan,nan,nan,nan,nan,nan,780,24479215_15
Binary-mask A*,1,1034.8813844421354,22380,144.0747999999985,0.3860684769775679,0.613931523022432,nan,nan,nan,-0.025622203282264888,781,24479215_15
Soft-probability A*,1,1039.952452254001,27150,183.80889999980354,0.9423529411764706,0.057647058823529385,nan,nan,nan,-0.020847611763068374,781,24479215_15
Clearance-aware A*,1,1048.3372285648513,51259,365.2887999999166,0.943728018757327,0.056271981242672964,nan,nan,nan,-0.01295304530302759,781,24479215_15
URA-style A*,1,1048.680374315359,30841,215.0507999999718,0.9497076023391813,0.05029239766081872,nan,nan,nan,-0.012629961319337168,781,24479215_15
GT Oracle A*,1,1062.094587877732,18308,115.11839999980111,1.0,0.0,nan,nan,nan,0.0,781,24479215_15
Topology+Risk A*,1,1050.3372285648513,50472,354.7201999999743,0.9450292397660819,0.054970760233918115,nan,nan,nan,-0.01106997384891503,781,24479215_15
Binary-mask A*,1,1164.4692629208175,55620,368.06670000009944,0.18302094818081588,0.8169790518191842,nan,nan,nan,-0.06489396299038067,782,24479215_15
Soft-probability A*,1,1170.4692629208178,78604,543.5824000001048,0.8532311062431545,0.14676889375684554,nan,nan,nan,-0.06007577121777443,782,24479215_15
Clearance-aware A*,1,1179.5403307326833,92590,628.4685000000536,0.8706521739130435,0.1293478260869565,nan,nan,nan,-0.052791413834460746,782,24479215_15
URA-style A*,1,1193.3393206059068,92522,636.2581999999293,0.8782327586206896,0.12176724137931039,nan,nan,nan,-0.04171038392155414,782,24479215_15
GT Oracle A*,1,1245.2804461028613,52384,340.90809999997873,1.0,0.0,nan,nan,nan,0.0,782,24479215_15
Topology+Risk A*,1,1183.1971849821757,92911,671.835099999953,0.8698481561822126,0.13015184381778744,nan,nan,nan,-0.04985484299137343,782,24479215_15
Binary-mask A*,1,1112.8275605729732,20538,133.14839999998185,0.3177966101694915,0.6822033898305084,nan,nan,nan,-0.008906087053026247,783,24479215_15
Soft-probability A*,1,1118.4844148224656,28290,188.80560000002333,0.9409282700421941,0.05907172995780585,nan,nan,nan,-0.0038680434138001468,783,24479215_15
Clearance-aware A*,1,1127.3128419472118,33474,227.08349999993516,0.9424686192468619,0.05753138075313813,nan,nan,nan,0.003994630637628651,783,24479215_15
URA-style A*,1,1129.3128419472118,28337,188.18799999985458,0.9530271398747391,0.04697286012526092,nan,nan,nan,0.0057758480482339005,783,24479215_15
GT Oracle A*,1,1122.8275605729732,17233,111.55819999999039,1.0,0.0,nan,nan,nan,0.0,783,24479215_15
Topology+Risk A*,1,1130.141269071958,32436,223.23550000010073,0.9488517745302714,0.051148225469728636,nan,nan,nan,0.006513652457241701,783,24479215_15
Binary-mask A*,1,1668.694659665235,59653,397.894499999893,0.3869346733668342,0.6130653266331658,nan,nan,nan,-0.004592290797183879,784,24479215_15
Soft-probability A*,1,1674.0083681642197,81917,567.0285999999578,0.9734767025089606,0.026523297491039433,nan,nan,nan,-0.0014225638649917668,784,24479215_15
Clearance-aware A*,1,1682.836795288966,92203,640.733199999886,0.9878831076265147,0.012116892373485344,nan,nan,nan,0.0038437587478405972,784,24479215_15
URA-style A*,1,1684.7362902255777,97854,687.2623000001568,0.9793152639087018,0.020684736091298173,nan,nan,nan,0.004976843157587773,784,24479215_15
GT Oracle A*,1,1676.39314447507,49317,319.518300000027,1.0,0.0,nan,nan,nan,0.0,784,24479215_15
Topology+Risk A*,1,1685.0794359760853,94628,669.4327000000158,0.9864672364672364,0.013532763532763559,nan,nan,nan,0.005181536043405451,784,24479215_15
Binary-mask A*,1,1686.5891039679636,29875,197.52740000012636,0.27991298042059465,0.7200870195794054,nan,nan,nan,-0.00385497028749218,785,24479215_15
Soft-probability A*,1,1692.1454531540678,47311,316.90560000015466,0.9253623188405797,0.07463768115942027,nan,nan,nan,-0.0005732405454565983,785,24479215_15
Clearance-aware A*,1,1699.4591616530527,67890,456.4045999998143,0.9277456647398844,0.0722543352601156,nan,nan,nan,0.0037464330210864195,785,24479215_15
URA-style A*,1,1703.3586565896644,71954,566.2131999999929,0.9299638989169675,0.07003610108303249,nan,nan,nan,0.006049579940722078,785,24479215_15
GT Oracle A*,1,1693.116015902545,22912,144.89809999986392,1.0,0.0,nan,nan,nan,0.0,785,24479215_15
Topology+Risk A*,1,1702.8733752154258,70563,512.9240999999638,0.9322278298485941,0.06777217015140591,nan,nan,nan,0.005762959667993779,785,24479215_15
Binary-mask A*,1,1836.370849898485,65157,435.7368000000861,0.4216467463479416,0.5783532536520584,nan,nan,nan,-0.0026994248401397774,786,24479215_15
Soft-probability A*,1,1839.1992770232312,84778,620.9058999997978,0.9787798408488063,0.021220159151193685,nan,nan,nan,-0.0011633560235044652,786,24479215_15
Clearance-aware A*,1,1846.9566363361118,101070,730.8339999999589,0.995385629531971,0.004614370468029039,nan,nan,nan,0.0030495288112146616,786,24479215_15
URA-style A*,1,1845.1992770232312,87859,638.7836999999763,0.9841479524438573,0.015852047556142668,nan,nan,nan,0.002095138006331582,786,24479215_15
GT Oracle A*,1,1841.3414126469622,51585,352.8435000000627,1.0,0.0,nan,nan,nan,0.0,786,24479215_15
Topology+Risk A*,1,1847.785063460858,99362,766.1502000000837,0.991430454845089,0.00856954515491104,nan,nan,nan,0.0034994329512379576,786,24479215_15
Binary-mask A*,1,1732.831744655083,45287,320.0970000000325,0.5723314606741573,0.4276685393258427,nan,nan,nan,-0.006982038903605418,787,24479215_15
Soft-probability A*,1,1738.973880278814,65327,472.4373999999898,0.9165497896213184,0.08345021037868161,nan,nan,nan,-0.0034622216953461137,787,24479215_15
Clearance-aware A*,1,1748.1870837144106,126910,890.0814999999511,0.9265220433869839,0.07347795661301615,nan,nan,nan,0.0018175041170428428,787,24479215_15
URA-style A*,1,1752.0865786510224,83086,569.7526999999809,0.9272727272727272,0.07272727272727275,nan,nan,nan,0.004052151839306656,787,24479215_15
GT Oracle A*,1,1745.0155108391568,33275,229.08060000008845,1.0,0.0,nan,nan,nan,0.0,787,24479215_15
Topology+Risk A*,1,1751.6012972767837,127323,900.8841999998367,0.9287709497206704,0.07122905027932958,nan,nan,nan,0.0037740561024926754,787,24479215_15
Binary-mask A*,0,nan,0,0.0,nan,nan,nan,nan,nan,nan,788,24479215_15
Soft-probability A*,0,nan,0,0.0,nan,nan,nan,nan,nan,nan,788,24479215_15
Clearance-aware A*,0,nan,0,0.0,nan,nan,nan,nan,nan,nan,788,24479215_15
URA-style A*,0,nan,0,0.0,nan,nan,nan,nan,nan,nan,788,24479215_15
GT Oracle A*,1,2086.78001282697,77398,499.21500000004926,1.0,0.0,nan,nan,nan,0.0,788,24479215_15
Topology+Risk A*,0,nan,0,0.0,nan,nan,nan,nan,nan,nan,788,24479215_15
Binary-mask A*,1,1965.0449480906796,79358,528.0213999999432,0.5242424242424243,0.4757575757575757,nan,nan,nan,-0.008855209168993582,789,24479215_15
Soft-probability A*,1,1972.7018023401722,98643,673.0755999999474,0.967391304347826,0.03260869565217395,nan,nan,nan,-0.00499318493849914,789,24479215_15
Clearance-aware A*,1,1992.986073587634,105277,731.8764999999985,0.9706235011990407,0.029376498800959272,nan,nan,nan,0.005237954966091618,789,24479215_15
URA-style A*,1,2004.2581515262762,91516,651.7734000001383,0.9845513963161022,0.015448603683897777,nan,nan,nan,0.010923454089957261,789,24479215_15
GT Oracle A*,1,1982.6012972767835,70151,452.5036,1.0,0.0,nan,nan,nan,0.0,789,24479215_15
Topology+Risk A*,1,2000.986073587634,103476,703.596700000162,0.970763723150358,0.02923627684964203,nan,nan,nan,0.009273057742927514,789,24479215_15
Binary-mask A*,0,nan,0,0.0,nan,nan,nan,nan,nan,nan,790,24479215_15
Soft-probability A*,0,nan,0,0.0,nan,nan,nan,nan,nan,nan,790,24479215_15
Clearance-aware A*,0,nan,0,0.0,nan,nan,nan,nan,nan,nan,790,24479215_15
URA-style A*,0,nan,0,0.0,nan,nan,nan,nan,nan,nan,790,24479215_15
GT Oracle A*,1,2546.9019459151104,93933,608.8426000001164,1.0,0.0,nan,nan,nan,0.0,790,24479215_15
Topology+Risk A*,0,nan,0,0.0,nan,nan,nan,nan,nan,nan,790,24479215_15
Binary-mask A*,1,2522.811542119499,165460,1129.0459000001647,0.5700667302192565,0.42993326978074353,nan,nan,nan,-0.006357790520258383,791,24479215_15
Soft-probability A*,0,nan,200001,1389.769299999898,nan,nan,nan,nan,nan,nan,791,24479215_15
Clearance-aware A*,1,2552.652162553063,193724,1325.9353000000829,0.7796690307328605,0.22033096926713946,nan,nan,nan,0.005395326795410147,791,24479215_15
URA-style A*,1,2562.1668811788236,187501,1321.257199999991,0.8011283497884344,0.1988716502115656,nan,nan,nan,0.009142822745874942,791,24479215_15
GT Oracle A*,1,2538.95367774323,140613,914.0703999999005,1.0,0.0,nan,nan,nan,0.0,791,24479215_15
Topology+Risk A*,1,2557.480589677809,189096,1291.1140999999589,0.7810287871637565,0.21897121283624355,nan,nan,nan,0.007297065754679994,791,24479215_15
Binary-mask A*,1,765.776695296638,23199,151.06630000013865,0.5384615384615384,0.46153846153846156,nan,nan,nan,-0.029792188551633295,792,24628885_15
Soft-probability A*,1,773.6761902332497,30403,204.50979999986885,0.9208333333333333,0.07916666666666672,nan,nan,nan,-0.01978385094999254,792,24628885_15
Clearance-aware A*,1,786.6883835420697,45030,308.1070999999156,0.9680998613037448,0.03190013869625519,nan,nan,nan,-0.003297933227721091,792,24628885_15
URA-style A*,1,792.0609665441001,30016,207.00630000010278,0.9727148703956344,0.027285129604365577,nan,nan,nan,0.003508910109559436,792,24628885_15
GT Oracle A*,1,789.2914139223993,19861,127.40529999996397,1.0,0.0,nan,nan,nan,0.0,792,24628885_15
Topology+Risk A*,1,791.8599564173235,43742,310.11720000014975,0.9793672627235214,0.02063273727647863,nan,nan,nan,0.003254238484819849,792,24628885_15
Binary-mask A*,1,864.9432175380088,14816,96.08810000008816,0.21374045801526717,0.7862595419847328,nan,nan,nan,0.7966182298976585,793,24628885_15
Soft-probability A*,1,868.0142853498744,20813,144.9271999999837,0.9695044472681067,0.030495552731893305,nan,nan,nan,0.8029973034647708,793,24628885_15
Clearance-aware A*,1,872.7422074112324,26384,181.44789999996647,0.9898477157360406,0.010152284263959421,nan,nan,nan,0.8128179145670225,793,24628885_15
URA-style A*,1,875.0853531617399,20652,137.36870000002455,0.9949494949494949,0.005050505050505083,nan,nan,nan,0.8176849836246327,793,24628885_15
GT Oracle A*,1,481.4284989122474,7102,44.844300000022486,1.0,0.0,nan,nan,nan,0.0,793,24628885_15
Topology+Risk A*,1,873.9137802864861,25940,175.8933999999499,0.9924050632911392,0.0075949367088608,nan,nan,nan,0.8152514490958276,793,24628885_15
Binary-mask A*,1,690.9797974644694,21807,140.71990000002188,0.4895833333333333,0.5104166666666667,nan,nan,nan,-0.03231011813554379,794,24628885_15
Soft-probability A*,1,696.9797974644695,29961,204.80539999994107,0.936426116838488,0.06357388316151202,nan,nan,nan,-0.023907355402838275,794,24628885_15
Clearance-aware A*,1,707.3645737753199,37065,249.6590999999171,0.959114139693356,0.040885860306643984,nan,nan,nan,-0.009363886840789107,794,24628885_15
URA-style A*,1,713.7077195258274,30059,204.25900000009278,0.9697478991596639,0.030252100840336138,nan,nan,nan,-0.0004805620540418756,794,24628885_15
GT Oracle A*,1,714.050865276335,20006,129.13660000003802,1.0,0.0,nan,nan,nan,0.0,794,24628885_15
Topology+Risk A*,1,711.3645737753199,36218,246.46750000010798,0.9746192893401016,0.025380710659898442,nan,nan,nan,-0.003762045018985536,794,24628885_15
Binary-mask A*,1,751.7960312803947,14295,92.5532999999632,0.7299382716049383,0.2700617283950617,nan,nan,nan,-0.007150211713653386,795,24628885_15
Soft-probability A*,1,756.3818177180217,20450,138.4754000000612,0.998468606431853,0.0015313935681470214,nan,nan,nan,-0.0010940516592166808,795,24628885_15
Clearance-aware A*,1,760.3818177180217,38984,264.1658000000007,0.9954337899543378,0.004566210045662156,nan,nan,nan,0.004188497048019295,795,24628885_15
URA-style A*,1,761.5533905932755,29875,202.59550000014315,1.0,0.0,nan,nan,nan,0.005735719742420453,795,24628885_15
GT Oracle A*,1,757.2102448427678,11332,71.71059999996032,1.0,0.0,nan,nan,nan,0.0,795,24628885_15
Topology+Risk A*,1,760.9676041556486,38744,266.9130000001587,0.9954407294832827,0.00455927051671734,nan,nan,nan,0.004962108395219874,795,24628885_15
Binary-mask A*,1,754.2396820942907,12702,84.56759999990027,0.8396946564885496,0.16030534351145043,nan,nan,nan,-0.010940642046827705,796,24628885_15
Soft-probability A*,1,757.8965363437833,16252,113.77910000010161,0.974124809741248,0.025875190258751957,nan,nan,nan,-0.00614528852460443,796,24628885_15
Clearance-aware A*,1,764.0386719675143,24147,168.5226000001876,0.9863429438543247,0.01365705614567525,nan,nan,nan,0.001909096388690679,796,24628885_15
URA-style A*,1,767.5533905932757,16016,112.47309999998834,0.9939849624060151,0.006015037593984918,nan,nan,nan,0.006518062782144113,796,24628885_15
GT Oracle A*,1,762.5828278447983,10014,67.93690000017705,1.0,0.0,nan,nan,nan,0.0,796,24628885_15
Topology+Risk A*,1,766.0386719675143,23739,166.06630000001132,0.989409984871407,0.010590015128593033,nan,nan,nan,0.004531762316865817,796,24628885_15
Binary-mask A*,1,530.399061660725,9201,59.7242000001188,0.6373873873873874,0.3626126126126126,nan,nan,nan,-0.0227421887996915,797,24628885_15
Soft-probability A*,1,532.6417023478443,11262,76.05360000002293,0.9640449438202248,0.035955056179775235,nan,nan,nan,-0.01861013373469803,797,24628885_15
Clearance-aware A*,1,534.6417023478443,21759,147.850999999946,0.9731543624161074,0.02684563758389258,nan,nan,nan,-0.014925143010391578,797,24628885_15
URA-style A*,1,537.8132752230981,11077,75.82350000006954,0.9844789356984479,0.01552106430155209,nan,nan,nan,-0.009081534697005506,797,24628885_15
GT Oracle A*,1,542.7422074112326,8676,56.41600000012659,1.0,0.0,nan,nan,nan,0.0,797,24628885_15
Topology+Risk A*,1,536.6417023478443,21045,145.25370000001203,0.977728285077951,0.022271714922049046,nan,nan,nan,-0.011240152286085128,797,24628885_15
Binary-mask A*,1,1097.5676759431506,33302,217.8066999999828,0.7458926615553122,0.2541073384446878,nan,nan,nan,-0.007761840223460205,798,24628885_15
Soft-probability A*,1,1105.9108216936581,44838,300.3358999999364,0.9934994582881906,0.00650054171180936,nan,nan,nan,-0.00021935535653170866,798,24628885_15
Clearance-aware A*,1,1118.4966081312853,57615,390.05229999997937,0.9967948717948718,0.0032051282051281937,nan,nan,nan,0.011158619640299829,798,24628885_15
URA-style A*,1,1117.668181006539,49958,353.1132999999045,1.0,0.0,nan,nan,nan,0.010409693607050168,798,24628885_15
GT Oracle A*,1,1106.1534623807775,23440,148.2230999999956,1.0,0.0,nan,nan,nan,0.0,798,24628885_15
Topology+Risk A*,1,1119.0823945689122,57386,386.84280000006765,0.9967982924226254,0.0032017075773745907,nan,nan,nan,0.011688190317017781,798,24628885_15
Binary-mask A*,0,nan,0,0.0,nan,nan,nan,nan,nan,nan,799,24628885_15
Soft-probability A*,0,nan,0,0.0,nan,nan,nan,nan,nan,nan,799,24628885_15
Clearance-aware A*,0,nan,0,0.0,nan,nan,nan,nan,nan,nan,799,24628885_15
URA-style A*,0,nan,0,0.0,nan,nan,nan,nan,nan,nan,799,24628885_15
GT Oracle A*,1,1610.5260453828082,46031,295.97850000004655,1.0,0.0,nan,nan,nan,0.0,799,24628885_15
Topology+Risk A*,0,nan,0,0.0,nan,nan,nan,nan,nan,nan,799,24628885_15
Binary-mask A*,0,nan,0,0.0,nan,nan,nan,nan,nan,nan,800,24628885_15
Soft-probability A*,0,nan,0,0.0,nan,nan,nan,nan,nan,nan,800,24628885_15
Clearance-aware A*,0,nan,0,0.0,nan,nan,nan,nan,nan,nan,800,24628885_15
URA-style A*,0,nan,0,0.0,nan,nan,nan,nan,nan,nan,800,24628885_15
GT Oracle A*,1,1152.4549775709424,42641,283.431900000096,1.0,0.0,nan,nan,nan,0.0,800,24628885_15
Topology+Risk A*,0,nan,0,0.0,nan,nan,nan,nan,nan,nan,800,24628885_15
Binary-mask A*,0,nan,0,0.0,nan,nan,nan,nan,nan,nan,801,24628885_15
Soft-probability A*,0,nan,0,0.0,nan,nan,nan,nan,nan,nan,801,24628885_15
Clearance-aware A*,0,nan,0,0.0,nan,nan,nan,nan,nan,nan,801,24628885_15
URA-style A*,0,nan,0,0.0,nan,nan,nan,nan,nan,nan,801,24628885_15
GT Oracle A*,1,1701.6265504461967,74518,509.4047000000046,1.0,0.0,nan,nan,nan,0.0,801,24628885_15
Topology+Risk A*,0,nan,0,0.0,nan,nan,nan,nan,nan,nan,801,24628885_15
Binary-mask A*,0,nan,0,0.0,nan,nan,nan,nan,nan,nan,802,24628885_15
Soft-probability A*,0,nan,0,0.0,nan,nan,nan,nan,nan,nan,802,24628885_15
Clearance-aware A*,0,nan,0,0.0,nan,nan,nan,nan,nan,nan,802,24628885_15
URA-style A*,0,nan,0,0.0,nan,nan,nan,nan,nan,nan,802,24628885_15
GT Oracle A*,1,1622.827560572973,105046,678.6658999999418,1.0,0.0,nan,nan,nan,0.0,802,24628885_15
Topology+Risk A*,0,nan,0,0.0,nan,nan,nan,nan,nan,nan,802,24628885_15
Binary-mask A*,1,1099.8498551495582,37781,252.3286000000553,0.6530194472876152,0.3469805527123848,nan,nan,nan,-0.019434772272939608,803,24628885_15
Soft-probability A*,1,1107.7493500861701,51783,351.8263000000843,0.9613034623217923,0.03869653767820769,nan,nan,nan,-0.012392020014364841,803,24628885_15
Clearance-aware A*,1,1118.4183976444826,61847,420.34419999981765,0.9785495403472931,0.021450459652706866,nan,nan,nan,-0.0028800879995854595,803,24628885_15
URA-style A*,1,1127.1046891454978,51388,351.1043000000882,0.9899091826437941,0.010090817356205872,nan,nan,nan,0.0048641285077107455,803,24628885_15
GT Oracle A*,1,1121.6488450227816,33304,211.8123000000196,1.0,0.0,nan,nan,nan,0.0,803,24628885_15
Topology+Risk A*,1,1123.0041840821095,60011,411.13980000000083,0.9847560975609756,0.015243902439024404,nan,nan,nan,0.0012083452547043464,803,24628885_15
Binary-mask A*,0,nan,0,0.0,nan,nan,nan,nan,nan,nan,804,24628885_15
Soft-probability A*,0,nan,0,0.0,nan,nan,nan,nan,nan,nan,804,24628885_15
Clearance-aware A*,0,nan,0,0.0,nan,nan,nan,nan,nan,nan,804,24628885_15
URA-style A*,0,nan,0,0.0,nan,nan,nan,nan,nan,nan,804,24628885_15
GT Oracle A*,1,1481.1240251292552,61562,419.7188000000551,1.0,0.0,nan,nan,nan,0.0,804,24628885_15
Topology+Risk A*,0,nan,0,0.0,nan,nan,nan,nan,nan,nan,804,24628885_15
Binary-mask A*,0,nan,0,0.0,nan,nan,nan,nan,nan,nan,805,24628885_15
Soft-probability A*,0,nan,0,0.0,nan,nan,nan,nan,nan,nan,805,24628885_15
Clearance-aware A*,0,nan,0,0.0,nan,nan,nan,nan,nan,nan,805,24628885_15
URA-style A*,0,nan,0,0.0,nan,nan,nan,nan,nan,nan,805,24628885_15
GT Oracle A*,1,1959.0134187981018,137612,967.0416999999816,1.0,0.0,nan,nan,nan,0.0,805,24628885_15
Topology+Risk A*,1,2023.7169542418198,161071,1115.6428000001597,0.9804905239687849,0.01950947603121511,nan,nan,nan,0.033028633098090295,805,24628885_15
Binary-mask A*,1,1651.2123368838234,36933,238.99359999995795,0.34867975626269465,0.6513202437373053,nan,nan,nan,-0.002270349313051164,806,24628885_15
Soft-probability A*,1,1653.454977570943,53126,365.8606999999847,0.9783491204330176,0.021650879566982417,nan,nan,nan,-0.0009152545990673532,806,24628885_15
Clearance-aware A*,1,1657.597113194674,83703,600.0831000001199,0.986468200270636,0.013531799729364025,nan,nan,nan,0.0015875922103033148,806,24628885_15
URA-style A*,1,1659.9402589451815,49637,336.8597999999565,0.9858299595141701,0.014170040485829927,nan,nan,nan,0.0030034161712449393,806,24628885_15
GT Oracle A*,1,1654.969696196704,49200,316.88099999996666,1.0,0.0,nan,nan,nan,0.0,806,24628885_15
Topology+Risk A*,1,1660.1828996323009,82647,576.8207000000984,0.9925725860904794,0.007427413909520619,nan,nan,nan,0.0031500295428836668,806,24628885_15
Binary-mask A*,0,nan,0,0.0,nan,nan,nan,nan,nan,nan,807,24628885_15
Soft-probability A*,0,nan,0,0.0,nan,nan,nan,nan,nan,nan,807,24628885_15
Clearance-aware A*,0,nan,0,0.0,nan,nan,nan,nan,nan,nan,807,24628885_15
URA-style A*,0,nan,0,0.0,nan,nan,nan,nan,nan,nan,807,24628885_15
GT Oracle A*,1,1716.8174593052079,88673,582.6187999998638,1.0,0.0,nan,nan,nan,0.0,807,24628885_15
Topology+Risk A*,0,nan,0,0.0,nan,nan,nan,nan,nan,nan,807,24628885_15
Binary-mask A*,0,nan,0,0.0,nan,nan,nan,nan,nan,nan,808,24628885_15
Soft-probability A*,0,nan,0,0.0,nan,nan,nan,nan,nan,nan,808,24628885_15
Clearance-aware A*,0,nan,0,0.0,nan,nan,nan,nan,nan,nan,808,24628885_15
URA-style A*,0,nan,0,0.0,nan,nan,nan,nan,nan,nan,808,24628885_15
GT Oracle A*,1,2050.9179643685957,82665,540.4022000000168,1.0,0.0,nan,nan,nan,0.0,808,24628885_15
Topology+Risk A*,0,nan,0,0.0,nan,nan,nan,nan,nan,nan,808,24628885_15
Binary-mask A*,0,nan,0,0.0,nan,nan,nan,nan,nan,nan,809,24628885_15
Soft-probability A*,0,nan,0,0.0,nan,nan,nan,nan,nan,nan,809,24628885_15
Clearance-aware A*,0,nan,0,0.0,nan,nan,nan,nan,nan,nan,809,24628885_15
URA-style A*,0,nan,0,0.0,nan,nan,nan,nan,nan,nan,809,24628885_15
GT Oracle A*,1,2396.719046282845,170074,1128.841199999897,1.0,0.0,nan,nan,nan,0.0,809,24628885_15
Topology+Risk A*,0,nan,0,0.0,nan,nan,nan,nan,nan,nan,809,24628885_15
Binary-mask A*,0,nan,0,0.0,nan,nan,nan,nan,nan,nan,810,24628885_15
Soft-probability A*,0,nan,0,0.0,nan,nan,nan,nan,nan,nan,810,24628885_15
Clearance-aware A*,0,nan,0,0.0,nan,nan,nan,nan,nan,nan,810,24628885_15
URA-style A*,0,nan,0,0.0,nan,nan,nan,nan,nan,nan,810,24628885_15
GT Oracle A*,1,2292.836795288939,78723,511.03570000009313,1.0,0.0,nan,nan,nan,0.0,810,24628885_15
Topology+Risk A*,0,nan,0,0.0,nan,nan,nan,nan,nan,nan,810,24628885_15
Binary-mask A*,0,nan,0,0.0,nan,nan,nan,nan,nan,nan,811,24628885_15
Soft-probability A*,0,nan,0,0.0,nan,nan,nan,nan,nan,nan,811,24628885_15
Clearance-aware A*,0,nan,0,0.0,nan,nan,nan,nan,nan,nan,811,24628885_15
URA-style A*,0,nan,0,0.0,nan,nan,nan,nan,nan,nan,811,24628885_15
GT Oracle A*,1,1926.9007204258935,53958,342.8091000000677,1.0,0.0,nan,nan,nan,0.0,811,24628885_15
Topology+Risk A*,1,2022.9595949289392,127529,876.7605999998977,0.98046875,0.01953125,nan,nan,nan,0.0498514913014378,811,24628885_15
Binary-mask A*,0,nan,0,0.0,nan,nan,nan,nan,nan,nan,812,24629200_15
Soft-probability A*,0,nan,0,0.0,nan,nan,nan,nan,nan,nan,812,24629200_15
Clearance-aware A*,0,nan,0,0.0,nan,nan,nan,nan,nan,nan,812,24629200_15
URA-style A*,0,nan,0,0.0,nan,nan,nan,nan,nan,nan,812,24629200_15
GT Oracle A*,1,1268.4326829943575,26950,174.760200000037,1.0,0.0,nan,nan,nan,0.0,812,24629200_15
Topology+Risk A*,0,nan,0,0.0,nan,nan,nan,nan,nan,nan,812,24629200_15
Binary-mask A*,1,584.7665940288724,11175,71.10790000001543,0.33613445378151263,0.6638655462184874,nan,nan,nan,-0.03926536301247271,813,24629200_15
Soft-probability A*,1,588.423448278365,15712,103.9018000001306,0.8117154811715481,0.18828451882845187,nan,nan,nan,-0.033257382091919224,813,24629200_15
Clearance-aware A*,1,607.1513703397228,19128,127.51969999999346,0.9330628803245437,0.06693711967545635,nan,nan,nan,-0.0024885871797718255,813,24629200_15
URA-style A*,1,611.3940110268421,15504,103.89250000002903,0.9314516129032258,0.06854838709677424,nan,nan,nan,0.004481803916486386,813,24629200_15
GT Oracle A*,1,608.6660889654842,8592,53.76000000001113,1.0,0.0,nan,nan,nan,0.0,813,24629200_15
Topology+Risk A*,1,608.5655839020959,18707,124.74200000019664,0.937246963562753,0.06275303643724695,nan,nan,nan,-0.0001651234810190881,813,24629200_15
Binary-mask A*,1,537.0975464705598,11985,77.62199999979202,0.6764705882352942,0.32352941176470584,nan,nan,nan,-0.0037099037328102926,814,24629200_15
Soft-probability A*,1,537.6833329081868,14785,98.36270000005243,0.9864559819413092,0.013544018058690765,nan,nan,nan,-0.002623298087019254,814,24629200_15
Clearance-aware A*,1,541.3401871576791,23397,159.4471999999314,0.9910112359550561,0.008988764044943864,nan,nan,nan,0.004159990528248101,814,24629200_15
URA-style A*,1,543.925973595306,13653,91.90800000010313,0.9933035714285714,0.006696428571428603,nan,nan,nan,0.008956499906849222,814,24629200_15
GT Oracle A*,1,539.0975464705598,9383,59.14349999989099,1.0,0.0,nan,nan,nan,0.0,814,24629200_15
Topology+Risk A*,1,543.3401871576791,22451,150.07040000000416,0.9977628635346756,0.0022371364653244186,nan,nan,nan,0.007869894261058394,814,24629200_15
Binary-mask A*,0,nan,0,0.0,nan,nan,nan,nan,nan,nan,815,24629200_15
Soft-probability A*,0,nan,0,0.0,nan,nan,nan,nan,nan,nan,815,24629200_15
Clearance-aware A*,0,nan,0,0.0,nan,nan,nan,nan,nan,nan,815,24629200_15
URA-style A*,0,nan,0,0.0,nan,nan,nan,nan,nan,nan,815,24629200_15
GT Oracle A*,1,1685.0621920333822,64107,418.98429999992004,1.0,0.0,nan,nan,nan,0.0,815,24629200_15
Topology+Risk A*,0,nan,0,0.0,nan,nan,nan,nan,nan,nan,815,24629200_15
Binary-mask A*,1,614.4234482783652,9563,62.90569999987383,0.1488095238095238,0.8511904761904762,nan,nan,nan,0.0,816,24629200_15
Soft-probability A*,1,614.4234482783652,11111,76.93300000005365,1.0,0.0,nan,nan,nan,0.0,816,24629200_15
Clearance-aware A*,1,614.4234482783652,21016,149.56919999985985,1.0,0.0,nan,nan,nan,0.0,816,24629200_15
URA-style A*,1,614.4234482783652,11915,84.79909999982738,1.0,0.0,nan,nan,nan,0.0,816,24629200_15
GT Oracle A*,1,614.4234482783652,7148,45.38920000004509,1.0,0.0,nan,nan,nan,0.0,816,24629200_15
Topology+Risk A*,1,614.4234482783652,20604,144.3166999999903,1.0,0.0,nan,nan,nan,0.0,816,24629200_15
Binary-mask A*,1,785.251875403111,9857,65.62109999981658,0.23887240356083086,0.7611275964391692,nan,nan,nan,-0.007456847270679185,817,24629200_15
Soft-probability A*,1,787.7371567773497,14060,97.1806000000015,0.9747774480712166,0.02522255192878342,nan,nan,nan,-0.004315499777124867,817,24629200_15
Clearance-aware A*,1,790.8082245892153,20263,137.10839999998825,0.9837037037037037,0.016296296296296253,nan,nan,nan,-0.0004337295786520759,817,24629200_15
URA-style A*,1,791.979797464469,15496,102.46430000006512,0.983751846381093,0.01624815361890697,nan,nan,nan,0.001047115831184725,817,24629200_15
GT Oracle A*,1,791.1513703397228,7783,49.97370000000956,1.0,0.0,nan,nan,nan,0.0,817,24629200_15
Topology+Risk A*,1,790.8082245892153,19949,132.54950000009558,0.9837037037037037,0.016296296296296253,nan,nan,nan,-0.0004337295786520759,817,24629200_15
Binary-mask A*,1,1139.1900423072382,34483,223.41359999995802,0.235038084874864,0.764961915125136,nan,nan,nan,-0.009033580192139205,818,24629200_15
Soft-probability A*,1,1144.8468965567306,43364,297.3455000001195,0.9664138678223185,0.03358613217768147,nan,nan,nan,-0.004112757155764271,818,24629200_15
Clearance-aware A*,1,1152.8468965567306,46653,313.12019999995755,0.9924812030075187,0.007518796992481258,nan,nan,nan,0.002846337520315057,818,24629200_15
URA-style A*,1,1155.9179643685961,38195,258.34469999995235,0.9989270386266095,0.0010729613733905241,nan,nan,nan,0.005517818977744059,818,24629200_15
GT Oracle A*,1,1149.5748186180886,30035,195.86690000005547,1.0,0.0,nan,nan,nan,0.0,818,24629200_15
Topology+Risk A*,1,1156.503750806223,45484,305.66460000000006,0.9957127545551983,0.004287245444801746,nan,nan,nan,0.006027386887670159,818,24629200_15
Binary-mask A*,1,1091.467170879762,20340,128.4365000001344,0.5685840707964602,0.43141592920353977,nan,nan,nan,-0.0030268235054171527,819,24629200_15
Soft-probability A*,1,1093.1240251292547,31553,209.29109999997308,0.995575221238938,0.004424778761061954,nan,nan,nan,-0.0015134117527083686,819,24629200_15
Clearance-aware A*,1,1094.780879378747,57733,396.95959999994557,0.9977876106194691,0.0022123893805309214,nan,nan,nan,0.0,819,24629200_15
URA-style A*,1,1094.780879378747,32257,223.9204999998492,1.0,0.0,nan,nan,nan,0.0,819,24629200_15
GT Oracle A*,1,1094.780879378747,17443,108.30039999996188,1.0,0.0,nan,nan,nan,0.0,819,24629200_15
Topology+Risk A*,1,1095.6093065034934,58156,407.5631999999132,1.0,0.0,nan,nan,nan,0.0007567058763544959,819,24629200_15
Binary-mask A*,1,1254.3666658163743,76163,498.35219999999936,0.33458646616541354,0.6654135338345865,nan,nan,nan,-0.01959537940214472,820,24629200_15
Soft-probability A*,1,1261.0945878777322,105790,719.6704000000409,0.92970946579194,0.07029053420805997,nan,nan,nan,-0.014336880387676183,820,24629200_15
Clearance-aware A*,1,1274.8935777509557,131495,887.8804000000855,0.96,0.040000000000000036,nan,nan,nan,-0.0035516819285904048,820,24629200_15
URA-style A*,1,1344.5331880577455,115968,825.8911999998872,0.9964476021314387,0.003552397868561319,nan,nan,nan,0.05087817305880724,820,24629200_15
GT Oracle A*,1,1279.4377336282398,62051,395.98819999991974,1.0,0.0,nan,nan,nan,0.0,820,24629200_15
Topology+Risk A*,1,1280.6509370638364,134628,916.9340999999349,0.9658040665434381,0.03419593345656191,nan,nan,nan,0.0009482317143767403,820,24629200_15
Binary-mask A*,1,934.6214998123133,31837,204.88529999988714,0.7209302325581395,0.2790697674418605,nan,nan,nan,-0.01697807427850127,821,24629200_15
Soft-probability A*,1,936.8641404994328,43297,290.5309000000216,0.9672131147540983,0.032786885245901676,nan,nan,nan,-0.014619295920207307,821,24629200_15
Clearance-aware A*,1,940.5209947489252,64323,435.30359999999746,0.9741144414168937,0.02588555858310626,nan,nan,nan,-0.01077306735908307,821,24629200_15
URA-style A*,1,957.3077913133286,47203,319.3258999999671,0.9973579920739762,0.0026420079260237594,nan,nan,nan,0.006883052352210422,821,24629200_15
GT Oracle A*,1,950.7636354360444,31790,199.72450000000208,1.0,0.0,nan,nan,nan,0.0,821,24629200_15
Topology+Risk A*,1,944.7636354360444,65722,454.39489999989746,0.9823609226594301,0.01763907734056991,nan,nan,nan,-0.00631071675059201,821,24629200_15
Binary-mask A*,1,1424.2489168102836,65654,441.9396000000688,0.1630971993410214,0.8369028006589786,nan,nan,nan,-0.011981842790746433,822,24629200_15
Soft-probability A*,1,1429.6631303726567,81532,578.3956000000217,0.9155045118949959,0.08449548810500407,nan,nan,nan,-0.008225939420559224,822,24629200_15
Clearance-aware A*,1,1437.0773439350298,98691,668.0306000000655,0.9282218597063622,0.07177814029363783,nan,nan,nan,-0.003082612622419553,822,24629200_15
URA-style A*,1,1447.07734393503,80697,553.1825000000481,0.936084142394822,0.06391585760517804,nan,nan,nan,0.0038545045173429236,822,24629200_15
GT Oracle A*,1,1441.5209947489257,50315,338.9469999999619,1.0,0.0,nan,nan,nan,0.0,822,24629200_15
Topology+Risk A*,1,1444.491557497403,95748,657.4315000000297,0.9318734793187348,0.06812652068126523,nan,nan,nan,0.0020607141757201185,822,24629200_15
Binary-mask A*,1,1140.427632360475,30304,205.66250000001673,0.5921348314606741,0.40786516853932586,nan,nan,nan,-0.013664267514184751,823,24629200_15
Soft-probability A*,1,1145.4987001723405,37674,265.33100000006016,0.9652855543113102,0.034714445688689755,nan,nan,nan,-0.009278390460023168,823,24629200_15
Clearance-aware A*,1,1154.2266222336984,63034,430.43390000002546,0.9899777282850779,0.010022271714922093,nan,nan,nan,-0.0017297647031653944,823,24629200_15
URA-style A*,1,1155.8834764831909,41632,283.6104999998952,0.9888641425389755,0.011135857461024523,nan,nan,nan,-0.0002967807036346002,823,24629200_15
GT Oracle A*,1,1156.2266222336984,22600,152.19090000005053,1.0,0.0,nan,nan,nan,0.0,823,24629200_15
Topology+Risk A*,1,1156.4692629208178,62730,427.92420000000675,0.9933259176863182,0.006674082313681828,nan,nan,nan,0.00020985564806539844,823,24629200_15
Binary-mask A*,1,1207.0012254892815,41846,271.1655000000519,0.4871001031991744,0.5128998968008256,nan,nan,nan,0.0008881673661171023,824,24629200_15
Soft-probability A*,1,1210.9007204258933,59145,402.0901999999751,0.9587628865979382,0.04123711340206182,nan,nan,nan,0.004121766685104241,824,24629200_15
Clearance-aware A*,1,1220.942350986236,72602,489.13169999991624,0.9732785200411099,0.02672147995889007,nan,nan,nan,0.012448642413697577,824,24629200_15
URA-style A*,1,1243.0499987245619,55301,390.17249999983505,0.9937304075235109,0.006269592476489061,nan,nan,nan,0.030781086956675453,824,24629200_15
GT Oracle A*,1,1205.930157677416,35129,225.03980000010415,1.0,0.0,nan,nan,nan,0.0,824,24629200_15
Topology+Risk A*,1,1242.5647173503232,67362,476.3870000001589,0.9937434827945777,0.006256517205422307,nan,nan,nan,0.03037867445280933,824,24629200_15
Binary-mask A*,1,1879.2257556819256,98583,656.0903000001872,0.7372764786795049,0.26272352132049515,nan,nan,nan,-0.014577152151809766,825,24629200_15
Soft-probability A*,1,1884.639969244299,123759,855.0204000000576,0.9725839616175462,0.027416038382453767,nan,nan,nan,-0.011738062845290456,825,24629200_15
Clearance-aware A*,1,1893.4683963690452,149681,1042.9219999998622,0.9795501022494888,0.020449897750511203,nan,nan,nan,-0.007108638321396199,825,24629200_15
URA-style A*,1,1914.2551929334486,115857,815.5930999998873,0.9919678714859438,0.008032128514056214,nan,nan,nan,0.003791480627166374,825,24629200_15
GT Oracle A*,1,1907.0247455551494,84014,544.5773999999801,1.0,0.0,nan,nan,nan,0.0,825,24629200_15
Topology+Risk A*,1,1899.7110370561645,148170,1017.6374000000123,0.984375,0.015625,nan,nan,nan,-0.003835140847559257,825,24629200_15
Binary-mask A*,1,1858.9120471829408,97513,652.9916000001776,0.6868475991649269,0.3131524008350731,nan,nan,nan,-0.010229990480810034,826,24629200_15
Soft-probability A*,1,1863.1546878700603,120521,858.2833000000392,0.9784722222222222,0.021527777777777812,nan,nan,nan,-0.007971014043683552,826,24629200_15
Clearance-aware A*,1,1870.8115421195528,142685,987.2388000001138,0.9868603042876902,0.013139695712309774,nan,nan,nan,-0.0038941537560266254,826,24629200_15
URA-style A*,1,1887.8409793710753,111375,767.4302000000353,0.9965940054495913,0.0034059945504086864,nan,nan,nan,0.005173099477438001,826,24629200_15
GT Oracle A*,1,1878.1252506185374,82059,531.8391999999221,1.0,0.0,nan,nan,nan,0.0,826,24629200_15
Topology+Risk A*,1,1875.882609931418,141638,987.1373999999378,0.9910282953761215,0.00897170462387853,nan,nan,nan,-0.0011940847323045859,826,24629200_15
Binary-mask A*,0,nan,0,0.0,nan,nan,nan,nan,nan,nan,827,24629200_15
Soft-probability A*,0,nan,0,0.0,nan,nan,nan,nan,nan,nan,827,24629200_15
Clearance-aware A*,0,nan,0,0.0,nan,nan,nan,nan,nan,nan,827,24629200_15
URA-style A*,0,nan,0,0.0,nan,nan,nan,nan,nan,nan,827,24629200_15
GT Oracle A*,1,1966.7232303649844,62605,415.26169999997364,1.0,0.0,nan,nan,nan,0.0,827,24629200_15
Topology+Risk A*,0,nan,0,0.0,nan,nan,nan,nan,nan,nan,827,24629200_15
Binary-mask A*,1,1927.083620058195,84220,560.7778999999482,0.15405046480743692,0.8459495351925631,nan,nan,nan,-0.012097299604820328,828,24629200_15
Soft-probability A*,1,1932.6399692442992,108871,787.6785999999356,0.960185799601858,0.039814200398141986,nan,nan,nan,-0.009248885395827619,828,24629200_15
Clearance-aware A*,1,1941.8531726798956,136198,931.8905000000086,0.9801324503311258,0.019867549668874163,nan,nan,nan,-0.004525816579000179,828,24629200_15
URA-style A*,1,1958.8826099314183,105063,750.2410000001873,0.9823759791122716,0.01762402088772841,nan,nan,nan,0.004204176697825827,828,24629200_15
GT Oracle A*,1,1950.681599804642,67079,432.1855000000596,1.0,0.0,nan,nan,nan,0.0,828,24629200_15
Topology+Risk A*,1,1947.7526676165073,135173,928.3421000000089,0.9814937210839392,0.018506278916060825,nan,nan,nan,-0.0015014916777950965,828,24629200_15
Binary-mask A*,1,1954.5201281971526,122489,805.8097000000544,0.45408486383787205,0.545915136162128,nan,nan,nan,-0.007234310254247058,829,24629200_15
Soft-probability A*,1,1961.9343417595258,159397,1127.5894000000335,0.9823455233291298,0.017654476670870167,nan,nan,nan,-0.003468384933252261,829,24629200_15
Clearance-aware A*,1,1978.904904508003,166432,1131.5698000000793,0.9881101376720901,0.011889862327909895,nan,nan,nan,0.005151527540049311,829,24629200_15
URA-style A*,1,1980.904904508003,150979,1110.051999999996,0.993125,0.0068749999999999645,nan,nan,nan,0.006167393967233644,829,24629200_15
GT Oracle A*,1,1968.762768884272,98288,663.2721000000856,1.0,0.0,nan,nan,nan,0.0,829,24629200_15
Topology+Risk A*,1,1983.9759723198686,166827,1190.5644000000848,0.9900062460961899,0.009993753903810076,nan,nan,nan,0.007727291310073967,829,24629200_15
Binary-mask A*,0,nan,0,0.0,nan,nan,nan,nan,nan,nan,830,24629200_15
Soft-probability A*,0,nan,0,0.0,nan,nan,nan,nan,nan,nan,830,24629200_15
Clearance-aware A*,0,nan,0,0.0,nan,nan,nan,nan,nan,nan,830,24629200_15
URA-style A*,0,nan,0,0.0,nan,nan,nan,nan,nan,nan,830,24629200_15
GT Oracle A*,1,1965.79429817685,52736,335.27920000005906,1.0,0.0,nan,nan,nan,0.0,830,24629200_15
Topology+Risk A*,0,nan,0,0.0,nan,nan,nan,nan,nan,nan,830,24629200_15
Binary-mask A*,0,nan,0,0.0,nan,nan,nan,nan,nan,nan,831,24629200_15
Soft-probability A*,0,nan,0,0.0,nan,nan,nan,nan,nan,nan,831,24629200_15
Clearance-aware A*,0,nan,0,0.0,nan,nan,nan,nan,nan,nan,831,24629200_15
URA-style A*,0,nan,0,0.0,nan,nan,nan,nan,nan,nan,831,24629200_15
GT Oracle A*,1,2160.7892475429585,119053,770.3409999999167,1.0,0.0,nan,nan,nan,0.0,831,24629200_15
Topology+Risk A*,0,nan,0,0.0,nan,nan,nan,nan,nan,nan,831,24629200_15
Binary-mask A*,1,756.1614716074884,9483,64.2268999999942,0.6285714285714286,0.37142857142857144,nan,nan,nan,-0.001866762080749748,832,24779275_15
Soft-probability A*,1,756.1614716074885,11910,83.03470000009838,0.9985714285714286,0.0014285714285714457,nan,nan,nan,-0.0018667620807495979,832,24779275_15
Clearance-aware A*,1,758.4041122946078,15116,102.84329999990405,1.0,0.0,nan,nan,nan,0.0010935239091795549,832,24779275_15
URA-style A*,1,758.9898987322347,10644,71.51699999985794,1.0,0.0,nan,nan,nan,0.001866762080749898,832,24779275_15
GT Oracle A*,1,757.5756851698615,8579,55.276900000080786,1.0,0.0,nan,nan,nan,0.0,832,24779275_15
Topology+Risk A*,1,758.4041122946078,14028,96.06189999999515,1.0,0.0,nan,nan,nan,0.0010935239091795549,832,24779275_15
Binary-mask A*,1,520.9381669041263,7339,48.31060000014986,0.1864406779661017,0.8135593220338984,nan,nan,nan,-2.1823480202505295e-16,833,24779275_15
Soft-probability A*,1,520.9381669041264,8321,57.18679999995402,0.9830508474576272,0.016949152542372836,nan,nan,nan,0.0,833,24779275_15
Clearance-aware A*,1,520.9381669041264,8283,56.38759999987997,0.9903147699757869,0.009685230024213065,nan,nan,nan,0.0,833,24779275_15
URA-style A*,1,520.9381669041264,7435,49.59839999992255,0.9830508474576272,0.016949152542372836,nan,nan,nan,0.0,833,24779275_15
GT Oracle A*,1,520.9381669041264,6108,39.680500000031316,1.0,0.0,nan,nan,nan,0.0,833,24779275_15
Topology+Risk A*,1,520.9381669041264,8110,54.37119999987772,0.9903147699757869,0.009685230024213065,nan,nan,nan,0.0,833,24779275_15
Binary-mask A*,0,nan,0,0.0,nan,nan,nan,nan,nan,nan,834,24779275_15
Soft-probability A*,0,nan,0,0.0,nan,nan,nan,nan,nan,nan,834,24779275_15
Clearance-aware A*,0,nan,0,0.0,nan,nan,nan,nan,nan,nan,834,24779275_15
URA-style A*,0,nan,0,0.0,nan,nan,nan,nan,nan,nan,834,24779275_15
GT Oracle A*,1,705.9503602129465,6962,42.69220000014684,1.0,0.0,nan,nan,nan,0.0,834,24779275_15
Topology+Risk A*,0,nan,0,0.0,nan,nan,nan,nan,nan,nan,834,24779275_15
Binary-mask A*,1,902.6265504461961,16713,107.26660000000265,0.26785714285714285,0.7321428571428572,nan,nan,nan,-0.0037682780929940755,835,24779275_15
Soft-probability A*,1,904.6265504461962,20052,131.6845999999714,0.9931506849315068,0.006849315068493178,nan,nan,nan,-0.001560871892911451,835,24779275_15
Clearance-aware A*,1,907.79812332145,18900,126.91679999988992,0.9959128065395095,0.004087193460490468,nan,nan,nan,0.0019396029215128928,835,24779275_15
URA-style A*,1,908.6265504461962,17782,126.23809999990954,0.9986376021798365,0.0013623978201634523,nan,nan,nan,0.002853940507253547,835,24779275_15
GT Oracle A*,1,906.0407640085692,12848,79.84259999989263,1.0,0.0,nan,nan,nan,0.0,835,24779275_15
Topology+Risk A*,1,907.79812332145,18323,124.74659999998039,0.9959128065395095,0.004087193460490468,nan,nan,nan,0.0019396029215128928,835,24779275_15
Binary-mask A*,1,584.3107499061562,9530,63.72030000011364,0.391304347826087,0.6086956521739131,nan,nan,nan,-0.005398584352696964,836,24779275_15
Soft-probability A*,1,586.0681092190368,11627,80.87030000001505,0.9897119341563786,0.010288065843621408,nan,nan,nan,-0.0024072444523565795,836,24779275_15
Clearance-aware A*,1,591.2396820942906,12218,95.56229999998322,0.9939024390243902,0.0060975609756097615,nan,nan,nan,0.006395697652810426,836,24779275_15
URA-style A*,1,592.0681092190368,10973,89.42589999992379,0.9979674796747967,0.002032520325203291,nan,nan,nan,0.007805828805053544,836,24779275_15
GT Oracle A*,1,587.48232278141,9793,64.83140000000276,1.0,0.0,nan,nan,nan,0.0,836,24779275_15
Topology+Risk A*,1,591.2396820942906,11976,86.00509999996575,0.9939024390243902,0.0060975609756097615,nan,nan,nan,0.006395697652810426,836,24779275_15
Binary-mask A*,0,nan,0,0.0,nan,nan,nan,nan,nan,nan,837,24779275_15
Soft-probability A*,0,nan,0,0.0,nan,nan,nan,nan,nan,nan,837,24779275_15
Clearance-aware A*,0,nan,0,0.0,nan,nan,nan,nan,nan,nan,837,24779275_15
URA-style A*,0,nan,0,0.0,nan,nan,nan,nan,nan,nan,837,24779275_15
GT Oracle A*,1,677.1219330882003,8430,54.35059999990699,1.0,0.0,nan,nan,nan,0.0,837,24779275_15
Topology+Risk A*,0,nan,0,0.0,nan,nan,nan,nan,nan,nan,837,24779275_15
Binary-mask A*,1,1449.5310960166903,18382,122.34459999990577,0.541890853189854,0.45810914681014603,nan,nan,nan,-0.0009746842648282772,838,24779275_15
Soft-probability A*,1,1449.5310960166905,24765,167.70629999996345,0.9938508839354343,0.006149116064565696,nan,nan,nan,-0.0009746842648281204,838,24779275_15
Clearance-aware A*,1,1451.7737367038098,35154,234.32579999985137,0.9969278033794163,0.003072196620583667,nan,nan,nan,0.0005709568233049231,838,24779275_15
URA-style A*,1,1452.3595231414367,25300,171.38869999985218,0.9946277820414429,0.005372217958557135,nan,nan,nan,0.0009746842648284339,838,24779275_15
GT Oracle A*,1,1450.9453095790634,16390,108.2443999998759,1.0,0.0,nan,nan,nan,0.0,838,24779275_15
Topology+Risk A*,1,1451.7737367038098,34443,233.19370000012896,0.9969278033794163,0.003072196620583667,nan,nan,nan,0.0005709568233049231,838,24779275_15
Binary-mask A*,1,986.8305191658005,11347,71.40989999993508,0.44492911668484186,0.5550708833151581,nan,nan,nan,-0.0014310357703288662,839,24779275_15
Soft-probability A*,1,986.8305191658006,15456,105.70919999986472,0.9989094874591058,0.0010905125408942062,nan,nan,nan,-0.001431035770328751,839,24779275_15
Clearance-aware A*,1,989.07315985292,19588,136.3079000000198,1.0,0.0,nan,nan,nan,0.0008382813460177516,839,24779275_15
URA-style A*,1,989.6589462905467,15555,106.38760000006187,1.0,0.0,nan,nan,nan,0.0014310357703288662,839,24779275_15
GT Oracle A*,1,988.2447327281736,9534,58.65789999984372,1.0,0.0,nan,nan,nan,0.0,839,24779275_15
Topology+Risk A*,1,989.07315985292,19093,131.6234999999324,1.0,0.0,nan,nan,nan,0.0008382813460177516,839,24779275_15
Binary-mask A*,0,nan,0,0.0,nan,nan,nan,nan,nan,nan,840,24779275_15
Soft-probability A*,0,nan,0,0.0,nan,nan,nan,nan,nan,nan,840,24779275_15
Clearance-aware A*,0,nan,0,0.0,nan,nan,nan,nan,nan,nan,840,24779275_15
URA-style A*,0,nan,0,0.0,nan,nan,nan,nan,nan,nan,840,24779275_15
GT Oracle A*,1,1321.7686860699278,20815,136.22570000006817,1.0,0.0,nan,nan,nan,0.0,840,24779275_15
Topology+Risk A*,0,nan,0,0.0,nan,nan,nan,nan,nan,nan,840,24779275_15
Binary-mask A*,1,745.6316010800789,10738,71.80490000018835,0.12833333333333333,0.8716666666666667,nan,nan,nan,-0.008622704164113143,841,24779275_15
Soft-probability A*,1,747.631601080079,12859,90.64449999982571,0.9451827242524917,0.054817275747508276,nan,nan,nan,-0.005963543006244052,841,24779275_15
Clearance-aware A*,1,751.0458146424521,12464,82.49860000000808,0.9867768595041322,0.013223140495867813,nan,nan,nan,-0.001424070961378099,841,24779275_15
URA-style A*,1,751.0458146424521,11640,76.70400000006339,0.9818181818181818,0.018181818181818188,nan,nan,nan,-0.001424070961378099,841,24779275_15
GT Oracle A*,1,752.1168824543175,10035,66.04470000002038,1.0,0.0,nan,nan,nan,0.0,841,24779275_15
Topology+Risk A*,1,751.631601080079,12261,80.40429999982734,0.9867986798679867,0.01320132013201325,nan,nan,nan,-0.0006452206905061732,841,24779275_15
Binary-mask A*,0,nan,0,0.0,nan,nan,nan,nan,nan,nan,842,24779275_15
Soft-probability A*,0,nan,0,0.0,nan,nan,nan,nan,nan,nan,842,24779275_15
Clearance-aware A*,0,nan,0,0.0,nan,nan,nan,nan,nan,nan,842,24779275_15
URA-style A*,0,nan,0,0.0,nan,nan,nan,nan,nan,nan,842,24779275_15
GT Oracle A*,1,1226.8843430349636,12814,79.32209999989936,1.0,0.0,nan,nan,nan,0.0,842,24779275_15
Topology+Risk A*,0,nan,0,0.0,nan,nan,nan,nan,nan,nan,842,24779275_15
Binary-mask A*,1,1580.327127297087,27080,176.73199999990175,0.7769404672192917,0.22305953278070834,nan,nan,nan,-0.0025247311183922783,843,24779275_15
Soft-probability A*,1,1581.498700172341,35890,237.29930000013155,0.9789315274642588,0.02106847253574118,nan,nan,nan,-0.0017852544944877472,843,24779275_15
Clearance-aware A*,1,1587.1555544218334,39502,263.73530000000756,0.9969992498124531,0.0030007501875468634,nan,nan,nan,0.0017852544944880343,843,24779275_15
URA-style A*,1,1588.3271272970871,31925,212.40820000002714,0.9947565543071161,0.00524344569288393,nan,nan,nan,0.002524731118392422,843,24779275_15
GT Oracle A*,1,1584.327127297087,25755,162.9430999998931,1.0,0.0,nan,nan,nan,0.0,843,24779275_15
Topology+Risk A*,1,1587.7413408594603,38548,255.8157000000847,0.9970014992503748,0.0029985007496251548,nan,nan,nan,0.002154992806440228,843,24779275_15
Binary-mask A*,0,nan,0,0.0,nan,nan,nan,nan,nan,nan,844,24779275_15
Soft-probability A*,0,nan,0,0.0,nan,nan,nan,nan,nan,nan,844,24779275_15
Clearance-aware A*,0,nan,0,0.0,nan,nan,nan,nan,nan,nan,844,24779275_15
URA-style A*,0,nan,0,0.0,nan,nan,nan,nan,nan,nan,844,24779275_15
GT Oracle A*,1,1403.609306503494,22960,143.17629999982273,1.0,0.0,nan,nan,nan,0.0,844,24779275_15
Topology+Risk A*,0,nan,0,0.0,nan,nan,nan,nan,nan,nan,844,24779275_15
Binary-mask A*,0,nan,0,0.0,nan,nan,nan,nan,nan,nan,845,24779275_15
Soft-probability A*,0,nan,0,0.0,nan,nan,nan,nan,nan,nan,845,24779275_15
Clearance-aware A*,0,nan,0,0.0,nan,nan,nan,nan,nan,nan,845,24779275_15
URA-style A*,0,nan,0,0.0,nan,nan,nan,nan,nan,nan,845,24779275_15
GT Oracle A*,1,1909.4570696119974,32088,202.66590000005635,1.0,0.0,nan,nan,nan,0.0,845,24779275_15
Topology+Risk A*,0,nan,0,0.0,nan,nan,nan,nan,nan,nan,845,24779275_15
Binary-mask A*,1,2181.505842847273,38622,248.28769999999167,0.6265889830508474,0.3734110169491526,nan,nan,nan,-0.0018302399021678237,846,24779275_15
Soft-probability A*,1,2182.6774157225277,50699,356.61599999980353,0.9851851851851852,0.014814814814814836,nan,nan,nan,-0.0012941750460206659,846,24779275_15
Clearance-aware A*,1,2188.3342699720197,58137,408.7555999999495,0.9978880675818373,0.002111932418162654,nan,nan,nan,0.00129417504602129,846,24779275_15
URA-style A*,1,2189.505842847274,48931,332.0134999999027,0.9963080168776371,0.003691983122362852,nan,nan,nan,0.0018302399021682399,846,24779275_15
GT Oracle A*,1,2185.505842847273,34819,218.17400000009002,1.0,0.0,nan,nan,nan,0.0,846,24779275_15
Topology+Risk A*,1,2188.920056409647,56763,380.4654999999002,0.9978891820580474,0.0021108179419525586,nan,nan,nan,0.0015622074740947649,846,24779275_15
Binary-mask A*,1,1792.7240969167574,31421,201.7978999999741,0.32982917214191854,0.6701708278580815,nan,nan,nan,-0.004118691057910831,847,24779275_15
Soft-probability A*,1,1795.3098833543843,37796,256.9049000001087,0.9763934426229508,0.023606557377049198,nan,nan,nan,-0.0026822534116620537,847,24779275_15
Clearance-aware A*,1,1803.5525240415036,41725,282.8351999999086,0.9921671018276762,0.007832898172323799,nan,nan,nan,0.0018966395762469877,847,24779275_15
URA-style A*,1,1803.3098833543843,33523,236.64980000012292,0.994781474233529,0.005218525766470972,nan,nan,nan,0.0017618495516656335,847,24779275_15
GT Oracle A*,1,1800.1383104791305,27596,178.65370000004077,1.0,0.0,nan,nan,nan,0.0,847,24779275_15
Topology+Risk A*,1,1804.1383104791305,40839,275.596700000051,0.9941291585127201,0.005870841487279899,nan,nan,nan,0.0022220514816638434,847,24779275_15
Binary-mask A*,1,1742.1677477306532,31101,206.47759999997106,0.27168021680216803,0.728319783197832,nan,nan,nan,-0.004237705764235041,848,24779275_15
Soft-probability A*,1,1744.75353416828,36943,263.5192000000188,0.9756592292089249,0.024340770791075106,nan,nan,nan,-0.002759760463681147,848,24779275_15
Clearance-aware A*,1,1752.1677477306532,39619,285.2207000000817,0.9952893674293405,0.004710632570659512,nan,nan,nan,0.0014779453005538943,848,24779275_15
URA-style A*,1,1751.925107043534,31687,293.7054999999873,0.9946200403496974,0.005379959650302579,nan,nan,nan,0.0013392603503844286,848,24779275_15
GT Oracle A*,1,1749.5819612930263,27212,175.64189999984592,1.0,0.0,nan,nan,nan,0.0,848,24779275_15
Topology+Risk A*,1,1752.75353416828,38678,274.8736999999437,0.995965030262273,0.00403496973772699,nan,nan,nan,0.0018127603881500014,848,24779275_15
Binary-mask A*,1,2064.996174855397,31392,208.21279999995568,0.4532814238042269,0.5467185761957731,nan,nan,nan,-0.0036942286730930404,849,24779275_15
Soft-probability A*,1,2067.5819612930245,40126,282.0538000000852,0.9816768461965575,0.018323153803442516,nan,nan,nan,-0.0024466554414343425,849,24779275_15
Clearance-aware A*,1,2074.8956697920094,41224,280.73129999984303,0.997229916897507,0.0027700831024930483,nan,nan,nan,0.0010820145270955092,849,24779275_15
URA-style A*,1,2077.238815542517,37806,265.93389999993633,0.996130458817026,0.003869541182974001,nan,nan,nan,0.002212520076072755,849,24779275_15
GT Oracle A*,1,2072.6530291048894,29132,214.19920000016646,1.0,0.0,nan,nan,nan,0.0,849,24779275_15
Topology+Risk A*,1,2076.067242667263,40284,275.1604000000043,0.9977863862755949,0.0022136137244050946,nan,nan,nan,0.001647267301584132,849,24779275_15
Binary-mask A*,0,nan,0,0.0,nan,nan,nan,nan,nan,nan,850,24779275_15
Soft-probability A*,0,nan,0,0.0,nan,nan,nan,nan,nan,nan,850,24779275_15
Clearance-aware A*,0,nan,0,0.0,nan,nan,nan,nan,nan,nan,850,24779275_15
URA-style A*,0,nan,0,0.0,nan,nan,nan,nan,nan,nan,850,24779275_15
GT Oracle A*,1,1891.0672426672645,34580,229.11969999995563,1.0,0.0,nan,nan,nan,0.0,850,24779275_15
Topology+Risk A*,0,nan,0,0.0,nan,nan,nan,nan,nan,nan,850,24779275_15
Binary-mask A*,1,1970.7829714198028,39729,277.76209999979073,0.6555555555555556,0.34444444444444444,nan,nan,nan,-0.0038701476537969276,851,24779275_15
Soft-probability A*,1,1973.3687578574297,50155,351.06100000007245,0.9807355516637478,0.019264448336252182,nan,nan,nan,-0.002563165048575596,851,24779275_15
Clearance-aware A*,1,1982.0966799187877,56113,396.5799000000061,0.9976717112922002,0.002328288707799775,nan,nan,nan,0.0018483525260897598,851,24779275_15
URA-style A*,1,1983.8540392316684,46590,316.59460000014406,0.9959325973271353,0.004067402672864651,nan,nan,nan,0.002736607650193004,851,24779275_15
GT Oracle A*,1,1978.4398256692953,36395,241.88110000000052,1.0,0.0,nan,nan,nan,0.0,851,24779275_15
Topology+Risk A*,1,1982.6824663564146,54906,368.8480000000709,0.997673065735893,0.0023269342641070168,nan,nan,nan,0.002144437567457508,851,24779275_15
Binary-mask A*,1,246.22034611053323,4668,29.685299999982817,0.15,0.85,nan,nan,nan,-0.1205174301818422,852,25079170_15
Soft-probability A*,1,249.8772003600257,6299,42.64539999985573,0.3415841584158416,0.6584158415841583,nan,nan,nan,-0.10745539195633216,852,25079170_15
Clearance-aware A*,1,254.36248173426435,8737,58.31960000000436,0.46568627450980393,0.5343137254901961,nan,nan,nan,-0.0914342675785683,852,25079170_15
URA-style A*,1,256.0193359837568,8699,61.17240000003221,0.46568627450980393,0.5343137254901961,nan,nan,nan,-0.0855160952740603,852,25079170_15
GT Oracle A*,1,279.96046148071116,3850,24.096200000030876,1.0,0.0,nan,nan,nan,0.0,852,25079170_15
Topology+Risk A*,1,256.0193359837568,8824,58.181999999987966,0.46568627450980393,0.5343137254901961,nan,nan,nan,-0.0855160952740603,852,25079170_15
Binary-mask A*,1,131.35533905932732,1251,7.548499999984415,0.1557377049180328,0.8442622950819672,nan,nan,nan,-0.008840263899245878,853,25079170_15
Soft-probability A*,1,131.35533905932738,1770,11.187400000153502,0.9918032786885246,0.008196721311475419,nan,nan,nan,-0.00884026389924545,853,25079170_15
Clearance-aware A*,1,131.35533905932738,2593,16.84730000010859,0.9918032786885246,0.008196721311475419,nan,nan,nan,-0.00884026389924545,853,25079170_15
URA-style A*,1,131.35533905932738,1946,12.35280000014427,0.9918032786885246,0.008196721311475419,nan,nan,nan,-0.00884026389924545,853,25079170_15
GT Oracle A*,1,132.52691193458114,956,5.599900000106572,1.0,0.0,nan,nan,nan,0.0,853,25079170_15
Topology+Risk A*,1,131.35533905932738,2527,16.50940000013179,0.9918032786885246,0.008196721311475419,nan,nan,nan,-0.00884026389924545,853,25079170_15
Binary-mask A*,0,nan,0,0.0,nan,nan,nan,nan,nan,nan,854,25079170_15
Soft-probability A*,0,nan,0,0.0,nan,nan,nan,nan,nan,nan,854,25079170_15
Clearance-aware A*,0,nan,0,0.0,nan,nan,nan,nan,nan,nan,854,25079170_15
URA-style A*,0,nan,0,0.0,nan,nan,nan,nan,nan,nan,854,25079170_15
GT Oracle A*,1,563.6000717875014,11357,73.36169999985032,1.0,0.0,nan,nan,nan,0.0,854,25079170_15
Topology+Risk A*,0,nan,0,0.0,nan,nan,nan,nan,nan,nan,854,25079170_15
Binary-mask A*,1,136.45584412271566,1209,7.434800000055475,0.49230769230769234,0.5076923076923077,nan,nan,nan,0.0,855,25079170_15
Soft-probability A*,1,136.4558441227157,1661,10.739700000158336,1.0,0.0,nan,nan,nan,2.0828502885405313e-16,855,25079170_15
Clearance-aware A*,1,136.4558441227157,1848,12.394100000165054,1.0,0.0,nan,nan,nan,2.0828502885405313e-16,855,25079170_15
URA-style A*,1,136.4558441227157,1969,12.676299999839102,1.0,0.0,nan,nan,nan,2.0828502885405313e-16,855,25079170_15
GT Oracle A*,1,136.45584412271566,923,5.606799999895884,1.0,0.0,nan,nan,nan,0.0,855,25079170_15
Topology+Risk A*,1,136.4558441227157,1879,12.434400000074675,1.0,0.0,nan,nan,nan,2.0828502885405313e-16,855,25079170_15
Binary-mask A*,1,431.7056274847724,6295,44.150400000035006,0.4830287206266319,0.5169712793733681,nan,nan,nan,-0.028107917395944353,856,25079170_15
Soft-probability A*,1,436.5340546095186,8995,62.52170000016122,0.9534883720930233,0.046511627906976716,nan,nan,nan,-0.01723775542628822,856,25079170_15
Clearance-aware A*,1,443.2619766708765,11378,79.38229999990654,0.9615384615384616,0.038461538461538436,nan,nan,nan,-0.002091290410514142,856,25079170_15
URA-style A*,1,445.2619766708765,9359,65.30359999987922,0.9770408163265306,0.022959183673469385,nan,nan,nan,0.002411278102509642,856,25079170_15
GT Oracle A*,1,444.1909088590109,5145,33.63650000005691,1.0,0.0,nan,nan,nan,0.0,856,25079170_15
Topology+Risk A*,1,444.6761902332496,11020,78.27909999991789,0.9744245524296675,0.025575447570332477,nan,nan,nan,0.0010925063178020313,856,25079170_15
Binary-mask A*,1,281.43354954613017,4075,27.412899999944784,0.6462882096069869,0.35371179039301315,nan,nan,nan,-0.05128390343963639,857,25079170_15
Soft-probability A*,1,282.8477631085033,6086,42.30050000001029,0.8521739130434782,0.14782608695652177,nan,nan,nan,-0.0465165714255212,857,25079170_15
Clearance-aware A*,1,289.3330444827419,7848,54.27740000004633,0.9401709401709402,0.05982905982905984,nan,nan,nan,-0.024654604931527147,857,25079170_15
URA-style A*,1,292.747258045115,6409,44.387199999846416,0.9535864978902954,0.04641350210970463,nan,nan,nan,-0.013145247326714867,857,25079170_15
GT Oracle A*,1,296.6467529817267,3431,21.928399999978865,1.0,0.0,nan,nan,nan,0.0,857,25079170_15
Topology+Risk A*,1,292.1614716074881,7698,53.173500000184504,0.9661016949152542,0.03389830508474578,nan,nan,nan,-0.015119940903296767,857,25079170_15
Binary-mask A*,0,nan,0,0.0,nan,nan,nan,nan,nan,nan,858,25079170_15
Soft-probability A*,0,nan,0,0.0,nan,nan,nan,nan,nan,nan,858,25079170_15
Clearance-aware A*,0,nan,0,0.0,nan,nan,nan,nan,nan,nan,858,25079170_15
URA-style A*,0,nan,0,0.0,nan,nan,nan,nan,nan,nan,858,25079170_15
GT Oracle A*,1,1498.1412690719571,22967,147.32120000007853,1.0,0.0,nan,nan,nan,0.0,858,25079170_15
Topology+Risk A*,0,nan,0,0.0,nan,nan,nan,nan,nan,nan,858,25079170_15
Binary-mask A*,0,nan,0,0.0,nan,nan,nan,nan,nan,nan,859,25079170_15
Soft-probability A*,0,nan,0,0.0,nan,nan,nan,nan,nan,nan,859,25079170_15
Clearance-aware A*,0,nan,0,0.0,nan,nan,nan,nan,nan,nan,859,25079170_15
URA-style A*,0,nan,0,0.0,nan,nan,nan,nan,nan,nan,859,25079170_15
GT Oracle A*,1,2424.932249718451,59139,383.00200000003315,1.0,0.0,nan,nan,nan,0.0,859,25079170_15
Topology+Risk A*,0,nan,0,0.0,nan,nan,nan,nan,nan,nan,859,25079170_15
Binary-mask A*,0,nan,0,0.0,nan,nan,nan,nan,nan,nan,860,25079170_15
Soft-probability A*,0,nan,0,0.0,nan,nan,nan,nan,nan,nan,860,25079170_15
Clearance-aware A*,0,nan,0,0.0,nan,nan,nan,nan,nan,nan,860,25079170_15
URA-style A*,0,nan,0,0.0,nan,nan,nan,nan,nan,nan,860,25079170_15
GT Oracle A*,1,2164.317026029315,49766,317.89759999992384,1.0,0.0,nan,nan,nan,0.0,860,25079170_15
Topology+Risk A*,0,nan,0,0.0,nan,nan,nan,nan,nan,nan,860,25079170_15
Binary-mask A*,0,nan,0,0.0,nan,nan,nan,nan,nan,nan,861,25079170_15
Soft-probability A*,0,nan,0,0.0,nan,nan,nan,nan,nan,nan,861,25079170_15
Clearance-aware A*,0,nan,0,0.0,nan,nan,nan,nan,nan,nan,861,25079170_15
URA-style A*,0,nan,0,0.0,nan,nan,nan,nan,nan,nan,861,25079170_15
GT Oracle A*,1,2053.5941546018453,49517,316.8296999999711,1.0,0.0,nan,nan,nan,0.0,861,25079170_15
Topology+Risk A*,0,nan,0,0.0,nan,nan,nan,nan,nan,nan,861,25079170_15
Binary-mask A*,1,1196.6538956566646,27168,176.25079999993432,0.2324521422060164,0.7675478577939836,nan,nan,nan,-0.0068409530930608545,862,25079170_15
Soft-probability A*,1,1198.0681092190378,38810,258.214100000032,0.9790528233151184,0.020947176684881552,nan,nan,nan,-0.005667231101407955,862,25079170_15
Clearance-aware A*,1,1201.1391770309033,56006,376.6240999998445,0.9963603275705186,0.0036396724294813776,nan,nan,nan,-0.003118408261245613,862,25079170_15
URA-style A*,1,1279.0458146424526,53467,362.00589999998556,0.9982347749338041,0.001765225066195919,nan,nan,nan,0.061539954728122945,862,25079170_15
GT Oracle A*,1,1204.896536343784,24159,153.81410000009055,1.0,0.0,nan,nan,nan,0.0,862,25079170_15
Topology+Risk A*,1,1201.1391770309033,57335,397.7481000001717,0.9963603275705186,0.0036396724294813776,nan,nan,nan,-0.003118408261245613,862,25079170_15
Binary-mask A*,0,nan,0,0.0,nan,nan,nan,nan,nan,nan,863,25079170_15
Soft-probability A*,0,nan,0,0.0,nan,nan,nan,nan,nan,nan,863,25079170_15
Clearance-aware A*,0,nan,0,0.0,nan,nan,nan,nan,nan,nan,863,25079170_15
URA-style A*,0,nan,0,0.0,nan,nan,nan,nan,nan,nan,863,25079170_15
GT Oracle A*,1,3226.2551929333586,93565,617.8867999999511,1.0,0.0,nan,nan,nan,0.0,863,25079170_15
Topology+Risk A*,0,nan,0,0.0,nan,nan,nan,nan,nan,nan,863,25079170_15
Binary-mask A*,0,nan,0,0.0,nan,nan,nan,nan,nan,nan,864,25079170_15
Soft-probability A*,0,nan,0,0.0,nan,nan,nan,nan,nan,nan,864,25079170_15
Clearance-aware A*,0,nan,0,0.0,nan,nan,nan,nan,nan,nan,864,25079170_15
URA-style A*,0,nan,0,0.0,nan,nan,nan,nan,nan,nan,864,25079170_15
GT Oracle A*,1,1158.447834896005,20733,129.50120000004972,1.0,0.0,nan,nan,nan,0.0,864,25079170_15
Topology+Risk A*,0,nan,0,0.0,nan,nan,nan,nan,nan,nan,864,25079170_15
Binary-mask A*,0,nan,0,0.0,nan,nan,nan,nan,nan,nan,865,25079170_15
Soft-probability A*,0,nan,0,0.0,nan,nan,nan,nan,nan,nan,865,25079170_15
Clearance-aware A*,0,nan,0,0.0,nan,nan,nan,nan,nan,nan,865,25079170_15
URA-style A*,0,nan,0,0.0,nan,nan,nan,nan,nan,nan,865,25079170_15
GT Oracle A*,1,2723.069334708265,87941,563.1023000000823,1.0,0.0,nan,nan,nan,0.0,865,25079170_15
Topology+Risk A*,0,nan,0,0.0,nan,nan,nan,nan,nan,nan,865,25079170_15
Binary-mask A*,0,nan,0,0.0,nan,nan,nan,nan,nan,nan,866,25079170_15
Soft-probability A*,0,nan,0,0.0,nan,nan,nan,nan,nan,nan,866,25079170_15
Clearance-aware A*,0,nan,0,0.0,nan,nan,nan,nan,nan,nan,866,25079170_15
URA-style A*,0,nan,0,0.0,nan,nan,nan,nan,nan,nan,866,25079170_15
GT Oracle A*,1,2541.4469683442007,65889,426.5695000001415,1.0,0.0,nan,nan,nan,0.0,866,25079170_15
Topology+Risk A*,0,nan,0,0.0,nan,nan,nan,nan,nan,nan,866,25079170_15
Binary-mask A*,0,nan,0,0.0,nan,nan,nan,nan,nan,nan,867,25079170_15
Soft-probability A*,0,nan,0,0.0,nan,nan,nan,nan,nan,nan,867,25079170_15
Clearance-aware A*,0,nan,0,0.0,nan,nan,nan,nan,nan,nan,867,25079170_15
URA-style A*,0,nan,0,0.0,nan,nan,nan,nan,nan,nan,867,25079170_15
GT Oracle A*,1,2712.3880938411444,90287,588.4929999999713,1.0,0.0,nan,nan,nan,0.0,867,25079170_15
Topology+Risk A*,0,nan,0,0.0,nan,nan,nan,nan,nan,nan,867,25079170_15
Binary-mask A*,0,nan,0,0.0,nan,nan,nan,nan,nan,nan,868,25079170_15
Soft-probability A*,0,nan,0,0.0,nan,nan,nan,nan,nan,nan,868,25079170_15
Clearance-aware A*,0,nan,0,0.0,nan,nan,nan,nan,nan,nan,868,25079170_15
URA-style A*,0,nan,0,0.0,nan,nan,nan,nan,nan,nan,868,25079170_15
GT Oracle A*,1,2702.1059146347193,84893,540.4568000001291,1.0,0.0,nan,nan,nan,0.0,868,25079170_15
Topology+Risk A*,0,nan,0,0.0,nan,nan,nan,nan,nan,nan,868,25079170_15
Binary-mask A*,0,nan,0,0.0,nan,nan,nan,nan,nan,nan,869,25079170_15
Soft-probability A*,0,nan,0,0.0,nan,nan,nan,nan,nan,nan,869,25079170_15
Clearance-aware A*,0,nan,0,0.0,nan,nan,nan,nan,nan,nan,869,25079170_15
URA-style A*,0,nan,0,0.0,nan,nan,nan,nan,nan,nan,869,25079170_15
GT Oracle A*,1,2977.4368670763974,98952,663.4200000000874,1.0,0.0,nan,nan,nan,0.0,869,25079170_15
Topology+Risk A*,0,nan,0,0.0,nan,nan,nan,nan,nan,nan,869,25079170_15
Binary-mask A*,0,nan,0,0.0,nan,nan,nan,nan,nan,nan,870,25079170_15
Soft-probability A*,0,nan,0,0.0,nan,nan,nan,nan,nan,nan,870,25079170_15
Clearance-aware A*,0,nan,0,0.0,nan,nan,nan,nan,nan,nan,870,25079170_15
URA-style A*,0,nan,0,0.0,nan,nan,nan,nan,nan,nan,870,25079170_15
GT Oracle A*,1,2385.4591616530233,60355,400.3026000000318,1.0,0.0,nan,nan,nan,0.0,870,25079170_15
Topology+Risk A*,0,nan,0,0.0,nan,nan,nan,nan,nan,nan,870,25079170_15
Binary-mask A*,0,nan,0,0.0,nan,nan,nan,nan,nan,nan,871,25079170_15
Soft-probability A*,0,nan,0,0.0,nan,nan,nan,nan,nan,nan,871,25079170_15
Clearance-aware A*,0,nan,0,0.0,nan,nan,nan,nan,nan,nan,871,25079170_15
URA-style A*,0,nan,0,0.0,nan,nan,nan,nan,nan,nan,871,25079170_15
GT Oracle A*,1,2601.110965268618,72621,465.90420000006816,1.0,0.0,nan,nan,nan,0.0,871,25079170_15
Topology+Risk A*,0,nan,0,0.0,nan,nan,nan,nan,nan,nan,871,25079170_15
Binary-mask A*,1,86.24264068711928,297,1.9148999999742955,0.4186046511627907,0.5813953488372092,nan,nan,nan,-0.00951437883518516,872,26278720_15
Soft-probability A*,1,87.07106781186546,754,5.454899999904228,1.0,0.0,nan,nan,nan,0.0,872,26278720_15
Clearance-aware A*,1,88.72792206135784,1015,6.58009999983733,1.0,0.0,nan,nan,nan,0.01902875767037048,872,26278720_15
URA-style A*,1,88.72792206135784,926,6.204000000025189,1.0,0.0,nan,nan,nan,0.01902875767037048,872,26278720_15
GT Oracle A*,1,87.07106781186546,332,2.330699999902208,1.0,0.0,nan,nan,nan,0.0,872,26278720_15
Topology+Risk A*,1,88.72792206135784,1013,6.816300000082265,1.0,0.0,nan,nan,nan,0.01902875767037048,872,26278720_15
Binary-mask A*,0,nan,0,0.0,nan,nan,nan,nan,nan,nan,873,26278720_15
Soft-probability A*,0,nan,0,0.0,nan,nan,nan,nan,nan,nan,873,26278720_15
Clearance-aware A*,0,nan,0,0.0,nan,nan,nan,nan,nan,nan,873,26278720_15
URA-style A*,0,nan,0,0.0,nan,nan,nan,nan,nan,nan,873,26278720_15
GT Oracle A*,1,708.5411972844555,5471,34.50979999979609,1.0,0.0,nan,nan,nan,0.0,873,26278720_15
Topology+Risk A*,0,nan,0,0.0,nan,nan,nan,nan,nan,nan,873,26278720_15
Binary-mask A*,1,100.53910524340084,1118,6.932699999879333,0.3625,0.6375,nan,nan,nan,0.0,874,26278720_15
Soft-probability A*,1,100.53910524340085,1250,8.31249999987449,0.7375,0.26249999999999996,nan,nan,nan,1.4134654054059997e-16,874,26278720_15
Clearance-aware A*,1,100.53910524340085,1237,7.6044999998430285,0.7375,0.26249999999999996,nan,nan,nan,1.4134654054059997e-16,874,26278720_15
URA-style A*,1,100.53910524340085,1281,7.802700000183904,0.7375,0.26249999999999996,nan,nan,nan,1.4134654054059997e-16,874,26278720_15
GT Oracle A*,1,100.53910524340084,909,5.77530000009574,1.0,0.0,nan,nan,nan,0.0,874,26278720_15
Topology+Risk A*,1,100.53910524340085,1612,10.080899999820758,0.75,0.25,nan,nan,nan,1.4134654054059997e-16,874,26278720_15
Binary-mask A*,1,443.0538238691627,5764,37.42629999987912,0.7247058823529412,0.2752941176470588,nan,nan,nan,-0.0063434395929451515,875,26278720_15
Soft-probability A*,1,446.36753236814764,7060,54.47589999994307,0.9952941176470588,0.004705882352941226,nan,nan,nan,0.0010883621699605802,875,26278720_15
Clearance-aware A*,1,451.09545442950554,7808,53.01340000005439,0.9976525821596244,0.0023474178403756207,nan,nan,nan,0.011691883729338569,875,26278720_15
URA-style A*,1,452.2670273047593,7307,49.95050000002266,0.9976635514018691,0.002336448598130869,nan,nan,nan,0.01431942244083079,875,26278720_15
GT Oracle A*,1,445.882250993909,4695,29.712000000017724,1.0,0.0,nan,nan,nan,0.0,875,26278720_15
Topology+Risk A*,1,452.2670273047593,7690,51.29199999987577,0.9976635514018691,0.002336448598130869,nan,nan,nan,0.01431942244083079,875,26278720_15
Binary-mask A*,1,408.9655121145942,7874,51.58800000003794,0.44680851063829785,0.5531914893617021,nan,nan,nan,-0.013065826407235463,876,26278720_15
Soft-probability A*,1,412.0365799264598,10428,71.4024999999765,0.9761273209549072,0.023872679045092826,nan,nan,nan,-0.005654585891429769,876,26278720_15
Clearance-aware A*,1,420.1787155501908,10605,70.5756999998357,0.9973753280839895,0.002624671916010457,nan,nan,nan,0.013994386100212187,876,26278720_15
URA-style A*,1,418.7645019878177,9992,66.95160000003852,0.9973684210526316,0.0026315789473684292,nan,nan,nan,0.010581541613038684,876,26278720_15
GT Oracle A*,1,414.3797256769673,6812,42.960900000025504,1.0,0.0,nan,nan,nan,0.0,876,26278720_15
Topology+Risk A*,1,422.1787155501908,10402,69.62209999983315,1.0,0.0,nan,nan,nan,0.018820877060243168,876,26278720_15
Binary-mask A*,0,nan,0,0.0,nan,nan,nan,nan,nan,nan,877,26278720_15
Soft-probability A*,0,nan,0,0.0,nan,nan,nan,nan,nan,nan,877,26278720_15
Clearance-aware A*,0,nan,0,0.0,nan,nan,nan,nan,nan,nan,877,26278720_15
URA-style A*,0,nan,0,0.0,nan,nan,nan,nan,nan,nan,877,26278720_15
GT Oracle A*,1,552.7350647362948,5417,33.88700000004974,1.0,0.0,nan,nan,nan,0.0,877,26278720_15
Topology+Risk A*,0,nan,0,0.0,nan,nan,nan,nan,nan,nan,877,26278720_15
Binary-mask A*,0,nan,0,0.0,nan,nan,nan,nan,nan,nan,878,26278720_15
Soft-probability A*,0,nan,0,0.0,nan,nan,nan,nan,nan,nan,878,26278720_15
Clearance-aware A*,0,nan,0,0.0,nan,nan,nan,nan,nan,nan,878,26278720_15
URA-style A*,0,nan,0,0.0,nan,nan,nan,nan,nan,nan,878,26278720_15
GT Oracle A*,1,1108.9503602129466,10360,65.35110000004352,1.0,0.0,nan,nan,nan,0.0,878,26278720_15
Topology+Risk A*,0,nan,0,0.0,nan,nan,nan,nan,nan,nan,878,26278720_15
Binary-mask A*,0,nan,0,0.0,nan,nan,nan,nan,nan,nan,879,26278720_15
Soft-probability A*,0,nan,0,0.0,nan,nan,nan,nan,nan,nan,879,26278720_15
Clearance-aware A*,0,nan,0,0.0,nan,nan,nan,nan,nan,nan,879,26278720_15
URA-style A*,0,nan,0,0.0,nan,nan,nan,nan,nan,nan,879,26278720_15
GT Oracle A*,1,1197.0630585851545,17339,111.67840000007345,1.0,0.0,nan,nan,nan,0.0,879,26278720_15
Topology+Risk A*,0,nan,0,0.0,nan,nan,nan,nan,nan,nan,879,26278720_15
Binary-mask A*,0,nan,0,0.0,nan,nan,nan,nan,nan,nan,880,26278720_15
Soft-probability A*,0,nan,0,0.0,nan,nan,nan,nan,nan,nan,880,26278720_15
Clearance-aware A*,0,nan,0,0.0,nan,nan,nan,nan,nan,nan,880,26278720_15
URA-style A*,0,nan,0,0.0,nan,nan,nan,nan,nan,nan,880,26278720_15
GT Oracle A*,1,1462.986940139407,18685,120.04109999998036,1.0,0.0,nan,nan,nan,0.0,880,26278720_15
Topology+Risk A*,0,nan,0,0.0,nan,nan,nan,nan,nan,nan,880,26278720_15
Binary-mask A*,0,nan,0,0.0,nan,nan,nan,nan,nan,nan,881,26278720_15
Soft-probability A*,0,nan,0,0.0,nan,nan,nan,nan,nan,nan,881,26278720_15
Clearance-aware A*,0,nan,0,0.0,nan,nan,nan,nan,nan,nan,881,26278720_15
URA-style A*,0,nan,0,0.0,nan,nan,nan,nan,nan,nan,881,26278720_15
GT Oracle A*,1,830.6660889654843,6446,40.699500000073385,1.0,0.0,nan,nan,nan,0.0,881,26278720_15
Topology+Risk A*,0,nan,0,0.0,nan,nan,nan,nan,nan,nan,881,26278720_15
Binary-mask A*,0,nan,0,0.0,nan,nan,nan,nan,nan,nan,882,26278720_15
Soft-probability A*,0,nan,0,0.0,nan,nan,nan,nan,nan,nan,882,26278720_15
Clearance-aware A*,0,nan,0,0.0,nan,nan,nan,nan,nan,nan,882,26278720_15
URA-style A*,0,nan,0,0.0,nan,nan,nan,nan,nan,nan,882,26278720_15
GT Oracle A*,1,1640.1017305526698,16427,105.1698999999644,1.0,0.0,nan,nan,nan,0.0,882,26278720_15
Topology+Risk A*,0,nan,0,0.0,nan,nan,nan,nan,nan,nan,882,26278720_15
Binary-mask A*,0,nan,0,0.0,nan,nan,nan,nan,nan,nan,883,26278720_15
Soft-probability A*,0,nan,0,0.0,nan,nan,nan,nan,nan,nan,883,26278720_15
Clearance-aware A*,0,nan,0,0.0,nan,nan,nan,nan,nan,nan,883,26278720_15
URA-style A*,0,nan,0,0.0,nan,nan,nan,nan,nan,nan,883,26278720_15
GT Oracle A*,1,1055.5777772109159,14949,96.95120000014867,1.0,0.0,nan,nan,nan,0.0,883,26278720_15
Topology+Risk A*,0,nan,0,0.0,nan,nan,nan,nan,nan,nan,883,26278720_15
Binary-mask A*,0,nan,0,0.0,nan,nan,nan,nan,nan,nan,884,26278720_15
Soft-probability A*,0,nan,0,0.0,nan,nan,nan,nan,nan,nan,884,26278720_15
Clearance-aware A*,0,nan,0,0.0,nan,nan,nan,nan,nan,nan,884,26278720_15
URA-style A*,0,nan,0,0.0,nan,nan,nan,nan,nan,nan,884,26278720_15
GT Oracle A*,1,954.1858582251286,10479,68.33360000018729,1.0,0.0,nan,nan,nan,0.0,884,26278720_15
Topology+Risk A*,0,nan,0,0.0,nan,nan,nan,nan,nan,nan,884,26278720_15
Binary-mask A*,1,1385.8468965567301,32504,220.17299999993156,0.24914089347079038,0.7508591065292096,nan,nan,nan,-0.009586640738719098,885,26428735_15
Soft-probability A*,1,1391.5037508062226,44769,341.6139999999359,0.9683219178082192,0.03167808219178081,nan,nan,nan,-0.0055438968872795905,885,26428735_15
Clearance-aware A*,1,1396.574818618088,50171,354.41419999983736,0.986336464560205,0.013663535439795038,nan,nan,nan,-0.0019197928689567414,885,26428735_15
URA-style A*,1,1401.160605055715,44439,317.3154999999497,0.9846938775510204,0.015306122448979553,nan,nan,nan,0.0013574985561129922,885,26428735_15
GT Oracle A*,1,1399.2611101191033,23933,152.09170000002814,1.0,0.0,nan,nan,nan,0.0,885,26428735_15
Topology+Risk A*,1,1398.574818618088,50307,351.88270000003286,0.9872122762148338,0.012787723785166238,nan,nan,nan,-0.0004904670729802045,885,26428735_15
Binary-mask A*,1,1393.3393206059063,22795,148.95509999996648,0.3200354609929078,0.6799645390070922,nan,nan,nan,-0.005120683393920534,886,26428735_15
Soft-probability A*,1,1396.7535341682794,29514,197.27639999996427,0.9770114942528736,0.02298850574712641,nan,nan,nan,-0.002682849044851949,886,26428735_15
Clearance-aware A*,1,1400.9961748553987,32629,221.9292999998288,0.9894179894179894,0.010582010582010581,nan,nan,nan,0.0003465031057576468,886,26428735_15
URA-style A*,1,1404.4103884177719,28913,196.8149000001631,0.9868073878627969,0.01319261213720313,nan,nan,nan,0.002784337454826232,886,26428735_15
GT Oracle A*,1,1400.51089348116,15719,100.26020000009339,1.0,0.0,nan,nan,nan,0.0,886,26428735_15
Topology+Risk A*,1,1401.5819612930256,33249,224.85240000014528,0.9894273127753304,0.010572687224669641,nan,nan,nan,0.0007647693544198344,886,26428735_15
Binary-mask A*,0,nan,0,0.0,nan,nan,nan,nan,nan,nan,887,26428735_15
Soft-probability A*,0,nan,0,0.0,nan,nan,nan,nan,nan,nan,887,26428735_15
Clearance-aware A*,0,nan,0,0.0,nan,nan,nan,nan,nan,nan,887,26428735_15
URA-style A*,0,nan,0,0.0,nan,nan,nan,nan,nan,nan,887,26428735_15
GT Oracle A*,1,624.9676041556489,7180,45.60229999992771,1.0,0.0,nan,nan,nan,0.0,887,26428735_15
Topology+Risk A*,0,nan,0,0.0,nan,nan,nan,nan,nan,nan,887,26428735_15
Binary-mask A*,1,575.796031280395,11317,75.13360000007197,0.6673728813559322,0.3326271186440678,nan,nan,nan,-0.00831592099652318,888,26428735_15
Soft-probability A*,1,577.7960312803951,14375,98.49680000002081,0.9578059071729957,0.04219409282700426,nan,nan,nan,-0.004871353736139915,888,26428735_15
Clearance-aware A*,1,579.2102448427682,15594,105.52610000013374,0.9663157894736842,0.03368421052631576,nan,nan,nan,-0.0024356768680698594,888,26428735_15
URA-style A*,1,579.2102448427682,16138,111.2490999998954,0.9663157894736842,0.03368421052631576,nan,nan,nan,-0.0024356768680698594,888,26428735_15
GT Oracle A*,1,580.6244584051412,7327,47.22839999999451,1.0,0.0,nan,nan,nan,0.0,888,26428735_15
Topology+Risk A*,1,579.2102448427682,15857,106.55769999993936,0.96,0.040000000000000036,nan,nan,nan,-0.0024356768680698594,888,26428735_15
Binary-mask A*,1,910.2813126546337,16342,106.34079999999813,0.3793532338308458,0.6206467661691542,nan,nan,nan,-0.007074081250864471,889,26428735_15
Soft-probability A*,1,913.3523804664992,21708,150.59760000008282,0.9279503105590062,0.07204968944099377,nan,nan,nan,-0.0037241906332654475,889,26428735_15
Clearance-aware A*,1,924.2224381515882,26275,182.38020000012511,0.9826732673267327,0.017326732673267342,nan,nan,nan,0.008132761567969196,889,26428735_15
URA-style A*,1,922.5655839020958,22029,155.017799999996,0.9851485148514851,0.014851485148514865,nan,nan,nan,0.006325481219531625,889,26428735_15
GT Oracle A*,1,916.7665940288722,12990,83.67249999992055,1.0,0.0,nan,nan,nan,0.0,889,26428735_15
Topology+Risk A*,1,924.2224381515882,26167,191.64390000014464,0.9789603960396039,0.02103960396039606,nan,nan,nan,0.008132761567969196,889,26428735_15
Binary-mask A*,1,825.1930009000656,18642,137.79989999989084,0.5852272727272727,0.4147727272727273,nan,nan,nan,-0.006228075039064846,890,26428735_15
Soft-probability A*,1,826.6072144624388,22168,174.02990000005047,0.9872340425531915,0.012765957446808529,nan,nan,nan,-0.004524951366599649,890,26428735_15
Clearance-aware A*,1,828.8498551495582,27801,189.74320000006628,0.990084985835694,0.009915014164305958,nan,nan,nan,-0.0018241609452032102,890,26428735_15
URA-style A*,1,829.435641587185,20942,149.58819999992556,0.9915134370579916,0.008486562942008447,nan,nan,nan,-0.001118704021669529,890,26428735_15
GT Oracle A*,1,830.3645737753194,13714,103.27120000010837,1.0,0.0,nan,nan,nan,0.0,890,26428735_15
Topology+Risk A*,1,829.435641587185,27072,184.42110000000866,0.9929278642149929,0.007072135785007094,nan,nan,nan,-0.001118704021669529,890,26428735_15
Binary-mask A*,1,1434.8763338082529,29348,188.71439999998074,0.42610837438423643,0.5738916256157636,nan,nan,nan,-0.010862397163116823,891,26428735_15
Soft-probability A*,1,1443.3616151824915,41262,276.4767999999549,0.9419934640522876,0.058006535947712434,nan,nan,nan,-0.005013035319065069,891,26428735_15
Clearance-aware A*,1,1458.2316728675805,50351,341.3034999998672,0.9691307879772543,0.03086921202274573,nan,nan,nan,0.005237697002679863,891,26428735_15
URA-style A*,1,1457.5037508062226,42019,301.38899999997193,0.9805510534846029,0.01944894651539708,nan,nan,nan,0.0047359010876878525,891,26428735_15
GT Oracle A*,1,1450.6336931211335,23412,148.6554000000524,1.0,0.0,nan,nan,nan,0.0,891,26428735_15
Topology+Risk A*,1,1459.4032457428343,49310,334.3354000001,0.9716139497161395,0.028386050283860542,nan,nan,nan,0.006045325338357818,891,26428735_15
Binary-mask A*,1,1644.410388417772,51680,362.44490000012775,0.48366013071895425,0.5163398692810457,nan,nan,nan,-0.011464550891412425,892,26428735_15
Soft-probability A*,1,1650.6530291048914,68277,478.7160999999287,0.9710564399421129,0.02894356005788712,nan,nan,nan,-0.007711794487822228,892,26428735_15
Clearance-aware A*,1,1658.3098833543838,70420,489.71340000002783,0.9877521613832853,0.012247838616714746,nan,nan,nan,-0.0031088851972990495,892,26428735_15
URA-style A*,1,1661.4814562296376,64238,447.48680000020613,0.9877873563218391,0.012212643678160884,nan,nan,nan,-0.0012022977427912532,892,26428735_15
GT Oracle A*,1,1663.4814562296376,41028,269.6227999999792,1.0,0.0,nan,nan,nan,0.0,892,26428735_15
Topology+Risk A*,1,1660.3098833543838,69550,501.2844000000314,0.9884892086330935,0.01151079136690647,nan,nan,nan,-0.0019065874545077964,892,26428735_15
Binary-mask A*,1,1258.6702730475943,24113,158.09799999988172,0.46772591857000995,0.53227408142999,nan,nan,nan,-0.006125386966187605,893,26428735_15
Soft-probability A*,1,1261.841845922848,29379,199.60869999999886,0.9584569732937686,0.041543026706231445,nan,nan,nan,-0.0036210410452585566,893,26428735_15
Clearance-aware A*,1,1265.5992052357287,31935,218.8291999998455,0.9704724409448819,0.029527559055118058,nan,nan,nan,-0.0006541448587963297,893,26428735_15
URA-style A*,1,1268.427632360475,28274,189.48790000013105,0.9754420432220039,0.024557956777996104,nan,nan,nan,0.0015792453898626887,893,26428735_15
GT Oracle A*,1,1266.427632360475,19589,124.68109999986154,1.0,0.0,nan,nan,nan,0.0,893,26428735_15
Topology+Risk A*,1,1266.1849916733556,32870,235.03649999997833,0.9685349065880039,0.0314650934119961,nan,nan,nan,-0.00019159459326315012,893,26428735_15
Binary-mask A*,1,1438.3027406794465,27969,185.8202999999321,0.5583126550868487,0.4416873449131513,nan,nan,nan,-0.001794577712961966,894,26428735_15
Soft-probability A*,1,1440.545381366566,36385,251.42860000005385,0.9818181818181818,0.018181818181818188,nan,nan,nan,-0.00023814871452541302,894,26428735_15
Clearance-aware A*,1,1442.7880220536852,42552,296.9119000001683,0.9966969446738233,0.003303055326176696,nan,nan,nan,0.0013182802839108246,894,26428735_15
URA-style A*,1,1447.9595949289392,34911,240.79679999999826,0.9852095316351684,0.014790468364831555,nan,nan,nan,0.004907435709834915,894,26428735_15
GT Oracle A*,1,1440.8885271170734,20721,136.3942999998926,1.0,0.0,nan,nan,nan,0.0,894,26428735_15
Topology+Risk A*,1,1444.7880220536854,42203,281.0173999998824,0.9975267930750206,0.002473206924979432,nan,nan,nan,0.002706312711375441,894,26428735_15
Binary-mask A*,1,1419.2955980045092,27087,173.96869999993214,0.5629569455727051,0.43704305442729485,nan,nan,nan,-0.012120898334633829,895,26428735_15
Soft-probability A*,1,1426.3666658163747,34280,243.79780000003848,0.9377022653721683,0.062297734627831725,nan,nan,nan,-0.007199189194112408,895,26428735_15
Clearance-aware A*,1,1447.479364188583,45526,302.73959999999533,0.9871794871794872,0.012820512820512775,nan,nan,nan,0.007495983207600876,895,26428735_15
URA-style A*,1,1446.7514421272251,33217,223.27500000005784,0.991207034372502,0.008792965627497984,nan,nan,nan,0.006989324134559478,895,26428735_15
GT Oracle A*,1,1436.7098115668823,23440,150.11269999990873,1.0,0.0,nan,nan,nan,0.0,895,26428735_15
Topology+Risk A*,1,1448.6509370638369,43937,292.4431999999797,0.9888,0.011199999999999988,nan,nan,nan,0.008311438678024695,895,26428735_15
Binary-mask A*,1,1533.6896090313517,28656,187.1392000000469,0.3124491456468674,0.6875508543531326,nan,nan,nan,-0.010041239161277608,896,26428735_15
Soft-probability A*,1,1538.2753954689786,41579,282.48470000016823,0.960291734197731,0.03970826580226905,nan,nan,nan,-0.007081227283690886,896,26428735_15
Clearance-aware A*,1,1545.6896090313517,45955,313.64589999998316,0.9782433521353747,0.021756647864625278,nan,nan,nan,-0.0022955355585991422,896,26428735_15
URA-style A*,1,1546.7606768432172,46028,327.1763000000192,0.9822580645161291,0.01774193548387093,nan,nan,nan,-0.0016041877411758262,896,26428735_15
GT Oracle A*,1,1549.2459582174558,21011,137.82070000002022,1.0,0.0,nan,nan,nan,0.0,896,26428735_15
Topology+Risk A*,1,1545.6896090313517,47125,329.10930000002736,0.9782433521353747,0.021756647864625278,nan,nan,nan,-0.0022955355585991422,896,26428735_15
Binary-mask A*,1,1517.1727983645349,31071,204.01640000000043,0.45390625,0.54609375,nan,nan,nan,-0.006008849017344828,897,26428735_15
Soft-probability A*,1,1522.8296526140275,38397,270.939799999951,0.9789719626168224,0.0210280373831776,nan,nan,nan,-0.0023027035654519397,897,26428735_15
Clearance-aware A*,1,1532.3860018001317,52983,373.7774000001082,0.9743987587276959,0.02560124127230412,nan,nan,nan,0.003958235555607568,897,26428735_15
URA-style A*,1,1532.1433611130124,37096,256.0748999999305,0.9829457364341085,0.01705426356589146,nan,nan,nan,0.00379926704778503,897,26428735_15
GT Oracle A*,1,1526.3443712397889,23723,164.96649999999136,1.0,0.0,nan,nan,nan,0.0,897,26428735_15
Topology+Risk A*,1,1532.9717882377586,52713,358.4149000000707,0.9751937984496124,0.024806201550387597,nan,nan,nan,0.004342019483182891,897,26428735_15
Binary-mask A*,1,2105.9759723198613,56972,376.47519999995893,0.273360417875798,0.726639582124202,nan,nan,nan,-0.007653613340099526,898,26428735_15
Soft-probability A*,1,2112.5617587574884,72040,499.41180000018903,0.9803468208092485,0.01965317919075149,nan,nan,nan,-0.004550357908607623,898,26428735_15
Clearance-aware A*,1,2121.9759723198604,77841,530.9325000000626,0.9907993099482462,0.009200690051753835,nan,nan,nan,-0.00011433350251077048,898,26428735_15
URA-style A*,1,2126.5617587574866,68933,476.4090999999553,0.9913990825688074,0.008600917431192623,nan,nan,nan,0.002046511949282056,898,26428735_15
GT Oracle A*,1,2122.218613006979,43825,276.96930000001885,1.0,0.0,nan,nan,nan,0.0,898,26428735_15
Topology+Risk A*,1,2123.9759723198604,76410,542.7007999999205,0.9919586444572085,0.008041355542791506,nan,nan,nan,0.0008280764771878775,898,26428735_15
Binary-mask A*,1,1716.7119036079368,35001,244.63059999993675,0.4588477366255144,0.5411522633744856,nan,nan,nan,-0.0010226306345996338,899,26428735_15
Soft-probability A*,1,1720.3687578574293,43829,304.14619999987735,0.986986301369863,0.013013698630137016,nan,nan,nan,0.001105341234549197,899,26428735_15
Clearance-aware A*,1,1726.5108934811603,56815,376.4024999998128,0.9842681258549931,0.015731874145006874,nan,nan,nan,0.004679531216447103,899,26428735_15
URA-style A*,1,1725.4398256692948,42886,292.4004999999852,0.9829118250170882,0.01708817498291182,nan,nan,nan,0.004056262686147598,899,26428735_15
GT Oracle A*,1,1718.4692629208175,26428,169.2735999999968,1.0,0.0,nan,nan,nan,0.0,899,26428735_15
Topology+Risk A*,1,1727.0966799187872,56499,390.76480000017,0.9842788790157211,0.015721120984278913,nan,nan,nan,0.005020408094646981,899,26428735_15
Binary-mask A*,1,2084.6673144547613,65379,458.37109999979475,0.6014994232987313,0.3985005767012687,nan,nan,nan,-0.00438026675822636,900,26428735_15
Soft-probability A*,1,2090.324168704254,83610,585.2858000000651,0.9844649021864211,0.015535097813578869,nan,nan,nan,-0.0016786003197420266,900,26428735_15
Clearance-aware A*,1,2099.880517890357,88390,661.2487000002147,0.9810671256454389,0.018932874354561147,nan,nan,nan,0.002885432397354433,900,26428735_15
URA-style A*,1,2099.637877203238,72083,507.25149999993846,0.9873853211009175,0.012614678899082521,nan,nan,nan,0.002769549227647666,900,26428735_15
GT Oracle A*,1,2093.8388873300146,50469,326.17099999993115,1.0,0.0,nan,nan,nan,0.0,900,26428735_15
Topology+Risk A*,1,2100.4663043279843,86393,609.9371000000247,0.981651376146789,0.01834862385321101,nan,nan,nan,0.0031651991173116184,900,26428735_15
Binary-mask A*,1,2086.0520907656155,66190,441.18860000003224,0.29364161849710985,0.7063583815028902,nan,nan,nan,-0.007449582534550176,901,26428735_15
Soft-probability A*,1,2091.4663043279897,84746,576.9617999999355,0.9734870317002882,0.026512968299711837,nan,nan,nan,-0.004873481987794725,901,26428735_15
Clearance-aware A*,1,2100.880517890362,86761,582.4655999999777,0.9839449541284404,0.016055045871559592,nan,nan,nan,-0.0003941683393938275,901,26428735_15
URA-style A*,1,2108.294731452735,82083,574.9974999998813,0.9880068532267275,0.011993146773272456,nan,nan,nan,0.003133538758184131,901,26428735_15
GT Oracle A*,1,2101.708945015108,50564,336.11339999993106,1.0,0.0,nan,nan,nan,0.0,901,26428735_15
Topology+Risk A*,1,2103.466304327989,87988,634.6700999999939,0.9851173440183171,0.014882655981682924,nan,nan,nan,0.0008361573171437758,901,26428735_15
Binary-mask A*,1,1890.1210665364276,38695,258.072600000105,0.48564294631710364,0.5143570536828963,nan,nan,nan,-0.0009288965341902247,902,26428735_15
Soft-probability A*,1,1893.7779207859203,46007,321.7270999998618,0.9881546134663342,0.011845386533665847,nan,nan,nan,0.001004025898629953,902,26428735_15
Clearance-aware A*,1,1899.9200564096514,56258,379.4363000001795,0.9856787048567871,0.014321295143212898,nan,nan,nan,0.0042506064081432515,902,26428735_15
URA-style A*,1,1898.8489885977858,42018,290.11290000016743,0.984443061605476,0.01555693839452399,nan,nan,nan,0.0036844665350778323,902,26428735_15
GT Oracle A*,1,1891.8784258493083,29133,188.13199999999597,1.0,0.0,nan,nan,nan,0.0,902,26428735_15
Topology+Risk A*,1,1900.5058428472782,55110,385.50099999997656,0.985687616677038,0.01431238332296203,nan,nan,nan,0.00456023858620666,902,26428735_15
Binary-mask A*,1,1530.9099551418856,27349,181.46210000008978,0.3299406276505513,0.6700593723494487,nan,nan,nan,-0.00044808904599983685,903,26428735_15
Soft-probability A*,1,1533.8388873300203,32081,246.04840000006334,0.9856418918918919,0.014358108108108114,nan,nan,nan,0.0014642505765048597,903,26428735_15
Clearance-aware A*,1,1539.0104602052738,38943,264.96739999993224,0.9966386554621849,0.003361344537815114,nan,nan,nan,0.004840840775513971,903,26428735_15
URA-style A*,1,1539.83888733002,30454,207.0197000000462,0.9890756302521009,0.01092436974789912,nan,nan,nan,0.005381732101515871,903,26428735_15
GT Oracle A*,1,1531.5962466429007,20586,133.36519999984375,1.0,0.0,nan,nan,nan,0.0,903,26428735_15
Topology+Risk A*,1,1540.424673767647,37981,253.7355000001753,0.9974811083123426,0.0025188916876573986,nan,nan,nan,0.005764200026016781,903,26428735_15
Binary-mask A*,1,2103.6357851621865,59482,398.5379999999168,0.5847084708470847,0.41529152915291534,nan,nan,nan,-0.008597401465080296,904,26428735_15
Soft-probability A*,1,2111.5352800987994,81285,565.168999999969,0.950082281952825,0.04991771804717504,nan,nan,nan,-0.004874523264152728,904,26428735_15
Clearance-aware A*,1,2135.1332598452436,95598,645.8896999999979,0.9836512261580381,0.016348773841961872,nan,nan,nan,0.006246745258570904,904,26428735_15
URA-style A*,1,2133.57691065914,77480,531.3697999999931,0.9863982589771491,0.013601741022850944,nan,nan,nan,0.00551326818130596,904,26428735_15
GT Oracle A*,1,2121.8784258493056,47446,309.19620000008763,1.0,0.0,nan,nan,nan,0.0,904,26428735_15
Topology+Risk A*,1,2136.304832720498,92662,628.0538999999408,0.9831246597713663,0.016875340228633684,nan,nan,nan,0.006798884750156199,904,26428735_15
Binary-mask A*,1,202.35533905932743,2709,19.438900000068315,0.40414507772020725,0.5958549222797928,nan,nan,nan,-0.03645909377382236,905,26578720_15
Soft-probability A*,1,204.84062043356604,3632,23.851599999943573,0.9533678756476683,0.04663212435233166,nan,nan,nan,-0.024625107684338298,905,26578720_15
Clearance-aware A*,1,207.91168824543152,4503,29.23889999988205,0.979381443298969,0.020618556701030966,nan,nan,nan,-0.010001824324073991,905,26578720_15
URA-style A*,1,209.91168824543155,3644,23.881800000026487,0.9846938775510204,0.015306122448979553,nan,nan,nan,-0.0004785677526850239,905,26578720_15
GT Oracle A*,1,210.0121933088198,2312,20.886300000029223,1.0,0.0,nan,nan,nan,0.0,905,26578720_15
Topology+Risk A*,1,209.91168824543155,4277,27.500700000018696,0.9846938775510204,0.015306122448979553,nan,nan,nan,-0.0004785677526850239,905,26578720_15
Binary-mask A*,1,202.32085117392128,2044,12.684999999919455,0.8301886792452831,0.16981132075471694,nan,nan,nan,-0.036465082014553236,906,26578720_15
Soft-probability A*,1,203.73506473629442,3010,19.542900000033114,0.89375,0.10624999999999996,nan,nan,nan,-0.029730016691682813,906,26578720_15
Clearance-aware A*,1,206.32085117392137,3426,23.434000000179367,0.950920245398773,0.049079754601227044,nan,nan,nan,-0.017415440568409202,906,26578720_15
URA-style A*,1,207.14927829866755,3006,19.73490000000311,0.9693251533742331,0.030674846625766916,nan,nan,nan,-0.013470130645740576,906,26578720_15
GT Oracle A*,1,209.97770542341377,1711,10.455299999875933,1.0,0.0,nan,nan,nan,0.0,906,26578720_15
Topology+Risk A*,1,207.73506473629448,3338,21.909400000140522,0.9695121951219512,0.030487804878048808,nan,nan,nan,-0.010680375245538916,906,26578720_15
Binary-mask A*,1,485.6223663640871,6130,38.777600000003076,0.6873614190687362,0.31263858093126384,nan,nan,nan,-1.1705271996922528e-16,907,26578720_15
Soft-probability A*,1,486.45079348883337,8407,55.753399999957765,1.0,0.0,nan,nan,nan,0.0017059080926373842,907,26578720_15
Clearance-aware A*,1,488.10764773832574,11772,84.31079999991198,1.0,0.0,nan,nan,nan,0.005117724277912036,907,26578720_15
URA-style A*,1,487.2792206135795,9042,61.86769999999342,1.0,0.0,nan,nan,nan,0.0034118161852746513,907,26578720_15
GT Oracle A*,1,485.62236636408716,5064,31.670800000028976,1.0,0.0,nan,nan,nan,0.0,907,26578720_15
Topology+Risk A*,1,488.10764773832574,11405,77.43290000007619,1.0,0.0,nan,nan,nan,0.005117724277912036,907,26578720_15
Binary-mask A*,1,273.3553390593275,5079,33.9437000000089,0.6401515151515151,0.35984848484848486,nan,nan,nan,0.02771827433971829,908,26578720_15
Soft-probability A*,1,275.8406204335661,6292,43.63209999996798,0.9356060606060606,0.06439393939393945,nan,nan,nan,0.037062043127884435,908,26578720_15
Clearance-aware A*,1,279.9827560572971,8139,55.686800000103176,0.9166666666666666,0.08333333333333337,nan,nan,nan,0.05263499110816149,908,26578720_15
URA-style A*,1,281.15432893255087,6656,45.98060000012083,0.9586466165413534,0.041353383458646586,nan,nan,nan,0.05703968595612905,908,26578720_15
GT Oracle A*,1,265.98275605729697,5086,33.159600000089995,1.0,0.0,nan,nan,nan,0.0,908,26578720_15
Topology+Risk A*,1,281.9827560572971,7948,54.764800000157265,0.9398496240601504,0.06015037593984962,nan,nan,nan,0.06015427555218451,908,26578720_15
Binary-mask A*,1,503.0954544295053,16744,112.04709999992701,0.6882845188284519,0.3117154811715481,nan,nan,nan,-0.004519910735244158,909,26578720_15
Soft-probability A*,1,508.4091629284902,22704,155.22420000002057,0.9145833333333333,0.0854166666666667,nan,nan,nan,0.0059943782815284835,909,26578720_15
Clearance-aware A*,1,519.0365799264599,24669,165.73789999984,0.9318181818181818,0.06818181818181823,nan,nan,nan,0.02702295631507354,909,26578720_15
URA-style A*,1,521.9655121145944,23922,165.9749999998894,0.9591002044989775,0.04089979550102252,nan,nan,nan,0.03281846420611744,909,26578720_15
GT Oracle A*,1,505.3797256769674,15806,103.51549999995768,1.0,0.0,nan,nan,nan,0.0,909,26578720_15
Topology+Risk A*,1,522.2081528017137,24116,163.92130000008365,0.9467213114754098,0.05327868852459017,nan,nan,nan,0.03329857979997966,909,26578720_15
Binary-mask A*,0,nan,0,0.0,nan,nan,nan,nan,nan,nan,910,26578720_15
Soft-probability A*,0,nan,0,0.0,nan,nan,nan,nan,nan,nan,910,26578720_15
Clearance-aware A*,0,nan,0,0.0,nan,nan,nan,nan,nan,nan,910,26578720_15
URA-style A*,0,nan,0,0.0,nan,nan,nan,nan,nan,nan,910,26578720_15
GT Oracle A*,1,640.9949493661172,6097,36.95889999994506,1.0,0.0,nan,nan,nan,0.0,910,26578720_15
Topology+Risk A*,1,649.5218613006987,9681,62.18300000000454,0.9820261437908496,0.017973856209150374,nan,nan,nan,0.013302619533919495,910,26578720_15
Binary-mask A*,0,nan,0,0.0,nan,nan,nan,nan,nan,nan,911,26578720_15
Soft-probability A*,0,nan,0,0.0,nan,nan,nan,nan,nan,nan,911,26578720_15
Clearance-aware A*,0,nan,0,0.0,nan,nan,nan,nan,nan,nan,911,26578720_15
URA-style A*,0,nan,0,0.0,nan,nan,nan,nan,nan,nan,911,26578720_15
GT Oracle A*,1,2002.1433611130128,70608,495.57690000006005,1.0,0.0,nan,nan,nan,0.0,911,26578720_15
Topology+Risk A*,0,nan,0,0.0,nan,nan,nan,nan,nan,nan,911,26578720_15
Binary-mask A*,1,1937.9524522540016,76855,499.7247999999672,0.41132723112128144,0.5886727688787186,nan,nan,nan,-0.0016124726717777072,912,26578720_15
Soft-probability A*,1,1949.8519471906134,98704,679.7360999999,0.9686966420034149,0.031303357996585124,nan,nan,nan,0.004517867271496291,912,26578720_15
Clearance-aware A*,1,1968.8225099390909,95203,662.0384000000286,0.9937888198757764,0.006211180124223614,nan,nan,nan,0.014291055056598324,912,26578720_15
URA-style A*,1,1969.2661607529867,88602,600.5089000000225,0.9932432432432432,0.006756756756756799,nan,nan,nan,0.0145196135222962,912,26578720_15
GT Oracle A*,1,1941.0823945689128,70182,453.6432000002151,1.0,0.0,nan,nan,nan,0.0,912,26578720_15
Topology+Risk A*,1,1971.1656556895985,95262,654.7160999998596,0.9954929577464788,0.004507042253521165,nan,nan,nan,0.015498188641995638,912,26578720_15
Binary-mask A*,0,nan,0,0.0,nan,nan,nan,nan,nan,nan,913,26578720_15
Soft-probability A*,0,nan,0,0.0,nan,nan,nan,nan,nan,nan,913,26578720_15
Clearance-aware A*,0,nan,0,0.0,nan,nan,nan,nan,nan,nan,913,26578720_15
URA-style A*,0,nan,0,0.0,nan,nan,nan,nan,nan,nan,913,26578720_15
GT Oracle A*,1,1009.4234482783654,12775,81.2338999999156,1.0,0.0,nan,nan,nan,0.0,913,26578720_15
Topology+Risk A*,0,nan,0,0.0,nan,nan,nan,nan,nan,nan,913,26578720_15
Binary-mask A*,0,nan,0,0.0,nan,nan,nan,nan,nan,nan,914,26578720_15
Soft-probability A*,0,nan,0,0.0,nan,nan,nan,nan,nan,nan,914,26578720_15
Clearance-aware A*,0,nan,0,0.0,nan,nan,nan,nan,nan,nan,914,26578720_15
URA-style A*,0,nan,0,0.0,nan,nan,nan,nan,nan,nan,914,26578720_15
GT Oracle A*,1,2139.6753236814725,77953,505.72859999988395,1.0,0.0,nan,nan,nan,0.0,914,26578720_15
Topology+Risk A*,0,nan,0,0.0,nan,nan,nan,nan,nan,nan,914,26578720_15
Binary-mask A*,1,1684.0357133746868,35172,228.42790000004243,0.55,0.44999999999999996,nan,nan,nan,-0.011479478929191314,915,26578720_15
Soft-probability A*,1,1692.7636354360448,46515,314.8491000001741,0.971043771043771,0.028956228956228958,nan,nan,nan,-0.006356232435404301,915,26578720_15
Clearance-aware A*,1,1704.4204896855374,51831,359.502300000031,0.9866220735785953,0.013377926421404673,nan,nan,nan,0.0004862825690213491,915,26578720_15
URA-style A*,1,1706.4204896855374,49459,338.74949999994897,0.9893119572478289,0.010688042752171056,nan,nan,nan,0.0016602725422979663,915,26578720_15
GT Oracle A*,1,1703.592062560791,31098,195.82080000009228,1.0,0.0,nan,nan,nan,0.0,915,26578720_15
Topology+Risk A*,1,1709.8347032479105,51218,346.8586999999843,0.99,0.010000000000000009,nan,nan,nan,0.0036643987867235,915,26578720_15
Binary-mask A*,1,3124.162697096728,92388,603.8415000000441,0.44892188052315307,0.5510781194768469,nan,nan,nan,-0.0022902610379306313,916,26578720_15
Soft-probability A*,1,3132.9911242214753,112634,767.1952999999121,0.9940077546704265,0.005992245329573542,nan,nan,nan,0.0005291208496588135,916,26578720_15
Clearance-aware A*,1,3147.133259845203,111883,775.0829999999951,0.9982437653670531,0.0017562346329469403,nan,nan,nan,0.00504544980225397,916,26578720_15
URA-style A*,1,3144.7484835343544,102681,707.7054999999746,0.9989473684210526,0.001052631578947416,nan,nan,nan,0.004283865089399238,916,26578720_15
GT Oracle A*,1,3131.334269971982,81119,524.4110999999521,1.0,0.0,nan,nan,nan,0.0,916,26578720_15
Topology+Risk A*,1,3148.304832720457,111511,758.2864999999401,0.9989469989469989,0.0010530010530011014,nan,nan,nan,0.0054195947431146824,916,26578720_15
Binary-mask A*,0,nan,0,0.0,nan,nan,nan,nan,nan,nan,917,26578720_15
Soft-probability A*,0,nan,0,0.0,nan,nan,nan,nan,nan,nan,917,26578720_15
Clearance-aware A*,0,nan,0,0.0,nan,nan,nan,nan,nan,nan,917,26578720_15
URA-style A*,0,nan,0,0.0,nan,nan,nan,nan,nan,nan,917,26578720_15
GT Oracle A*,1,1874.4032457428352,60632,390.9183999999186,1.0,0.0,nan,nan,nan,0.0,917,26578720_15
Topology+Risk A*,0,nan,0,0.0,nan,nan,nan,nan,nan,nan,917,26578720_15
Binary-mask A*,1,1988.1311678041927,74241,491.26890000002277,0.3321956769055745,0.6678043230944255,nan,nan,nan,0.004757736341315339,918,26578720_15
Soft-probability A*,1,1997.3027406794467,91388,640.0527999999213,0.9835972850678733,0.01640271493212675,nan,nan,nan,0.009392847419528274,918,26578720_15
Clearance-aware A*,1,2009.545381366566,97689,682.07869999992,0.9910061832490163,0.008993816750983652,nan,nan,nan,0.01558000858013515,918,26578720_15
URA-style A*,1,2013.0600999923272,83161,571.484000000055,0.9927170868347339,0.007282913165266081,nan,nan,nan,0.01735627001976478,918,26578720_15
GT Oracle A*,1,1978.7169542418196,67625,437.28349999992133,1.0,0.0,nan,nan,nan,0.0,918,26578720_15
Topology+Risk A*,1,2014.1311678041927,98183,668.181900000036,0.9938340807174888,0.006165919282511201,nan,nan,nan,0.017897564119241444,918,26578720_15
Binary-mask A*,0,nan,0,0.0,nan,nan,nan,nan,nan,nan,919,26578720_15
Soft-probability A*,0,nan,0,0.0,nan,nan,nan,nan,nan,nan,919,26578720_15
Clearance-aware A*,0,nan,0,0.0,nan,nan,nan,nan,nan,nan,919,26578720_15
URA-style A*,0,nan,0,0.0,nan,nan,nan,nan,nan,nan,919,26578720_15
GT Oracle A*,1,2092.449926937057,55694,356.24110000003384,1.0,0.0,nan,nan,nan,0.0,919,26578720_15
Topology+Risk A*,0,nan,0,0.0,nan,nan,nan,nan,nan,nan,919,26578720_15
Binary-mask A*,0,nan,0,0.0,nan,nan,nan,nan,nan,nan,920,26578720_15
Soft-probability A*,0,nan,0,0.0,nan,nan,nan,nan,nan,nan,920,26578720_15
Clearance-aware A*,0,nan,0,0.0,nan,nan,nan,nan,nan,nan,920,26578720_15
URA-style A*,0,nan,0,0.0,nan,nan,nan,nan,nan,nan,920,26578720_15
GT Oracle A*,1,1869.8519471906136,40891,259.8344000000452,1.0,0.0,nan,nan,nan,0.0,920,26578720_15
Topology+Risk A*,1,1886.5798692519716,68682,470.63520000006065,0.9928994082840237,0.007100591715976323,nan,nan,nan,0.00894612115493479,920,26578720_15
Binary-mask A*,0,nan,0,0.0,nan,nan,nan,nan,nan,nan,921,26578720_15
Soft-probability A*,0,nan,0,0.0,nan,nan,nan,nan,nan,nan,921,26578720_15
Clearance-aware A*,0,nan,0,0.0,nan,nan,nan,nan,nan,nan,921,26578720_15
URA-style A*,0,nan,0,0.0,nan,nan,nan,nan,nan,nan,921,26578720_15
GT Oracle A*,1,2149.4642122869245,65216,429.77089999999407,1.0,0.0,nan,nan,nan,0.0,921,26578720_15
Topology+Risk A*,0,nan,0,0.0,nan,nan,nan,nan,nan,nan,921,26578720_15
Binary-mask A*,0,nan,0,0.0,nan,nan,nan,nan,nan,nan,922,26578720_15
Soft-probability A*,0,nan,0,0.0,nan,nan,nan,nan,nan,nan,922,26578720_15
Clearance-aware A*,0,nan,0,0.0,nan,nan,nan,nan,nan,nan,922,26578720_15
URA-style A*,0,nan,0,0.0,nan,nan,nan,nan,nan,nan,922,26578720_15
GT Oracle A*,1,2760.2753954689438,56516,364.7029000001112,1.0,0.0,nan,nan,nan,0.0,922,26578720_15
Topology+Risk A*,0,nan,0,0.0,nan,nan,nan,nan,nan,nan,922,26578720_15
Binary-mask A*,1,1940.2022356160585,45929,302.17110000012326,0.5468384074941453,0.45316159250585475,nan,nan,nan,0.005307178820754651,923,26578720_15
Soft-probability A*,1,1949.3738084913125,58635,397.4281999999221,0.9848661233993015,0.015133876600698537,nan,nan,nan,0.010059388607608613,923,26578720_15
Clearance-aware A*,1,1959.1311678041932,59275,397.51030000002174,0.9907460960092539,0.009253903990746104,nan,nan,nan,0.01511512103771679,923,26578720_15
URA-style A*,1,1961.4743135547008,55729,378.31089999986034,0.9924985574148875,0.007501442585112539,nan,nan,nan,0.016329211610734123,923,26578720_15
GT Oracle A*,1,1929.9595949289394,42045,280.752399999983,1.0,0.0,nan,nan,nan,0.0,923,26578720_15
Topology+Risk A*,1,1961.71695424182,58324,394.86170000009224,0.99364896073903,0.006351039260970026,nan,nan,nan,0.01645493480605742,923,26578720_15
Binary-mask A*,0,nan,0,0.0,nan,nan,nan,nan,nan,nan,924,26578720_15
Soft-probability A*,0,nan,0,0.0,nan,nan,nan,nan,nan,nan,924,26578720_15
Clearance-aware A*,0,nan,0,0.0,nan,nan,nan,nan,nan,nan,924,26578720_15
URA-style A*,0,nan,0,0.0,nan,nan,nan,nan,nan,nan,924,26578720_15
GT Oracle A*,1,1741.0508652763351,26613,168.4045000001788,1.0,0.0,nan,nan,nan,0.0,924,26578720_15
Topology+Risk A*,1,1751.3351365237972,64835,451.01279999994404,1.0,0.0,nan,nan,nan,0.005906933250815642,924,26578720_15
Binary-mask A*,1,372.87720036002594,4159,30.663999999887892,0.683076923076923,0.316923076923077,nan,nan,nan,0.0,925,26878690_15
Soft-probability A*,1,372.877200360026,6275,40.583100000048944,1.0,0.0,nan,nan,nan,1.5244541314385464e-16,925,26878690_15
Clearance-aware A*,1,372.877200360026,8619,57.21399999993082,1.0,0.0,nan,nan,nan,1.5244541314385464e-16,925,26878690_15
URA-style A*,1,372.877200360026,9404,63.25920000017504,1.0,0.0,nan,nan,nan,1.5244541314385464e-16,925,26878690_15
GT Oracle A*,1,372.87720036002594,3376,30.847699999867473,1.0,0.0,nan,nan,nan,0.0,925,26878690_15
Topology+Risk A*,1,372.877200360026,9155,63.54680000004009,1.0,0.0,nan,nan,nan,1.5244541314385464e-16,925,26878690_15
Binary-mask A*,1,738.9036790187209,15308,100.30159999996613,0.3685092127303183,0.6314907872696818,nan,nan,nan,-0.01693372397204721,926,26878690_15
Soft-probability A*,1,743.7321061434673,21451,151.3474999999289,0.9650582362728786,0.03494176372712143,nan,nan,nan,-0.010509796189064193,926,26878690_15
Clearance-aware A*,1,750.2173875177059,26415,180.10430000003907,0.9851239669421488,0.014876033057851235,nan,nan,nan,-0.0018815248857828723,926,26878690_15
URA-style A*,1,752.8031739553328,22290,152.61160000000018,0.9901315789473685,0.009868421052631526,nan,nan,nan,0.001558706251267742,926,26878690_15
GT Oracle A*,1,751.6316010800789,12145,77.72769999996854,1.0,0.0,nan,nan,nan,0.0,926,26878690_15
Topology+Risk A*,1,752.2173875177059,26239,177.549400000089,0.9884678747940692,0.011532125205930832,nan,nan,nan,0.0007793531256339467,926,26878690_15
Binary-mask A*,1,556.5290039756355,10138,65.05049999987023,0.5878661087866108,0.41213389121338917,nan,nan,nan,-0.016881463427254172,927,26878690_15
Soft-probability A*,1,558.771644662755,14569,96.44380000008823,0.9665970772442589,0.03340292275574108,nan,nan,nan,-0.012919798150818953,927,26878690_15
Clearance-aware A*,1,562.9137802864859,15972,105.53890000005595,0.9895615866388309,0.01043841336116913,nan,nan,nan,-0.005602640763516836,927,26878690_15
URA-style A*,1,564.6711395993666,12771,84.49420000010832,0.991701244813278,0.008298755186721962,nan,nan,nan,-0.0024982337989745565,927,26878690_15
GT Oracle A*,1,566.0853531617397,8153,50.809099999924,1.0,0.0,nan,nan,nan,0.0,927,26878690_15
Topology+Risk A*,1,563.4995667241128,15954,106.18070000009538,0.9916666666666667,0.008333333333333304,nan,nan,nan,-0.004567838442002743,927,26878690_15
Binary-mask A*,1,450.38686835190424,5145,32.85239999991063,0.7978723404255319,0.2021276595744681,nan,nan,nan,0.0,928,26878690_15
Soft-probability A*,1,450.3868683519043,6535,43.470999999954074,1.0,0.0,nan,nan,nan,1.2621020472647108e-16,928,26878690_15
Clearance-aware A*,1,450.3868683519043,10455,70.88400000020556,1.0,0.0,nan,nan,nan,1.2621020472647108e-16,928,26878690_15
URA-style A*,1,450.3868683519043,6386,42.175799999995434,1.0,0.0,nan,nan,nan,1.2621020472647108e-16,928,26878690_15
GT Oracle A*,1,450.38686835190424,4101,25.54239999994934,1.0,0.0,nan,nan,nan,0.0,928,26878690_15
Topology+Risk A*,1,450.3868683519043,9884,65.78310000008969,1.0,0.0,nan,nan,nan,1.2621020472647108e-16,928,26878690_15
Binary-mask A*,0,nan,0,0.0,nan,nan,nan,nan,nan,nan,929,26878690_15
Soft-probability A*,0,nan,0,0.0,nan,nan,nan,nan,nan,nan,929,26878690_15
Clearance-aware A*,0,nan,0,0.0,nan,nan,nan,nan,nan,nan,929,26878690_15
URA-style A*,0,nan,0,0.0,nan,nan,nan,nan,nan,nan,929,26878690_15
GT Oracle A*,1,58.72792206135783,313,2.067699999997785,1.0,0.0,nan,nan,nan,0.0,929,26878690_15
Topology+Risk A*,1,62.04163056034258,492,3.1946999999945547,1.0,0.0,nan,nan,nan,0.0564247530420479,929,26878690_15
Binary-mask A*,1,544.2813126546339,8132,52.8686000000107,0.4520547945205479,0.547945205479452,nan,nan,nan,-0.01448537152478805,930,26878690_15
Soft-probability A*,1,546.8670990922608,9926,66.56530000009298,0.9501133786848073,0.049886621315192725,nan,nan,nan,-0.009803361870690083,930,26878690_15
Clearance-aware A*,1,551.695526217007,11315,75.36110000000917,0.9865168539325843,0.013483146067415741,nan,nan,nan,-0.0010606667729009544,930,26878690_15
URA-style A*,1,554.5239533417532,8939,61.28449999982877,0.9910514541387024,0.008948545861297563,nan,nan,nan,0.0040606854436911624,930,26878690_15
GT Oracle A*,1,552.2813126546339,8177,55.92309999997269,1.0,0.0,nan,nan,nan,0.0,930,26878690_15
Topology+Risk A*,1,553.1097397793801,10863,70.93209999993633,0.9865470852017937,0.013452914798206317,nan,nan,nan,0.001500009335395104,930,26878690_15
Binary-mask A*,1,1174.7930726875677,20220,129.29480000002513,0.7654320987654321,0.23456790123456794,nan,nan,nan,-0.00835617206282007,931,26878690_15
Soft-probability A*,1,1178.7930726875677,26786,179.0648000001056,0.9774590163934426,0.02254098360655743,nan,nan,nan,-0.004979768674030582,931,26878690_15
Clearance-aware A*,1,1186.1067811865526,33422,222.58370000008654,0.996938775510204,0.003061224489795955,nan,nan,nan,0.001193738866117153,931,26878690_15
URA-style A*,1,1190.1067811865526,28309,190.27710000000297,1.0,0.0,nan,nan,nan,0.004570142254906642,931,26878690_15
GT Oracle A*,1,1184.6925676241794,16453,102.6173000000199,1.0,0.0,nan,nan,nan,0.0,931,26878690_15
Topology+Risk A*,1,1189.5209947489257,33845,226.19430000008833,0.9989827060020345,0.0010172939979654627,nan,nan,nan,0.00407567942662905,931,26878690_15
Binary-mask A*,1,1184.8124086713249,23397,157.4642999999014,0.4671689989235737,0.5328310010764263,nan,nan,nan,-0.012560442832364205,932,26878690_15
Soft-probability A*,1,1188.5697679842056,27908,198.4992999998667,0.9657387580299786,0.03426124197002145,nan,nan,nan,-0.009429005999936653,932,26878690_15
Clearance-aware A*,1,1198.5697679842056,33097,228.2821999999669,0.989406779661017,0.010593220338983023,nan,nan,nan,-0.001094863396931907,932,26878690_15
URA-style A*,1,1198.226622233698,25004,174.7734999999011,0.9893842887473461,0.010615711252653925,nan,nan,nan,-0.0013808459587664281,932,26878690_15
GT Oracle A*,1,1199.8834764831904,18790,121.31880000015371,1.0,0.0,nan,nan,nan,0.0,932,26878690_15
Topology+Risk A*,1,1199.3981951089518,32763,231.43400000003567,0.9915254237288136,0.008474576271186418,nan,nan,nan,-0.00040444041754869294,932,26878690_15
Binary-mask A*,1,1014.4011537017797,13590,86.74139999993713,0.4766899766899767,0.5233100233100233,nan,nan,nan,-0.003256028404477753,933,26878690_15
Soft-probability A*,1,1016.0580079512722,19075,129.0430000001379,0.993006993006993,0.006993006993006978,nan,nan,nan,-0.001628014202238765,933,26878690_15
Clearance-aware A*,1,1018.5432893255107,27818,183.35799999999836,1.0,0.0,nan,nan,nan,0.0008140071011194383,933,26878690_15
URA-style A*,1,1018.5432893255107,18912,131.13270000008015,1.0,0.0,nan,nan,nan,0.0008140071011194383,933,26878690_15
GT Oracle A*,1,1017.7148622007645,10794,72.18609999995351,1.0,0.0,nan,nan,nan,0.0,933,26878690_15
Topology+Risk A*,1,1018.5432893255107,27395,185.56659999990188,1.0,0.0,nan,nan,nan,0.0008140071011194383,933,26878690_15
Binary-mask A*,1,1256.9768388716416,16576,108.44670000005863,0.34036433365292423,0.6596356663470757,nan,nan,nan,-0.00643586554930834,934,26878690_15
Soft-probability A*,1,1261.8052659963878,23657,158.57869999990726,0.9808978032473734,0.019102196752626588,nan,nan,nan,-0.0026192860638317556,934,26878690_15
Clearance-aware A*,1,1269.1189744953729,26958,179.608799999869,1.0,0.0,nan,nan,nan,0.003161757969518825,934,26878690_15
URA-style A*,1,1271.1189744953729,24055,158.5551000000578,1.0,0.0,nan,nan,nan,0.0047426369542781475,934,26878690_15
GT Oracle A*,1,1265.1189744953726,14435,92.10600000005797,1.0,0.0,nan,nan,nan,0.0,934,26878690_15
Topology+Risk A*,1,1271.1189744953729,26479,177.56549999990057,1.0,0.0,nan,nan,nan,0.0047426369542781475,934,26878690_15
Binary-mask A*,1,1021.6904755831243,19047,122.07509999984723,0.5158013544018059,0.48419864559819414,nan,nan,nan,-0.015228096669178294,935,26878690_15
Soft-probability A*,1,1025.5899705197362,27104,184.64180000000852,0.9706877113866967,0.02931228861330326,nan,nan,nan,-0.011469509168825569,935,26878690_15
Clearance-aware A*,1,1032.5605332682135,29580,201.11249999990832,0.9898762654668166,0.010123734533183382,nan,nan,nan,-0.0047508262514899,935,26878690_15
URA-style A*,1,1037.489465456348,25748,173.84160000005977,0.9955357142857143,0.004464285714285698,nan,nan,nan,2.1915757510195055e-16,935,26878690_15
GT Oracle A*,1,1037.4894654563477,15581,99.29610000017419,1.0,0.0,nan,nan,nan,0.0,935,26878690_15
Topology+Risk A*,1,1033.7321061434673,29187,211.25680000000102,0.9921436588103255,0.007856341189674487,nan,nan,nan,-0.0036215879177411694,935,26878690_15
Binary-mask A*,1,1623.7972567696777,33367,223.03050000004987,0.4106167056986729,0.5893832943013271,nan,nan,nan,-0.005407502290229262,936,26878690_15
Soft-probability A*,1,1629.5546160825586,41608,282.7890999999454,0.9860248447204969,0.013975155279503104,nan,nan,nan,-0.0018810605775474863,936,26878690_15
Clearance-aware A*,1,1637.5546160825586,47038,316.70499999995627,1.0,0.0,nan,nan,nan,0.0030190215900422106,936,26878690_15
URA-style A*,1,1640.3830432073048,42414,285.3479000000334,1.0,0.0,nan,nan,nan,0.0047514622545792,936,26878690_15
GT Oracle A*,1,1632.625683894424,27368,179.06460000017432,1.0,0.0,nan,nan,nan,0.0,936,26878690_15
Topology+Risk A*,1,1640.3830432073048,46412,309.95259999986047,1.0,0.0,nan,nan,nan,0.0047514622545792,936,26878690_15
Binary-mask A*,0,nan,0,0.0,nan,nan,nan,nan,nan,nan,937,26878690_15
Soft-probability A*,0,nan,0,0.0,nan,nan,nan,nan,nan,nan,937,26878690_15
Clearance-aware A*,0,nan,0,0.0,nan,nan,nan,nan,nan,nan,937,26878690_15
URA-style A*,0,nan,0,0.0,nan,nan,nan,nan,nan,nan,937,26878690_15
GT Oracle A*,1,1157.356564548609,21609,137.20720000014808,1.0,0.0,nan,nan,nan,0.0,937,26878690_15
Topology+Risk A*,0,nan,0,0.0,nan,nan,nan,nan,nan,nan,937,26878690_15
Binary-mask A*,1,1807.47849763681,32268,211.89800000001924,0.40514246004169563,0.5948575399583044,nan,nan,nan,-0.004273471837382233,938,26878690_15
Soft-probability A*,1,1812.9932162625717,38279,258.6446000000251,0.9861782999308915,0.013821700069108545,nan,nan,nan,-0.0012354541579449826,938,26878690_15
Clearance-aware A*,1,1820.7505755754526,44328,292.378699999972,1.0,0.0,nan,nan,nan,0.0030380176794372504,938,26878690_15
URA-style A*,1,1822.7505755754523,34359,230.5367000001297,1.0,0.0,nan,nan,nan,0.004139802878502543,938,26878690_15
GT Oracle A*,1,1815.235856949691,25951,178.61870000001545,1.0,0.0,nan,nan,nan,0.0,938,26878690_15
Topology+Risk A*,1,1822.7505755754523,43411,297.5624999999127,1.0,0.0,nan,nan,nan,0.004139802878502543,938,26878690_15
Binary-mask A*,1,1872.4906909456301,40837,277.4173000000246,0.40683646112600536,0.5931635388739946,nan,nan,nan,-0.005621538245933187,939,26878690_15
Soft-probability A*,1,1879.4196231337648,50877,351.5772000000652,0.9840106595602931,0.0159893404397069,nan,nan,nan,-0.0019419573731673547,939,26878690_15
Clearance-aware A*,1,1888.5911960090186,52609,350.1554000001761,1.0,0.0,nan,nan,nan,0.0029285685908119205,939,26878690_15
URA-style A*,1,1891.4196231337648,51965,354.78920000014114,1.0,0.0,nan,nan,nan,0.004430593154719503,939,26878690_15
GT Oracle A*,1,1883.0764773832573,33299,224.18119999997543,1.0,0.0,nan,nan,nan,0.0,939,26878690_15
Topology+Risk A*,1,1891.4196231337648,52732,352.5005000001329,1.0,0.0,nan,nan,nan,0.004430593154719503,939,26878690_15
Binary-mask A*,1,1725.5840533340806,47229,305.6687000000693,0.44348452123830095,0.556515478761699,nan,nan,nan,-0.006097206733541023,940,26878690_15
Soft-probability A*,1,1732.512985522215,60335,411.5059000000656,0.9814020028612304,0.01859799713876964,nan,nan,nan,-0.002106276797190114,940,26878690_15
Clearance-aware A*,1,1744.7556262093344,76372,520.9337999999661,1.0,0.0,nan,nan,nan,0.0049452457017430135,940,26878690_15
URA-style A*,1,1746.7556262093344,66281,479.93079999992005,1.0,0.0,nan,nan,nan,0.006097206733541023,940,26878690_15
GT Oracle A*,1,1736.1698397717075,38831,246.6092000001936,1.0,0.0,nan,nan,nan,0.0,940,26878690_15
Topology+Risk A*,1,1746.7556262093344,75936,546.1179999999786,1.0,0.0,nan,nan,nan,0.006097206733541023,940,26878690_15
Binary-mask A*,1,1749.152595829005,49475,332.689099999925,0.5408309455587392,0.45916905444126077,nan,nan,nan,-0.005078793017184479,941,26878690_15
Soft-probability A*,1,1755.2531008923931,63418,425.331000000142,0.9843416370106761,0.015658362989323882,nan,nan,nan,-0.0016088145399811282,941,26878690_15
Clearance-aware A*,1,1763.5962466429007,78278,558.4275000001071,1.0,0.0,nan,nan,nan,0.003136782076301753,941,26878690_15
URA-style A*,1,1765.5962466429007,67879,459.1627000002063,1.0,0.0,nan,nan,nan,0.004274385747193916,941,26878690_15
GT Oracle A*,1,1758.0815280171394,39943,261.9942000001174,1.0,0.0,nan,nan,nan,0.0,941,26878690_15
Topology+Risk A*,1,1765.5962466429007,77821,535.3136999999606,1.0,0.0,nan,nan,nan,0.004274385747193916,941,26878690_15
Binary-mask A*,1,1644.5129855222156,29502,196.51269999985743,0.4297709923664122,0.5702290076335879,nan,nan,nan,-0.0036352334411362567,942,26878690_15
Soft-probability A*,1,1648.8561312727234,35472,240.44449999996687,0.9893617021276596,0.010638297872340385,nan,nan,nan,-0.0010038419958071257,942,26878690_15
Clearance-aware A*,1,1655.44191771035,40962,282.737200000156,1.0,0.0,nan,nan,nan,0.002986303186566553,942,26878690_15
URA-style A*,1,1657.4419177103503,32588,219.0491999999722,1.0,0.0,nan,nan,nan,0.004198047666945443,942,26878690_15
GT Oracle A*,1,1650.5129855222156,23788,156.0748000001695,1.0,0.0,nan,nan,nan,0.0,942,26878690_15
Topology+Risk A*,1,1657.4419177103503,40114,268.5139000000163,1.0,0.0,nan,nan,nan,0.004198047666945443,942,26878690_15
Binary-mask A*,1,1728.7972567696775,29784,193.66700000000492,0.43217893217893216,0.5678210678210678,nan,nan,nan,-0.004467097804490885,943,26878690_15
Soft-probability A*,1,1734.311975395439,35200,240.22089999994023,0.9856527977044476,0.01434720229555242,nan,nan,nan,-0.001291431128252347,943,26878690_15
Clearance-aware A*,1,1742.0693347083197,38835,259.3079000000671,1.0,0.0,nan,nan,nan,0.003175666676238407,943,26878690_15
URA-style A*,1,1744.0693347083197,31670,212.46079999991707,1.0,0.0,nan,nan,nan,0.004327372462787027,943,26878690_15
GT Oracle A*,1,1736.5546160825584,24011,152.2044000000733,1.0,0.0,nan,nan,nan,0.0,943,26878690_15
Topology+Risk A*,1,1744.0693347083197,37935,254.60229999998774,1.0,0.0,nan,nan,nan,0.004327372462787027,943,26878690_15
Binary-mask A*,1,1721.998266896454,30099,200.00530000015715,0.6086642599277978,0.3913357400722022,nan,nan,nan,-0.008341732571358973,944,26878690_15
Soft-probability A*,1,1729.169839771708,40789,280.578099999957,0.9720028715003589,0.02799712849964109,nan,nan,nan,-0.004211792565652643,944,26878690_15
Clearance-aware A*,1,1741.9982668964542,62053,432.3173999998744,0.995729537366548,0.004270462633451988,nan,nan,nan,0.003175796644462032,944,26878690_15
URA-style A*,1,1742.5840533340809,49094,332.1447000000717,0.9957325746799431,0.004267425320056861,nan,nan,nan,0.00351313726494187,944,26878690_15
GT Oracle A*,1,1736.4835482706926,24149,156.95409999989351,1.0,0.0,nan,nan,nan,0.0,944,26878690_15
Topology+Risk A*,1,1743.9982668964542,61943,487.2511000000941,0.9957356076759062,0.004264392324093813,nan,nan,nan,0.0043275495660441195,944,26878690_15
