image_id,query_index,method,success,expanded_nodes,off_reference_r0,routeconform_0.05_r0,off_reference_r1,routeconform_0.05_r1,off_reference_r2,routeconform_0.05_r2,off_reference_r3,routeconform_0.05_r3
10378780_15,0,Soft-probability A*,1,4867,0.0,1,0.0,1,0.0,1,0.0,1
10378780_15,0,Topology+Risk A*,1,4798,0.0,1,0.0,1,0.0,1,0.0,1
10378780_15,1,Soft-probability A*,0,0,nan,0,nan,0,nan,0,nan,0
10378780_15,1,Topology+Risk A*,0,0,nan,0,nan,0,nan,0,nan,0
10378780_15,2,Soft-probability A*,0,0,nan,0,nan,0,nan,0,nan,0
10378780_15,2,Topology+Risk A*,1,47329,0.006365159128978171,1,0.0016750418760469454,1,0.0010050251256281673,1,0.0003350083752093891,1
10378780_15,3,Soft-probability A*,0,0,nan,0,nan,0,nan,0,nan,0
10378780_15,3,Topology+Risk A*,1,44873,0.006843455945252375,1,0.002138579982891353,1,0.0012831479897348341,1,0.00042771599657831505,1
10378780_15,4,Soft-probability A*,1,6810,0.0,1,0.0,1,0.0,1,0.0,1
10378780_15,4,Topology+Risk A*,1,6453,0.0,1,0.0,1,0.0,1,0.0,1
10378780_15,5,Soft-probability A*,0,0,nan,0,nan,0,nan,0,nan,0
10378780_15,5,Topology+Risk A*,1,50157,0.004149377593360981,1,0.0020746887966804906,1,0.0012448132780082943,1,0.0004149377593360981,1
10378780_15,6,Soft-probability A*,0,0,nan,0,nan,0,nan,0,nan,0
10378780_15,6,Topology+Risk A*,0,0,nan,0,nan,0,nan,0,nan,0
10378780_15,7,Soft-probability A*,0,0,nan,0,nan,0,nan,0,nan,0
10378780_15,7,Topology+Risk A*,1,64104,0.005093378607809895,1,0.001697792869269965,1,0.0010186757215620013,1,0.0003395585738540374,1
10378780_15,8,Soft-probability A*,1,13485,0.023228803716608626,1,0.0,1,0.0,1,0.0,1
10378780_15,8,Topology+Risk A*,1,14562,0.008111239860950192,1,0.0,1,0.0,1,0.0,1
10378780_15,9,Soft-probability A*,1,24685,0.023159636062861866,1,0.0,1,0.0,1,0.0,1
10378780_15,9,Topology+Risk A*,1,27348,0.005785123966942196,1,0.0,1,0.0,1,0.0,1
10378780_15,10,Soft-probability A*,0,0,nan,0,nan,0,nan,0,nan,0
10378780_15,10,Topology+Risk A*,0,0,nan,0,nan,0,nan,0,nan,0
10378780_15,11,Soft-probability A*,0,0,nan,0,nan,0,nan,0,nan,0
10378780_15,11,Topology+Risk A*,0,0,nan,0,nan,0,nan,0,nan,0
10378780_15,12,Soft-probability A*,1,14027,0.0,1,0.0,1,0.0,1,0.0,1
10378780_15,12,Topology+Risk A*,1,12906,0.0,1,0.0,1,0.0,1,0.0,1
10378780_15,13,Soft-probability A*,0,0,nan,0,nan,0,nan,0,nan,0
10378780_15,13,Topology+Risk A*,0,0,nan,0,nan,0,nan,0,nan,0
10378780_15,14,Soft-probability A*,0,0,nan,0,nan,0,nan,0,nan,0
10378780_15,14,Topology+Risk A*,0,0,nan,0,nan,0,nan,0,nan,0
10378780_15,15,Soft-probability A*,0,0,nan,0,nan,0,nan,0,nan,0
10378780_15,15,Topology+Risk A*,0,0,nan,0,nan,0,nan,0,nan,0
10378780_15,16,Soft-probability A*,1,37753,0.01589103291713967,1,0.0,1,0.0,1,0.0,1
10378780_15,16,Topology+Risk A*,1,48143,0.003970504821327325,1,0.0,1,0.0,1,0.0,1
10378780_15,17,Soft-probability A*,0,0,nan,0,nan,0,nan,0,nan,0
10378780_15,17,Topology+Risk A*,1,65609,0.006013071895424882,1,0.0013071895424836555,1,0.0007843137254901489,1,0.0002614379084967533,1
10378780_15,18,Soft-probability A*,0,0,nan,0,nan,0,nan,0,nan,0
10378780_15,18,Topology+Risk A*,0,0,nan,0,nan,0,nan,0,nan,0
10378780_15,19,Soft-probability A*,0,0,nan,0,nan,0,nan,0,nan,0
10378780_15,19,Topology+Risk A*,0,0,nan,0,nan,0,nan,0,nan,0
10828720_15,20,Soft-probability A*,0,0,nan,0,nan,0,nan,0,nan,0
10828720_15,20,Topology+Risk A*,0,0,nan,0,nan,0,nan,0,nan,0
10828720_15,21,Soft-probability A*,1,909,0.0,1,0.0,1,0.0,1,0.0,1
10828720_15,21,Topology+Risk A*,1,1255,0.0,1,0.0,1,0.0,1,0.0,1
10828720_15,22,Soft-probability A*,1,58206,0.027348394768133222,1,0.005945303210463715,1,0.0,1,0.0,1
10828720_15,22,Topology+Risk A*,1,59567,0.007001166861143493,1,0.0,1,0.0,1,0.0,1
10828720_15,23,Soft-probability A*,0,0,nan,0,nan,0,nan,0,nan,0
10828720_15,23,Topology+Risk A*,0,0,nan,0,nan,0,nan,0,nan,0
10828720_15,24,Soft-probability A*,1,10415,0.05187319884726227,0,0.025936599423631135,1,0.014409221902017322,1,0.0057636887608069065,1
10828720_15,24,Topology+Risk A*,1,11312,0.025787965616045794,1,0.014326647564469885,1,0.005730659025787954,1,0.0,1
10828720_15,25,Soft-probability A*,1,23614,0.03710575139146566,1,0.011131725417439675,1,0.0018552875695733162,1,0.0,1
10828720_15,25,Topology+Risk A*,1,31077,0.020295202952029467,1,0.0073800738007380184,1,0.0,1,0.0,1
10828720_15,26,Soft-probability A*,0,0,nan,0,nan,0,nan,0,nan,0
10828720_15,26,Topology+Risk A*,0,0,nan,0,nan,0,nan,0,nan,0
10828720_15,27,Soft-probability A*,1,38003,0.01810584958217265,1,0.0013927576601671099,1,0.0,1,0.0,1
10828720_15,27,Topology+Risk A*,1,44424,0.004137931034482789,1,0.0,1,0.0,1,0.0,1
10828720_15,28,Soft-probability A*,1,27524,0.005662514156285381,1,0.0,1,0.0,1,0.0,1
10828720_15,28,Topology+Risk A*,1,42721,0.007927519818799578,1,0.0,1,0.0,1,0.0,1
10828720_15,29,Soft-probability A*,0,0,nan,0,nan,0,nan,0,nan,0
10828720_15,29,Topology+Risk A*,0,0,nan,0,nan,0,nan,0,nan,0
10828720_15,30,Soft-probability A*,0,0,nan,0,nan,0,nan,0,nan,0
10828720_15,30,Topology+Risk A*,1,78801,0.01487710219922378,1,0.002587322121604174,1,0.0,1,0.0,1
10828720_15,31,Soft-probability A*,0,0,nan,0,nan,0,nan,0,nan,0
10828720_15,31,Topology+Risk A*,0,0,nan,0,nan,0,nan,0,nan,0
10828720_15,32,Soft-probability A*,0,0,nan,0,nan,0,nan,0,nan,0
10828720_15,32,Topology+Risk A*,0,0,nan,0,nan,0,nan,0,nan,0
10828720_15,33,Soft-probability A*,1,42933,0.061340941512125546,0,0.005706134094151216,1,0.0,1,0.0,1
10828720_15,33,Topology+Risk A*,1,52446,0.01925820256776034,1,0.0014265335235378318,1,0.0,1,0.0,1
10828720_15,34,Soft-probability A*,0,0,nan,0,nan,0,nan,0,nan,0
10828720_15,34,Topology+Risk A*,0,0,nan,0,nan,0,nan,0,nan,0
10828720_15,35,Soft-probability A*,0,0,nan,0,nan,0,nan,0,nan,0
10828720_15,35,Topology+Risk A*,0,0,nan,0,nan,0,nan,0,nan,0
10828720_15,36,Soft-probability A*,0,0,nan,0,nan,0,nan,0,nan,0
10828720_15,36,Topology+Risk A*,0,0,nan,0,nan,0,nan,0,nan,0
10828720_15,37,Soft-probability A*,0,0,nan,0,nan,0,nan,0,nan,0
10828720_15,37,Topology+Risk A*,0,0,nan,0,nan,0,nan,0,nan,0
10828720_15,38,Soft-probability A*,0,0,nan,0,nan,0,nan,0,nan,0
10828720_15,38,Topology+Risk A*,0,0,nan,0,nan,0,nan,0,nan,0
10828720_15,39,Soft-probability A*,0,0,nan,0,nan,0,nan,0,nan,0
10828720_15,39,Topology+Risk A*,0,0,nan,0,nan,0,nan,0,nan,0
11128870_15,40,Soft-probability A*,0,0,nan,0,nan,0,nan,0,nan,0
11128870_15,40,Topology+Risk A*,0,0,nan,0,nan,0,nan,0,nan,0
11128870_15,41,Soft-probability A*,1,13477,0.01675041876046901,1,0.005025125628140725,1,0.0,1,0.0,1
11128870_15,41,Topology+Risk A*,1,15347,0.008319467554076532,1,0.0,1,0.0,1,0.0,1
11128870_15,42,Soft-probability A*,1,2417,0.006369426751592355,1,0.0,1,0.0,1,0.0,1
11128870_15,42,Topology+Risk A*,1,3946,0.0,1,0.0,1,0.0,1,0.0,1
11128870_15,43,Soft-probability A*,0,0,nan,0,nan,0,nan,0,nan,0
11128870_15,43,Topology+Risk A*,0,0,nan,0,nan,0,nan,0,nan,0
11128870_15,44,Soft-probability A*,1,58718,0.03350083752093802,1,0.012562814070351758,1,0.0008375209380234727,1,0.0,1
11128870_15,44,Topology+Risk A*,1,63395,0.004163197335553703,1,0.0,1,0.0,1,0.0,1
11128870_15,45,Soft-probability A*,0,0,nan,0,nan,0,nan,0,nan,0
11128870_15,45,Topology+Risk A*,1,10680,0.007499999999999951,1,0.0,1,0.0,1,0.0,1
11128870_15,46,Soft-probability A*,0,0,nan,0,nan,0,nan,0,nan,0
11128870_15,46,Topology+Risk A*,0,0,nan,0,nan,0,nan,0,nan,0
11128870_15,47,Soft-probability A*,1,71593,0.18085808580858087,0,0.15577557755775573,0,0.06006600660066008,0,0.014521452145214497,1
11128870_15,47,Topology+Risk A*,1,75135,0.15944881889763785,0,0.12401574803149606,0,0.04133858267716539,1,0.007874015748031482,1
11128870_15,48,Soft-probability A*,0,0,nan,0,nan,0,nan,0,nan,0
11128870_15,48,Topology+Risk A*,0,0,nan,0,nan,0,nan,0,nan,0
11128870_15,49,Soft-probability A*,1,53650,0.3711824588880188,0,0.28269381362568524,0,0.23649177760375883,0,0.11511354737666402,0
11128870_15,49,Topology+Risk A*,1,68983,0.34498834498834496,0,0.2991452991452992,0,0.22688422688422694,0,0.12276612276612275,0
11128870_15,50,Soft-probability A*,0,0,nan,0,nan,0,nan,0,nan,0
11128870_15,50,Topology+Risk A*,0,0,nan,0,nan,0,nan,0,nan,0
11128870_15,51,Soft-probability A*,0,0,nan,0,nan,0,nan,0,nan,0
11128870_15,51,Topology+Risk A*,0,0,nan,0,nan,0,nan,0,nan,0
11128870_15,52,Soft-probability A*,1,26284,0.03488372093023251,1,0.010465116279069764,1,0.0011627906976744429,1,0.0,1
11128870_15,52,Topology+Risk A*,1,39504,0.0011534025374856371,1,0.0,1,0.0,1,0.0,1
11128870_15,53,Soft-probability A*,0,0,nan,0,nan,0,nan,0,nan,0
11128870_15,53,Topology+Risk A*,0,0,nan,0,nan,0,nan,0,nan,0
11128870_15,54,Soft-probability A*,1,96029,0.15157785825142267,0,0.0796689084324883,0,0.04138644593895502,1,0.009311950336264863,1
11128870_15,54,Topology+Risk A*,1,114409,0.12918167781780754,0,0.08131755018013387,0,0.028821410190427166,1,0.0,1
11128870_15,55,Soft-probability A*,0,0,nan,0,nan,0,nan,0,nan,0
11128870_15,55,Topology+Risk A*,0,0,nan,0,nan,0,nan,0,nan,0
11128870_15,56,Soft-probability A*,0,0,nan,0,nan,0,nan,0,nan,0
11128870_15,56,Topology+Risk A*,0,0,nan,0,nan,0,nan,0,nan,0
11128870_15,57,Soft-probability A*,1,85949,0.15520282186948853,0,0.085243974132863,0,0.047031158142269214,1,0.010582010582010581,1
11128870_15,57,Topology+Risk A*,1,123041,0.1452841241944932,0,0.09197422378441711,0,0.03280609256004685,1,0.0,1
11128870_15,58,Soft-probability A*,1,97355,0.15026178010471203,0,0.07958115183246073,0,0.041884816753926746,1,0.009424083769633551,1
11128870_15,58,Topology+Risk A*,1,116042,0.12923397602918185,0,0.08181344450234496,0,0.029181865554976594,1,0.0,1
11128870_15,59,Soft-probability A*,0,0,nan,0,nan,0,nan,0,nan,0
11128870_15,59,Topology+Risk A*,0,0,nan,0,nan,0,nan,0,nan,0
11278840_15,60,Soft-probability A*,0,0,nan,0,nan,0,nan,0,nan,0
11278840_15,60,Topology+Risk A*,0,0,nan,0,nan,0,nan,0,nan,0
11278840_15,61,Soft-probability A*,0,0,nan,0,nan,0,nan,0,nan,0
11278840_15,61,Topology+Risk A*,0,0,nan,0,nan,0,nan,0,nan,0
11278840_15,62,Soft-probability A*,0,0,nan,0,nan,0,nan,0,nan,0
11278840_15,62,Topology+Risk A*,0,0,nan,0,nan,0,nan,0,nan,0
11278840_15,63,Soft-probability A*,1,3517,0.012987012987012991,1,0.0,1,0.0,1,0.0,1
11278840_15,63,Topology+Risk A*,1,4798,0.0,1,0.0,1,0.0,1,0.0,1
11278840_15,64,Soft-probability A*,0,0,nan,0,nan,0,nan,0,nan,0
11278840_15,64,Topology+Risk A*,0,0,nan,0,nan,0,nan,0,nan,0
11278840_15,65,Soft-probability A*,0,0,nan,0,nan,0,nan,0,nan,0
11278840_15,65,Topology+Risk A*,0,0,nan,0,nan,0,nan,0,nan,0
11278840_15,66,Soft-probability A*,0,0,nan,0,nan,0,nan,0,nan,0
11278840_15,66,Topology+Risk A*,0,0,nan,0,nan,0,nan,0,nan,0
11278840_15,67,Soft-probability A*,0,0,nan,0,nan,0,nan,0,nan,0
11278840_15,67,Topology+Risk A*,0,0,nan,0,nan,0,nan,0,nan,0
11278840_15,68,Soft-probability A*,0,0,nan,0,nan,0,nan,0,nan,0
11278840_15,68,Topology+Risk A*,0,0,nan,0,nan,0,nan,0,nan,0
11278840_15,69,Soft-probability A*,0,0,nan,0,nan,0,nan,0,nan,0
11278840_15,69,Topology+Risk A*,0,0,nan,0,nan,0,nan,0,nan,0
11278840_15,70,Soft-probability A*,0,0,nan,0,nan,0,nan,0,nan,0
11278840_15,70,Topology+Risk A*,0,0,nan,0,nan,0,nan,0,nan,0
11278840_15,71,Soft-probability A*,0,0,nan,0,nan,0,nan,0,nan,0
11278840_15,71,Topology+Risk A*,0,0,nan,0,nan,0,nan,0,nan,0
11278840_15,72,Soft-probability A*,0,0,nan,0,nan,0,nan,0,nan,0
11278840_15,72,Topology+Risk A*,0,0,nan,0,nan,0,nan,0,nan,0
11278840_15,73,Soft-probability A*,0,0,nan,0,nan,0,nan,0,nan,0
11278840_15,73,Topology+Risk A*,0,0,nan,0,nan,0,nan,0,nan,0
11278840_15,74,Soft-probability A*,0,0,nan,0,nan,0,nan,0,nan,0
11278840_15,74,Topology+Risk A*,0,0,nan,0,nan,0,nan,0,nan,0
11278840_15,75,Soft-probability A*,0,0,nan,0,nan,0,nan,0,nan,0
11278840_15,75,Topology+Risk A*,0,0,nan,0,nan,0,nan,0,nan,0
11278840_15,76,Soft-probability A*,0,0,nan,0,nan,0,nan,0,nan,0
11278840_15,76,Topology+Risk A*,0,0,nan,0,nan,0,nan,0,nan,0
11278840_15,77,Soft-probability A*,0,0,nan,0,nan,0,nan,0,nan,0
11278840_15,77,Topology+Risk A*,0,0,nan,0,nan,0,nan,0,nan,0
11278840_15,78,Soft-probability A*,0,0,nan,0,nan,0,nan,0,nan,0
11278840_15,78,Topology+Risk A*,0,0,nan,0,nan,0,nan,0,nan,0
11278840_15,79,Soft-probability A*,0,0,nan,0,nan,0,nan,0,nan,0
11278840_15,79,Topology+Risk A*,0,0,nan,0,nan,0,nan,0,nan,0
11728825_15,80,Soft-probability A*,1,516,0.0,1,0.0,1,0.0,1,0.0,1
11728825_15,80,Topology+Risk A*,1,876,0.0,1,0.0,1,0.0,1,0.0,1
11728825_15,81,Soft-probability A*,1,27823,0.040909090909090895,1,0.009090909090909038,1,0.003409090909090917,1,0.0,1
11728825_15,81,Topology+Risk A*,1,35544,0.008988764044943864,1,0.0011235955056180247,1,0.0,1,0.0,1
11728825_15,82,Soft-probability A*,1,42537,0.06548856548856552,0,0.023908523908523938,1,0.014553014553014498,1,0.00519750519750517,1
11728825_15,82,Topology+Risk A*,1,47355,0.03412616339193386,1,0.008273009307135482,1,0.0,1,0.0,1
11728825_15,83,Soft-probability A*,1,9004,0.10931174089068829,0,0.036437246963562764,1,0.02429149797570851,1,0.010121457489878583,1
11728825_15,83,Topology+Risk A*,1,9612,0.05633802816901412,0,0.012072434607645843,1,0.0,1,0.0,1
11728825_15,84,Soft-probability A*,0,0,nan,0,nan,0,nan,0,nan,0
11728825_15,84,Topology+Risk A*,0,0,nan,0,nan,0,nan,0,nan,0
11728825_15,85,Soft-probability A*,1,18943,0.06915887850467295,0,0.016822429906542036,1,0.005607476635513975,1,0.0,1
11728825_15,85,Topology+Risk A*,1,21575,0.016574585635359074,1,0.0018416206261510082,1,0.0,1,0.0,1
11728825_15,86,Soft-probability A*,1,48316,0.041158536585365835,1,0.013719512195121908,1,0.009146341463414642,1,0.003810975609756073,1
11728825_15,86,Topology+Risk A*,1,54632,0.02124430955993928,1,0.004552352048558417,1,0.0,1,0.0,1
11728825_15,87,Soft-probability A*,1,36192,0.04613466334164584,1,0.01122194513715713,1,0.0037406483790524137,1,0.0,1
11728825_15,87,Topology+Risk A*,1,37333,0.011111111111111072,1,0.0012345679012345512,1,0.0,1,0.0,1
11728825_15,88,Soft-probability A*,0,0,nan,0,nan,0,nan,0,nan,0
11728825_15,88,Topology+Risk A*,1,66606,0.027977044476327095,1,0.008608321377331474,1,0.0014347202295552641,1,0.0,1
11728825_15,89,Soft-probability A*,1,22175,0.05604982206405695,0,0.0,1,0.0,1,0.0,1
11728825_15,89,Topology+Risk A*,1,25031,0.0008841732979664174,1,0.0,1,0.0,1,0.0,1
11728825_15,90,Soft-probability A*,0,0,nan,0,nan,0,nan,0,nan,0
11728825_15,90,Topology+Risk A*,0,0,nan,0,nan,0,nan,0,nan,0
11728825_15,91,Soft-probability A*,0,0,nan,0,nan,0,nan,0,nan,0
11728825_15,91,Topology+Risk A*,0,0,nan,0,nan,0,nan,0,nan,0
11728825_15,92,Soft-probability A*,0,0,nan,0,nan,0,nan,0,nan,0
11728825_15,92,Topology+Risk A*,0,0,nan,0,nan,0,nan,0,nan,0
11728825_15,93,Soft-probability A*,1,59339,0.031952662721893454,1,0.010650887573964485,1,0.007100591715976323,1,0.00295857988165682,1
11728825_15,93,Topology+Risk A*,1,62739,0.01648028251912892,1,0.0035314891112419033,1,0.0,1,0.0,1
11728825_15,94,Soft-probability A*,1,57636,0.03280680437424055,1,0.010935601458080146,1,0.007290400972053468,1,0.0030376670716889542,1
11728825_15,94,Topology+Risk A*,1,79115,0.016918429003021096,1,0.003625377643504568,1,0.0,1,0.0,1
11728825_15,95,Soft-probability A*,1,72036,0.022608695652173938,1,0.00521739130434784,1,0.0017391304347825765,1,0.0,1
11728825_15,95,Topology+Risk A*,1,88881,0.005757052389176787,1,0.0005757052389177009,1,0.0,1,0.0,1
11728825_15,96,Soft-probability A*,1,73730,0.034622042700519384,1,0.008078476630121179,1,0.0017311021350259193,1,0.0,1
11728825_15,96,Topology+Risk A*,1,77529,0.01258581235697942,1,0.0017162471395880674,1,0.0,1,0.0,1
11728825_15,97,Soft-probability A*,1,23171,0.0,1,0.0,1,0.0,1,0.0,1
11728825_15,97,Topology+Risk A*,1,27926,0.0,1,0.0,1,0.0,1,0.0,1
11728825_15,98,Soft-probability A*,1,46324,0.0359281437125748,1,0.0119760479041916,1,0.007984031936127733,1,0.003326679973386537,1
11728825_15,98,Topology+Risk A*,1,50309,0.01851851851851849,1,0.003968253968253954,1,0.0,1,0.0,1
11728825_15,99,Soft-probability A*,1,49208,0.03128621089223638,1,0.010428736964078755,1,0.006952491309385911,1,0.0028968713789108147,1
11728825_15,99,Topology+Risk A*,1,51898,0.016138328530259316,1,0.0034582132564840995,1,0.0,1,0.0,1
12328750_15,100,Soft-probability A*,1,7523,0.012345679012345734,1,0.004938271604938316,1,0.0,1,0.0,1
12328750_15,100,Topology+Risk A*,1,7969,0.004914004914004955,1,0.0,1,0.0,1,0.0,1
12328750_15,101,Soft-probability A*,1,18327,0.005181347150259086,1,0.0,1,0.0,1,0.0,1
12328750_15,101,Topology+Risk A*,1,17836,0.0,1,0.0,1,0.0,1,0.0,1
12328750_15,102,Soft-probability A*,1,597,0.0,1,0.0,1,0.0,1,0.0,1
12328750_15,102,Topology+Risk A*,1,750,0.0,1,0.0,1,0.0,1,0.0,1
12328750_15,103,Soft-probability A*,1,9878,0.12658227848101267,0,0.08227848101265822,0,0.05063291139240511,0,0.006329113924050667,1
12328750_15,103,Topology+Risk A*,1,10830,0.08562691131498468,0,0.01834862385321101,1,0.0,1,0.0,1
12328750_15,104,Soft-probability A*,0,0,nan,0,nan,0,nan,0,nan,0
12328750_15,104,Topology+Risk A*,0,0,nan,0,nan,0,nan,0,nan,0
12328750_15,105,Soft-probability A*,1,24266,0.012300123001230068,1,0.0036900369003689537,1,0.0,1,0.0,1
12328750_15,105,Topology+Risk A*,1,28474,0.004901960784313708,1,0.0,1,0.0,1,0.0,1
12328750_15,106,Soft-probability A*,1,32863,0.004587155963302725,1,0.0018348623853210455,1,0.0,1,0.0,1
12328750_15,106,Topology+Risk A*,1,45900,0.0018298261665141702,1,0.0,1,0.0,1,0.0,1
12328750_15,107,Soft-probability A*,0,0,nan,0,nan,0,nan,0,nan,0
12328750_15,107,Topology+Risk A*,0,0,nan,0,nan,0,nan,0,nan,0
12328750_15,108,Soft-probability A*,1,68076,0.03762376237623766,1,0.020297029702970315,1,0.011386138613861396,1,0.001980198019801982,1
12328750_15,108,Topology+Risk A*,1,84916,0.026627218934911268,1,0.017751479289940808,1,0.007396449704141994,1,0.0014792899408283544,1
12328750_15,109,Soft-probability A*,1,95326,0.058561070831009476,0,0.036809815950920255,1,0.02175125488008922,1,0.003346346904629094,1
12328750_15,109,Topology+Risk A*,1,108133,0.050331858407079655,0,0.02488938053097345,1,0.00829646017699115,1,0.0016592920353982743,1
12328750_15,110,Soft-probability A*,0,0,nan,0,nan,0,nan,0,nan,0
12328750_15,110,Topology+Risk A*,0,0,nan,0,nan,0,nan,0,nan,0
12328750_15,111,Soft-probability A*,1,9165,0.00302571860816947,1,0.0,1,0.0,1,0.0,1
12328750_15,111,Topology+Risk A*,1,13065,0.0015082956259426794,1,0.0,1,0.0,1,0.0,1
12328750_15,112,Soft-probability A*,1,49853,0.042713567839196,1,0.02638190954773867,1,0.014447236180904488,1,0.002512562814070307,1
12328750_15,112,Topology+Risk A*,1,57661,0.03443957420162802,1,0.023168440826549785,1,0.00939261114589851,1,0.0018785222291797243,1
12328750_15,113,Soft-probability A*,0,0,nan,0,nan,0,nan,0,nan,0
12328750_15,113,Topology+Risk A*,1,126152,0.04384896467722288,1,0.018270401948842885,1,0.006090133982947665,1,0.0012180267965895553,1
12328750_15,114,Soft-probability A*,1,31011,0.017263427109974416,1,0.0038363171355498826,1,0.0012787723785165905,1,0.0,1
12328750_15,114,Topology+Risk A*,1,33457,0.004458598726114649,1,0.0019108280254777066,1,0.0,1,0.0,1
12328750_15,115,Soft-probability A*,0,0,nan,0,nan,0,nan,0,nan,0
12328750_15,115,Topology+Risk A*,0,0,nan,0,nan,0,nan,0,nan,0
12328750_15,116,Soft-probability A*,1,65228,0.019023136246786643,1,0.0035989717223650075,1,0.0,1,0.0,1
12328750_15,116,Topology+Risk A*,1,81359,0.020523345305284768,1,0.0030785017957927208,1,0.0,1,0.0,1
12328750_15,117,Soft-probability A*,1,40889,0.010152284263959421,1,0.0006345177664974777,1,0.0,1,0.0,1
12328750_15,117,Topology+Risk A*,1,43296,0.0012642225031606058,1,0.0,1,0.0,1,0.0,1
12328750_15,118,Soft-probability A*,0,0,nan,0,nan,0,nan,0,nan,0
12328750_15,118,Topology+Risk A*,0,0,nan,0,nan,0,nan,0,nan,0
12328750_15,119,Soft-probability A*,1,73660,0.001828153564899404,1,0.0006093845216331717,1,0.0,1,0.0,1
12328750_15,119,Topology+Risk A*,1,88210,0.0012165450121655041,1,0.0,1,0.0,1,0.0,1
15928855_15,120,Soft-probability A*,0,0,nan,0,nan,0,nan,0,nan,0
15928855_15,120,Topology+Risk A*,0,0,nan,0,nan,0,nan,0,nan,0
15928855_15,121,Soft-probability A*,1,4292,0.018867924528301883,1,0.0,1,0.0,1,0.0,1
15928855_15,121,Topology+Risk A*,1,4848,0.0,1,0.0,1,0.0,1,0.0,1
15928855_15,122,Soft-probability A*,0,0,nan,0,nan,0,nan,0,nan,0
15928855_15,122,Topology+Risk A*,0,0,nan,0,nan,0,nan,0,nan,0
15928855_15,123,Soft-probability A*,1,10861,0.007005253940455369,1,0.0,1,0.0,1,0.0,1
15928855_15,123,Topology+Risk A*,1,10276,0.0,1,0.0,1,0.0,1,0.0,1
15928855_15,124,Soft-probability A*,0,0,nan,0,nan,0,nan,0,nan,0
15928855_15,124,Topology+Risk A*,0,0,nan,0,nan,0,nan,0,nan,0
15928855_15,125,Soft-probability A*,0,0,nan,0,nan,0,nan,0,nan,0
15928855_15,125,Topology+Risk A*,1,7084,0.05555555555555558,0,0.00347222222222221,1,0.0,1,0.0,1
15928855_15,126,Soft-probability A*,1,21932,0.04503676470588236,1,0.0009191176470588758,1,0.0,1,0.0,1
15928855_15,126,Topology+Risk A*,1,21252,0.01466544454628782,1,0.0009165902841430373,1,0.0,1,0.0,1
15928855_15,127,Soft-probability A*,1,19336,0.047388781431334626,1,0.0009671179883945502,1,0.0,1,0.0,1
15928855_15,127,Topology+Risk A*,1,20452,0.015429122468659573,1,0.0009643201542912649,1,0.0,1,0.0,1
15928855_15,128,Soft-probability A*,0,0,nan,0,nan,0,nan,0,nan,0
15928855_15,128,Topology+Risk A*,0,0,nan,0,nan,0,nan,0,nan,0
15928855_15,129,Soft-probability A*,1,17874,0.032258064516129004,1,0.0,1,0.0,1,0.0,1
15928855_15,129,Topology+Risk A*,1,18117,0.0,1,0.0,1,0.0,1,0.0,1
15928855_15,130,Soft-probability A*,1,17658,0.05861244019138756,0,0.0011961722488038617,1,0.0,1,0.0,1
15928855_15,130,Topology+Risk A*,1,17295,0.01904761904761909,1,0.0011904761904761862,1,0.0,1,0.0,1
15928855_15,131,Soft-probability A*,0,0,nan,0,nan,0,nan,0,nan,0
15928855_15,131,Topology+Risk A*,0,0,nan,0,nan,0,nan,0,nan,0
15928855_15,132,Soft-probability A*,1,17196,0.05343511450381677,0,0.0010905125408942062,1,0.0,1,0.0,1
15928855_15,132,Topology+Risk A*,1,20808,0.017372421281216077,1,0.0010857763300760048,1,0.0,1,0.0,1
15928855_15,133,Soft-probability A*,1,30497,0.03165374677002586,1,0.0006459948320413078,1,0.0,1,0.0,1
15928855_15,133,Topology+Risk A*,1,28867,0.010315925209542276,1,0.0006447453255964408,1,0.0,1,0.0,1
15928855_15,134,Soft-probability A*,1,29464,0.03111111111111109,1,0.0006349206349206549,1,0.0,1,0.0,1
15928855_15,134,Topology+Risk A*,1,28383,0.010139416983523497,1,0.0006337135614702394,1,0.0,1,0.0,1
15928855_15,135,Soft-probability A*,1,28022,0.03436185133239833,1,0.0007012622720897754,1,0.0,1,0.0,1
15928855_15,135,Topology+Risk A*,1,23626,0.011196641007697683,1,0.0006997900629811538,1,0.0,1,0.0,1
15928855_15,136,Soft-probability A*,1,29574,0.03113087674714099,1,0.0006353240152477957,1,0.0,1,0.0,1
15928855_15,136,Topology+Risk A*,1,24500,0.010145846544071024,1,0.0006341154090044876,1,0.0,1,0.0,1
15928855_15,137,Soft-probability A*,1,29396,0.0319426336375489,1,0.0006518904823989979,1,0.0,1,0.0,1
15928855_15,137,Topology+Risk A*,1,24488,0.010409889394925154,1,0.0006506180871828082,1,0.0,1,0.0,1
15928855_15,138,Soft-probability A*,1,28956,0.033175355450236976,1,0.0006770480704130222,1,0.0,1,0.0,1
15928855_15,138,Topology+Risk A*,1,24223,0.010810810810810811,1,0.0006756756756757243,1,0.0,1,0.0,1
15928855_15,139,Soft-probability A*,1,28064,0.03383977900552482,1,0.0006906077348066697,1,0.0,1,0.0,1
15928855_15,139,Topology+Risk A*,1,27557,0.011026878015162,1,0.000689179875947632,1,0.0,1,0.0,1
16078870_15,140,Soft-probability A*,1,10695,0.0,1,0.0,1,0.0,1,0.0,1
16078870_15,140,Topology+Risk A*,1,12756,0.0,1,0.0,1,0.0,1,0.0,1
16078870_15,141,Soft-probability A*,1,5169,0.01591511936339518,1,0.007957559681697646,1,0.0,1,0.0,1
16078870_15,141,Topology+Risk A*,1,6020,0.0053050397877983935,1,0.0,1,0.0,1,0.0,1
16078870_15,142,Soft-probability A*,1,8740,0.0,1,0.0,1,0.0,1,0.0,1
16078870_15,142,Topology+Risk A*,1,8584,0.0,1,0.0,1,0.0,1,0.0,1
16078870_15,143,Soft-probability A*,1,3432,0.0,1,0.0,1,0.0,1,0.0,1
16078870_15,143,Topology+Risk A*,1,3169,0.0,1,0.0,1,0.0,1,0.0,1
16078870_15,144,Soft-probability A*,0,0,nan,0,nan,0,nan,0,nan,0
16078870_15,144,Topology+Risk A*,0,0,nan,0,nan,0,nan,0,nan,0
16078870_15,145,Soft-probability A*,1,1618,0.0,1,0.0,1,0.0,1,0.0,1
16078870_15,145,Topology+Risk A*,1,1811,0.0,1,0.0,1,0.0,1,0.0,1
16078870_15,146,Soft-probability A*,1,21306,0.0,1,0.0,1,0.0,1,0.0,1
16078870_15,146,Topology+Risk A*,1,25045,0.0,1,0.0,1,0.0,1,0.0,1
16078870_15,147,Soft-probability A*,0,0,nan,0,nan,0,nan,0,nan,0
16078870_15,147,Topology+Risk A*,0,0,nan,0,nan,0,nan,0,nan,0
16078870_15,148,Soft-probability A*,1,13674,0.008196721311475419,1,0.004098360655737654,1,0.0,1,0.0,1
16078870_15,148,Topology+Risk A*,1,15097,0.0027063599458727605,1,0.0,1,0.0,1,0.0,1
16078870_15,149,Soft-probability A*,1,19057,0.03219512195121954,1,0.008780487804878057,1,0.0,1,0.0,1
16078870_15,149,Topology+Risk A*,1,19317,0.0029041626331074433,1,0.0,1,0.0,1,0.0,1
16078870_15,150,Soft-probability A*,1,25187,0.004184100418409997,1,0.0,1,0.0,1,0.0,1
16078870_15,150,Topology+Risk A*,1,25375,0.0,1,0.0,1,0.0,1,0.0,1
16078870_15,151,Soft-probability A*,1,24007,0.0,1,0.0,1,0.0,1,0.0,1
16078870_15,151,Topology+Risk A*,1,28633,0.0,1,0.0,1,0.0,1,0.0,1
16078870_15,152,Soft-probability A*,1,26241,0.003965107057890549,1,0.0,1,0.0,1,0.0,1
16078870_15,152,Topology+Risk A*,1,27144,0.0,1,0.0,1,0.0,1,0.0,1
16078870_15,153,Soft-probability A*,1,37383,0.018817204301075252,1,0.004838709677419395,1,0.0,1,0.0,1
16078870_15,153,Topology+Risk A*,1,36975,0.0,1,0.0,1,0.0,1,0.0,1
16078870_15,154,Soft-probability A*,1,36849,0.018847603661820145,1,0.004846526655896577,1,0.0,1,0.0,1
16078870_15,154,Topology+Risk A*,1,35489,0.0,1,0.0,1,0.0,1,0.0,1
16078870_15,155,Soft-probability A*,1,42647,0.019444444444444486,1,0.0050000000000000044,1,0.0,1,0.0,1
16078870_15,155,Topology+Risk A*,1,41649,0.0,1,0.0,1,0.0,1,0.0,1
16078870_15,156,Soft-probability A*,1,44725,0.0163246268656716,1,0.004197761194029814,1,0.0,1,0.0,1
16078870_15,156,Topology+Risk A*,1,41068,0.0,1,0.0,1,0.0,1,0.0,1
16078870_15,157,Soft-probability A*,1,36758,0.022261277094317466,1,0.005272407732864637,1,0.0,1,0.0,1
16078870_15,157,Topology+Risk A*,1,35628,0.0011627906976744429,1,0.0,1,0.0,1,0.0,1
16078870_15,158,Soft-probability A*,1,39785,0.01845991561181437,1,0.004746835443038,1,0.0,1,0.0,1
16078870_15,158,Topology+Risk A*,1,39298,0.0,1,0.0,1,0.0,1,0.0,1
16078870_15,159,Soft-probability A*,0,0,nan,0,nan,0,nan,0,nan,0
16078870_15,159,Topology+Risk A*,0,0,nan,0,nan,0,nan,0,nan,0
17878735_15,160,Soft-probability A*,0,0,nan,0,nan,0,nan,0,nan,0
17878735_15,160,Topology+Risk A*,0,0,nan,0,nan,0,nan,0,nan,0
17878735_15,161,Soft-probability A*,0,0,nan,0,nan,0,nan,0,nan,0
17878735_15,161,Topology+Risk A*,0,0,nan,0,nan,0,nan,0,nan,0
17878735_15,162,Soft-probability A*,1,4958,0.0073800738007380184,1,0.0,1,0.0,1,0.0,1
17878735_15,162,Topology+Risk A*,1,5034,0.0,1,0.0,1,0.0,1,0.0,1
17878735_15,163,Soft-probability A*,1,5867,0.0,1,0.0,1,0.0,1,0.0,1
17878735_15,163,Topology+Risk A*,1,5886,0.0,1,0.0,1,0.0,1,0.0,1
17878735_15,164,Soft-probability A*,1,1355,0.0,1,0.0,1,0.0,1,0.0,1
17878735_15,164,Topology+Risk A*,1,1641,0.0,1,0.0,1,0.0,1,0.0,1
17878735_15,165,Soft-probability A*,1,9688,0.02580645161290318,1,0.0,1,0.0,1,0.0,1
17878735_15,165,Topology+Risk A*,1,9753,0.0,1,0.0,1,0.0,1,0.0,1
17878735_15,166,Soft-probability A*,1,13886,0.018209408194233667,1,0.0,1,0.0,1,0.0,1
17878735_15,166,Topology+Risk A*,1,13420,0.0,1,0.0,1,0.0,1,0.0,1
17878735_15,167,Soft-probability A*,1,18939,0.013333333333333308,1,0.0,1,0.0,1,0.0,1
17878735_15,167,Topology+Risk A*,1,18383,0.0,1,0.0,1,0.0,1,0.0,1
17878735_15,168,Soft-probability A*,1,19300,0.013100436681222738,1,0.0,1,0.0,1,0.0,1
17878735_15,168,Topology+Risk A*,1,16823,0.0,1,0.0,1,0.0,1,0.0,1
17878735_15,169,Soft-probability A*,1,11288,0.0,1,0.0,1,0.0,1,0.0,1
17878735_15,169,Topology+Risk A*,1,11532,0.0,1,0.0,1,0.0,1,0.0,1
17878735_15,170,Soft-probability A*,1,21139,0.0119760479041916,1,0.0,1,0.0,1,0.0,1
17878735_15,170,Topology+Risk A*,1,18254,0.0,1,0.0,1,0.0,1,0.0,1
17878735_15,171,Soft-probability A*,1,11481,0.021543985637342944,1,0.0,1,0.0,1,0.0,1
17878735_15,171,Topology+Risk A*,1,11113,0.0,1,0.0,1,0.0,1,0.0,1
17878735_15,172,Soft-probability A*,1,12332,0.020477815699658675,1,0.0,1,0.0,1,0.0,1
17878735_15,172,Topology+Risk A*,1,12471,0.0,1,0.0,1,0.0,1,0.0,1
17878780_15,173,Soft-probability A*,0,0,nan,0,nan,0,nan,0,nan,0
17878780_15,173,Topology+Risk A*,0,0,nan,0,nan,0,nan,0,nan,0
17878780_15,174,Soft-probability A*,0,0,nan,0,nan,0,nan,0,nan,0
17878780_15,174,Topology+Risk A*,0,0,nan,0,nan,0,nan,0,nan,0
17878780_15,175,Soft-probability A*,0,0,nan,0,nan,0,nan,0,nan,0
17878780_15,175,Topology+Risk A*,0,0,nan,0,nan,0,nan,0,nan,0
17878780_15,176,Soft-probability A*,0,0,nan,0,nan,0,nan,0,nan,0
17878780_15,176,Topology+Risk A*,0,0,nan,0,nan,0,nan,0,nan,0
17878780_15,177,Soft-probability A*,0,0,nan,0,nan,0,nan,0,nan,0
17878780_15,177,Topology+Risk A*,0,0,nan,0,nan,0,nan,0,nan,0
17878780_15,178,Soft-probability A*,0,0,nan,0,nan,0,nan,0,nan,0
17878780_15,178,Topology+Risk A*,0,0,nan,0,nan,0,nan,0,nan,0
17878780_15,179,Soft-probability A*,0,0,nan,0,nan,0,nan,0,nan,0
17878780_15,179,Topology+Risk A*,0,0,nan,0,nan,0,nan,0,nan,0
17878780_15,180,Soft-probability A*,0,0,nan,0,nan,0,nan,0,nan,0
17878780_15,180,Topology+Risk A*,0,0,nan,0,nan,0,nan,0,nan,0
17878780_15,181,Soft-probability A*,1,40685,0.002394636015325635,1,0.00047892720306508263,1,0.0,1,0.0,1
17878780_15,181,Topology+Risk A*,1,40540,0.000954198473282486,1,0.0,1,0.0,1,0.0,1
17878780_15,182,Soft-probability A*,1,44514,0.007267441860465129,1,0.0021802325581394832,1,0.0,1,0.0,1
17878780_15,182,Topology+Risk A*,1,47716,0.00361794500723589,1,0.0,1,0.0,1,0.0,1
17878780_15,183,Soft-probability A*,0,0,nan,0,nan,0,nan,0,nan,0
17878780_15,183,Topology+Risk A*,0,0,nan,0,nan,0,nan,0,nan,0
17878780_15,184,Soft-probability A*,1,12511,0.0,1,0.0,1,0.0,1,0.0,1
17878780_15,184,Topology+Risk A*,1,11143,0.0,1,0.0,1,0.0,1,0.0,1
17878780_15,185,Soft-probability A*,0,0,nan,0,nan,0,nan,0,nan,0
17878780_15,185,Topology+Risk A*,0,0,nan,0,nan,0,nan,0,nan,0
17878780_15,186,Soft-probability A*,1,29271,0.0036603221083455484,1,0.0,1,0.0,1,0.0,1
17878780_15,186,Topology+Risk A*,1,33072,0.0,1,0.0,1,0.0,1,0.0,1
17878780_15,187,Soft-probability A*,1,45858,0.005319148936170248,1,0.0,1,0.0,1,0.0,1
17878780_15,187,Topology+Risk A*,1,43608,0.0,1,0.0,1,0.0,1,0.0,1
17878780_15,188,Soft-probability A*,1,45939,0.0005800464037123421,1,0.0,1,0.0,1,0.0,1
17878780_15,188,Topology+Risk A*,1,43977,0.0,1,0.0,1,0.0,1,0.0,1
17878780_15,189,Soft-probability A*,1,28259,0.0014316392269148048,1,0.0,1,0.0,1,0.0,1
17878780_15,189,Topology+Risk A*,1,26868,0.0,1,0.0,1,0.0,1,0.0,1
17878780_15,190,Soft-probability A*,1,22531,0.0036927621861152504,1,0.0,1,0.0,1,0.0,1
17878780_15,190,Topology+Risk A*,1,29515,0.0,1,0.0,1,0.0,1,0.0,1
17878780_15,191,Soft-probability A*,0,0,nan,0,nan,0,nan,0,nan,0
17878780_15,191,Topology+Risk A*,0,0,nan,0,nan,0,nan,0,nan,0
17878780_15,192,Soft-probability A*,1,29389,0.005788712011577379,1,0.0,1,0.0,1,0.0,1
17878780_15,192,Topology+Risk A*,1,32068,0.0,1,0.0,1,0.0,1,0.0,1
17878885_15,193,Soft-probability A*,1,30528,0.09428129829984544,0,0.010819165378670781,1,0.0,1,0.0,1
17878885_15,193,Topology+Risk A*,1,41204,0.018292682926829285,1,0.0,1,0.0,1,0.0,1
17878885_15,194,Soft-probability A*,1,25199,0.04920913884007028,1,0.010544815465729385,1,0.0,1,0.0,1
17878885_15,194,Topology+Risk A*,1,28395,0.02076124567474047,1,0.0,1,0.0,1,0.0,1
17878885_15,195,Soft-probability A*,1,4543,0.04938271604938271,1,0.0,1,0.0,1,0.0,1
17878885_15,195,Topology+Risk A*,1,4433,0.061224489795918324,0,0.008163265306122436,1,0.0,1,0.0,1
17878885_15,196,Soft-probability A*,0,0,nan,0,nan,0,nan,0,nan,0
17878885_15,196,Topology+Risk A*,0,0,nan,0,nan,0,nan,0,nan,0
17878885_15,197,Soft-probability A*,0,0,nan,0,nan,0,nan,0,nan,0
17878885_15,197,Topology+Risk A*,0,0,nan,0,nan,0,nan,0,nan,0
17878885_15,198,Soft-probability A*,0,0,nan,0,nan,0,nan,0,nan,0
17878885_15,198,Topology+Risk A*,0,0,nan,0,nan,0,nan,0,nan,0
17878885_15,199,Soft-probability A*,1,34554,0.010322580645161339,1,0.001290322580645209,1,0.0,1,0.0,1
17878885_15,199,Topology+Risk A*,1,55059,0.005148005148005175,1,0.0,1,0.0,1,0.0,1
17878885_15,200,Soft-probability A*,1,67811,0.13588110403397025,0,0.10084925690021229,0,0.09235668789808915,0,0.08174097664543523,0
17878885_15,200,Topology+Risk A*,1,80068,0.12029288702928875,0,0.09728033472803344,0,0.09100418410041844,0,0.07845188284518834,0
17878885_15,201,Soft-probability A*,0,0,nan,0,nan,0,nan,0,nan,0
17878885_15,201,Topology+Risk A*,1,69716,0.016566265060240948,1,0.001506024096385561,1,0.0,1,0.0,1
17878885_15,202,Soft-probability A*,1,100426,0.012978142076502719,1,0.0,1,0.0,1,0.0,1
17878885_15,202,Topology+Risk A*,1,144345,0.0,1,0.0,1,0.0,1,0.0,1
17878885_15,203,Soft-probability A*,1,28252,0.04616998950682061,1,0.0041972717733472775,1,0.0,1,0.0,1
17878885_15,203,Topology+Risk A*,1,55387,0.0010351966873706209,1,0.0,1,0.0,1,0.0,1
17878885_15,204,Soft-probability A*,0,0,nan,0,nan,0,nan,0,nan,0
17878885_15,204,Topology+Risk A*,1,167932,0.008701957940536631,1,0.0,1,0.0,1,0.0,1
17878885_15,205,Soft-probability A*,1,70667,0.03069236259814423,1,0.0,1,0.0,1,0.0,1
17878885_15,205,Topology+Risk A*,1,133950,0.009193776520509234,1,0.0,1,0.0,1,0.0,1
17878885_15,206,Soft-probability A*,1,54375,0.029911075181891622,1,0.0,1,0.0,1,0.0,1
17878885_15,206,Topology+Risk A*,1,101353,0.007194244604316502,1,0.0,1,0.0,1,0.0,1
17878885_15,207,Soft-probability A*,1,95423,0.02713987473903967,1,0.0,1,0.0,1,0.0,1
17878885_15,207,Topology+Risk A*,1,117767,0.006206896551724128,1,0.0,1,0.0,1,0.0,1
17878885_15,208,Soft-probability A*,0,0,nan,0,nan,0,nan,0,nan,0
17878885_15,208,Topology+Risk A*,0,0,nan,0,nan,0,nan,0,nan,0
17878885_15,209,Soft-probability A*,1,51891,0.027567195037904946,1,0.001378359751895264,1,0.0,1,0.0,1
17878885_15,209,Topology+Risk A*,1,93220,0.007534246575342518,1,0.0,1,0.0,1,0.0,1
17878885_15,210,Soft-probability A*,1,50920,0.032258064516129004,1,0.0028050490883591017,1,0.0,1,0.0,1
17878885_15,210,Topology+Risk A*,1,99369,0.00976971388695047,1,0.0,1,0.0,1,0.0,1
17878885_15,211,Soft-probability A*,1,108695,0.026486168334314275,1,0.0,1,0.0,1,0.0,1
17878885_15,211,Topology+Risk A*,1,149254,0.005844535359438963,1,0.0,1,0.0,1,0.0,1
17878885_15,212,Soft-probability A*,1,76495,0.024326101249178222,1,0.0,1,0.0,1,0.0,1
17878885_15,212,Topology+Risk A*,1,118827,0.006531678641410799,1,0.0,1,0.0,1,0.0,1
18028750_15,213,Soft-probability A*,1,1909,0.0,1,0.0,1,0.0,1,0.0,1
18028750_15,213,Topology+Risk A*,1,1885,0.0,1,0.0,1,0.0,1,0.0,1
18028750_15,214,Soft-probability A*,1,6982,0.00195694716242667,1,0.0,1,0.0,1,0.0,1
18028750_15,214,Topology+Risk A*,1,9229,0.0,1,0.0,1,0.0,1,0.0,1
18028750_15,215,Soft-probability A*,1,4806,0.013157894736842146,1,0.006578947368421018,1,0.0,1,0.0,1
18028750_15,215,Topology+Risk A*,1,5070,0.00983606557377048,1,0.0,1,0.0,1,0.0,1
18028750_15,216,Soft-probability A*,0,0,nan,0,nan,0,nan,0,nan,0
18028750_15,216,Topology+Risk A*,0,0,nan,0,nan,0,nan,0,nan,0
18028750_15,217,Soft-probability A*,1,9631,0.1644444444444444,0,0.06000000000000005,0,0.0022222222222222365,1,0.0,1
18028750_15,217,Topology+Risk A*,1,9879,0.10239651416122009,0,0.061002178649237515,0,0.006535947712418277,1,0.0,1
18028750_15,218,Soft-probability A*,1,862,0.0,1,0.0,1,0.0,1,0.0,1
18028750_15,218,Topology+Risk A*,1,916,0.0,1,0.0,1,0.0,1,0.0,1
18028750_15,219,Soft-probability A*,0,0,nan,0,nan,0,nan,0,nan,0
18028750_15,219,Topology+Risk A*,0,0,nan,0,nan,0,nan,0,nan,0
18028750_15,220,Soft-probability A*,1,9089,0.0,1,0.0,1,0.0,1,0.0,1
18028750_15,220,Topology+Risk A*,1,8921,0.0,1,0.0,1,0.0,1,0.0,1
18028750_15,221,Soft-probability A*,1,22776,0.06485539000876428,0,0.02366345311130591,1,0.0008764241893076674,1,0.0,1
18028750_15,221,Topology+Risk A*,1,28225,0.04072790294627382,1,0.024263431542461023,1,0.0025996533795493715,1,0.0,1
18028750_15,222,Soft-probability A*,1,30438,0.05142460041695618,0,0.018763029881862403,1,0.0006949270326616075,1,0.0,1
18028750_15,222,Topology+Risk A*,1,29575,0.032369146005509664,1,0.019283746556473802,1,0.0020661157024793875,1,0.0,1
18028750_15,223,Soft-probability A*,1,17091,0.09113300492610843,0,0.03325123152709364,1,0.0012315270935960854,1,0.0,1
18028750_15,223,Topology+Risk A*,1,18486,0.057247259439707654,0,0.03410475030450666,1,0.0036540803897685548,1,0.0,1
18028750_15,224,Soft-probability A*,1,14742,0.013114754098360604,1,0.0,1,0.0,1,0.0,1
18028750_15,224,Topology+Risk A*,1,14365,0.0,1,0.0,1,0.0,1,0.0,1
18028750_15,225,Soft-probability A*,1,15764,0.014981273408239737,1,0.0,1,0.0,1,0.0,1
18028750_15,225,Topology+Risk A*,1,13649,0.0,1,0.0,1,0.0,1,0.0,1
18028750_15,226,Soft-probability A*,1,30171,0.04746632456703015,1,0.01731879409878123,1,0.0006414368184733954,1,0.0,1
18028750_15,226,Topology+Risk A*,1,29789,0.029898218829516487,1,0.01781170483460559,1,0.001908396946564861,1,0.0,1
18028750_15,227,Soft-probability A*,1,30213,0.04735883424408016,1,0.01760777170613237,1,0.0006071645415908211,1,0.0,1
18028750_15,227,Topology+Risk A*,1,25653,0.030102347983142708,1,0.01685731487055986,1,0.0018061408789885602,1,0.0,1
18028750_15,228,Soft-probability A*,1,29503,0.050546448087431695,0,0.018442622950819665,1,0.000683060109289646,1,0.0,1
18028750_15,228,Topology+Risk A*,1,30890,0.03182125930941093,1,0.018957345971563955,1,0.0020311442112389555,1,0.0,1
18028750_15,229,Soft-probability A*,1,28747,0.04746632456703015,1,0.01731879409878123,1,0.0006414368184733954,1,0.0,1
18028750_15,229,Topology+Risk A*,1,24976,0.029898218829516487,1,0.01781170483460559,1,0.001908396946564861,1,0.0,1
18028750_15,230,Soft-probability A*,1,35464,0.04429301533219765,1,0.016467915956842716,1,0.0005678591709256109,1,0.0,1
18028750_15,230,Topology+Risk A*,1,31643,0.028169014084507005,1,0.015774647887323967,1,0.0016901408450704647,1,0.0,1
18028750_15,231,Soft-probability A*,1,26234,0.05225988700564976,0,0.01906779661016944,1,0.0007062146892655718,1,0.0,1
18028750_15,231,Topology+Risk A*,1,20812,0.032890132960112006,1,0.019594121763470973,1,0.0020993701889433503,1,0.0,1
18028750_15,232,Soft-probability A*,1,36361,0.04255319148936165,1,0.015821058374249852,1,0.0005455537370431252,1,0.0,1
18028750_15,232,Topology+Risk A*,1,32675,0.027070925825663283,1,0.015159718462371408,1,0.0016242555495398214,1,0.0,1
18178780_15,233,Soft-probability A*,1,8421,0.01171875,1,0.0,1,0.0,1,0.0,1
18178780_15,233,Topology+Risk A*,1,11944,0.0038461538461538325,1,0.0,1,0.0,1,0.0,1
18178780_15,234,Soft-probability A*,1,1025,0.03125,1,0.0,1,0.0,1,0.0,1
18178780_15,234,Topology+Risk A*,1,1695,0.078125,0,0.0,1,0.0,1,0.0,1
18178780_15,235,Soft-probability A*,1,462,0.0,1,0.0,1,0.0,1,0.0,1
18178780_15,235,Topology+Risk A*,1,571,0.0,1,0.0,1,0.0,1,0.0,1
18178780_15,236,Soft-probability A*,1,77760,0.006422018348623881,1,0.0,1,0.0,1,0.0,1
18178780_15,236,Topology+Risk A*,1,90309,0.0022831050228310223,1,0.0,1,0.0,1,0.0,1
18178780_15,237,Soft-probability A*,1,30921,0.006265664160400974,1,0.0012531328320801727,1,0.0,1,0.0,1
18178780_15,237,Topology+Risk A*,1,35917,0.0037453183520599342,1,0.0012484394506866447,1,0.0,1,0.0,1
18178780_15,238,Soft-probability A*,1,21626,0.012618296529968487,1,0.0,1,0.0,1,0.0,1
18178780_15,238,Topology+Risk A*,1,38781,0.0031397174254317317,1,0.0,1,0.0,1,0.0,1
18178780_15,239,Soft-probability A*,1,62807,0.015763546798029604,1,0.0009852216748768017,1,0.0,1,0.0,1
18178780_15,239,Topology+Risk A*,1,75031,0.001962708537782132,1,0.0,1,0.0,1,0.0,1
18178780_15,240,Soft-probability A*,1,38481,0.009696969696969648,1,0.0036363636363636598,1,0.0,1,0.0,1
18178780_15,240,Topology+Risk A*,1,40261,0.004825090470446325,1,0.0,1,0.0,1,0.0,1
18178780_15,241,Soft-probability A*,1,95772,0.004553215708594238,1,0.0,1,0.0,1,0.0,1
18178780_15,241,Topology+Risk A*,1,111940,0.0011293054771315258,1,0.0,1,0.0,1,0.0,1
18178780_15,242,Soft-probability A*,1,24234,0.024079320113314484,1,0.005665722379603388,1,0.0,1,0.0,1
18178780_15,242,Topology+Risk A*,1,38028,0.01412429378531077,1,0.0014124293785310327,1,0.0,1,0.0,1
18178780_15,243,Soft-probability A*,0,0,nan,0,nan,0,nan,0,nan,0
18178780_15,243,Topology+Risk A*,0,0,nan,0,nan,0,nan,0,nan,0
18178780_15,244,Soft-probability A*,1,61397,0.0011160714285713969,1,0.0,1,0.0,1,0.0,1
18178780_15,244,Topology+Risk A*,1,68642,0.0011098779134295356,1,0.0,1,0.0,1,0.0,1
18178780_15,245,Soft-probability A*,0,0,nan,0,nan,0,nan,0,nan,0
18178780_15,245,Topology+Risk A*,0,0,nan,0,nan,0,nan,0,nan,0
18178780_15,246,Soft-probability A*,1,61440,0.010519801980197974,1,0.0024752475247524774,1,0.0012376237623762387,1,0.0,1
18178780_15,246,Topology+Risk A*,1,81544,0.004302397049784856,1,0.0018438844499077955,1,0.0006146281499692652,1,0.0,1
18178780_15,247,Soft-probability A*,1,109266,0.0043525571273123065,1,0.0,1,0.0,1,0.0,1
18178780_15,247,Topology+Risk A*,1,115689,0.0,1,0.0,1,0.0,1,0.0,1
18178780_15,248,Soft-probability A*,1,49699,0.0,1,0.0,1,0.0,1,0.0,1
18178780_15,248,Topology+Risk A*,1,69283,0.0013745704467353903,1,0.0,1,0.0,1,0.0,1
18178780_15,249,Soft-probability A*,1,43037,0.000611995104039198,1,0.0,1,0.0,1,0.0,1
18178780_15,249,Topology+Risk A*,1,70154,0.0006105006105006083,1,0.0,1,0.0,1,0.0,1
18178780_15,250,Soft-probability A*,0,0,nan,0,nan,0,nan,0,nan,0
18178780_15,250,Topology+Risk A*,0,0,nan,0,nan,0,nan,0,nan,0
18178780_15,251,Soft-probability A*,1,78429,0.010770975056689336,1,0.0022675736961451642,1,0.0011337868480725266,1,0.0,1
18178780_15,251,Topology+Risk A*,1,78520,0.005064715813168252,1,0.0016882386043893804,1,0.0005627462014631268,1,0.0,1
18178780_15,252,Soft-probability A*,1,92911,0.013283740701381497,1,0.002125398512221044,1,0.0010626992561104665,1,0.0,1
18178780_15,252,Topology+Risk A*,1,101810,0.0063458487572712885,1,0.0015864621893177944,1,0.0005288207297725611,1,0.0,1
18328735_15,253,Soft-probability A*,1,4710,0.03140096618357491,1,0.0024154589371980784,1,0.0,1,0.0,1
18328735_15,253,Topology+Risk A*,1,5340,0.0072289156626506035,1,0.002409638554216831,1,0.0,1,0.0,1
18328735_15,254,Soft-probability A*,1,72,0.0,1,0.0,1,0.0,1,0.0,1
18328735_15,254,Topology+Risk A*,1,248,0.0,1,0.0,1,0.0,1,0.0,1
18328735_15,255,Soft-probability A*,1,20415,0.0,1,0.0,1,0.0,1,0.0,1
18328735_15,255,Topology+Risk A*,1,20682,0.0,1,0.0,1,0.0,1,0.0,1
18328735_15,256,Soft-probability A*,1,12615,0.03703703703703709,1,0.0030864197530864335,1,0.0,1,0.0,1
18328735_15,256,Topology+Risk A*,1,13430,0.006134969325153339,1,0.0015337423312883347,1,0.0,1,0.0,1
18328735_15,257,Soft-probability A*,1,24693,0.002348520432127743,1,0.0004697040864255486,1,0.0,1,0.0,1
18328735_15,257,Topology+Risk A*,1,34784,0.0014084507042253502,1,0.00046948356807507974,1,0.0,1,0.0,1
18328735_15,258,Soft-probability A*,1,18125,0.03221476510067112,1,0.0026845637583892135,1,0.0,1,0.0,1
18328735_15,258,Topology+Risk A*,1,18382,0.008021390374331583,1,0.0013368983957219305,1,0.0,1,0.0,1
18328735_15,259,Soft-probability A*,1,41521,0.018342391304347783,1,0.0,1,0.0,1,0.0,1
18328735_15,259,Topology+Risk A*,1,48503,0.0006765899864682456,1,0.0,1,0.0,1,0.0,1
18328735_15,260,Soft-probability A*,1,16385,0.02833530106257376,1,0.0023612750885477762,1,0.0,1,0.0,1
18328735_15,260,Topology+Risk A*,1,17864,0.004700352526439522,1,0.001175088131609825,1,0.0,1,0.0,1
18328735_15,261,Soft-probability A*,0,0,nan,0,nan,0,nan,0,nan,0
18328735_15,261,Topology+Risk A*,0,0,nan,0,nan,0,nan,0,nan,0
18328735_15,262,Soft-probability A*,1,25981,0.01898734177215189,1,0.0,1,0.0,1,0.0,1
18328735_15,262,Topology+Risk A*,1,28315,0.0009009009009008917,1,0.0,1,0.0,1,0.0,1
18328735_15,263,Soft-probability A*,1,30745,0.017608217168011753,1,0.0014673514306676738,1,0.0,1,0.0,1
18328735_15,263,Topology+Risk A*,1,37000,0.0036496350364964014,1,0.0,1,0.0,1,0.0,1
18328735_15,264,Soft-probability A*,1,38898,0.020786933927245732,1,0.0014847809948033142,1,0.0,1,0.0,1
18328735_15,264,Topology+Risk A*,1,55353,0.0022156573116691725,1,0.0,1,0.0,1,0.0,1
18328735_15,265,Soft-probability A*,1,18369,0.0,1,0.0,1,0.0,1,0.0,1
18328735_15,265,Topology+Risk A*,1,23365,0.0,1,0.0,1,0.0,1,0.0,1
18328735_15,266,Soft-probability A*,1,53278,0.011967448539971226,1,0.00047869794159882684,1,0.0,1,0.0,1
18328735_15,266,Topology+Risk A*,1,70205,0.002865329512893977,1,0.00047755491881562584,1,0.0,1,0.0,1
18328735_15,267,Soft-probability A*,1,45882,0.01759999999999995,1,0.0005333333333333856,1,0.0,1,0.0,1
18328735_15,267,Topology+Risk A*,1,53077,0.0031897926634768536,1,0.0005316321105794941,1,0.0,1,0.0,1
18328735_15,268,Soft-probability A*,1,48044,0.013842746400885897,1,0.0005537098560354226,1,0.0,1,0.0,1
18328735_15,268,Topology+Risk A*,1,59361,0.00331308669243513,1,0.000552181115405892,1,0.0,1,0.0,1
18328735_15,269,Soft-probability A*,1,16425,0.0,1,0.0,1,0.0,1,0.0,1
18328735_15,269,Topology+Risk A*,1,31769,0.0,1,0.0,1,0.0,1,0.0,1
18328735_15,270,Soft-probability A*,1,34643,0.01754385964912286,1,0.002419842710223885,1,0.0,1,0.0,1
18328735_15,270,Topology+Risk A*,1,46116,0.003015681544028981,1,0.0,1,0.0,1,0.0,1
18328735_15,271,Soft-probability A*,0,0,nan,0,nan,0,nan,0,nan,0
18328735_15,271,Topology+Risk A*,0,0,nan,0,nan,0,nan,0,nan,0
18328735_15,272,Soft-probability A*,1,44613,0.018221976808393103,1,0.000552181115405892,1,0.0,1,0.0,1
18328735_15,272,Topology+Risk A*,1,51558,0.003302146395156802,1,0.0005503577325260967,1,0.0,1,0.0,1
18328780_15,273,Soft-probability A*,1,13380,0.01936619718309862,1,0.0017605633802817433,1,0.0,1,0.0,1
18328780_15,273,Topology+Risk A*,1,14736,0.00865051903114189,1,0.0,1,0.0,1,0.0,1
18328780_15,274,Soft-probability A*,1,122,0.0,1,0.0,1,0.0,1,0.0,1
18328780_15,274,Topology+Risk A*,1,237,0.0,1,0.0,1,0.0,1,0.0,1
18328780_15,275,Soft-probability A*,1,898,0.0,1,0.0,1,0.0,1,0.0,1
18328780_15,275,Topology+Risk A*,1,1111,0.0,1,0.0,1,0.0,1,0.0,1
18328780_15,276,Soft-probability A*,1,9473,0.0378250591016549,1,0.0023640661938534313,1,0.0,1,0.0,1
18328780_15,276,Topology+Risk A*,1,11548,0.011655011655011704,1,0.0,1,0.0,1,0.0,1
18328780_15,277,Soft-probability A*,0,0,nan,0,nan,0,nan,0,nan,0
18328780_15,277,Topology+Risk A*,0,0,nan,0,nan,0,nan,0,nan,0
18328780_15,278,Soft-probability A*,0,0,nan,0,nan,0,nan,0,nan,0
18328780_15,278,Topology+Risk A*,0,0,nan,0,nan,0,nan,0,nan,0
18328780_15,279,Soft-probability A*,1,33103,0.0008802816901408717,1,0.0,1,0.0,1,0.0,1
18328780_15,279,Topology+Risk A*,1,31157,0.0,1,0.0,1,0.0,1,0.0,1
18328780_15,280,Soft-probability A*,1,14499,0.010014306151645225,1,0.0,1,0.0,1,0.0,1
18328780_15,280,Topology+Risk A*,1,14354,0.004255319148936176,1,0.0,1,0.0,1,0.0,1
18328780_15,281,Soft-probability A*,1,55683,0.014577259475218707,1,0.0007288629737609575,1,0.0,1,0.0,1
18328780_15,281,Topology+Risk A*,1,57477,0.0036127167630057855,1,0.0,1,0.0,1,0.0,1
18328780_15,282,Soft-probability A*,1,47154,0.05564142194744981,0,0.016228748068006227,1,0.0,1,0.0,1
18328780_15,282,Topology+Risk A*,1,45864,0.04045801526717552,1,0.01526717557251911,1,0.0,1,0.0,1
18328780_15,283,Soft-probability A*,1,35234,0.006113537117903967,1,0.0,1,0.0,1,0.0,1
18328780_15,283,Topology+Risk A*,1,36399,0.0025974025974025983,1,0.0,1,0.0,1,0.0,1
18328780_15,284,Soft-probability A*,1,24758,0.0029873039581777006,1,0.0007468259895444529,1,0.0,1,0.0,1
18328780_15,284,Topology+Risk A*,1,30978,0.001491424310216205,1,0.0,1,0.0,1,0.0,1
18328780_15,285,Soft-probability A*,1,61701,0.029741589468551877,1,0.010238907849829393,1,0.0,1,0.0,1
18328780_15,285,Topology+Risk A*,1,69201,0.024283632831471613,1,0.009713453132588645,1,0.0,1,0.0,1
18328780_15,286,Soft-probability A*,1,63803,0.0340068999507146,1,0.010349926071956617,1,0.0,1,0.0,1
18328780_15,286,Topology+Risk A*,1,71407,0.026405867970660135,1,0.009779951100244544,1,0.0,1,0.0,1
18328780_15,287,Soft-probability A*,1,46152,0.027974947807933193,1,0.009603340292275608,1,0.0,1,0.0,1
18328780_15,287,Topology+Risk A*,1,54935,0.02454242928452577,1,0.008735440931780358,1,0.0,1,0.0,1
18328780_15,288,Soft-probability A*,1,54927,0.00443704936217415,1,0.0011092623405435376,1,0.0,1,0.0,1
18328780_15,288,Topology+Risk A*,1,62294,0.002211166390270858,1,0.0005527915975677145,1,0.0,1,0.0,1
18328780_15,289,Soft-probability A*,1,63219,0.03434343434343434,1,0.010606060606060619,1,0.0,1,0.0,1
18328780_15,289,Topology+Risk A*,1,62357,0.027054108216432837,1,0.01002004008016033,1,0.0,1,0.0,1
18328780_15,290,Soft-probability A*,1,64913,0.032166508987701015,1,0.009933774834437137,1,0.0,1,0.0,1
18328780_15,290,Topology+Risk A*,1,63554,0.025352112676056304,1,0.009389671361502372,1,0.0,1,0.0,1
18328780_15,291,Soft-probability A*,0,0,nan,0,nan,0,nan,0,nan,0
18328780_15,291,Topology+Risk A*,0,0,nan,0,nan,0,nan,0,nan,0
18328780_15,292,Soft-probability A*,1,68415,0.028750000000000053,1,0.009583333333333388,1,0.0,1,0.0,1
18328780_15,292,Topology+Risk A*,1,71258,0.02238805970149249,1,0.008706467661691586,1,0.0,1,0.0,1
18328960_15,293,Soft-probability A*,1,6812,0.07072691552062871,0,0.007858546168958758,1,0.0,1,0.0,1
18328960_15,293,Topology+Risk A*,1,7714,0.0078125,1,0.0,1,0.0,1,0.0,1
18328960_15,294,Soft-probability A*,1,12924,0.04554865424430643,1,0.008281573498964856,1,0.0,1,0.0,1
18328960_15,294,Topology+Risk A*,1,11729,0.008196721311475419,1,0.0,1,0.0,1,0.0,1
18328960_15,295,Soft-probability A*,1,17412,0.16428571428571426,0,0.014285714285714235,1,0.0028571428571428914,1,0.0,1
18328960_15,295,Topology+Risk A*,1,23480,0.12146892655367236,0,0.004237288135593209,1,0.0,1,0.0,1
18328960_15,296,Soft-probability A*,1,26385,0.03471295060080104,1,0.004005340453938633,1,0.0,1,0.0,1
18328960_15,296,Topology+Risk A*,1,35604,0.011811023622047223,1,0.0,1,0.0,1,0.0,1
18328960_15,297,Soft-probability A*,1,7255,0.04987531172069826,1,0.0,1,0.0,1,0.0,1
18328960_15,297,Topology+Risk A*,1,8512,0.026960784313725505,1,0.0,1,0.0,1,0.0,1
18328960_15,298,Soft-probability A*,1,34506,0.02168021680216803,1,0.005420054200542035,1,0.0,1,0.0,1
18328960_15,298,Topology+Risk A*,1,36804,0.010738255033557076,1,0.0,1,0.0,1,0.0,1
18328960_15,299,Soft-probability A*,1,33456,0.009354536950420989,1,0.00280636108512633,1,0.0,1,0.0,1
18328960_15,299,Topology+Risk A*,1,51106,0.004655493482309092,1,0.0,1,0.0,1,0.0,1
18328960_15,300,Soft-probability A*,1,11461,0.0,1,0.0,1,0.0,1,0.0,1
18328960_15,300,Topology+Risk A*,1,19035,0.0,1,0.0,1,0.0,1,0.0,1
18328960_15,301,Soft-probability A*,1,53010,0.08061594202898548,0,0.010869565217391353,1,0.004528985507246341,1,0.0018115942028985588,1
18328960_15,301,Topology+Risk A*,1,68221,0.06008968609865473,0,0.0053811659192825045,1,0.0026905829596413078,1,0.0008968609865470656,1
18328960_15,302,Soft-probability A*,1,45701,0.015261627906976716,1,0.0029069767441860517,1,0.0,1,0.0,1
18328960_15,302,Topology+Risk A*,1,76137,0.00721500721500723,1,0.0,1,0.0,1,0.0,1
18328960_15,303,Soft-probability A*,1,53118,0.08296943231441045,0,0.012227074235807822,1,0.004366812227074246,1,0.0,1
18328960_15,303,Topology+Risk A*,1,69078,0.07167530224525043,0,0.0043177892918825345,1,0.0,1,0.0,1
18328960_15,304,Soft-probability A*,1,43186,0.09999999999999998,0,0.004950495049504955,1,0.0,1,0.0,1
18328960_15,304,Topology+Risk A*,1,64257,0.08187134502923976,0,0.0009746588693957392,1,0.0,1,0.0,1
18328960_15,305,Soft-probability A*,1,33217,0.042024832855778405,1,0.017191977077363862,1,0.002865329512893977,1,0.0,1
18328960_15,305,Topology+Risk A*,1,44844,0.018867924528301883,1,0.005660377358490565,1,0.0009433962264151496,1,0.0,1
18328960_15,306,Soft-probability A*,1,68669,0.017470300489168422,1,0.004891684136967167,1,0.0,1,0.0,1
18328960_15,306,Topology+Risk A*,1,107616,0.011126564673157202,1,0.0,1,0.0,1,0.0,1
18328960_15,307,Soft-probability A*,1,93013,0.015774647887323967,1,0.0033802816901408184,1,0.0,1,0.0,1
18328960_15,307,Topology+Risk A*,1,110793,0.004494382022471877,1,0.0,1,0.0,1,0.0,1
18328960_15,308,Soft-probability A*,1,103133,0.02908587257617734,1,0.011772853185595622,1,0.0041551246537395725,1,0.0,1
18328960_15,308,Topology+Risk A*,1,135867,0.01379310344827589,1,0.0027586206896551557,1,0.0,1,0.0,1
18328960_15,309,Soft-probability A*,1,106754,0.06782713085234093,0,0.0030012004801920344,1,0.0,1,0.0,1
18328960_15,309,Topology+Risk A*,1,122543,0.05328596802841923,0,0.000592066311426831,1,0.0,1,0.0,1
18328960_15,310,Soft-probability A*,1,91237,0.02892561983471076,1,0.011707988980716233,1,0.004132231404958664,1,0.0,1
18328960_15,310,Topology+Risk A*,1,109206,0.013726835964310236,1,0.0027453671928620027,1,0.0,1,0.0,1
18328960_15,311,Soft-probability A*,1,117715,0.02259887005649719,1,0.00395480225988698,1,0.0,1,0.0,1
18328960_15,311,Topology+Risk A*,1,146853,0.009566685424873378,1,0.0,1,0.0,1,0.0,1
18328960_15,312,Soft-probability A*,1,80886,0.02292993630573248,1,0.005095541401273884,1,0.0,1,0.0,1
18328960_15,312,Topology+Risk A*,1,100459,0.011378002528445008,1,0.0,1,0.0,1,0.0,1
18478735_15,313,Soft-probability A*,1,20166,0.04102564102564099,1,0.0017094017094017033,1,0.0,1,0.0,1
18478735_15,313,Topology+Risk A*,1,27530,0.01005025125628145,1,0.00335008375209378,1,0.0,1,0.0,1
18478735_15,314,Soft-probability A*,1,24594,0.03797468354430378,1,0.0025316455696202667,1,0.0,1,0.0,1
18478735_15,314,Topology+Risk A*,1,28408,0.007556675062972307,1,0.0025188916876573986,1,0.0,1,0.0,1
18478735_15,315,Soft-probability A*,1,2263,0.15625,0,0.03125,1,0.0,1,0.0,1
18478735_15,315,Topology+Risk A*,1,3338,0.022900763358778664,1,0.0,1,0.0,1,0.0,1
18478735_15,316,Soft-probability A*,1,5991,0.07438016528925617,0,0.024793388429752095,1,0.0,1,0.0,1
18478735_15,316,Topology+Risk A*,1,6656,0.024390243902439046,1,0.0,1,0.0,1,0.0,1
18478735_15,317,Soft-probability A*,1,15321,0.085427135678392,0,0.027638190954773822,1,0.02010050251256279,1,0.015075376884422065,1
18478735_15,317,Topology+Risk A*,1,25861,0.022058823529411797,1,0.01225490196078427,1,0.002450980392156854,1,0.0,1
18478735_15,318,Soft-probability A*,1,14472,0.04952830188679247,1,0.02594339622641506,1,0.009433962264150941,1,0.002358490566037763,1
18478735_15,318,Topology+Risk A*,1,15633,0.025345622119815614,1,0.009216589861751112,1,0.004608294930875556,1,0.0,1
18478735_15,319,Soft-probability A*,1,51108,0.017305315203955507,1,0.004326328800988821,1,0.0006180469715698633,1,0.0,1
18478735_15,319,Topology+Risk A*,1,45017,0.0030712530712531105,1,0.0006142506142505777,1,0.0,1,0.0,1
18478735_15,320,Soft-probability A*,1,33046,0.0257633587786259,1,0.00858778625954193,1,0.0,1,0.0,1
18478735_15,320,Topology+Risk A*,1,29634,0.01040681173131508,1,0.0,1,0.0,1,0.0,1
18478735_15,321,Soft-probability A*,1,34905,0.019264448336252182,1,0.008756567425569184,1,0.0008756567425569628,1,0.0,1
18478735_15,321,Topology+Risk A*,1,39948,0.009565217391304337,1,0.0017391304347825765,1,0.0,1,0.0,1
18478735_15,322,Soft-probability A*,1,55032,0.019138755980861233,1,0.005582137161084577,1,0.0007974481658692412,1,0.0,1
18478735_15,322,Topology+Risk A*,1,61833,0.003961965134706813,1,0.0007923930269413404,1,0.0,1,0.0,1
18478735_15,323,Soft-probability A*,1,17376,0.014822134387351804,1,0.010869565217391353,1,0.008893280632411016,1,0.005928853754940677,1
18478735_15,323,Topology+Risk A*,1,24445,0.01379310344827589,1,0.010837438423645374,1,0.007881773399014746,1,0.005911330049261032,1
18478735_15,324,Soft-probability A*,1,38985,0.0368421052631579,1,0.014473684210526305,1,0.001315789473684159,1,0.0,1
18478735_15,324,Topology+Risk A*,1,45396,0.01432291666666663,1,0.0026041666666666297,1,0.0,1,0.0,1
18478735_15,325,Soft-probability A*,1,59026,0.05049732211170621,0,0.009181331293037442,1,0.0007651109410864443,1,0.0,1
18478735_15,325,Topology+Risk A*,1,65074,0.03490136570561453,1,0.0015174506828528056,1,0.0,1,0.0,1
18478735_15,326,Soft-probability A*,1,97042,0.023738872403560873,1,0.007418397626112738,1,0.00037091988130566467,1,0.0,1
18478735_15,326,Topology+Risk A*,1,93639,0.008452774715178246,1,0.0007350238882763982,1,0.0,1,0.0,1
18478735_15,327,Soft-probability A*,1,61369,0.016568047337278125,1,0.0065088757396449815,1,0.0005917159763313418,1,0.0,1
18478735_15,327,Topology+Risk A*,1,72449,0.006478209658421719,1,0.0011778563015312216,1,0.0,1,0.0,1
18478735_15,328,Soft-probability A*,1,67632,0.021276595744680882,1,0.007092198581560294,1,0.0005455537370431252,1,0.0,1
18478735_15,328,Topology+Risk A*,1,77358,0.008667388949079036,1,0.0010834236186348933,1,0.0,1,0.0,1
18478735_15,329,Soft-probability A*,1,104182,0.022253787878787845,1,0.008049242424242431,1,0.00047348484848486194,1,0.0,1
18478735_15,329,Topology+Risk A*,1,92358,0.009394081728511083,1,0.0009394081728510972,1,0.0,1,0.0,1
18478735_15,330,Soft-probability A*,1,96590,0.03569728700618757,1,0.007139457401237559,1,0.0004759638267491928,1,0.0,1
18478735_15,330,Topology+Risk A*,1,86295,0.02409069437883793,1,0.0009447331128955572,1,0.0,1,0.0,1
18478735_15,331,Soft-probability A*,1,105155,0.022771317829457405,1,0.008236434108527146,1,0.0004844961240310086,1,0.0,1
18478735_15,331,Topology+Risk A*,1,92722,0.00961076405574246,1,0.0009610764055741905,1,0.0,1,0.0,1
18478735_15,332,Soft-probability A*,1,68146,0.021855010660980834,1,0.008528784648187626,1,0.0005330490405117683,1,0.0,1
18478735_15,332,Topology+Risk A*,1,62062,0.010565240359218131,1,0.0010565240359218242,1,0.0,1,0.0,1
18478900_15,333,Soft-probability A*,1,1898,0.0,1,0.0,1,0.0,1,0.0,1
18478900_15,333,Topology+Risk A*,1,1978,0.0,1,0.0,1,0.0,1,0.0,1
18478900_15,334,Soft-probability A*,1,4598,0.020618556701030966,1,0.0,1,0.0,1,0.0,1
18478900_15,334,Topology+Risk A*,1,5177,0.0,1,0.0,1,0.0,1,0.0,1
18478900_15,335,Soft-probability A*,1,1358,0.0,1,0.0,1,0.0,1,0.0,1
18478900_15,335,Topology+Risk A*,1,1488,0.0,1,0.0,1,0.0,1,0.0,1
18478900_15,336,Soft-probability A*,1,8338,0.010729613733905574,1,0.0,1,0.0,1,0.0,1
18478900_15,336,Topology+Risk A*,1,7561,0.012765957446808529,1,0.0,1,0.0,1,0.0,1
18478900_15,337,Soft-probability A*,1,5835,0.0,1,0.0,1,0.0,1,0.0,1
18478900_15,337,Topology+Risk A*,1,5621,0.0,1,0.0,1,0.0,1,0.0,1
18478900_15,338,Soft-probability A*,1,3026,0.0,1,0.0,1,0.0,1,0.0,1
18478900_15,338,Topology+Risk A*,1,3230,0.0,1,0.0,1,0.0,1,0.0,1
18478900_15,339,Soft-probability A*,1,18842,0.006085192697768749,1,0.0,1,0.0,1,0.0,1
18478900_15,339,Topology+Risk A*,1,18177,0.0,1,0.0,1,0.0,1,0.0,1
18478900_15,340,Soft-probability A*,1,19577,0.010869565217391353,1,0.0,1,0.0,1,0.0,1
18478900_15,340,Topology+Risk A*,1,18863,0.00588235294117645,1,0.0,1,0.0,1,0.0,1
18478900_15,341,Soft-probability A*,1,15834,0.005988023952095856,1,0.0,1,0.0,1,0.0,1
18478900_15,341,Topology+Risk A*,1,15353,0.007134363852556502,1,0.0,1,0.0,1,0.0,1
18478900_15,342,Soft-probability A*,1,15687,0.007211538461538436,1,0.0,1,0.0,1,0.0,1
18478900_15,342,Topology+Risk A*,1,12880,0.0,1,0.0,1,0.0,1,0.0,1
18478900_15,343,Soft-probability A*,1,18464,0.01066925315227929,1,0.0,1,0.0,1,0.0,1
18478900_15,343,Topology+Risk A*,1,16318,0.004816955684007751,1,0.0,1,0.0,1,0.0,1
18478900_15,344,Soft-probability A*,0,0,nan,0,nan,0,nan,0,nan,0
18478900_15,344,Topology+Risk A*,0,0,nan,0,nan,0,nan,0,nan,0
18478900_15,345,Soft-probability A*,1,18209,0.006072874493927127,1,0.0,1,0.0,1,0.0,1
18478900_15,345,Topology+Risk A*,1,17216,0.0,1,0.0,1,0.0,1,0.0,1
18478900_15,346,Soft-probability A*,1,28088,0.006740196078431349,1,0.0,1,0.0,1,0.0,1
18478900_15,346,Topology+Risk A*,1,23403,0.003045066991473777,1,0.0,1,0.0,1,0.0,1
18478900_15,347,Soft-probability A*,1,29219,0.006578947368421018,1,0.0,1,0.0,1,0.0,1
18478900_15,347,Topology+Risk A*,1,24092,0.003567181926278251,1,0.0,1,0.0,1,0.0,1
18478900_15,348,Soft-probability A*,1,27856,0.006707317073170738,1,0.0,1,0.0,1,0.0,1
18478900_15,348,Topology+Risk A*,1,23460,0.0036363636363636598,1,0.0,1,0.0,1,0.0,1
18478900_15,349,Soft-probability A*,1,29194,0.006658595641646503,1,0.0,1,0.0,1,0.0,1
18478900_15,349,Topology+Risk A*,1,24099,0.0036101083032491488,1,0.0,1,0.0,1,0.0,1
18478900_15,350,Soft-probability A*,1,25833,0.0070739549839228255,1,0.0,1,0.0,1,0.0,1
18478900_15,350,Topology+Risk A*,1,22085,0.0031989763275751537,1,0.0,1,0.0,1,0.0,1
18478900_15,351,Soft-probability A*,1,25662,0.00700190961171232,1,0.0,1,0.0,1,0.0,1
18478900_15,351,Topology+Risk A*,1,22044,0.003162555344718543,1,0.0,1,0.0,1,0.0,1
18478900_15,352,Soft-probability A*,1,27679,0.006962025316455733,1,0.0,1,0.0,1,0.0,1
18478900_15,352,Topology+Risk A*,1,23248,0.0031446540880503138,1,0.0,1,0.0,1,0.0,1
18478930_15,353,Soft-probability A*,0,0,nan,0,nan,0,nan,0,nan,0
18478930_15,353,Topology+Risk A*,0,0,nan,0,nan,0,nan,0,nan,0
18478930_15,354,Soft-probability A*,1,1983,0.00877192982456143,1,0.0,1,0.0,1,0.0,1
18478930_15,354,Topology+Risk A*,1,1728,0.00877192982456143,1,0.0,1,0.0,1,0.0,1
18478930_15,355,Soft-probability A*,1,12345,0.049261083743842415,1,0.011494252873563204,1,0.003284072249589487,1,0.0,1
18478930_15,355,Topology+Risk A*,1,16811,0.016181229773462813,1,0.004854368932038833,1,0.0016181229773463146,1,0.0,1
18478930_15,356,Soft-probability A*,1,15622,0.014760147601476037,1,0.0036900369003689537,1,0.0,1,0.0,1
18478930_15,356,Topology+Risk A*,1,17654,0.007312614259597838,1,0.001828153564899404,1,0.0,1,0.0,1
18478930_15,357,Soft-probability A*,1,16930,0.0345423143350605,1,0.0,1,0.0,1,0.0,1
18478930_15,357,Topology+Risk A*,1,19063,0.011925042589437829,1,0.0,1,0.0,1,0.0,1
18478930_15,358,Soft-probability A*,1,67296,0.04255319148936165,1,0.013593380614657202,1,0.0017730496453900457,1,0.0,1
18478930_15,358,Topology+Risk A*,1,84077,0.03253922138291687,1,0.005229517722254551,1,0.0005810575246949501,1,0.0,1
18478930_15,359,Soft-probability A*,1,106848,0.03130644190246834,1,0.011438892233594178,1,0.003010234798314304,1,0.0,1
18478930_15,359,Topology+Risk A*,1,104581,0.013666072489601944,1,0.0005941770647652778,1,0.0,1,0.0,1
18478930_15,360,Soft-probability A*,1,118613,0.062408223201174784,0,0.011747430249632873,1,0.0,1,0.0,1
18478930_15,360,Topology+Risk A*,1,114853,0.005090909090909146,1,0.0,1,0.0,1,0.0,1
18478930_15,361,Soft-probability A*,1,62503,0.09480968858131489,0,0.03944636678200697,1,0.00899653979238757,1,0.0,1
18478930_15,361,Topology+Risk A*,1,64295,0.05540355677154585,0,0.009575923392612817,1,0.0,1,0.0,1
18478930_15,362,Soft-probability A*,1,74081,0.05733944954128445,0,0.016819571865443472,1,0.000764525993883769,1,0.0,1
18478930_15,362,Topology+Risk A*,1,87102,0.03900975243810956,1,0.006001500375093727,1,0.0,1,0.0,1
18478930_15,363,Soft-probability A*,1,89073,0.06891025641025639,0,0.023504273504273532,1,0.003739316239316226,1,0.0,1
18478930_15,363,Topology+Risk A*,1,102928,0.036430834213305174,1,0.004223864836325197,1,0.0,1,0.0,1
18478930_15,364,Soft-probability A*,1,69394,0.07967589466576641,0,0.01620526671168132,1,0.0006752194463200967,1,0.0,1
18478930_15,364,Topology+Risk A*,1,89223,0.03654485049833889,1,0.005980066445182675,1,0.0,1,0.0,1
18478930_15,365,Soft-probability A*,1,68342,0.041749502982107334,1,0.014579191517561263,1,0.003976143141153132,1,0.0,1
18478930_15,365,Topology+Risk A*,1,86831,0.03464052287581698,1,0.002614379084967311,1,0.0,1,0.0,1
18478930_15,366,Soft-probability A*,1,47642,0.010152284263959421,1,0.0,1,0.0,1,0.0,1
18478930_15,366,Topology+Risk A*,1,64013,0.005050505050505083,1,0.0,1,0.0,1,0.0,1
18478930_15,367,Soft-probability A*,1,61504,0.02394454946439828,1,0.000630119722747291,1,0.0,1,0.0,1
18478930_15,367,Topology+Risk A*,1,66716,0.0056285178236398226,1,0.0,1,0.0,1,0.0,1
18478930_15,368,Soft-probability A*,1,122972,0.025568181818181768,1,0.007954545454545436,1,0.0028409090909090606,1,0.0,1
18478930_15,368,Topology+Risk A*,1,110423,0.009019165727170209,1,0.0005636978579481866,1,0.0,1,0.0,1
18478930_15,369,Soft-probability A*,1,101512,0.07510729613733902,0,0.01770386266094426,1,0.0010729613733905241,1,0.0,1
18478930_15,369,Topology+Risk A*,1,116188,0.03230932203389836,1,0.004766949152542388,1,0.0,1,0.0,1
18478930_15,370,Soft-probability A*,1,105630,0.07033805888767719,0,0.01526717557251911,1,0.0005452562704471031,1,0.0,1
18478930_15,370,Topology+Risk A*,1,123717,0.030139935414424057,1,0.0043057050592034685,1,0.0,1,0.0,1
18478930_15,371,Soft-probability A*,1,127700,0.06431207169214548,0,0.023721665788086432,1,0.004217185028993153,1,0.0,1
18478930_15,371,Topology+Risk A*,1,138246,0.03645833333333337,1,0.0078125,1,0.0,1,0.0,1
18478930_15,372,Soft-probability A*,1,45979,0.0209150326797386,1,0.0006535947712418277,1,0.0,1,0.0,1
18478930_15,372,Topology+Risk A*,1,56062,0.005840363400389403,1,0.0,1,0.0,1,0.0,1
20278885_15,373,Soft-probability A*,0,0,nan,0,nan,0,nan,0,nan,0
20278885_15,373,Topology+Risk A*,1,13623,0.15806451612903227,0,0.1225806451612903,0,0.10322580645161294,0,0.0951612903225807,0
20278885_15,374,Soft-probability A*,1,11165,0.03454894433781186,1,0.007677543186180413,1,0.0,1,0.0,1
20278885_15,374,Topology+Risk A*,1,19072,0.026819923371647514,1,0.007662835249042099,1,0.0,1,0.0,1
20278885_15,375,Soft-probability A*,1,17453,0.018707482993197244,1,0.005102040816326481,1,0.0,1,0.0,1
20278885_15,375,Topology+Risk A*,1,20359,0.008460236886632777,1,0.0,1,0.0,1,0.0,1
20278885_15,376,Soft-probability A*,1,1705,0.0,1,0.0,1,0.0,1,0.0,1
20278885_15,376,Topology+Risk A*,1,1832,0.0,1,0.0,1,0.0,1,0.0,1
20278885_15,377,Soft-probability A*,0,0,nan,0,nan,0,nan,0,nan,0
20278885_15,377,Topology+Risk A*,0,0,nan,0,nan,0,nan,0,nan,0
20278885_15,378,Soft-probability A*,0,0,nan,0,nan,0,nan,0,nan,0
20278885_15,378,Topology+Risk A*,0,0,nan,0,nan,0,nan,0,nan,0
20278885_15,379,Soft-probability A*,1,33798,0.013274336283185861,1,0.0,1,0.0,1,0.0,1
20278885_15,379,Topology+Risk A*,1,39741,0.004410143329658167,1,0.0,1,0.0,1,0.0,1
20278885_15,380,Soft-probability A*,1,59032,0.017532874139010612,1,0.0050093926111458575,1,0.0,1,0.0,1
20278885_15,380,Topology+Risk A*,1,57591,0.008104738154613433,1,0.0012468827930174342,1,0.0,1,0.0,1
20278885_15,381,Soft-probability A*,1,26227,0.014084507042253502,1,0.0,1,0.0,1,0.0,1
20278885_15,381,Topology+Risk A*,1,26771,0.004667444574095736,1,0.0,1,0.0,1,0.0,1
20278885_15,382,Soft-probability A*,1,42360,0.013930348258706426,1,0.007960199004975133,1,0.0,1,0.0,1
20278885_15,382,Topology+Risk A*,1,51173,0.0069375619425173785,1,0.0,1,0.0,1,0.0,1
20278885_15,383,Soft-probability A*,1,51796,0.03500660501981501,1,0.01387054161162482,1,0.0,1,0.0,1
20278885_15,383,Topology+Risk A*,1,50478,0.004605263157894779,1,0.0,1,0.0,1,0.0,1
20278885_15,384,Soft-probability A*,1,43551,0.012463343108504388,1,0.0014662756598240456,1,0.0,1,0.0,1
20278885_15,384,Topology+Risk A*,1,46184,0.004376367614879695,1,0.0,1,0.0,1,0.0,1
20278885_15,385,Soft-probability A*,1,40706,0.01175406871609408,1,0.001808318264014508,1,0.0,1,0.0,1
20278885_15,385,Topology+Risk A*,1,47587,0.0036003600360036137,1,0.0,1,0.0,1,0.0,1
20728960_15,386,Soft-probability A*,1,41332,0.04312354312354316,1,0.015151515151515138,1,0.00815850815850816,1,0.0034965034965035446,1
20728960_15,386,Topology+Risk A*,1,42246,0.01730103806228378,1,0.01038062283737029,1,0.008073817762399127,1,0.0034602076124568004,1
20728960_15,387,Soft-probability A*,1,5576,0.07511737089201875,0,0.03755868544600938,1,0.0046948356807511304,1,0.0,1
20728960_15,387,Topology+Risk A*,1,6856,0.027649769585253448,1,0.009216589861751112,1,0.0,1,0.0,1
20728960_15,388,Soft-probability A*,0,0,nan,0,nan,0,nan,0,nan,0
20728960_15,388,Topology+Risk A*,1,147876,0.0044826298094882144,1,0.0022413149047441072,1,0.0014942099364960715,1,0.0007471049682480357,1
20728960_15,389,Soft-probability A*,1,19454,0.03924914675767921,1,0.023890784982935176,1,0.008532423208191142,1,0.0034129692832765013,1
20728960_15,389,Topology+Risk A*,1,27844,0.02037351443123936,1,0.008488964346349714,1,0.0,1,0.0,1
20728960_15,390,Soft-probability A*,1,15346,0.0,1,0.0,1,0.0,1,0.0,1
20728960_15,390,Topology+Risk A*,1,20482,0.0,1,0.0,1,0.0,1,0.0,1
20728960_15,391,Soft-probability A*,0,0,nan,0,nan,0,nan,0,nan,0
20728960_15,391,Topology+Risk A*,0,200001,nan,0,nan,0,nan,0,nan,0
20728960_15,392,Soft-probability A*,0,0,nan,0,nan,0,nan,0,nan,0
20728960_15,392,Topology+Risk A*,1,193143,0.012132241431604518,1,0.0036396724294813776,1,0.0012132241431604962,1,0.0006066120715801926,1
20728960_15,393,Soft-probability A*,0,0,nan,0,nan,0,nan,0,nan,0
20728960_15,393,Topology+Risk A*,0,200001,nan,0,nan,0,nan,0,nan,0
20728960_15,394,Soft-probability A*,0,0,nan,0,nan,0,nan,0,nan,0
20728960_15,394,Topology+Risk A*,1,175156,0.012536873156342221,1,0.007005899705014751,1,0.004056047197640078,1,0.0018436578171091567,1
20728960_15,395,Soft-probability A*,0,0,nan,0,nan,0,nan,0,nan,0
20728960_15,395,Topology+Risk A*,0,0,nan,0,nan,0,nan,0,nan,0
20728960_15,396,Soft-probability A*,1,65613,0.02065404475043031,1,0.009179575444635657,1,0.0017211703958691649,1,0.0,1
20728960_15,396,Topology+Risk A*,1,106003,0.006861063464837058,1,0.002287021154945723,1,0.0,1,0.0,1
20728960_15,397,Soft-probability A*,0,0,nan,0,nan,0,nan,0,nan,0
20728960_15,397,Topology+Risk A*,0,200001,nan,0,nan,0,nan,0,nan,0
20728960_15,398,Soft-probability A*,0,0,nan,0,nan,0,nan,0,nan,0
20728960_15,398,Topology+Risk A*,1,181068,0.007186489399928164,1,0.0035932446999640266,1,0.0014372978799855884,1,0.0007186489399928497,1
20728960_15,399,Soft-probability A*,1,72534,0.02186070157600406,1,0.009150991357397054,1,0.004575495678698527,1,0.0015251652262328053,1
20728960_15,399,Topology+Risk A*,1,72296,0.008076728924785503,1,0.004543160020191839,1,0.0035335689045936647,1,0.0015143866733973166,1
20728960_15,400,Soft-probability A*,0,0,nan,0,nan,0,nan,0,nan,0
20728960_15,400,Topology+Risk A*,1,182998,0.013058618688334356,1,0.00580383052814859,1,0.0031921067904817635,1,0.0014509576320371753,1
20728960_15,401,Soft-probability A*,0,0,nan,0,nan,0,nan,0,nan,0
20728960_15,401,Topology+Risk A*,1,175581,0.011572498298161982,1,0.003403675970047648,1,0.001361470388019037,1,0.000680735194009574,1
20728960_15,402,Soft-probability A*,0,0,nan,0,nan,0,nan,0,nan,0
20728960_15,402,Topology+Risk A*,1,185342,0.010292164674634785,1,0.00431606905710491,1,0.0016600265604249653,1,0.0006640106241699861,1
20728960_15,403,Soft-probability A*,0,0,nan,0,nan,0,nan,0,nan,0
20728960_15,403,Topology+Risk A*,0,200001,nan,0,nan,0,nan,0,nan,0
20728960_15,404,Soft-probability A*,0,0,nan,0,nan,0,nan,0,nan,0
20728960_15,404,Topology+Risk A*,0,200001,nan,0,nan,0,nan,0,nan,0
20728960_15,405,Soft-probability A*,0,0,nan,0,nan,0,nan,0,nan,0
20728960_15,405,Topology+Risk A*,0,0,nan,0,nan,0,nan,0,nan,0
20878930_15,406,Soft-probability A*,1,22192,0.01666666666666672,1,0.0,1,0.0,1,0.0,1
20878930_15,406,Topology+Risk A*,1,27187,0.008264462809917328,1,0.0,1,0.0,1,0.0,1
20878930_15,407,Soft-probability A*,1,19340,0.05769230769230771,0,0.027243589743589758,1,0.0,1,0.0,1
20878930_15,407,Topology+Risk A*,1,23138,0.009538950715421324,1,0.0,1,0.0,1,0.0,1
20878930_15,408,Soft-probability A*,1,26832,0.049278846153846145,1,0.0,1,0.0,1,0.0,1
20878930_15,408,Topology+Risk A*,1,28235,0.0,1,0.0,1,0.0,1,0.0,1
20878930_15,409,Soft-probability A*,1,13085,0.047131147540983576,1,0.012295081967213073,1,0.002049180327868827,1,0.0,1
20878930_15,409,Topology+Risk A*,1,18093,0.014112903225806495,1,0.0020161290322581182,1,0.0,1,0.0,1
20878930_15,410,Soft-probability A*,1,23238,0.01645338208409508,1,0.00822669104204754,1,0.001828153564899404,1,0.0,1
20878930_15,410,Topology+Risk A*,1,23112,0.010928961748633892,1,0.0036429872495445936,1,0.0,1,0.0,1
20878930_15,411,Soft-probability A*,1,1204,0.0,1,0.0,1,0.0,1,0.0,1
20878930_15,411,Topology+Risk A*,1,1521,0.0,1,0.0,1,0.0,1,0.0,1
20878930_15,412,Soft-probability A*,0,0,nan,0,nan,0,nan,0,nan,0
20878930_15,412,Topology+Risk A*,0,0,nan,0,nan,0,nan,0,nan,0
20878930_15,413,Soft-probability A*,0,0,nan,0,nan,0,nan,0,nan,0
20878930_15,413,Topology+Risk A*,1,93959,0.03192848020434225,1,0.008939974457215838,1,0.0,1,0.0,1
20878930_15,414,Soft-probability A*,0,0,nan,0,nan,0,nan,0,nan,0
20878930_15,414,Topology+Risk A*,1,75337,0.04112808460634543,1,0.009400705052878933,1,0.0,1,0.0,1
20878930_15,415,Soft-probability A*,1,81351,0.05308464849354377,0,0.01793400286944047,1,0.0014347202295552641,1,0.0,1
20878930_15,415,Topology+Risk A*,1,128412,0.012838801711840264,1,0.003566333808844524,1,0.0,1,0.0,1
20878930_15,416,Soft-probability A*,1,66376,0.10165289256198351,0,0.023966942148760384,1,0.0024793388429752428,1,0.0,1
20878930_15,416,Topology+Risk A*,1,95658,0.05691056910569103,0,0.003252032520325243,1,0.0,1,0.0,1
20878930_15,417,Soft-probability A*,1,123697,0.03639159405433112,1,0.009226037929267017,1,0.0,1,0.0,1
20878930_15,417,Topology+Risk A*,1,164892,0.005595116988809767,1,0.0,1,0.0,1,0.0,1
20878930_15,418,Soft-probability A*,1,75171,0.05096660808435849,0,0.019332161687170446,1,0.0029291154071470205,1,0.0,1
20878930_15,418,Topology+Risk A*,1,108844,0.021536670547147807,1,0.0075669383003492685,1,0.0017462165308498312,1,0.0,1
20878930_15,419,Soft-probability A*,1,159508,0.05207723815096543,0,0.01930953774136923,1,0.0029256875365710755,1,0.0,1
20878930_15,419,Topology+Risk A*,1,181101,0.02027809965237548,1,0.006373117033603659,1,0.0017381228273464222,1,0.0,1
20878930_15,420,Soft-probability A*,0,0,nan,0,nan,0,nan,0,nan,0
20878930_15,420,Topology+Risk A*,1,134083,0.02709568162574094,1,0.006773920406435208,1,0.0,1,0.0,1
20878930_15,421,Soft-probability A*,1,124366,0.026147588611272532,1,0.004067402672864651,1,0.0,1,0.0,1
20878930_15,421,Topology+Risk A*,1,149660,0.024277456647398887,1,0.016184971098265888,1,0.007514450867052047,1,0.0011560693641619046,1
20878930_15,422,Soft-probability A*,1,92186,0.04675467546754675,1,0.014301430143014326,1,0.0011001100110010764,1,0.0,1
20878930_15,422,Topology+Risk A*,1,112867,0.014762165117550574,1,0.0032804811372334486,1,0.0,1,0.0,1
20878930_15,423,Soft-probability A*,0,0,nan,0,nan,0,nan,0,nan,0
20878930_15,423,Topology+Risk A*,0,0,nan,0,nan,0,nan,0,nan,0
20878930_15,424,Soft-probability A*,1,148960,0.0405092592592593,1,0.01041666666666663,1,0.0,1,0.0,1
20878930_15,424,Topology+Risk A*,1,177421,0.006321839080459801,1,0.0,1,0.0,1,0.0,1
20878930_15,425,Soft-probability A*,0,0,nan,0,nan,0,nan,0,nan,0
20878930_15,425,Topology+Risk A*,0,200001,nan,0,nan,0,nan,0,nan,0
21479035_15,426,Soft-probability A*,1,21378,0.058394160583941646,0,0.0,1,0.0,1,0.0,1
21479035_15,426,Topology+Risk A*,1,20340,0.0035906642728904536,1,0.0,1,0.0,1,0.0,1
21479035_15,427,Soft-probability A*,0,0,nan,0,nan,0,nan,0,nan,0
21479035_15,427,Topology+Risk A*,1,16012,0.0014556040756914523,1,0.0,1,0.0,1,0.0,1
21479035_15,428,Soft-probability A*,1,5824,0.4626865671641791,0,0.39925373134328357,0,0.3880597014925373,0,0.3805970149253731,0
21479035_15,428,Topology+Risk A*,1,8187,0.40441176470588236,0,0.3933823529411765,0,0.38235294117647056,0,0.375,0
21479035_15,429,Soft-probability A*,1,3467,0.0,1,0.0,1,0.0,1,0.0,1
21479035_15,429,Topology+Risk A*,1,3521,0.0,1,0.0,1,0.0,1,0.0,1
21479035_15,430,Soft-probability A*,1,14217,0.20731707317073167,0,0.16158536585365857,0,0.1570121951219512,0,0.1539634146341463,0
21479035_15,430,Topology+Risk A*,1,14559,0.1636636636636637,0,0.15915915915915912,0,0.15465465465465467,0,0.15165165165165162,0
21479035_15,431,Soft-probability A*,0,0,nan,0,nan,0,nan,0,nan,0
21479035_15,431,Topology+Risk A*,0,0,nan,0,nan,0,nan,0,nan,0
21479035_15,432,Soft-probability A*,0,0,nan,0,nan,0,nan,0,nan,0
21479035_15,432,Topology+Risk A*,1,27249,0.12671905697445973,0,0.0520628683693517,0,0.008840864440078589,1,0.0029469548133594925,1
21479035_15,433,Soft-probability A*,0,0,nan,0,nan,0,nan,0,nan,0
21479035_15,433,Topology+Risk A*,1,43353,0.018479033404406486,1,0.01279317697228144,1,0.00497512437810943,1,0.002132196162046962,1
21479035_15,434,Soft-probability A*,1,27486,0.024582967515364373,1,0.0,1,0.0,1,0.0,1
21479035_15,434,Topology+Risk A*,1,36007,0.0,1,0.0,1,0.0,1,0.0,1
21479035_15,435,Soft-probability A*,1,19086,0.1496149614961496,0,0.11661166116611665,0,0.11331133113311331,0,0.11111111111111116,0
21479035_15,435,Topology+Risk A*,1,22822,0.1186071817192601,0,0.11534276387377584,0,0.11207834602829159,0,0.10990206746463549,0
21479035_15,436,Soft-probability A*,1,17947,0.039716312056737535,1,0.0,1,0.0,1,0.0,1
21479035_15,436,Topology+Risk A*,1,19523,0.0,1,0.0,1,0.0,1,0.0,1
21479035_15,437,Soft-probability A*,0,0,nan,0,nan,0,nan,0,nan,0
21479035_15,437,Topology+Risk A*,1,28650,0.028301886792452824,1,0.015437392795883409,1,0.006003430531732468,1,0.002572898799313883,1
21479035_15,438,Soft-probability A*,1,28856,0.08015267175572516,0,0.020038167938931317,1,0.012404580152671763,1,0.007633587786259555,1
21479035_15,438,Topology+Risk A*,1,31495,0.025447690857681393,1,0.013195098963242224,1,0.009425070688030113,1,0.005655042412818112,1
21479035_15,439,Soft-probability A*,0,0,nan,0,nan,0,nan,0,nan,0
21479035_15,439,Topology+Risk A*,1,39555,0.000684462696783017,1,0.0,1,0.0,1,0.0,1
21479035_15,440,Soft-probability A*,0,0,nan,0,nan,0,nan,0,nan,0
21479035_15,440,Topology+Risk A*,1,42093,0.0,1,0.0,1,0.0,1,0.0,1
21479035_15,441,Soft-probability A*,0,0,nan,0,nan,0,nan,0,nan,0
21479035_15,441,Topology+Risk A*,1,46473,0.0,1,0.0,1,0.0,1,0.0,1
21479035_15,442,Soft-probability A*,0,0,nan,0,nan,0,nan,0,nan,0
21479035_15,442,Topology+Risk A*,1,46668,0.0,1,0.0,1,0.0,1,0.0,1
21479035_15,443,Soft-probability A*,0,0,nan,0,nan,0,nan,0,nan,0
21479035_15,443,Topology+Risk A*,1,42170,0.018080667593880384,1,0.012517385257301838,1,0.004867872044506227,1,0.0020862308762169546,1
21479035_15,444,Soft-probability A*,0,0,nan,0,nan,0,nan,0,nan,0
21479035_15,444,Topology+Risk A*,1,39287,0.0,1,0.0,1,0.0,1,0.0,1
21479035_15,445,Soft-probability A*,0,0,nan,0,nan,0,nan,0,nan,0
21479035_15,445,Topology+Risk A*,1,40679,0.0006793478260869179,1,0.0,1,0.0,1,0.0,1
21779005_15,446,Soft-probability A*,1,13161,0.14970059880239517,0,0.1097804391217565,0,0.08782435129740518,0,0.07584830339321358,0
21779005_15,446,Topology+Risk A*,1,17075,0.12475247524752475,0,0.09108910891089106,0,0.07920792079207917,0,0.07326732673267322,0
21779005_15,447,Soft-probability A*,1,8164,0.024657534246575352,1,0.010958904109588996,1,0.0,1,0.0,1
21779005_15,447,Topology+Risk A*,1,8260,0.016260162601625994,1,0.005420054200542035,1,0.0,1,0.0,1
21779005_15,448,Soft-probability A*,0,0,nan,0,nan,0,nan,0,nan,0
21779005_15,448,Topology+Risk A*,0,0,nan,0,nan,0,nan,0,nan,0
21779005_15,449,Soft-probability A*,1,9576,0.014285714285714235,1,0.0,1,0.0,1,0.0,1
21779005_15,449,Topology+Risk A*,1,11628,0.007075471698113178,1,0.0,1,0.0,1,0.0,1
21779005_15,450,Soft-probability A*,1,11644,0.0,1,0.0,1,0.0,1,0.0,1
21779005_15,450,Topology+Risk A*,1,15608,0.0,1,0.0,1,0.0,1,0.0,1
21779005_15,451,Soft-probability A*,1,19253,0.08029197080291972,0,0.04379562043795615,1,0.010218978102189746,1,0.0,1
21779005_15,451,Topology+Risk A*,1,20150,0.06647398843930641,0,0.028901734104046284,1,0.005780346820809301,1,0.0,1
21779005_15,452,Soft-probability A*,1,38388,0.03764544832306638,1,0.022587268993839782,1,0.00479123887748123,1,0.0,1
21779005_15,452,Topology+Risk A*,1,36295,0.03989181879648407,1,0.019607843137254943,1,0.0027045300878972833,1,0.0,1
21779005_15,453,Soft-probability A*,1,32084,0.02885292047853627,1,0.007741027445460902,1,0.0007037297677692234,1,0.0,1
21779005_15,453,Topology+Risk A*,1,36938,0.020804438280166426,1,0.00554785020804438,1,0.0,1,0.0,1
21779005_15,454,Soft-probability A*,1,51811,0.03529411764705881,1,0.02148337595907923,1,0.005115089514066473,1,0.0,1
21779005_15,454,Topology+Risk A*,1,50216,0.03388973191704603,1,0.015174506828528056,1,0.002023267577137111,1,0.0,1
21779005_15,455,Soft-probability A*,1,47620,0.02035830618892509,1,0.009771986970684043,1,0.002442996742671011,1,0.0,1
21779005_15,455,Topology+Risk A*,1,45074,0.02493966210780374,1,0.008045052292839916,1,0.0,1,0.0,1
21779005_15,456,Soft-probability A*,1,48295,0.01140065146579805,1,0.004071661237785018,1,0.0,1,0.0,1
21779005_15,456,Topology+Risk A*,1,45069,0.01774193548387093,1,0.006451612903225823,1,0.0,1,0.0,1
21779005_15,457,Soft-probability A*,1,33571,0.016299918500407462,1,0.00896495517522411,1,0.0024449877750610804,1,0.0,1
21779005_15,457,Topology+Risk A*,1,30011,0.01208702659145855,1,0.003223207091055613,1,0.0,1,0.0,1
21779005_15,458,Soft-probability A*,1,47471,0.042272126816380484,1,0.02708058124174373,1,0.006605019815059454,1,0.0,1
21779005_15,458,Topology+Risk A*,1,52879,0.03328981723237601,1,0.015665796344647487,1,0.0026109660574412663,1,0.0,1
21779005_15,459,Soft-probability A*,1,58370,0.0525451559934319,0,0.029009304871373875,1,0.007115489874110592,1,0.0,1
21779005_15,459,Topology+Risk A*,1,54248,0.029826464208242975,1,0.013557483731019504,1,0.002169197396963085,1,0.0,1
21779005_15,460,Soft-probability A*,1,80476,0.03135498320268759,1,0.01903695408734607,1,0.003919372900335949,1,0.0,1
21779005_15,460,Topology+Risk A*,1,75695,0.024430871737923354,1,0.01277068295391448,1,0.002220988339811214,1,0.0,1
21779005_15,461,Soft-probability A*,0,0,nan,0,nan,0,nan,0,nan,0
21779005_15,461,Topology+Risk A*,0,0,nan,0,nan,0,nan,0,nan,0
21779005_15,462,Soft-probability A*,1,79108,0.039564220183486265,1,0.0240825688073395,1,0.005733944954128489,1,0.0,1
21779005_15,462,Topology+Risk A*,1,73601,0.028960817717206155,1,0.014196479273140272,1,0.0022714366837024436,1,0.0,1
21779005_15,463,Soft-probability A*,0,0,nan,0,nan,0,nan,0,nan,0
21779005_15,463,Topology+Risk A*,0,0,nan,0,nan,0,nan,0,nan,0
21779005_15,464,Soft-probability A*,0,0,nan,0,nan,0,nan,0,nan,0
21779005_15,464,Topology+Risk A*,0,0,nan,0,nan,0,nan,0,nan,0
21779005_15,465,Soft-probability A*,1,80792,0.09663641217298446,0,0.0774159103043246,0,0.059263214095034655,0,0.05178857447944474,0
21779005_15,465,Topology+Risk A*,1,83169,0.0877842411422528,0,0.06821787414066627,0,0.05499735589635113,0,0.05076679005817031,0
22078975_15,466,Soft-probability A*,1,178995,0.10283400809716603,0,0.042914979757085026,1,0.017813765182186247,1,0.006477732793522262,1
22078975_15,466,Topology+Risk A*,1,182705,0.07888446215139444,0,0.027091633466135412,1,0.008764940239043839,1,0.004780876494023922,1
22078975_15,467,Soft-probability A*,1,52912,0.11918274687854713,0,0.055618615209988675,0,0.020431328036322416,1,0.010215664018161208,1
22078975_15,467,Topology+Risk A*,1,65940,0.08484162895927605,0,0.02828054298642535,1,0.020361990950226283,1,0.013574660633484115,1
22078975_15,468,Soft-probability A*,1,7680,0.0,1,0.0,1,0.0,1,0.0,1
22078975_15,468,Topology+Risk A*,1,11785,0.012121212121212088,1,0.0,1,0.0,1,0.0,1
22078975_15,469,Soft-probability A*,1,35466,0.3157894736842105,0,0.24792243767313016,0,0.24238227146814406,0,0.23822714681440438,0
22078975_15,469,Topology+Risk A*,1,34905,0.3452054794520548,0,0.27260273972602744,0,0.23698630136986298,0,0.23424657534246573,0
22078975_15,470,Soft-probability A*,0,0,nan,0,nan,0,nan,0,nan,0
22078975_15,470,Topology+Risk A*,0,0,nan,0,nan,0,nan,0,nan,0
22078975_15,471,Soft-probability A*,1,62406,0.03950103950103945,1,0.00519750519750517,1,0.0010395010395010118,1,0.0,1
22078975_15,471,Topology+Risk A*,1,64238,0.06811145510835914,0,0.02270381836945301,1,0.0,1,0.0,1
22078975_15,472,Soft-probability A*,0,0,nan,0,nan,0,nan,0,nan,0
22078975_15,472,Topology+Risk A*,0,0,nan,0,nan,0,nan,0,nan,0
22078975_15,473,Soft-probability A*,1,78193,0.07568438003220612,0,0.0249597423510467,1,0.004025764895330131,1,0.0,1
22078975_15,473,Topology+Risk A*,1,122310,0.09367493995196152,0,0.02642113690952763,1,0.005604483586869491,1,0.004003202562049668,1
22078975_15,474,Soft-probability A*,1,56487,0.051912568306010876,0,0.010018214936247771,1,0.0,1,0.0,1
22078975_15,474,Topology+Risk A*,1,107200,0.04843049327354265,1,0.008071748878923812,1,0.0,1,0.0,1
22078975_15,475,Soft-probability A*,1,52928,0.11892450879007244,0,0.04033092037228547,1,0.005170630816959676,1,0.0,1
22078975_15,475,Topology+Risk A*,1,82204,0.06659836065573765,0,0.016393442622950838,1,0.0071721311475410054,1,0.0051229508196721785,1
22078975_15,476,Soft-probability A*,1,125311,0.08593091828138166,0,0.05223251895534964,0,0.031171019376579623,1,0.021903959561920816,1
22078975_15,476,Topology+Risk A*,1,194142,0.04347826086956519,1,0.020903010033444858,1,0.012541806020066937,1,0.006688963210702337,1
22078975_15,477,Soft-probability A*,1,87402,0.06159769008662175,0,0.0327237728585178,1,0.024061597690086645,1,0.017324350336862415,1
22078975_15,477,Topology+Risk A*,1,105435,0.056083650190114076,0,0.024714828897338448,1,0.018060836501901156,1,0.012357414448669224,1
22078975_15,478,Soft-probability A*,1,34096,0.13446676970633697,0,0.04791344667697062,1,0.007727975270479082,1,0.0,1
22078975_15,478,Topology+Risk A*,1,42071,0.07810107197549765,0,0.018376722817764146,1,0.01071975497702915,1,0.007656967840735107,1
22078975_15,479,Soft-probability A*,0,200001,nan,0,nan,0,nan,0,nan,0
22078975_15,479,Topology+Risk A*,0,200001,nan,0,nan,0,nan,0,nan,0
22078975_15,480,Soft-probability A*,0,200001,nan,0,nan,0,nan,0,nan,0
22078975_15,480,Topology+Risk A*,0,200001,nan,0,nan,0,nan,0,nan,0
22078975_15,481,Soft-probability A*,0,0,nan,0,nan,0,nan,0,nan,0
22078975_15,481,Topology+Risk A*,0,0,nan,0,nan,0,nan,0,nan,0
22078975_15,482,Soft-probability A*,0,0,nan,0,nan,0,nan,0,nan,0
22078975_15,482,Topology+Risk A*,0,0,nan,0,nan,0,nan,0,nan,0
22078975_15,483,Soft-probability A*,0,0,nan,0,nan,0,nan,0,nan,0
22078975_15,483,Topology+Risk A*,0,0,nan,0,nan,0,nan,0,nan,0
22078975_15,484,Soft-probability A*,0,200001,nan,0,nan,0,nan,0,nan,0
22078975_15,484,Topology+Risk A*,0,200001,nan,0,nan,0,nan,0,nan,0
22078975_15,485,Soft-probability A*,0,0,nan,0,nan,0,nan,0,nan,0
22078975_15,485,Topology+Risk A*,0,0,nan,0,nan,0,nan,0,nan,0
22228900_15,486,Soft-probability A*,0,0,nan,0,nan,0,nan,0,nan,0
22228900_15,486,Topology+Risk A*,0,0,nan,0,nan,0,nan,0,nan,0
22228900_15,487,Soft-probability A*,1,9978,0.0021141649048626032,1,0.0,1,0.0,1,0.0,1
22228900_15,487,Topology+Risk A*,1,10186,0.0,1,0.0,1,0.0,1,0.0,1
22228900_15,488,Soft-probability A*,0,0,nan,0,nan,0,nan,0,nan,0
22228900_15,488,Topology+Risk A*,0,0,nan,0,nan,0,nan,0,nan,0
22228900_15,489,Soft-probability A*,1,2515,0.0,1,0.0,1,0.0,1,0.0,1
22228900_15,489,Topology+Risk A*,1,2619,0.0,1,0.0,1,0.0,1,0.0,1
22228900_15,490,Soft-probability A*,1,8214,0.010000000000000009,1,0.0020000000000000018,1,0.0,1,0.0,1
22228900_15,490,Topology+Risk A*,1,8525,0.031936127744510934,1,0.0,1,0.0,1,0.0,1
22228900_15,491,Soft-probability A*,0,0,nan,0,nan,0,nan,0,nan,0
22228900_15,491,Topology+Risk A*,0,0,nan,0,nan,0,nan,0,nan,0
22228900_15,492,Soft-probability A*,0,0,nan,0,nan,0,nan,0,nan,0
22228900_15,492,Topology+Risk A*,0,0,nan,0,nan,0,nan,0,nan,0
22228900_15,493,Soft-probability A*,1,49012,0.07455156950672648,0,0.01681614349775784,1,0.0,1,0.0,1
22228900_15,493,Topology+Risk A*,1,48645,0.0696378830083565,0,0.007799442896935904,1,0.0,1,0.0,1
22228900_15,494,Soft-probability A*,1,26458,0.016931216931216908,1,0.007407407407407418,1,0.004232804232804255,1,0.002116402116402072,1
22228900_15,494,Topology+Risk A*,1,26147,0.008394543546694666,1,0.005246589716684125,1,0.0031479538300105414,1,0.0010493179433368471,1
22228900_15,495,Soft-probability A*,1,17676,0.12985436893203883,0,0.020631067961165095,1,0.0,1,0.0,1
22228900_15,495,Topology+Risk A*,1,25903,0.14389359129383317,0,0.016928657799274438,1,0.0,1,0.0,1
22228900_15,496,Soft-probability A*,0,0,nan,0,nan,0,nan,0,nan,0
22228900_15,496,Topology+Risk A*,0,0,nan,0,nan,0,nan,0,nan,0
22228900_15,497,Soft-probability A*,1,59699,0.07072368421052633,0,0.014254385964912242,1,0.002192982456140302,1,0.0010964912280702066,1
22228900_15,497,Topology+Risk A*,1,54939,0.07146753955264595,0,0.010911074740861948,1,0.0016366612111292644,1,0.0005455537370431252,1
22228900_15,498,Soft-probability A*,1,45637,0.07095490716180375,0,0.011273209549071628,1,0.0,1,0.0,1
22228900_15,498,Topology+Risk A*,1,47416,0.0783926218708827,0,0.00922266139657446,1,0.0,1,0.0,1
22228900_15,499,Soft-probability A*,1,52246,0.06174264281592612,0,0.009809578765147098,1,0.0,1,0.0,1
22228900_15,499,Topology+Risk A*,1,53483,0.0740103270223752,0,0.008032128514056214,1,0.0,1,0.0,1
22228900_15,500,Soft-probability A*,1,50373,0.07495429616087756,0,0.014625228519195566,1,0.0024375380865325758,1,0.0012187690432663434,1
22228900_15,500,Topology+Risk A*,1,49127,0.07701637355973312,0,0.011522134627046654,1,0.0018192844147968401,1,0.0006064281382656134,1
22228900_15,501,Soft-probability A*,1,55436,0.050638902035021305,0,0.008045433033601501,1,0.0,1,0.0,1
22228900_15,501,Topology+Risk A*,1,55806,0.0607630711257654,0,0.006594441827602493,1,0.0,1,0.0,1
22228900_15,502,Soft-probability A*,1,53035,0.06021384355655601,0,0.009566685424873378,1,0.0,1,0.0,1
22228900_15,502,Topology+Risk A*,1,53166,0.07106883044208168,0,0.007834359261331802,1,0.0,1,0.0,1
22228900_15,503,Soft-probability A*,0,0,nan,0,nan,0,nan,0,nan,0
22228900_15,503,Topology+Risk A*,0,0,nan,0,nan,0,nan,0,nan,0
22228900_15,504,Soft-probability A*,1,44069,0.06553398058252424,0,0.010315533980582492,1,0.0,1,0.0,1
22228900_15,504,Topology+Risk A*,1,46580,0.07840772014475272,0,0.008443908323281013,1,0.0,1,0.0,1
22228900_15,505,Soft-probability A*,0,0,nan,0,nan,0,nan,0,nan,0
22228900_15,505,Topology+Risk A*,0,0,nan,0,nan,0,nan,0,nan,0
22229050_15,506,Soft-probability A*,1,2117,0.0,1,0.0,1,0.0,1,0.0,1
22229050_15,506,Topology+Risk A*,1,2728,0.0,1,0.0,1,0.0,1,0.0,1
22229050_15,507,Soft-probability A*,1,3894,0.0,1,0.0,1,0.0,1,0.0,1
22229050_15,507,Topology+Risk A*,1,3517,0.0,1,0.0,1,0.0,1,0.0,1
22229050_15,508,Soft-probability A*,1,8258,0.005115089514066473,1,0.0,1,0.0,1,0.0,1
22229050_15,508,Topology+Risk A*,1,9414,0.0025188916876573986,1,0.0,1,0.0,1,0.0,1
22229050_15,509,Soft-probability A*,0,0,nan,0,nan,0,nan,0,nan,0
22229050_15,509,Topology+Risk A*,0,0,nan,0,nan,0,nan,0,nan,0
22229050_15,510,Soft-probability A*,1,899,0.04761904761904767,1,0.0,1,0.0,1,0.0,1
22229050_15,510,Topology+Risk A*,1,1170,0.0,1,0.0,1,0.0,1,0.0,1
22229050_15,511,Soft-probability A*,0,0,nan,0,nan,0,nan,0,nan,0
22229050_15,511,Topology+Risk A*,0,0,nan,0,nan,0,nan,0,nan,0
22229050_15,512,Soft-probability A*,1,160319,0.03733641262509624,1,0.006158583525789019,1,0.0007698229407235857,1,0.0,1
22229050_15,512,Topology+Risk A*,0,200001,nan,0,nan,0,nan,0,nan,0
22229050_15,513,Soft-probability A*,1,35749,0.03125,1,0.0078125,1,0.001953125,1,0.0,1
22229050_15,513,Topology+Risk A*,1,53213,0.06828811973807292,0,0.007483629560336769,1,0.0,1,0.0,1
22229050_15,514,Soft-probability A*,1,82217,0.03917910447761197,1,0.006218905472636815,1,0.0012437810945273853,1,0.0,1
22229050_15,514,Topology+Risk A*,1,103067,0.005528255528255532,1,0.0,1,0.0,1,0.0,1
22229050_15,515,Soft-probability A*,1,42572,0.025242718446601975,1,0.000970873786407811,1,0.0,1,0.0,1
22229050_15,515,Topology+Risk A*,1,48886,0.06448598130841121,0,0.00747663551401867,1,0.0,1,0.0,1
22229050_15,516,Soft-probability A*,1,58923,0.03621853898096994,1,0.006138735420503361,1,0.0012277470841006721,1,0.0,1
22229050_15,516,Topology+Risk A*,1,64947,0.00424242424242427,1,0.0,1,0.0,1,0.0,1
22229050_15,517,Soft-probability A*,1,161802,0.03944773175542404,1,0.010355029585798814,1,0.0014792899408283544,1,0.0,1
22229050_15,517,Topology+Risk A*,0,200001,nan,0,nan,0,nan,0,nan,0
22229050_15,518,Soft-probability A*,1,29313,0.034037558685446,1,0.011737089201877882,1,0.0,1,0.0,1
22229050_15,518,Topology+Risk A*,1,33636,0.08868144690781798,0,0.010501750291715295,1,0.0,1,0.0,1
22229050_15,519,Soft-probability A*,1,127916,0.02585258525852585,1,0.004950495049504955,1,0.0011001100110010764,1,0.0,1
22229050_15,519,Topology+Risk A*,1,123732,0.043361884368308345,1,0.004282655246252709,1,0.0,1,0.0,1
22229050_15,520,Soft-probability A*,1,75685,0.02372262773722633,1,0.0048661800486617945,1,0.0012165450121655041,1,0.0,1
22229050_15,520,Topology+Risk A*,1,133446,0.0468286899822169,1,0.004742145820983978,1,0.0,1,0.0,1
22229050_15,521,Soft-probability A*,0,0,nan,0,nan,0,nan,0,nan,0
22229050_15,521,Topology+Risk A*,0,0,nan,0,nan,0,nan,0,nan,0
22229050_15,522,Soft-probability A*,0,0,nan,0,nan,0,nan,0,nan,0
22229050_15,522,Topology+Risk A*,0,0,nan,0,nan,0,nan,0,nan,0
22229050_15,523,Soft-probability A*,1,60375,0.03258145363408527,1,0.009398496240601517,1,0.0012531328320801727,1,0.0,1
22229050_15,523,Topology+Risk A*,1,65053,0.04930006086427263,1,0.004869141813755307,1,0.0,1,0.0,1
22229050_15,524,Soft-probability A*,1,139635,0.03966521106259102,1,0.013828238719068464,1,0.00545851528384278,1,0.00363901018922852,1
22229050_15,524,Topology+Risk A*,1,132224,0.018731988472622474,1,0.005403458213256496,1,0.004322766570605152,1,0.0036023054755043304,1
22229050_15,525,Soft-probability A*,0,0,nan,0,nan,0,nan,0,nan,0
22229050_15,525,Topology+Risk A*,0,0,nan,0,nan,0,nan,0,nan,0
22528885_15,526,Soft-probability A*,1,20801,0.11948529411764708,0,0.03860294117647056,1,0.0,1,0.0,1
22528885_15,526,Topology+Risk A*,1,26073,0.16117216117216115,0,0.06043956043956045,0,0.001831501831501825,1,0.0,1
22528885_15,527,Soft-probability A*,1,16299,0.07336956521739135,0,0.04619565217391308,1,0.012228260869565188,1,0.0,1
22528885_15,527,Topology+Risk A*,1,20395,0.07267833109017496,0,0.0471063257065949,1,0.006729475100942128,1,0.0,1
22528885_15,528,Soft-probability A*,1,12840,0.05092592592592593,0,0.01620370370370372,1,0.0,1,0.0,1
22528885_15,528,Topology+Risk A*,1,14805,0.025000000000000022,1,0.0,1,0.0,1,0.0,1
22528885_15,529,Soft-probability A*,1,21490,0.08074534161490687,0,0.04140786749482406,1,0.026915113871635588,1,0.018633540372670843,1
22528885_15,529,Topology+Risk A*,1,20659,0.14814814814814814,0,0.05144032921810704,0,0.02263374485596703,1,0.010288065843621408,1
22528885_15,530,Soft-probability A*,1,48116,0.1366459627329193,0,0.047204968944099424,1,0.012422360248447228,1,0.003726708074534124,1
22528885_15,530,Topology+Risk A*,1,55987,0.19822109275730626,0,0.08259212198221089,0,0.021601016518424387,1,0.007623888182973326,1
22528885_15,531,Soft-probability A*,0,0,nan,0,nan,0,nan,0,nan,0
22528885_15,531,Topology+Risk A*,0,0,nan,0,nan,0,nan,0,nan,0
22528885_15,532,Soft-probability A*,1,65879,0.08286403861625102,0,0.02574416733708773,1,0.005631536604987941,1,0.002413515687851975,1
22528885_15,532,Topology+Risk A*,1,96660,0.07772435897435892,0,0.033653846153846145,1,0.005608974358974339,1,0.0008012820512820484,1
22528885_15,533,Soft-probability A*,1,41570,0.07471763683753263,0,0.026933101650738478,1,0.006081668114682914,1,0.0026064291920069316,1
22528885_15,533,Topology+Risk A*,1,55776,0.07445887445887445,0,0.03549783549783547,1,0.0060606060606061,1,0.0008658008658009031,1
22528885_15,534,Soft-probability A*,1,24823,0.024110218140068862,1,0.01148105625717566,1,0.004592422502870286,1,0.0,1
22528885_15,534,Topology+Risk A*,1,38487,0.011350737797956922,1,0.004540295119182747,1,0.0,1,0.0,1
22528885_15,535,Soft-probability A*,1,20715,0.0,1,0.0,1,0.0,1,0.0,1
22528885_15,535,Topology+Risk A*,1,28345,0.0,1,0.0,1,0.0,1,0.0,1
22528885_15,536,Soft-probability A*,0,0,nan,0,nan,0,nan,0,nan,0
22528885_15,536,Topology+Risk A*,0,0,nan,0,nan,0,nan,0,nan,0
22528885_15,537,Soft-probability A*,0,0,nan,0,nan,0,nan,0,nan,0
22528885_15,537,Topology+Risk A*,0,0,nan,0,nan,0,nan,0,nan,0
22528885_15,538,Soft-probability A*,0,0,nan,0,nan,0,nan,0,nan,0
22528885_15,538,Topology+Risk A*,0,0,nan,0,nan,0,nan,0,nan,0
22528885_15,539,Soft-probability A*,1,56881,0.17457044673539523,0,0.03298969072164948,1,0.005498281786941561,1,0.0020618556701030855,1
22528885_15,539,Topology+Risk A*,1,76108,0.1562714187799863,0,0.0685400959561343,0,0.004112405757368043,1,0.0006854009595613775,1
22528885_15,540,Soft-probability A*,0,0,nan,0,nan,0,nan,0,nan,0
22528885_15,540,Topology+Risk A*,0,0,nan,0,nan,0,nan,0,nan,0
22528885_15,541,Soft-probability A*,1,52324,0.11346444780635401,0,0.031013615733736732,1,0.004538577912254205,1,0.0022692889561271024,1
22528885_15,541,Topology+Risk A*,1,71652,0.09138972809667678,0,0.03549848942598188,1,0.004531722054380682,1,0.0007552870090634656,1
22528885_15,542,Soft-probability A*,0,0,nan,0,nan,0,nan,0,nan,0
22528885_15,542,Topology+Risk A*,0,0,nan,0,nan,0,nan,0,nan,0
22528885_15,543,Soft-probability A*,1,37012,0.11704634721131191,0,0.03220738413197177,1,0.004713275726630051,1,0.00235663786331497,1
22528885_15,543,Topology+Risk A*,1,62262,0.09505106048703849,0,0.03692065985860171,1,0.004713275726630051,1,0.0007855459544383603,1
22528885_15,544,Soft-probability A*,1,40080,0.12527634487840822,0,0.030213706705969012,1,0.004421518054532059,1,0.002210759027265974,1
22528885_15,544,Topology+Risk A*,1,68541,0.09432571849668381,0,0.03463522476050107,1,0.004421518054532059,1,0.0007369196757552876,1
22528885_15,545,Soft-probability A*,1,86330,0.1943645773433007,0,0.04715353651523868,1,0.017826336975273138,1,0.009775733179988477,1
22528885_15,545,Topology+Risk A*,1,104690,0.19484240687679089,0,0.07851002865329515,0,0.016045845272206316,1,0.007449856733524385,1
22529065_15,546,Soft-probability A*,1,107326,0.03219106957424711,1,0.010903426791277204,1,0.0031152647975077885,1,0.0,1
22529065_15,546,Topology+Risk A*,1,104850,0.01498708010335914,1,0.002067183462532318,1,0.0,1,0.0,1
22529065_15,547,Soft-probability A*,1,3344,0.0,1,0.0,1,0.0,1,0.0,1
22529065_15,547,Topology+Risk A*,1,3705,0.0,1,0.0,1,0.0,1,0.0,1
22529065_15,548,Soft-probability A*,1,146,0.0,1,0.0,1,0.0,1,0.0,1
22529065_15,548,Topology+Risk A*,1,317,0.0,1,0.0,1,0.0,1,0.0,1
22529065_15,549,Soft-probability A*,0,0,nan,0,nan,0,nan,0,nan,0
22529065_15,549,Topology+Risk A*,0,0,nan,0,nan,0,nan,0,nan,0
22529065_15,550,Soft-probability A*,0,0,nan,0,nan,0,nan,0,nan,0
22529065_15,550,Topology+Risk A*,0,0,nan,0,nan,0,nan,0,nan,0
22529065_15,551,Soft-probability A*,1,38284,0.08724832214765099,0,0.057046979865771785,0,0.03355704697986572,1,0.020134228187919434,1
22529065_15,551,Topology+Risk A*,1,38378,0.06478405315614622,0,0.03488372093023251,1,0.019933554817275767,1,0.00830564784053156,1
22529065_15,552,Soft-probability A*,0,0,nan,0,nan,0,nan,0,nan,0
22529065_15,552,Topology+Risk A*,0,0,nan,0,nan,0,nan,0,nan,0
22529065_15,553,Soft-probability A*,1,148666,0.03832396525293813,1,0.01124169647419515,1,0.0030659172202350815,1,0.0,1
22529065_15,553,Topology+Risk A*,1,152527,0.00963977676306449,1,0.0020294266869609334,1,0.0,1,0.0,1
22529065_15,554,Soft-probability A*,1,82343,0.055647840531561465,0,0.00913621262458475,1,0.0,1,0.0,1
22529065_15,554,Topology+Risk A*,1,85201,0.014766201804757961,1,0.0,1,0.0,1,0.0,1
22529065_15,555,Soft-probability A*,1,153833,0.046160302140159426,1,0.019723038187159037,1,0.010071338648762085,1,0.005035669324381042,1
22529065_15,555,Topology+Risk A*,1,157520,0.026293823038397335,1,0.01085141903171949,1,0.005425709515859745,1,0.002086811352253748,1
22529065_15,556,Soft-probability A*,0,0,nan,0,nan,0,nan,0,nan,0
22529065_15,556,Topology+Risk A*,0,0,nan,0,nan,0,nan,0,nan,0
22529065_15,557,Soft-probability A*,0,0,nan,0,nan,0,nan,0,nan,0
22529065_15,557,Topology+Risk A*,1,168371,0.021656740660530582,1,0.0070384407146724115,1,0.0035192203573362058,1,0.0013535462912831475,1
22529065_15,558,Soft-probability A*,0,0,nan,0,nan,0,nan,0,nan,0
22529065_15,558,Topology+Risk A*,0,0,nan,0,nan,0,nan,0,nan,0
22529065_15,559,Soft-probability A*,0,0,nan,0,nan,0,nan,0,nan,0
22529065_15,559,Topology+Risk A*,0,0,nan,0,nan,0,nan,0,nan,0
22529065_15,560,Soft-probability A*,0,0,nan,0,nan,0,nan,0,nan,0
22529065_15,560,Topology+Risk A*,0,0,nan,0,nan,0,nan,0,nan,0
22529065_15,561,Soft-probability A*,0,0,nan,0,nan,0,nan,0,nan,0
22529065_15,561,Topology+Risk A*,1,189762,0.023417395779722128,1,0.009264024704065843,1,0.005404014410705149,1,0.002830674215131279,1
22529065_15,562,Soft-probability A*,0,0,nan,0,nan,0,nan,0,nan,0
22529065_15,562,Topology+Risk A*,0,0,nan,0,nan,0,nan,0,nan,0
22529065_15,563,Soft-probability A*,0,0,nan,0,nan,0,nan,0,nan,0
22529065_15,563,Topology+Risk A*,0,0,nan,0,nan,0,nan,0,nan,0
22529065_15,564,Soft-probability A*,0,0,nan,0,nan,0,nan,0,nan,0
22529065_15,564,Topology+Risk A*,0,0,nan,0,nan,0,nan,0,nan,0
22529065_15,565,Soft-probability A*,0,0,nan,0,nan,0,nan,0,nan,0
22529065_15,565,Topology+Risk A*,0,0,nan,0,nan,0,nan,0,nan,0
23278915_15,566,Soft-probability A*,1,627,0.0,1,0.0,1,0.0,1,0.0,1
23278915_15,566,Topology+Risk A*,1,1041,0.0,1,0.0,1,0.0,1,0.0,1
23278915_15,567,Soft-probability A*,1,78837,0.03746397694524495,1,0.018731988472622474,1,0.0,1,0.0,1
23278915_15,567,Topology+Risk A*,1,105756,0.021186440677966156,1,0.0,1,0.0,1,0.0,1
23278915_15,568,Soft-probability A*,1,5899,0.0,1,0.0,1,0.0,1,0.0,1
23278915_15,568,Topology+Risk A*,1,6670,0.0,1,0.0,1,0.0,1,0.0,1
23278915_15,569,Soft-probability A*,1,12361,0.0431034482758621,1,0.005747126436781658,1,0.0,1,0.0,1
23278915_15,569,Topology+Risk A*,1,15711,0.011363636363636354,1,0.0,1,0.0,1,0.0,1
23278915_15,570,Soft-probability A*,1,15406,0.0432801822323462,1,0.02505694760820043,1,0.011389521640091105,1,0.002277904328018221,1
23278915_15,570,Topology+Risk A*,1,25063,0.03167420814479638,1,0.015837104072398245,1,0.006787330316742057,1,0.0,1
23278915_15,571,Soft-probability A*,1,13274,0.12403100775193798,0,0.0,1,0.0,1,0.0,1
23278915_15,571,Topology+Risk A*,1,15666,0.015444015444015413,1,0.0,1,0.0,1,0.0,1
23278915_15,572,Soft-probability A*,1,85940,0.1695447409733124,0,0.07221350078492939,0,0.026687598116169498,1,0.006279434850863463,1
23278915_15,572,Topology+Risk A*,1,89598,0.09367681498829039,0,0.040593286494925884,1,0.010148321623731471,1,0.0007806401249024209,1
23278915_15,573,Soft-probability A*,1,75178,0.12222222222222223,0,0.042424242424242475,1,0.01717171717171717,1,0.005050505050505083,1
23278915_15,573,Topology+Risk A*,1,100521,0.05700000000000005,0,0.018000000000000016,1,0.0050000000000000044,1,0.0,1
23278915_15,574,Soft-probability A*,1,155753,0.1762749445676275,0,0.08093126385809313,0,0.03325942350332589,1,0.0044345898004434225,1
23278915_15,574,Topology+Risk A*,1,194138,0.08671789242590555,0,0.02634467618002201,1,0.00658616904500553,1,0.0005488474204171645,1
23278915_15,575,Soft-probability A*,0,200001,nan,0,nan,0,nan,0,nan,0
23278915_15,575,Topology+Risk A*,0,200001,nan,0,nan,0,nan,0,nan,0
23278915_15,576,Soft-probability A*,0,0,nan,0,nan,0,nan,0,nan,0
23278915_15,576,Topology+Risk A*,0,0,nan,0,nan,0,nan,0,nan,0
23278915_15,577,Soft-probability A*,1,141499,0.12794853466761968,0,0.04360257326661898,1,0.015010721944245908,1,0.0042887776983560055,1
23278915_15,577,Topology+Risk A*,1,189749,0.059985885673959016,0,0.014114326040931546,1,0.003528581510232831,1,0.0,1
23278915_15,578,Soft-probability A*,1,137948,0.20261941448382126,0,0.10400616332819723,0,0.05084745762711862,0,0.006933744221879867,1
23278915_15,578,Topology+Risk A*,1,144669,0.1091603053435114,0,0.02519083969465652,1,0.011450381679389277,1,0.0007633587786259888,1
23278915_15,579,Soft-probability A*,0,0,nan,0,nan,0,nan,0,nan,0
23278915_15,579,Topology+Risk A*,0,0,nan,0,nan,0,nan,0,nan,0
23278915_15,580,Soft-probability A*,1,99267,0.04048582995951422,1,0.006072874493927127,1,0.003373819163292824,1,0.0006747638326585204,1
23278915_15,580,Topology+Risk A*,1,192474,0.02680965147453085,1,0.004691689008042843,1,0.002010723860589758,1,0.0,1
23278915_15,581,Soft-probability A*,1,100144,0.18473074301295156,0,0.09952283571915477,0,0.035446489434219464,1,0.006134969325153339,1
23278915_15,581,Topology+Risk A*,1,152600,0.17746288798920373,0,0.082995951417004,0,0.021592442645074206,1,0.004723346828609976,1
23278915_15,582,Soft-probability A*,1,176382,0.13819985825655567,0,0.0552799433026222,0,0.021261516654854762,1,0.00566973777462787,1
23278915_15,582,Topology+Risk A*,0,200001,nan,0,nan,0,nan,0,nan,0
23278915_15,583,Soft-probability A*,0,200001,nan,0,nan,0,nan,0,nan,0
23278915_15,583,Topology+Risk A*,0,200001,nan,0,nan,0,nan,0,nan,0
23278915_15,584,Soft-probability A*,0,200001,nan,0,nan,0,nan,0,nan,0
23278915_15,584,Topology+Risk A*,0,200001,nan,0,nan,0,nan,0,nan,0
23278915_15,585,Soft-probability A*,0,200001,nan,0,nan,0,nan,0,nan,0
23278915_15,585,Topology+Risk A*,0,200001,nan,0,nan,0,nan,0,nan,0
23278930_15,586,Soft-probability A*,1,7276,0.026378896882493952,1,0.007194244604316502,1,0.0,1,0.0,1
23278930_15,586,Topology+Risk A*,1,8656,0.009569377990430672,1,0.0,1,0.0,1,0.0,1
23278930_15,587,Soft-probability A*,1,16297,0.02005730659025784,1,0.0,1,0.0,1,0.0,1
23278930_15,587,Topology+Risk A*,1,17726,0.0028328611898017497,1,0.0,1,0.0,1,0.0,1
23278930_15,588,Soft-probability A*,0,0,nan,0,nan,0,nan,0,nan,0
23278930_15,588,Topology+Risk A*,1,42306,0.14840182648401823,0,0.07534246575342463,0,0.04109589041095896,1,0.0,1
23278930_15,589,Soft-probability A*,0,0,nan,0,nan,0,nan,0,nan,0
23278930_15,589,Topology+Risk A*,0,0,nan,0,nan,0,nan,0,nan,0
23278930_15,590,Soft-probability A*,0,0,nan,0,nan,0,nan,0,nan,0
23278930_15,590,Topology+Risk A*,1,29081,0.08239095315024236,0,0.050080775444264924,0,0.02746365105008075,1,0.0,1
23278930_15,591,Soft-probability A*,0,0,nan,0,nan,0,nan,0,nan,0
23278930_15,591,Topology+Risk A*,0,0,nan,0,nan,0,nan,0,nan,0
23278930_15,592,Soft-probability A*,0,0,nan,0,nan,0,nan,0,nan,0
23278930_15,592,Topology+Risk A*,1,162547,0.07404103479036572,0,0.052631578947368474,0,0.03746654772524527,1,0.019625334522747506,1
23278930_15,593,Soft-probability A*,0,0,nan,0,nan,0,nan,0,nan,0
23278930_15,593,Topology+Risk A*,0,200001,nan,0,nan,0,nan,0,nan,0
23278930_15,594,Soft-probability A*,1,191345,0.24142083082480437,0,0.1348585189644792,0,0.09331727874774232,0,0.004816375677302864,1
23278930_15,594,Topology+Risk A*,0,200001,nan,0,nan,0,nan,0,nan,0
23278930_15,595,Soft-probability A*,0,0,nan,0,nan,0,nan,0,nan,0
23278930_15,595,Topology+Risk A*,0,200001,nan,0,nan,0,nan,0,nan,0
23278930_15,596,Soft-probability A*,0,0,nan,0,nan,0,nan,0,nan,0
23278930_15,596,Topology+Risk A*,0,0,nan,0,nan,0,nan,0,nan,0
23278930_15,597,Soft-probability A*,1,88420,0.05170731707317078,0,0.004878048780487809,1,0.0,1,0.0,1
23278930_15,597,Topology+Risk A*,1,134182,0.004812319538017307,1,0.0,1,0.0,1,0.0,1
23278930_15,598,Soft-probability A*,0,0,nan,0,nan,0,nan,0,nan,0
23278930_15,598,Topology+Risk A*,1,148290,0.004533091568449721,1,0.0,1,0.0,1,0.0,1
23278930_15,599,Soft-probability A*,0,0,nan,0,nan,0,nan,0,nan,0
23278930_15,599,Topology+Risk A*,0,0,nan,0,nan,0,nan,0,nan,0
23278930_15,600,Soft-probability A*,0,200001,nan,0,nan,0,nan,0,nan,0
23278930_15,600,Topology+Risk A*,0,200001,nan,0,nan,0,nan,0,nan,0
23278930_15,601,Soft-probability A*,0,0,nan,0,nan,0,nan,0,nan,0
23278930_15,601,Topology+Risk A*,0,0,nan,0,nan,0,nan,0,nan,0
23278930_15,602,Soft-probability A*,0,0,nan,0,nan,0,nan,0,nan,0
23278930_15,602,Topology+Risk A*,0,0,nan,0,nan,0,nan,0,nan,0
23278930_15,603,Soft-probability A*,0,0,nan,0,nan,0,nan,0,nan,0
23278930_15,603,Topology+Risk A*,0,0,nan,0,nan,0,nan,0,nan,0
23278930_15,604,Soft-probability A*,0,0,nan,0,nan,0,nan,0,nan,0
23278930_15,604,Topology+Risk A*,0,200001,nan,0,nan,0,nan,0,nan,0
23278930_15,605,Soft-probability A*,0,0,nan,0,nan,0,nan,0,nan,0
23278930_15,605,Topology+Risk A*,0,0,nan,0,nan,0,nan,0,nan,0
23428540_15,606,Soft-probability A*,1,26462,0.08648648648648649,0,0.02297297297297296,1,0.004054054054054013,1,0.0,1
23428540_15,606,Topology+Risk A*,1,24766,0.014531043593130732,1,0.0,1,0.0,1,0.0,1
23428540_15,607,Soft-probability A*,0,0,nan,0,nan,0,nan,0,nan,0
23428540_15,607,Topology+Risk A*,0,0,nan,0,nan,0,nan,0,nan,0
23428540_15,608,Soft-probability A*,1,15194,0.026548672566371723,1,0.0,1,0.0,1,0.0,1
23428540_15,608,Topology+Risk A*,1,14911,0.0,1,0.0,1,0.0,1,0.0,1
23428540_15,609,Soft-probability A*,1,8693,0.0,1,0.0,1,0.0,1,0.0,1
23428540_15,609,Topology+Risk A*,1,13832,0.0,1,0.0,1,0.0,1,0.0,1
23428540_15,610,Soft-probability A*,1,20661,0.02075471698113207,1,0.005660377358490565,1,0.0,1,0.0,1
23428540_15,610,Topology+Risk A*,1,29276,0.005617977528089901,1,0.0,1,0.0,1,0.0,1
23428540_15,611,Soft-probability A*,1,4078,0.04255319148936165,1,0.0,1,0.0,1,0.0,1
23428540_15,611,Topology+Risk A*,1,4536,0.0,1,0.0,1,0.0,1,0.0,1
23428540_15,612,Soft-probability A*,1,17278,0.005108556832694733,1,0.0,1,0.0,1,0.0,1
23428540_15,612,Topology+Risk A*,1,15770,0.0,1,0.0,1,0.0,1,0.0,1
23428540_15,613,Soft-probability A*,1,63660,0.024824952259707156,1,0.005092297899427112,1,0.0006365372374284028,1,0.0,1
23428540_15,613,Topology+Risk A*,1,60196,0.004416403785488909,1,0.0,1,0.0,1,0.0,1
23428540_15,614,Soft-probability A*,1,37899,0.007858546168958758,1,0.0,1,0.0,1,0.0,1
23428540_15,614,Topology+Risk A*,1,49590,0.0,1,0.0,1,0.0,1,0.0,1
23428540_15,615,Soft-probability A*,1,67962,0.03169811320754712,1,0.008301886792452806,1,0.0007547169811320531,1,0.0,1
23428540_15,615,Topology+Risk A*,1,68984,0.007473841554558991,1,0.0,1,0.0,1,0.0,1
23428540_15,616,Soft-probability A*,1,45981,0.006329113924050667,1,0.0,1,0.0,1,0.0,1
23428540_15,616,Topology+Risk A*,1,59875,0.0,1,0.0,1,0.0,1,0.0,1
23428540_15,617,Soft-probability A*,1,56367,0.04150352388410339,1,0.009397024275646038,1,0.000783085356303892,1,0.0,1
23428540_15,617,Topology+Risk A*,1,56063,0.007733952049497339,1,0.0,1,0.0,1,0.0,1
23428540_15,618,Soft-probability A*,1,19456,0.0,1,0.0,1,0.0,1,0.0,1
23428540_15,618,Topology+Risk A*,1,20278,0.004405286343612369,1,0.0,1,0.0,1,0.0,1
23428540_15,619,Soft-probability A*,1,66492,0.004968944099378869,1,0.0,1,0.0,1,0.0,1
23428540_15,619,Topology+Risk A*,1,78975,0.0,1,0.0,1,0.0,1,0.0,1
23428540_15,620,Soft-probability A*,1,28290,0.0,1,0.0,1,0.0,1,0.0,1
23428540_15,620,Topology+Risk A*,1,29127,0.0031496062992125706,1,0.0,1,0.0,1,0.0,1
23428540_15,621,Soft-probability A*,1,47827,0.004807692307692291,1,0.0,1,0.0,1,0.0,1
23428540_15,621,Topology+Risk A*,1,54365,0.0,1,0.0,1,0.0,1,0.0,1
23428540_15,622,Soft-probability A*,1,53117,0.013583441138421692,1,0.0019404915912031306,1,0.0,1,0.0,1
23428540_15,622,Topology+Risk A*,1,51950,0.0019317450096587585,1,0.0,1,0.0,1,0.0,1
23428540_15,623,Soft-probability A*,1,55554,0.013249211356466839,1,0.0018927444794952786,1,0.0,1,0.0,1
23428540_15,623,Topology+Risk A*,1,53510,0.0018844221105527303,1,0.0,1,0.0,1,0.0,1
23428540_15,624,Soft-probability A*,1,63522,0.023593466424682408,1,0.004839685420447659,1,0.000604960677555999,1,0.0,1
23428540_15,624,Topology+Risk A*,1,59828,0.004201680672268893,1,0.0,1,0.0,1,0.0,1
23428540_15,625,Soft-probability A*,1,59889,0.014760147601476037,1,0.0018450184501844769,1,0.0,1,0.0,1
23428540_15,625,Topology+Risk A*,1,67996,0.001835985312117483,1,0.0,1,0.0,1,0.0,1
23428810_15,626,Soft-probability A*,1,27759,0.021546261089987362,1,0.0025348542458808465,1,0.0,1,0.0,1
23428810_15,626,Topology+Risk A*,1,27406,0.008816120906801062,1,0.0,1,0.0,1,0.0,1
23428810_15,627,Soft-probability A*,1,6023,0.16049382716049387,0,0.09465020576131689,0,0.06995884773662553,0,0.04938271604938271,1
23428810_15,627,Topology+Risk A*,1,6207,0.08799999999999997,0,0.07599999999999996,0,0.05600000000000005,0,0.020000000000000018,1
23428810_15,628,Soft-probability A*,1,18632,0.02970297029702973,1,0.003960396039603964,1,0.0,1,0.0,1
23428810_15,628,Topology+Risk A*,1,17224,0.01171875,1,0.0,1,0.0,1,0.0,1
23428810_15,629,Soft-probability A*,0,0,nan,0,nan,0,nan,0,nan,0
23428810_15,629,Topology+Risk A*,0,0,nan,0,nan,0,nan,0,nan,0
23428810_15,630,Soft-probability A*,0,0,nan,0,nan,0,nan,0,nan,0
23428810_15,630,Topology+Risk A*,0,0,nan,0,nan,0,nan,0,nan,0
23428810_15,631,Soft-probability A*,1,25103,0.015757575757575748,1,0.00121212121212122,1,0.0,1,0.0,1
23428810_15,631,Topology+Risk A*,1,29098,0.006016847172081841,1,0.0,1,0.0,1,0.0,1
23428810_15,632,Soft-probability A*,1,23310,0.005592841163310935,1,0.0,1,0.0,1,0.0,1
23428810_15,632,Topology+Risk A*,1,26411,0.011135857461024523,1,0.0,1,0.0,1,0.0,1
23428810_15,633,Soft-probability A*,1,27466,0.005382131324004336,1,0.0,1,0.0,1,0.0,1
23428810_15,633,Topology+Risk A*,1,30213,0.0032223415682062218,1,0.0,1,0.0,1,0.0,1
23428810_15,634,Soft-probability A*,0,0,nan,0,nan,0,nan,0,nan,0
23428810_15,634,Topology+Risk A*,0,0,nan,0,nan,0,nan,0,nan,0
23428810_15,635,Soft-probability A*,0,0,nan,0,nan,0,nan,0,nan,0
23428810_15,635,Topology+Risk A*,0,0,nan,0,nan,0,nan,0,nan,0
23428810_15,636,Soft-probability A*,0,0,nan,0,nan,0,nan,0,nan,0
23428810_15,636,Topology+Risk A*,0,0,nan,0,nan,0,nan,0,nan,0
23428810_15,637,Soft-probability A*,0,0,nan,0,nan,0,nan,0,nan,0
23428810_15,637,Topology+Risk A*,0,0,nan,0,nan,0,nan,0,nan,0
23428810_15,638,Soft-probability A*,0,0,nan,0,nan,0,nan,0,nan,0
23428810_15,638,Topology+Risk A*,0,0,nan,0,nan,0,nan,0,nan,0
23429080_15,639,Soft-probability A*,1,190,0.0,1,0.0,1,0.0,1,0.0,1
23429080_15,639,Topology+Risk A*,1,716,0.0,1,0.0,1,0.0,1,0.0,1
23429080_15,640,Soft-probability A*,1,31068,0.10231023102310233,0,0.03960396039603964,1,0.018151815181518205,1,0.0066006600660065695,1
23429080_15,640,Topology+Risk A*,1,41084,0.07679738562091498,0,0.022875816993464082,1,0.008169934640522847,1,0.0016339869281045694,1
23429080_15,641,Soft-probability A*,1,37036,0.018292682926829285,1,0.0,1,0.0,1,0.0,1
23429080_15,641,Topology+Risk A*,1,42201,0.0,1,0.0,1,0.0,1,0.0,1
23429080_15,642,Soft-probability A*,0,0,nan,0,nan,0,nan,0,nan,0
23429080_15,642,Topology+Risk A*,0,0,nan,0,nan,0,nan,0,nan,0
23429080_15,643,Soft-probability A*,1,15882,0.004385964912280715,1,0.0,1,0.0,1,0.0,1
23429080_15,643,Topology+Risk A*,1,21916,0.0021834061135370675,1,0.0,1,0.0,1,0.0,1
23429080_15,644,Soft-probability A*,1,9002,0.02491103202846978,1,0.007117437722419906,1,0.0,1,0.0,1
23429080_15,644,Topology+Risk A*,1,11528,0.007042253521126751,1,0.0,1,0.0,1,0.0,1
23429080_15,645,Soft-probability A*,0,0,nan,0,nan,0,nan,0,nan,0
23429080_15,645,Topology+Risk A*,0,0,nan,0,nan,0,nan,0,nan,0
23429080_15,646,Soft-probability A*,1,119024,0.008995502248875575,1,0.0029985007496251548,1,0.0014992503748125774,1,0.0,1
23429080_15,646,Topology+Risk A*,1,161233,0.0052238805970149516,1,0.0014925373134327957,1,0.0,1,0.0,1
23429080_15,647,Soft-probability A*,0,0,nan,0,nan,0,nan,0,nan,0
23429080_15,647,Topology+Risk A*,0,0,nan,0,nan,0,nan,0,nan,0
23429080_15,648,Soft-probability A*,1,101117,0.004003202562049668,1,0.0008006405124099114,1,0.0,1,0.0,1
23429080_15,648,Topology+Risk A*,1,160695,0.0023980815347721673,1,0.0,1,0.0,1,0.0,1
23429080_15,649,Soft-probability A*,1,98475,0.023519870235198748,1,0.008921330089213253,1,0.0032441200324412334,1,0.0008110300081103361,1
23429080_15,649,Topology+Risk A*,1,136937,0.021001615508885352,1,0.004846526655896577,1,0.0024232633279482885,1,0.0008077544426494665,1
23429080_15,650,Soft-probability A*,1,181743,0.04160246533127887,1,0.01001540832049308,1,0.0023112480739599928,1,0.0,1
23429080_15,650,Topology+Risk A*,0,200001,nan,0,nan,0,nan,0,nan,0
23429080_15,651,Soft-probability A*,1,40718,0.01261034047919296,1,0.0050441361916772065,1,0.0,1,0.0,1
23429080_15,651,Topology+Risk A*,1,75545,0.008782936010037656,1,0.0037641154328732496,1,0.0,1,0.0,1
23429080_15,652,Soft-probability A*,0,200001,nan,0,nan,0,nan,0,nan,0
23429080_15,652,Topology+Risk A*,0,200001,nan,0,nan,0,nan,0,nan,0
23429080_15,653,Soft-probability A*,0,0,nan,0,nan,0,nan,0,nan,0
23429080_15,653,Topology+Risk A*,0,0,nan,0,nan,0,nan,0,nan,0
23429080_15,654,Soft-probability A*,0,0,nan,0,nan,0,nan,0,nan,0
23429080_15,654,Topology+Risk A*,0,200001,nan,0,nan,0,nan,0,nan,0
23429080_15,655,Soft-probability A*,0,0,nan,0,nan,0,nan,0,nan,0
23429080_15,655,Topology+Risk A*,0,200001,nan,0,nan,0,nan,0,nan,0
23429080_15,656,Soft-probability A*,0,0,nan,0,nan,0,nan,0,nan,0
23429080_15,656,Topology+Risk A*,0,0,nan,0,nan,0,nan,0,nan,0
23429080_15,657,Soft-probability A*,0,0,nan,0,nan,0,nan,0,nan,0
23429080_15,657,Topology+Risk A*,0,0,nan,0,nan,0,nan,0,nan,0
23429080_15,658,Soft-probability A*,0,200001,nan,0,nan,0,nan,0,nan,0
23429080_15,658,Topology+Risk A*,0,200001,nan,0,nan,0,nan,0,nan,0
23729020_15,659,Soft-probability A*,0,0,nan,0,nan,0,nan,0,nan,0
23729020_15,659,Topology+Risk A*,0,0,nan,0,nan,0,nan,0,nan,0
23729020_15,660,Soft-probability A*,0,0,nan,0,nan,0,nan,0,nan,0
23729020_15,660,Topology+Risk A*,0,0,nan,0,nan,0,nan,0,nan,0
23729020_15,661,Soft-probability A*,0,0,nan,0,nan,0,nan,0,nan,0
23729020_15,661,Topology+Risk A*,0,0,nan,0,nan,0,nan,0,nan,0
23729020_15,662,Soft-probability A*,0,0,nan,0,nan,0,nan,0,nan,0
23729020_15,662,Topology+Risk A*,0,0,nan,0,nan,0,nan,0,nan,0
23729020_15,663,Soft-probability A*,0,0,nan,0,nan,0,nan,0,nan,0
23729020_15,663,Topology+Risk A*,0,0,nan,0,nan,0,nan,0,nan,0
23729020_15,664,Soft-probability A*,0,0,nan,0,nan,0,nan,0,nan,0
23729020_15,664,Topology+Risk A*,0,0,nan,0,nan,0,nan,0,nan,0
23729020_15,665,Soft-probability A*,0,0,nan,0,nan,0,nan,0,nan,0
23729020_15,665,Topology+Risk A*,0,0,nan,0,nan,0,nan,0,nan,0
23729020_15,666,Soft-probability A*,0,0,nan,0,nan,0,nan,0,nan,0
23729020_15,666,Topology+Risk A*,0,0,nan,0,nan,0,nan,0,nan,0
23729020_15,667,Soft-probability A*,0,0,nan,0,nan,0,nan,0,nan,0
23729020_15,667,Topology+Risk A*,0,0,nan,0,nan,0,nan,0,nan,0
23729020_15,668,Soft-probability A*,0,0,nan,0,nan,0,nan,0,nan,0
23729020_15,668,Topology+Risk A*,0,0,nan,0,nan,0,nan,0,nan,0
23729020_15,669,Soft-probability A*,0,0,nan,0,nan,0,nan,0,nan,0
23729020_15,669,Topology+Risk A*,0,0,nan,0,nan,0,nan,0,nan,0
23729020_15,670,Soft-probability A*,0,0,nan,0,nan,0,nan,0,nan,0
23729020_15,670,Topology+Risk A*,0,0,nan,0,nan,0,nan,0,nan,0
23729020_15,671,Soft-probability A*,0,0,nan,0,nan,0,nan,0,nan,0
23729020_15,671,Topology+Risk A*,0,0,nan,0,nan,0,nan,0,nan,0
23878540_15,672,Soft-probability A*,1,19830,0.02914110429447858,1,0.0,1,0.0,1,0.0,1
23878540_15,672,Topology+Risk A*,1,22101,0.015128593040847238,1,0.001512859304084735,1,0.0,1,0.0,1
23878540_15,673,Soft-probability A*,1,6859,0.0,1,0.0,1,0.0,1,0.0,1
23878540_15,673,Topology+Risk A*,1,8220,0.0,1,0.0,1,0.0,1,0.0,1
23878540_15,674,Soft-probability A*,1,8214,0.0,1,0.0,1,0.0,1,0.0,1
23878540_15,674,Topology+Risk A*,1,8883,0.0,1,0.0,1,0.0,1,0.0,1
23878540_15,675,Soft-probability A*,1,23876,0.013215859030836996,1,0.001468428781204123,1,0.0,1,0.0,1
23878540_15,675,Topology+Risk A*,1,27734,0.002915451895043719,1,0.0,1,0.0,1,0.0,1
23878540_15,676,Soft-probability A*,1,23692,0.0071428571428571175,1,0.0017857142857142794,1,0.0,1,0.0,1
23878540_15,676,Topology+Risk A*,1,23847,0.001779359430605032,1,0.0,1,0.0,1,0.0,1
23878540_15,677,Soft-probability A*,1,8231,0.0383561643835616,1,0.019178082191780854,1,0.008219178082191747,1,0.002739726027397249,1
23878540_15,677,Topology+Risk A*,1,9687,0.016348773841961872,1,0.008174386920980936,1,0.0027247956403270157,1,0.0,1
23878540_15,678,Soft-probability A*,1,18575,0.02941176470588236,1,0.009803921568627416,1,0.001225490196078427,1,0.0,1
23878540_15,678,Topology+Risk A*,1,29636,0.012135922330097082,1,0.0024271844660194164,1,0.0,1,0.0,1
23878540_15,679,Soft-probability A*,1,44888,0.01377410468319562,1,0.003443526170798905,1,0.0006887052341597588,1,0.0,1
23878540_15,679,Topology+Risk A*,1,75046,0.005479452054794498,1,0.00136986301369868,1,0.0,1,0.0,1
23878540_15,680,Soft-probability A*,1,37419,0.03908554572271383,1,0.005162241887905594,1,0.0022123893805309214,1,0.0007374631268436405,1
23878540_15,680,Topology+Risk A*,1,41632,0.011687363038714427,1,0.0029218407596786067,1,0.0007304601899196239,1,0.0,1
23878540_15,681,Soft-probability A*,1,26880,0.0032867707477403085,1,0.0,1,0.0,1,0.0,1
23878540_15,681,Topology+Risk A*,1,44689,0.0,1,0.0,1,0.0,1,0.0,1
23878540_15,682,Soft-probability A*,1,38681,0.005502063273727598,1,0.0027510316368638543,1,0.0006877579092159358,1,0.0,1
23878540_15,682,Topology+Risk A*,1,47070,0.0034199726402188713,1,0.001367989056087593,1,0.0,1,0.0,1
23878540_15,683,Soft-probability A*,1,42492,0.038176033934252396,1,0.0042417815482502785,1,0.0010604453870625141,1,0.0,1
23878540_15,683,Topology+Risk A*,1,48990,0.00524109014675056,1,0.002096436058700246,1,0.0,1,0.0,1
23878540_15,684,Soft-probability A*,1,55272,0.03125,1,0.0035714285714285587,1,0.0008928571428571397,1,0.0,1
23878540_15,684,Topology+Risk A*,1,59439,0.004424778761061954,1,0.001769911504424737,1,0.0,1,0.0,1
23878540_15,685,Soft-probability A*,1,93026,0.03371462974111983,1,0.009030704394942801,1,0.0006020469596628164,1,0.0,1
23878540_15,685,Topology+Risk A*,1,101294,0.010155316606929476,1,0.0011947431302270495,1,0.0,1,0.0,1
23878540_15,686,Soft-probability A*,1,98951,0.03239740820734338,1,0.008639308855291628,1,0.0005399568034557545,1,0.0,1
23878540_15,686,Topology+Risk A*,1,100819,0.010171306209850073,1,0.0010706638115631772,1,0.0,1,0.0,1
23878540_15,687,Soft-probability A*,1,85555,0.028185554903112142,1,0.0023487962419259656,1,0.0005871990604815469,1,0.0,1
23878540_15,687,Topology+Risk A*,1,105399,0.011702750146284413,1,0.001170275014628408,1,0.0,1,0.0,1
23878540_15,688,Soft-probability A*,1,97422,0.03351648351648351,1,0.00879120879120876,1,0.0005494505494505475,1,0.0,1
23878540_15,688,Topology+Risk A*,1,98085,0.009803921568627416,1,0.0010893246187363426,1,0.0,1,0.0,1
23878540_15,689,Soft-probability A*,1,100470,0.0330773774365033,1,0.008860011813349056,1,0.0005906674542233148,1,0.0,1
23878540_15,689,Topology+Risk A*,1,107635,0.00995899238429998,1,0.0011716461628588082,1,0.0,1,0.0,1
23878540_15,690,Soft-probability A*,1,84715,0.032691185055458205,1,0.008756567425569184,1,0.0005837711617046049,1,0.0,1
23878540_15,690,Topology+Risk A*,1,92138,0.009843659525188175,1,0.0011580775911985697,1,0.0,1,0.0,1
23878540_15,691,Soft-probability A*,1,97389,0.0319817247287264,1,0.008566533409480326,1,0.0005711022272987254,1,0.0,1
23878540_15,691,Topology+Risk A*,1,104181,0.009620826259196358,1,0.0011318619128466434,1,0.0,1,0.0,1
24029035_15,692,Soft-probability A*,1,1655,0.0,1,0.0,1,0.0,1,0.0,1
24029035_15,692,Topology+Risk A*,1,1701,0.0,1,0.0,1,0.0,1,0.0,1
24029035_15,693,Soft-probability A*,0,0,nan,0,nan,0,nan,0,nan,0
24029035_15,693,Topology+Risk A*,0,0,nan,0,nan,0,nan,0,nan,0
24029035_15,694,Soft-probability A*,0,0,nan,0,nan,0,nan,0,nan,0
24029035_15,694,Topology+Risk A*,0,0,nan,0,nan,0,nan,0,nan,0
24029035_15,695,Soft-probability A*,0,0,nan,0,nan,0,nan,0,nan,0
24029035_15,695,Topology+Risk A*,1,37757,0.4003091190108191,0,0.15455950540958274,0,0.037094281298299836,1,0.02782071097372485,1
24029035_15,696,Soft-probability A*,1,2665,0.0,1,0.0,1,0.0,1,0.0,1
24029035_15,696,Topology+Risk A*,1,2696,0.0,1,0.0,1,0.0,1,0.0,1
24029035_15,697,Soft-probability A*,0,0,nan,0,nan,0,nan,0,nan,0
24029035_15,697,Topology+Risk A*,0,0,nan,0,nan,0,nan,0,nan,0
24029035_15,698,Soft-probability A*,1,47002,0.3132803632236095,0,0.09534619750283768,0,0.011350737797956922,1,0.0,1
24029035_15,698,Topology+Risk A*,1,59729,0.052744886975242156,0,0.026910656620021567,1,0.0226049515608181,1,0.01829924650161463,1
24029035_15,699,Soft-probability A*,0,0,nan,0,nan,0,nan,0,nan,0
24029035_15,699,Topology+Risk A*,0,0,nan,0,nan,0,nan,0,nan,0
24029035_15,700,Soft-probability A*,0,0,nan,0,nan,0,nan,0,nan,0
24029035_15,700,Topology+Risk A*,0,0,nan,0,nan,0,nan,0,nan,0
24029035_15,701,Soft-probability A*,1,42930,0.2773109243697479,0,0.08718487394957986,0,0.010504201680672232,1,0.0,1
24029035_15,701,Topology+Risk A*,1,67651,0.25130890052356025,0,0.08586387434554976,0,0.007329842931937169,1,0.0020942408376963817,1
24029035_15,702,Soft-probability A*,1,48570,0.27738693467336684,0,0.08442211055276383,0,0.01005025125628145,1,0.0,1
24029035_15,702,Topology+Risk A*,1,63205,0.0460210930009588,1,0.023969319271332723,1,0.020134228187919434,1,0.016299137104506256,1
24029035_15,703,Soft-probability A*,0,0,nan,0,nan,0,nan,0,nan,0
24029035_15,703,Topology+Risk A*,0,0,nan,0,nan,0,nan,0,nan,0
24029035_15,704,Soft-probability A*,1,119552,0.1872953503601834,0,0.05566470203012441,0,0.006548788474132317,1,0.0,1
24029035_15,704,Topology+Risk A*,1,125160,0.034810126582278444,1,0.015822784810126556,1,0.013291139240506289,1,0.010759493670886022,1
24029035_15,705,Soft-probability A*,1,120119,0.16897173782321107,0,0.05051112447384243,0,0.006013229104028905,1,0.0,1
24029035_15,705,Topology+Risk A*,1,123687,0.031523642732048995,1,0.014594279042615343,1,0.012259194395796813,1,0.009924109748978394,1
24029035_15,706,Soft-probability A*,1,100140,0.08701215611004476,0,0.016634676903390933,1,0.001279590531030106,1,0.0,1
24029035_15,706,Topology+Risk A*,1,109901,0.08030592734225617,0,0.018483110261312885,1,0.0,1,0.0,1
24029035_15,707,Soft-probability A*,0,0,nan,0,nan,0,nan,0,nan,0
24029035_15,707,Topology+Risk A*,0,0,nan,0,nan,0,nan,0,nan,0
24029035_15,708,Soft-probability A*,0,0,nan,0,nan,0,nan,0,nan,0
24029035_15,708,Topology+Risk A*,0,0,nan,0,nan,0,nan,0,nan,0
24029035_15,709,Soft-probability A*,1,121425,0.21364452423698388,0,0.059844404548174746,0,0.010173548773189656,1,0.0005984440454817053,1
24029035_15,709,Topology+Risk A*,1,124420,0.05578152237071465,0,0.015107495642068591,1,0.01220220801859384,1,0.00987797791981404,1
24029035_15,710,Soft-probability A*,0,0,nan,0,nan,0,nan,0,nan,0
24029035_15,710,Topology+Risk A*,0,0,nan,0,nan,0,nan,0,nan,0
24029035_15,711,Soft-probability A*,1,109700,0.22072348252605767,0,0.06131207847946041,0,0.010423053341508282,1,0.0006131207847945852,1
24029035_15,711,Topology+Risk A*,1,117475,0.05892857142857144,0,0.015476190476190421,1,0.012499999999999956,1,0.010119047619047583,1
24478825_15,712,Soft-probability A*,1,13974,0.05701754385964908,0,0.01754385964912286,1,0.0,1,0.0,1
24478825_15,712,Topology+Risk A*,1,15226,0.04148471615720528,1,0.02183406113537123,1,0.0,1,0.0,1
24478825_15,713,Soft-probability A*,1,5143,0.05472636815920395,0,0.0,1,0.0,1,0.0,1
24478825_15,713,Topology+Risk A*,1,6289,0.3448275862068966,0,0.0788177339901478,0,0.009852216748768461,1,0.0,1
24478825_15,714,Soft-probability A*,0,0,nan,0,nan,0,nan,0,nan,0
24478825_15,714,Topology+Risk A*,0,0,nan,0,nan,0,nan,0,nan,0
24478825_15,715,Soft-probability A*,1,15130,0.01598173515981738,1,0.011415525114155223,1,0.006849315068493178,1,0.0022831050228310223,1
24478825_15,715,Topology+Risk A*,1,34537,0.03104212860310418,1,0.0022172949002217113,1,0.0,1,0.0,1
24478825_15,716,Soft-probability A*,1,53407,0.03415300546448086,1,0.0,1,0.0,1,0.0,1
24478825_15,716,Topology+Risk A*,1,51378,0.013477088948787075,1,0.0,1,0.0,1,0.0,1
24478825_15,717,Soft-probability A*,1,133562,0.04143646408839774,1,0.009208103130755041,1,0.0,1,0.0,1
24478825_15,717,Topology+Risk A*,1,129515,0.06751824817518248,0,0.00821167883211682,1,0.0,1,0.0,1
24478825_15,718,Soft-probability A*,1,89481,0.10791871058163982,0,0.02452697967764539,1,0.0007007708479327412,1,0.0,1
24478825_15,718,Topology+Risk A*,1,117046,0.11335187760778864,0,0.02016689847009734,1,0.0,1,0.0,1
24478825_15,719,Soft-probability A*,1,178160,0.01613987895090785,1,0.00470746469401484,1,0.0,1,0.0,1
24478825_15,719,Topology+Risk A*,1,198152,0.0060240963855421326,1,0.0,1,0.0,1,0.0,1
24478825_15,720,Soft-probability A*,1,66331,0.047388781431334626,1,0.039651837524178,1,0.03771760154738879,1,0.01644100580270791,1
24478825_15,720,Topology+Risk A*,1,88403,0.0855769230769231,0,0.005769230769230749,1,0.0028846153846153744,1,0.0,1
24478825_15,721,Soft-probability A*,1,55210,0.042313117066290595,1,0.01128349788434413,1,0.0,1,0.0,1
24478825_15,721,Topology+Risk A*,1,61663,0.009845288326300938,1,0.0,1,0.0,1,0.0,1
24478825_15,722,Soft-probability A*,0,0,nan,0,nan,0,nan,0,nan,0
24478825_15,722,Topology+Risk A*,0,0,nan,0,nan,0,nan,0,nan,0
24478825_15,723,Soft-probability A*,1,163470,0.047700170357751315,1,0.029528676888131766,1,0.022146507666098825,1,0.009653605905735385,1
24478825_15,723,Topology+Risk A*,1,189628,0.02716468590831922,1,0.00339558573853993,1,0.001697792869269965,1,0.0,1
24478825_15,724,Soft-probability A*,0,0,nan,0,nan,0,nan,0,nan,0
24478825_15,724,Topology+Risk A*,0,0,nan,0,nan,0,nan,0,nan,0
24478825_15,725,Soft-probability A*,1,60157,0.01963350785340312,1,0.003926701570680646,1,0.0,1,0.0,1
24478825_15,725,Topology+Risk A*,1,110524,0.01236979166666663,1,0.0,1,0.0,1,0.0,1
24478825_15,726,Soft-probability A*,1,93645,0.020000000000000018,1,0.00484848484848488,1,0.0,1,0.0,1
24478825_15,726,Topology+Risk A*,1,127142,0.011452682338758291,1,0.0006027727546714656,1,0.0,1,0.0,1
24478825_15,727,Soft-probability A*,0,0,nan,0,nan,0,nan,0,nan,0
24478825_15,727,Topology+Risk A*,0,0,nan,0,nan,0,nan,0,nan,0
24478825_15,728,Soft-probability A*,1,172283,0.04087048832271767,1,0.0037154989384289294,1,0.0,1,0.0,1
24478825_15,728,Topology+Risk A*,0,200001,nan,0,nan,0,nan,0,nan,0
24478825_15,729,Soft-probability A*,0,200001,nan,0,nan,0,nan,0,nan,0
24478825_15,729,Topology+Risk A*,0,200001,nan,0,nan,0,nan,0,nan,0
24478825_15,730,Soft-probability A*,1,92865,0.01728247914183556,1,0.004171632896305177,1,0.0,1,0.0,1
24478825_15,730,Topology+Risk A*,1,125360,0.008896797153024938,1,0.0,1,0.0,1,0.0,1
24478825_15,731,Soft-probability A*,1,115339,0.04357298474945537,1,0.01851851851851849,1,0.0,1,0.0,1
24478825_15,731,Topology+Risk A*,1,177250,0.018959913326110467,1,0.0048754062838569645,1,0.0,1,0.0,1
24478855_15,732,Soft-probability A*,0,0,nan,0,nan,0,nan,0,nan,0
24478855_15,732,Topology+Risk A*,0,0,nan,0,nan,0,nan,0,nan,0
24478855_15,733,Soft-probability A*,0,0,nan,0,nan,0,nan,0,nan,0
24478855_15,733,Topology+Risk A*,0,0,nan,0,nan,0,nan,0,nan,0
24478855_15,734,Soft-probability A*,1,37899,0.01856435643564358,1,0.012376237623762387,1,0.004950495049504955,1,0.0,1
24478855_15,734,Topology+Risk A*,1,44895,0.019728729963008673,1,0.007398273736128225,1,0.0012330456226880004,1,0.0,1
24478855_15,735,Soft-probability A*,1,1723,0.0,1,0.0,1,0.0,1,0.0,1
24478855_15,735,Topology+Risk A*,1,4553,0.0,1,0.0,1,0.0,1,0.0,1
24478855_15,736,Soft-probability A*,1,27578,0.08041504539559019,0,0.027237354085603127,1,0.0012970168612191912,1,0.0,1
24478855_15,736,Topology+Risk A*,1,41514,0.019329896907216537,1,0.0012886597938144284,1,0.0,1,0.0,1
24478855_15,737,Soft-probability A*,1,9743,0.1914285714285714,0,0.12,0,0.07428571428571429,0,0.02857142857142858,1
24478855_15,737,Topology+Risk A*,1,12079,0.02824858757062143,1,0.01412429378531077,1,0.0,1,0.0,1
24478855_15,738,Soft-probability A*,1,97503,0.043915827996340306,1,0.017383348581884728,1,0.0018298261665141702,1,0.0,1
24478855_15,738,Topology+Risk A*,1,106710,0.013673655423883324,1,0.0027347310847766204,1,0.0,1,0.0,1
24478855_15,739,Soft-probability A*,1,102028,0.013100436681222738,1,0.0012476606363068798,1,0.0,1,0.0,1
24478855_15,739,Topology+Risk A*,1,127894,0.0024875621890547706,1,0.0,1,0.0,1,0.0,1
24478855_15,740,Soft-probability A*,0,0,nan,0,nan,0,nan,0,nan,0
24478855_15,740,Topology+Risk A*,0,0,nan,0,nan,0,nan,0,nan,0
24478855_15,741,Soft-probability A*,1,110459,0.0748185371300949,0,0.021217197096594087,1,0.0005583472920156485,1,0.0,1
24478855_15,741,Topology+Risk A*,1,129889,0.03100775193798455,1,0.0016611295681062677,1,0.0,1,0.0,1
24478855_15,742,Soft-probability A*,1,28445,0.03125,1,0.0012019230769231282,1,0.0,1,0.0,1
24478855_15,742,Topology+Risk A*,1,62027,0.010701545778834753,1,0.0,1,0.0,1,0.0,1
24478855_15,743,Soft-probability A*,1,66132,0.013545816733067761,1,0.0007968127490040056,1,0.0,1,0.0,1
24478855_15,743,Topology+Risk A*,1,88532,0.003971405877680745,1,0.0,1,0.0,1,0.0,1
24478855_15,744,Soft-probability A*,1,162785,0.04376108811354229,1,0.010053222945002993,1,0.0017740981667652145,1,0.0,1
24478855_15,744,Topology+Risk A*,1,162279,0.0052631578947368585,1,0.0,1,0.0,1,0.0,1
24478855_15,745,Soft-probability A*,0,0,nan,0,nan,0,nan,0,nan,0
24478855_15,745,Topology+Risk A*,0,0,nan,0,nan,0,nan,0,nan,0
24478855_15,746,Soft-probability A*,0,0,nan,0,nan,0,nan,0,nan,0
24478855_15,746,Topology+Risk A*,0,0,nan,0,nan,0,nan,0,nan,0
24478855_15,747,Soft-probability A*,0,200001,nan,0,nan,0,nan,0,nan,0
24478855_15,747,Topology+Risk A*,0,200001,nan,0,nan,0,nan,0,nan,0
24478855_15,748,Soft-probability A*,0,0,nan,0,nan,0,nan,0,nan,0
24478855_15,748,Topology+Risk A*,0,0,nan,0,nan,0,nan,0,nan,0
24478855_15,749,Soft-probability A*,0,0,nan,0,nan,0,nan,0,nan,0
24478855_15,749,Topology+Risk A*,0,0,nan,0,nan,0,nan,0,nan,0
24478855_15,750,Soft-probability A*,1,125881,0.036894273127753285,1,0.010462555066079293,1,0.0,1,0.0,1
24478855_15,750,Topology+Risk A*,1,153414,0.006571741511500528,1,0.0005476451259583959,1,0.0,1,0.0,1
24478855_15,751,Soft-probability A*,0,200001,nan,0,nan,0,nan,0,nan,0
24478855_15,751,Topology+Risk A*,0,200001,nan,0,nan,0,nan,0,nan,0
24479170_15,752,Soft-probability A*,1,22088,0.032734952481520585,1,0.015839493136219684,1,0.0031678986272439813,1,0.0,1
24479170_15,752,Topology+Risk A*,1,33074,0.014705882352941124,1,0.006302521008403339,1,0.0,1,0.0,1
24479170_15,753,Soft-probability A*,1,66015,0.10654936461388076,0,0.030303030303030276,1,0.0,1,0.0,1
24479170_15,753,Topology+Risk A*,1,74687,0.01553398058252431,1,0.0,1,0.0,1,0.0,1
24479170_15,754,Soft-probability A*,0,0,nan,0,nan,0,nan,0,nan,0
24479170_15,754,Topology+Risk A*,0,0,nan,0,nan,0,nan,0,nan,0
24479170_15,755,Soft-probability A*,1,11351,0.019565217391304346,1,0.0021739130434782483,1,0.0,1,0.0,1
24479170_15,755,Topology+Risk A*,1,15293,0.008639308855291628,1,0.0,1,0.0,1,0.0,1
24479170_15,756,Soft-probability A*,0,0,nan,0,nan,0,nan,0,nan,0
24479170_15,756,Topology+Risk A*,0,0,nan,0,nan,0,nan,0,nan,0
24479170_15,757,Soft-probability A*,1,12746,0.030674846625766916,1,0.004601226993865004,1,0.0,1,0.0,1
24479170_15,757,Topology+Risk A*,1,16123,0.010687022900763399,1,0.003053435114503844,1,0.0,1,0.0,1
24479170_15,758,Soft-probability A*,1,176743,0.016595289079229136,1,0.0005353319057815886,1,0.0,1,0.0,1
24479170_15,758,Topology+Risk A*,1,198361,0.002119766825649183,1,0.0,1,0.0,1,0.0,1
24479170_15,759,Soft-probability A*,1,56219,0.0013802622498274575,1,0.0,1,0.0,1,0.0,1
24479170_15,759,Topology+Risk A*,1,115434,0.0006868131868131844,1,0.0,1,0.0,1,0.0,1
24479170_15,760,Soft-probability A*,1,85265,0.006883604505632079,1,0.0006257822277847547,1,0.0,1,0.0,1
24479170_15,760,Topology+Risk A*,1,93510,0.0049720323182100845,1,0.0,1,0.0,1,0.0,1
24479170_15,761,Soft-probability A*,1,38882,0.03915662650602414,1,0.011044176706827336,1,0.002008032128514081,1,0.0,1
24479170_15,761,Topology+Risk A*,1,58764,0.014970059880239472,1,0.0,1,0.0,1,0.0,1
24479170_15,762,Soft-probability A*,1,54127,0.017470881863560717,1,0.0033277870216306127,1,0.0,1,0.0,1
24479170_15,762,Topology+Risk A*,1,66199,0.011560693641618491,1,0.003303055326176696,1,0.0,1,0.0,1
24479170_15,763,Soft-probability A*,1,34462,0.03874092009685226,1,0.01210653753026636,1,0.002421307506053294,1,0.0,1
24479170_15,763,Topology+Risk A*,1,48147,0.015662650602409678,1,0.0,1,0.0,1,0.0,1
24479170_15,764,Soft-probability A*,1,62146,0.0,1,0.0,1,0.0,1,0.0,1
24479170_15,764,Topology+Risk A*,1,102198,0.0006273525721455231,1,0.0,1,0.0,1,0.0,1
24479170_15,765,Soft-probability A*,1,128589,0.029779630732578943,1,0.0029779630732579276,1,0.0,1,0.0,1
24479170_15,765,Topology+Risk A*,1,195686,0.011834319526627168,1,0.0,1,0.0,1,0.0,1
24479170_15,766,Soft-probability A*,1,72040,0.0,1,0.0,1,0.0,1,0.0,1
24479170_15,766,Topology+Risk A*,1,128546,0.0006123698714023407,1,0.0,1,0.0,1,0.0,1
24479170_15,767,Soft-probability A*,1,57681,0.0023446658851113966,1,0.0,1,0.0,1,0.0,1
24479170_15,767,Topology+Risk A*,1,100714,0.0011648223645893685,1,0.0,1,0.0,1,0.0,1
24479170_15,768,Soft-probability A*,0,0,nan,0,nan,0,nan,0,nan,0
24479170_15,768,Topology+Risk A*,1,130371,0.0016797312430011369,1,0.0,1,0.0,1,0.0,1
24479170_15,769,Soft-probability A*,1,138145,0.032047800108636615,1,0.00543183052688756,1,0.0005431830526887449,1,0.0,1
24479170_15,769,Topology+Risk A*,1,185913,0.010781671159029615,1,0.0005390835579515141,1,0.0,1,0.0,1
24479170_15,770,Soft-probability A*,0,0,nan,0,nan,0,nan,0,nan,0
24479170_15,770,Topology+Risk A*,0,0,nan,0,nan,0,nan,0,nan,0
24479170_15,771,Soft-probability A*,1,121192,0.021787709497206653,1,0.0027932960893854997,1,0.0,1,0.0,1
24479170_15,771,Topology+Risk A*,1,158953,0.008908685968819552,1,0.0,1,0.0,1,0.0,1
24479215_15,772,Soft-probability A*,0,0,nan,0,nan,0,nan,0,nan,0
24479215_15,772,Topology+Risk A*,0,0,nan,0,nan,0,nan,0,nan,0
24479215_15,773,Soft-probability A*,1,15840,0.06648936170212771,0,0.015957446808510634,1,0.005319148936170248,1,0.0,1
24479215_15,773,Topology+Risk A*,1,17647,0.08179419525065967,0,0.0158311345646438,1,0.0026385224274406704,1,0.0,1
24479215_15,774,Soft-probability A*,1,4587,0.14857142857142858,0,0.02857142857142858,1,0.017142857142857126,1,0.0,1
24479215_15,774,Topology+Risk A*,1,4984,0.202247191011236,0,0.0337078651685393,1,0.005617977528089901,1,0.0,1
24479215_15,775,Soft-probability A*,1,95472,0.11038353601496731,0,0.07109448082319925,0,0.06173994387277826,0,0.05238540692235738,0
24479215_15,775,Topology+Risk A*,1,107792,0.08155699721964782,0,0.06116774791473589,0,0.05468025949953659,0,0.050973123262279874,0
24479215_15,776,Soft-probability A*,1,34727,0.012598425196850394,1,0.0,1,0.0,1,0.0,1
24479215_15,776,Topology+Risk A*,1,40810,0.0046948356807511304,1,0.0,1,0.0,1,0.0,1
24479215_15,777,Soft-probability A*,1,40313,0.07058823529411762,0,0.016176470588235348,1,0.002941176470588225,1,0.0,1
24479215_15,777,Topology+Risk A*,1,45951,0.0613138686131387,0,0.008759124087591275,1,0.0014598540145985828,1,0.0,1
24479215_15,778,Soft-probability A*,1,138639,0.05084745762711862,0,0.011734028683181186,1,0.003911342894393766,1,0.0,1
24479215_15,778,Topology+Risk A*,1,132745,0.04255319148936165,1,0.007736943907156624,1,0.0019342359767892114,1,0.0,1
24479215_15,779,Soft-probability A*,1,77150,0.03801169590643272,1,0.00877192982456143,1,0.003898635477582846,1,0.0,1
24479215_15,779,Topology+Risk A*,1,89918,0.01844660194174752,1,0.001941747572815511,1,0.0,1,0.0,1
24479215_15,780,Soft-probability A*,0,0,nan,0,nan,0,nan,0,nan,0
24479215_15,780,Topology+Risk A*,0,0,nan,0,nan,0,nan,0,nan,0
24479215_15,781,Soft-probability A*,1,27150,0.057647058823529385,0,0.020000000000000018,1,0.010588235294117676,1,0.00588235294117645,1
24479215_15,781,Topology+Risk A*,1,50472,0.054970760233918115,0,0.012865497076023358,1,0.007017543859649145,1,0.0011695906432748204,1
24479215_15,782,Soft-probability A*,1,78604,0.14676889375684554,0,0.08981380065717415,0,0.07447973713033951,0,0.06133625410733845,0
24479215_15,782,Topology+Risk A*,1,92911,0.13015184381778744,0,0.08026030368763559,0,0.06507592190889366,0,0.05965292841648595,0
24479215_15,783,Soft-probability A*,1,28290,0.05907172995780585,0,0.02848101265822789,1,0.014767932489451518,1,0.002109704641350185,1
24479215_15,783,Topology+Risk A*,1,32436,0.051148225469728636,0,0.03131524008350728,1,0.01565762004175364,1,0.0031315240083507057,1
24479215_15,784,Soft-probability A*,1,81917,0.026523297491039433,1,0.01003584229390686,1,0.0021505376344086446,1,0.0,1
24479215_15,784,Topology+Risk A*,1,94628,0.013532763532763559,1,0.0035612535612535856,1,0.0,1,0.0,1
24479215_15,785,Soft-probability A*,1,47311,0.07463768115942027,0,0.025362318840579712,1,0.013043478260869601,1,0.0014492753623188692,1
24479215_15,785,Topology+Risk A*,1,70563,0.06777217015140591,0,0.023071377072819033,1,0.010814708002883977,1,0.00216294160057684,1
24479215_15,786,Soft-probability A*,1,84778,0.021220159151193685,1,0.008620689655172376,1,0.0019893899204244114,1,0.0,1
24479215_15,786,Topology+Risk A*,1,99362,0.00856954515491104,1,0.003295978905734964,1,0.0,1,0.0,1
24479215_15,787,Soft-probability A*,1,65327,0.08345021037868161,0,0.03015427769985979,1,0.012622720897615736,1,0.0014025245441795509,1
24479215_15,787,Topology+Risk A*,1,127323,0.07122905027932958,0,0.022346368715083775,1,0.010474860335195513,1,0.0020949720670391248,1
24479215_15,788,Soft-probability A*,0,0,nan,0,nan,0,nan,0,nan,0
24479215_15,788,Topology+Risk A*,0,0,nan,0,nan,0,nan,0,nan,0
24479215_15,789,Soft-probability A*,1,98643,0.03260869565217395,1,0.0066425120772947155,1,0.0,1,0.0,1
24479215_15,789,Topology+Risk A*,1,103476,0.02923627684964203,1,0.00835322195704058,1,0.0,1,0.0,1
24479215_15,790,Soft-probability A*,0,0,nan,0,nan,0,nan,0,nan,0
24479215_15,790,Topology+Risk A*,0,0,nan,0,nan,0,nan,0,nan,0
24479215_15,791,Soft-probability A*,0,200001,nan,0,nan,0,nan,0,nan,0
24479215_15,791,Topology+Risk A*,1,189096,0.21897121283624355,0,0.14771118452100052,0,0.0,1,0.0,1
24628885_15,792,Soft-probability A*,1,30403,0.07916666666666672,0,0.023611111111111138,1,0.004166666666666652,1,0.0,1
24628885_15,792,Topology+Risk A*,1,43742,0.02063273727647863,1,0.008253094910591452,1,0.0013755158184318717,1,0.0,1
24628885_15,793,Soft-probability A*,1,20813,0.030495552731893305,1,0.01270648030495558,1,0.0,1,0.0,1
24628885_15,793,Topology+Risk A*,1,25940,0.0075949367088608,1,0.0025316455696202667,1,0.0,1,0.0,1
24628885_15,794,Soft-probability A*,1,29961,0.06357388316151202,0,0.030927835051546393,1,0.0068728522336769515,1,0.0,1
24628885_15,794,Topology+Risk A*,1,36218,0.025380710659898442,1,0.010152284263959421,1,0.0,1,0.0,1
24628885_15,795,Soft-probability A*,1,20450,0.0015313935681470214,1,0.0,1,0.0,1,0.0,1
24628885_15,795,Topology+Risk A*,1,38744,0.00455927051671734,1,0.0,1,0.0,1,0.0,1
24628885_15,796,Soft-probability A*,1,16252,0.025875190258751957,1,0.007610350076103556,1,0.0015220700152207556,1,0.0,1
24628885_15,796,Topology+Risk A*,1,23739,0.010590015128593033,1,0.004538577912254205,1,0.0,1,0.0,1
24628885_15,797,Soft-probability A*,1,11262,0.035955056179775235,1,0.017977528089887618,1,0.006741573033707815,1,0.0,1
24628885_15,797,Topology+Risk A*,1,21045,0.022271714922049046,1,0.008908685968819552,1,0.0,1,0.0,1
24628885_15,798,Soft-probability A*,1,44838,0.00650054171180936,1,0.0,1,0.0,1,0.0,1
24628885_15,798,Topology+Risk A*,1,57386,0.0032017075773745907,1,0.0,1,0.0,1,0.0,1
24628885_15,799,Soft-probability A*,0,0,nan,0,nan,0,nan,0,nan,0
24628885_15,799,Topology+Risk A*,0,0,nan,0,nan,0,nan,0,nan,0
24628885_15,800,Soft-probability A*,0,0,nan,0,nan,0,nan,0,nan,0
24628885_15,800,Topology+Risk A*,0,0,nan,0,nan,0,nan,0,nan,0
24628885_15,801,Soft-probability A*,0,0,nan,0,nan,0,nan,0,nan,0
24628885_15,801,Topology+Risk A*,0,0,nan,0,nan,0,nan,0,nan,0
24628885_15,802,Soft-probability A*,0,0,nan,0,nan,0,nan,0,nan,0
24628885_15,802,Topology+Risk A*,0,0,nan,0,nan,0,nan,0,nan,0
24628885_15,803,Soft-probability A*,1,51783,0.03869653767820769,1,0.008146639511201648,1,0.0010183299389001643,1,0.0,1
24628885_15,803,Topology+Risk A*,1,60011,0.015243902439024404,1,0.0060975609756097615,1,0.0,1,0.0,1
24628885_15,804,Soft-probability A*,0,0,nan,0,nan,0,nan,0,nan,0
24628885_15,804,Topology+Risk A*,0,0,nan,0,nan,0,nan,0,nan,0
24628885_15,805,Soft-probability A*,0,0,nan,0,nan,0,nan,0,nan,0
24628885_15,805,Topology+Risk A*,1,161071,0.01950947603121511,1,0.010590858416945403,1,0.00891861761426982,1,0.0078037904124860225,1
24628885_15,806,Soft-probability A*,1,53126,0.021650879566982417,1,0.0006765899864682456,1,0.0,1,0.0,1
24628885_15,806,Topology+Risk A*,1,82647,0.007427413909520619,1,0.0,1,0.0,1,0.0,1
24628885_15,807,Soft-probability A*,0,0,nan,0,nan,0,nan,0,nan,0
24628885_15,807,Topology+Risk A*,0,0,nan,0,nan,0,nan,0,nan,0
24628885_15,808,Soft-probability A*,0,0,nan,0,nan,0,nan,0,nan,0
24628885_15,808,Topology+Risk A*,0,0,nan,0,nan,0,nan,0,nan,0
24628885_15,809,Soft-probability A*,0,0,nan,0,nan,0,nan,0,nan,0
24628885_15,809,Topology+Risk A*,0,0,nan,0,nan,0,nan,0,nan,0
24628885_15,810,Soft-probability A*,0,0,nan,0,nan,0,nan,0,nan,0
24628885_15,810,Topology+Risk A*,0,0,nan,0,nan,0,nan,0,nan,0
24628885_15,811,Soft-probability A*,0,0,nan,0,nan,0,nan,0,nan,0
24628885_15,811,Topology+Risk A*,1,127529,0.01953125,1,0.012276785714285698,1,0.009486607142857095,1,0.0078125,1
24629200_15,812,Soft-probability A*,0,0,nan,0,nan,0,nan,0,nan,0
24629200_15,812,Topology+Risk A*,0,0,nan,0,nan,0,nan,0,nan,0
24629200_15,813,Soft-probability A*,1,15712,0.18828451882845187,0,0.14644351464435146,0,0.13389121338912136,0,0.12343096234309625,0
24629200_15,813,Topology+Risk A*,1,18707,0.06275303643724695,0,0.028340080971659964,1,0.0,1,0.0,1
24629200_15,814,Soft-probability A*,1,14785,0.013544018058690765,1,0.0,1,0.0,1,0.0,1
24629200_15,814,Topology+Risk A*,1,22451,0.0022371364653244186,1,0.0,1,0.0,1,0.0,1
24629200_15,815,Soft-probability A*,0,0,nan,0,nan,0,nan,0,nan,0
24629200_15,815,Topology+Risk A*,0,0,nan,0,nan,0,nan,0,nan,0
24629200_15,816,Soft-probability A*,1,11111,0.0,1,0.0,1,0.0,1,0.0,1
24629200_15,816,Topology+Risk A*,1,20604,0.0,1,0.0,1,0.0,1,0.0,1
24629200_15,817,Soft-probability A*,1,14060,0.02522255192878342,1,0.004451038575667643,1,0.0,1,0.0,1
24629200_15,817,Topology+Risk A*,1,19949,0.016296296296296253,1,0.0,1,0.0,1,0.0,1
24629200_15,818,Soft-probability A*,1,43364,0.03358613217768147,1,0.00325027085590468,1,0.0,1,0.0,1
24629200_15,818,Topology+Risk A*,1,45484,0.004287245444801746,1,0.0,1,0.0,1,0.0,1
24629200_15,819,Soft-probability A*,1,31553,0.004424778761061954,1,0.0,1,0.0,1,0.0,1
24629200_15,819,Topology+Risk A*,1,58156,0.0,1,0.0,1,0.0,1,0.0,1
24629200_15,820,Soft-probability A*,1,105790,0.07029053420805997,0,0.020618556701030966,1,0.0009372071227741197,1,0.0,1
24629200_15,820,Topology+Risk A*,1,134628,0.03419593345656191,1,0.012939001848428888,1,0.0,1,0.0,1
24629200_15,821,Soft-probability A*,1,43297,0.032786885245901676,1,0.008196721311475419,1,0.002732240437158473,1,0.0,1
24629200_15,821,Topology+Risk A*,1,65722,0.01763907734056991,1,0.0027137042062415073,1,0.0,1,0.0,1
24629200_15,822,Soft-probability A*,1,81532,0.08449548810500407,0,0.06316652994257588,0,0.03445447087776865,1,0.013945857260049266,1
24629200_15,822,Topology+Risk A*,1,95748,0.06812652068126523,0,0.05920519059205187,0,0.0348742903487429,1,0.01540957015409572,1
24629200_15,823,Soft-probability A*,1,37674,0.034714445688689755,1,0.007838745800671898,1,0.0,1,0.0,1
24629200_15,823,Topology+Risk A*,1,62730,0.006674082313681828,1,0.0011123470522803602,1,0.0,1,0.0,1
24629200_15,824,Soft-probability A*,1,59145,0.04123711340206182,1,0.020618556701030966,1,0.014432989690721598,1,0.006185567010309256,1
24629200_15,824,Topology+Risk A*,1,67362,0.006256517205422307,1,0.0,1,0.0,1,0.0,1
24629200_15,825,Soft-probability A*,1,123759,0.027416038382453767,1,0.008910212474297463,1,0.0034270047978066653,1,0.0,1
24629200_15,825,Topology+Risk A*,1,148170,0.015625,1,0.004755434782608647,1,0.0006793478260869179,1,0.0,1
24629200_15,826,Soft-probability A*,1,120521,0.021527777777777812,1,0.004166666666666652,1,0.001388888888888884,1,0.0,1
24629200_15,826,Topology+Risk A*,1,141638,0.00897170462387853,1,0.0013802622498274575,1,0.0,1,0.0,1
24629200_15,827,Soft-probability A*,0,0,nan,0,nan,0,nan,0,nan,0
24629200_15,827,Topology+Risk A*,0,0,nan,0,nan,0,nan,0,nan,0
24629200_15,828,Soft-probability A*,1,108871,0.039814200398141986,1,0.007962840079628442,1,0.0013271400132713884,1,0.0,1
24629200_15,828,Topology+Risk A*,1,135173,0.018506278916060825,1,0.0013218770654329637,1,0.0,1,0.0,1
24629200_15,829,Soft-probability A*,1,159397,0.017654476670870167,1,0.003783102143757877,1,0.0,1,0.0,1
24629200_15,829,Topology+Risk A*,1,166827,0.009993753903810076,1,0.0006246096189881367,1,0.0,1,0.0,1
24629200_15,830,Soft-probability A*,0,0,nan,0,nan,0,nan,0,nan,0
24629200_15,830,Topology+Risk A*,0,0,nan,0,nan,0,nan,0,nan,0
24629200_15,831,Soft-probability A*,0,0,nan,0,nan,0,nan,0,nan,0
24629200_15,831,Topology+Risk A*,0,0,nan,0,nan,0,nan,0,nan,0
24779275_15,832,Soft-probability A*,1,11910,0.0014285714285714457,1,0.0,1,0.0,1,0.0,1
24779275_15,832,Topology+Risk A*,1,14028,0.0,1,0.0,1,0.0,1,0.0,1
24779275_15,833,Soft-probability A*,1,8321,0.016949152542372836,1,0.0,1,0.0,1,0.0,1
24779275_15,833,Topology+Risk A*,1,8110,0.009685230024213065,1,0.0,1,0.0,1,0.0,1
24779275_15,834,Soft-probability A*,0,0,nan,0,nan,0,nan,0,nan,0
24779275_15,834,Topology+Risk A*,0,0,nan,0,nan,0,nan,0,nan,0
24779275_15,835,Soft-probability A*,1,20052,0.006849315068493178,1,0.0,1,0.0,1,0.0,1
24779275_15,835,Topology+Risk A*,1,18323,0.004087193460490468,1,0.0,1,0.0,1,0.0,1
24779275_15,836,Soft-probability A*,1,11627,0.010288065843621408,1,0.0,1,0.0,1,0.0,1
24779275_15,836,Topology+Risk A*,1,11976,0.0060975609756097615,1,0.0,1,0.0,1,0.0,1
24779275_15,837,Soft-probability A*,0,0,nan,0,nan,0,nan,0,nan,0
24779275_15,837,Topology+Risk A*,0,0,nan,0,nan,0,nan,0,nan,0
24779275_15,838,Soft-probability A*,1,24765,0.006149116064565696,1,0.0,1,0.0,1,0.0,1
24779275_15,838,Topology+Risk A*,1,34443,0.003072196620583667,1,0.0,1,0.0,1,0.0,1
24779275_15,839,Soft-probability A*,1,15456,0.0010905125408942062,1,0.0,1,0.0,1,0.0,1
24779275_15,839,Topology+Risk A*,1,19093,0.0,1,0.0,1,0.0,1,0.0,1
24779275_15,840,Soft-probability A*,0,0,nan,0,nan,0,nan,0,nan,0
24779275_15,840,Topology+Risk A*,0,0,nan,0,nan,0,nan,0,nan,0
24779275_15,841,Soft-probability A*,1,12859,0.054817275747508276,0,0.006644518272425293,1,0.0,1,0.0,1
24779275_15,841,Topology+Risk A*,1,12261,0.01320132013201325,1,0.0,1,0.0,1,0.0,1
24779275_15,842,Soft-probability A*,0,0,nan,0,nan,0,nan,0,nan,0
24779275_15,842,Topology+Risk A*,0,0,nan,0,nan,0,nan,0,nan,0
24779275_15,843,Soft-probability A*,1,35890,0.02106847253574118,1,0.0,1,0.0,1,0.0,1
24779275_15,843,Topology+Risk A*,1,38548,0.0029985007496251548,1,0.0,1,0.0,1,0.0,1
24779275_15,844,Soft-probability A*,0,0,nan,0,nan,0,nan,0,nan,0
24779275_15,844,Topology+Risk A*,0,0,nan,0,nan,0,nan,0,nan,0
24779275_15,845,Soft-probability A*,0,0,nan,0,nan,0,nan,0,nan,0
24779275_15,845,Topology+Risk A*,0,0,nan,0,nan,0,nan,0,nan,0
24779275_15,846,Soft-probability A*,1,50699,0.014814814814814836,1,0.0,1,0.0,1,0.0,1
24779275_15,846,Topology+Risk A*,1,56763,0.0021108179419525586,1,0.0,1,0.0,1,0.0,1
24779275_15,847,Soft-probability A*,1,37796,0.023606557377049198,1,0.0,1,0.0,1,0.0,1
24779275_15,847,Topology+Risk A*,1,40839,0.005870841487279899,1,0.0,1,0.0,1,0.0,1
24779275_15,848,Soft-probability A*,1,36943,0.024340770791075106,1,0.0,1,0.0,1,0.0,1
24779275_15,848,Topology+Risk A*,1,38678,0.00403496973772699,1,0.0,1,0.0,1,0.0,1
24779275_15,849,Soft-probability A*,1,40126,0.018323153803442516,1,0.0,1,0.0,1,0.0,1
24779275_15,849,Topology+Risk A*,1,40284,0.0022136137244050946,1,0.0,1,0.0,1,0.0,1
24779275_15,850,Soft-probability A*,0,0,nan,0,nan,0,nan,0,nan,0
24779275_15,850,Topology+Risk A*,0,0,nan,0,nan,0,nan,0,nan,0
24779275_15,851,Soft-probability A*,1,50155,0.019264448336252182,1,0.0,1,0.0,1,0.0,1
24779275_15,851,Topology+Risk A*,1,54906,0.0023269342641070168,1,0.0,1,0.0,1,0.0,1
25079170_15,852,Soft-probability A*,1,6299,0.6584158415841583,0,0.4900990099009901,0,0.4752475247524752,0,0.4554455445544554,0
25079170_15,852,Topology+Risk A*,1,8824,0.5343137254901961,0,0.47549019607843135,0,0.4509803921568627,0,0.43137254901960786,0
25079170_15,853,Soft-probability A*,1,1770,0.008196721311475419,1,0.0,1,0.0,1,0.0,1
25079170_15,853,Topology+Risk A*,1,2527,0.008196721311475419,1,0.0,1,0.0,1,0.0,1
25079170_15,854,Soft-probability A*,0,0,nan,0,nan,0,nan,0,nan,0
25079170_15,854,Topology+Risk A*,0,0,nan,0,nan,0,nan,0,nan,0
25079170_15,855,Soft-probability A*,1,1661,0.0,1,0.0,1,0.0,1,0.0,1
25079170_15,855,Topology+Risk A*,1,1879,0.0,1,0.0,1,0.0,1,0.0,1
25079170_15,856,Soft-probability A*,1,8995,0.046511627906976716,1,0.028423772609819098,1,0.015503875968992276,1,0.0025839793281653423,1
25079170_15,856,Topology+Risk A*,1,11020,0.025575447570332477,1,0.010230179028132946,1,0.002557544757033292,1,0.0,1
25079170_15,857,Soft-probability A*,1,6086,0.14782608695652177,0,0.04347826086956519,1,0.004347826086956497,1,0.0,1
25079170_15,857,Topology+Risk A*,1,7698,0.03389830508474578,1,0.0,1,0.0,1,0.0,1
25079170_15,858,Soft-probability A*,0,0,nan,0,nan,0,nan,0,nan,0
25079170_15,858,Topology+Risk A*,0,0,nan,0,nan,0,nan,0,nan,0
25079170_15,859,Soft-probability A*,0,0,nan,0,nan,0,nan,0,nan,0
25079170_15,859,Topology+Risk A*,0,0,nan,0,nan,0,nan,0,nan,0
25079170_15,860,Soft-probability A*,0,0,nan,0,nan,0,nan,0,nan,0
25079170_15,860,Topology+Risk A*,0,0,nan,0,nan,0,nan,0,nan,0
25079170_15,861,Soft-probability A*,0,0,nan,0,nan,0,nan,0,nan,0
25079170_15,861,Topology+Risk A*,0,0,nan,0,nan,0,nan,0,nan,0
25079170_15,862,Soft-probability A*,1,38810,0.020947176684881552,1,0.011839708561020013,1,0.0036429872495445936,1,0.0,1
25079170_15,862,Topology+Risk A*,1,57335,0.0036396724294813776,1,0.0018198362147406888,1,0.0,1,0.0,1
25079170_15,863,Soft-probability A*,0,0,nan,0,nan,0,nan,0,nan,0
25079170_15,863,Topology+Risk A*,0,0,nan,0,nan,0,nan,0,nan,0
25079170_15,864,Soft-probability A*,0,0,nan,0,nan,0,nan,0,nan,0
25079170_15,864,Topology+Risk A*,0,0,nan,0,nan,0,nan,0,nan,0
25079170_15,865,Soft-probability A*,0,0,nan,0,nan,0,nan,0,nan,0
25079170_15,865,Topology+Risk A*,0,0,nan,0,nan,0,nan,0,nan,0
25079170_15,866,Soft-probability A*,0,0,nan,0,nan,0,nan,0,nan,0
25079170_15,866,Topology+Risk A*,0,0,nan,0,nan,0,nan,0,nan,0
25079170_15,867,Soft-probability A*,0,0,nan,0,nan,0,nan,0,nan,0
25079170_15,867,Topology+Risk A*,0,0,nan,0,nan,0,nan,0,nan,0
25079170_15,868,Soft-probability A*,0,0,nan,0,nan,0,nan,0,nan,0
25079170_15,868,Topology+Risk A*,0,0,nan,0,nan,0,nan,0,nan,0
25079170_15,869,Soft-probability A*,0,0,nan,0,nan,0,nan,0,nan,0
25079170_15,869,Topology+Risk A*,0,0,nan,0,nan,0,nan,0,nan,0
25079170_15,870,Soft-probability A*,0,0,nan,0,nan,0,nan,0,nan,0
25079170_15,870,Topology+Risk A*,0,0,nan,0,nan,0,nan,0,nan,0
25079170_15,871,Soft-probability A*,0,0,nan,0,nan,0,nan,0,nan,0
25079170_15,871,Topology+Risk A*,0,0,nan,0,nan,0,nan,0,nan,0
26278720_15,872,Soft-probability A*,1,754,0.0,1,0.0,1,0.0,1,0.0,1
26278720_15,872,Topology+Risk A*,1,1013,0.0,1,0.0,1,0.0,1,0.0,1
26278720_15,873,Soft-probability A*,0,0,nan,0,nan,0,nan,0,nan,0
26278720_15,873,Topology+Risk A*,0,0,nan,0,nan,0,nan,0,nan,0
26278720_15,874,Soft-probability A*,1,1250,0.26249999999999996,0,0.0,1,0.0,1,0.0,1
26278720_15,874,Topology+Risk A*,1,1612,0.25,0,0.0,1,0.0,1,0.0,1
26278720_15,875,Soft-probability A*,1,7060,0.004705882352941226,1,0.0,1,0.0,1,0.0,1
26278720_15,875,Topology+Risk A*,1,7690,0.002336448598130869,1,0.0,1,0.0,1,0.0,1
26278720_15,876,Soft-probability A*,1,10428,0.023872679045092826,1,0.0,1,0.0,1,0.0,1
26278720_15,876,Topology+Risk A*,1,10402,0.0,1,0.0,1,0.0,1,0.0,1
26278720_15,877,Soft-probability A*,0,0,nan,0,nan,0,nan,0,nan,0
26278720_15,877,Topology+Risk A*,0,0,nan,0,nan,0,nan,0,nan,0
26278720_15,878,Soft-probability A*,0,0,nan,0,nan,0,nan,0,nan,0
26278720_15,878,Topology+Risk A*,0,0,nan,0,nan,0,nan,0,nan,0
26278720_15,879,Soft-probability A*,0,0,nan,0,nan,0,nan,0,nan,0
26278720_15,879,Topology+Risk A*,0,0,nan,0,nan,0,nan,0,nan,0
26278720_15,880,Soft-probability A*,0,0,nan,0,nan,0,nan,0,nan,0
26278720_15,880,Topology+Risk A*,0,0,nan,0,nan,0,nan,0,nan,0
26278720_15,881,Soft-probability A*,0,0,nan,0,nan,0,nan,0,nan,0
26278720_15,881,Topology+Risk A*,0,0,nan,0,nan,0,nan,0,nan,0
26278720_15,882,Soft-probability A*,0,0,nan,0,nan,0,nan,0,nan,0
26278720_15,882,Topology+Risk A*,0,0,nan,0,nan,0,nan,0,nan,0
26278720_15,883,Soft-probability A*,0,0,nan,0,nan,0,nan,0,nan,0
26278720_15,883,Topology+Risk A*,0,0,nan,0,nan,0,nan,0,nan,0
26278720_15,884,Soft-probability A*,0,0,nan,0,nan,0,nan,0,nan,0
26278720_15,884,Topology+Risk A*,0,0,nan,0,nan,0,nan,0,nan,0
26428735_15,885,Soft-probability A*,1,44769,0.03167808219178081,1,0.014554794520547976,1,0.0025684931506849695,1,0.0,1
26428735_15,885,Topology+Risk A*,1,50307,0.012787723785166238,1,0.0008525149190110604,1,0.0,1,0.0,1
26428735_15,886,Soft-probability A*,1,29514,0.02298850574712641,1,0.014146772767462457,1,0.0026525198938992522,1,0.0,1
26428735_15,886,Topology+Risk A*,1,33249,0.010572687224669641,1,0.0,1,0.0,1,0.0,1
26428735_15,887,Soft-probability A*,0,0,nan,0,nan,0,nan,0,nan,0
26428735_15,887,Topology+Risk A*,0,0,nan,0,nan,0,nan,0,nan,0
26428735_15,888,Soft-probability A*,1,14375,0.04219409282700426,1,0.00421940928270037,1,0.0,1,0.0,1
26428735_15,888,Topology+Risk A*,1,15857,0.040000000000000036,1,0.008421052631578996,1,0.0,1,0.0,1
26428735_15,889,Soft-probability A*,1,21708,0.07204968944099377,0,0.004968944099378869,1,0.0,1,0.0,1
26428735_15,889,Topology+Risk A*,1,26167,0.02103960396039606,1,0.004950495049504955,1,0.0,1,0.0,1
26428735_15,890,Soft-probability A*,1,22168,0.012765957446808529,1,0.005673758865248235,1,0.0028368794326241176,1,0.0,1
26428735_15,890,Topology+Risk A*,1,27072,0.007072135785007094,1,0.0028288543140028155,1,0.0,1,0.0,1
26428735_15,891,Soft-probability A*,1,41262,0.058006535947712434,0,0.015522875816993409,1,0.0016339869281045694,1,0.0,1
26428735_15,891,Topology+Risk A*,1,49310,0.028386050283860542,1,0.005677210056772131,1,0.0,1,0.0,1
26428735_15,892,Soft-probability A*,1,68277,0.02894356005788712,1,0.01085383502170767,1,0.005788712011577379,1,0.0007235890014472002,1
26428735_15,892,Topology+Risk A*,1,69550,0.01151079136690647,1,0.004316546762589968,1,0.0,1,0.0,1
26428735_15,893,Soft-probability A*,1,29379,0.041543026706231445,1,0.004945598417408492,1,0.0,1,0.0,1
26428735_15,893,Topology+Risk A*,1,32870,0.0314650934119961,1,0.006882989183874089,1,0.0,1,0.0,1
26428735_15,894,Soft-probability A*,1,36385,0.018181818181818188,1,0.0008264462809917106,1,0.0,1,0.0,1
26428735_15,894,Topology+Risk A*,1,42203,0.002473206924979432,1,0.0,1,0.0,1,0.0,1
26428735_15,895,Soft-probability A*,1,34280,0.062297734627831725,0,0.008899676375404564,1,0.0024271844660194164,1,0.0,1
26428735_15,895,Topology+Risk A*,1,43937,0.011199999999999988,1,0.0016000000000000458,1,0.0,1,0.0,1
26428735_15,896,Soft-probability A*,1,41579,0.03970826580226905,1,0.012155591572123203,1,0.00648298217179899,1,0.0032414910858995505,1
26428735_15,896,Topology+Risk A*,1,47125,0.021756647864625278,1,0.006446414182111226,1,0.0008058017727639033,1,0.0,1
26428735_15,897,Soft-probability A*,1,38397,0.0210280373831776,1,0.012461059190031154,1,0.002336448598130869,1,0.0,1
26428735_15,897,Topology+Risk A*,1,52713,0.024806201550387597,1,0.003875968992248069,1,0.0,1,0.0,1
26428735_15,898,Soft-probability A*,1,72040,0.01965317919075149,1,0.008092485549133,1,0.0046242774566473965,1,0.0005780346820809523,1
26428735_15,898,Topology+Risk A*,1,76410,0.008041355542791506,1,0.0028719126938541173,1,0.0,1,0.0,1
26428735_15,899,Soft-probability A*,1,43829,0.013013698630137016,1,0.00068493150684934,1,0.0,1,0.0,1
26428735_15,899,Topology+Risk A*,1,56499,0.015721120984278913,1,0.0034176349965823194,1,0.0,1,0.0,1
26428735_15,900,Soft-probability A*,1,83610,0.015535097813578869,1,0.009205983889528202,1,0.0017261219792865656,1,0.0,1
26428735_15,900,Topology+Risk A*,1,86393,0.01834862385321101,1,0.0028669724770642446,1,0.0,1,0.0,1
26428735_15,901,Soft-probability A*,1,84746,0.026512968299711837,1,0.009798270893371708,1,0.004610951008645503,1,0.0005763688760807018,1
26428735_15,901,Topology+Risk A*,1,87988,0.014882655981682924,1,0.004579278763594763,1,0.0,1,0.0,1
26428735_15,902,Soft-probability A*,1,46007,0.011845386533665847,1,0.0006234413965087171,1,0.0,1,0.0,1
26428735_15,902,Topology+Risk A*,1,55110,0.01431238332296203,1,0.0031113876789048422,1,0.0,1,0.0,1
26428735_15,903,Soft-probability A*,1,32081,0.014358108108108114,1,0.0,1,0.0,1,0.0,1
26428735_15,903,Topology+Risk A*,1,37981,0.0025188916876573986,1,0.0,1,0.0,1,0.0,1
26428735_15,904,Soft-probability A*,1,81285,0.04991771804717504,1,0.007131102578167847,1,0.001645639056500281,1,0.0,1
26428735_15,904,Topology+Risk A*,1,92662,0.016875340228633684,1,0.003266194882961315,1,0.0,1,0.0,1
26578720_15,905,Soft-probability A*,1,3632,0.04663212435233166,1,0.010362694300518172,1,0.0,1,0.0,1
26578720_15,905,Topology+Risk A*,1,4277,0.015306122448979553,1,0.005102040816326481,1,0.0,1,0.0,1
26578720_15,906,Soft-probability A*,1,3010,0.10624999999999996,0,0.025000000000000022,1,0.0,1,0.0,1
26578720_15,906,Topology+Risk A*,1,3338,0.030487804878048808,1,0.0,1,0.0,1,0.0,1
26578720_15,907,Soft-probability A*,1,8407,0.0,1,0.0,1,0.0,1,0.0,1
26578720_15,907,Topology+Risk A*,1,11405,0.0,1,0.0,1,0.0,1,0.0,1
26578720_15,908,Soft-probability A*,1,6292,0.06439393939393945,0,0.022727272727272707,1,0.007575757575757569,1,0.0,1
26578720_15,908,Topology+Risk A*,1,7948,0.06015037593984962,0,0.015037593984962405,1,0.003759398496240629,1,0.0,1
26578720_15,909,Soft-probability A*,1,22704,0.0854166666666667,0,0.05208333333333337,0,0.027083333333333348,1,0.006249999999999978,1
26578720_15,909,Topology+Risk A*,1,24116,0.05327868852459017,0,0.012295081967213073,1,0.002049180327868827,1,0.0,1
26578720_15,910,Soft-probability A*,0,0,nan,0,nan,0,nan,0,nan,0
26578720_15,910,Topology+Risk A*,1,9681,0.017973856209150374,1,0.0016339869281045694,1,0.0,1,0.0,1
26578720_15,911,Soft-probability A*,0,0,nan,0,nan,0,nan,0,nan,0
26578720_15,911,Topology+Risk A*,0,0,nan,0,nan,0,nan,0,nan,0
26578720_15,912,Soft-probability A*,1,98704,0.031303357996585124,1,0.00626067159931698,1,0.0011383039271485318,1,0.0,1
26578720_15,912,Topology+Risk A*,1,95262,0.004507042253521165,1,0.0005633802816901179,1,0.0,1,0.0,1
26578720_15,913,Soft-probability A*,0,0,nan,0,nan,0,nan,0,nan,0
26578720_15,913,Topology+Risk A*,0,0,nan,0,nan,0,nan,0,nan,0
26578720_15,914,Soft-probability A*,0,0,nan,0,nan,0,nan,0,nan,0
26578720_15,914,Topology+Risk A*,0,0,nan,0,nan,0,nan,0,nan,0
26578720_15,915,Soft-probability A*,1,46515,0.028956228956228958,1,0.005387205387205385,1,0.0,1,0.0,1
26578720_15,915,Topology+Risk A*,1,51218,0.010000000000000009,1,0.0006666666666667043,1,0.0,1,0.0,1
26578720_15,916,Soft-probability A*,1,112634,0.005992245329573542,1,0.0014099400775466897,1,0.0007049700387733449,1,0.0,1
26578720_15,916,Topology+Risk A*,1,111511,0.0010530010530011014,1,0.0,1,0.0,1,0.0,1
26578720_15,917,Soft-probability A*,0,0,nan,0,nan,0,nan,0,nan,0
26578720_15,917,Topology+Risk A*,0,0,nan,0,nan,0,nan,0,nan,0
26578720_15,918,Soft-probability A*,1,91388,0.01640271493212675,1,0.002262443438914019,1,0.0011312217194570096,1,0.0,1
26578720_15,918,Topology+Risk A*,1,98183,0.006165919282511201,1,0.0,1,0.0,1,0.0,1
26578720_15,919,Soft-probability A*,0,0,nan,0,nan,0,nan,0,nan,0
26578720_15,919,Topology+Risk A*,0,0,nan,0,nan,0,nan,0,nan,0
26578720_15,920,Soft-probability A*,0,0,nan,0,nan,0,nan,0,nan,0
26578720_15,920,Topology+Risk A*,1,68682,0.007100591715976323,1,0.0005917159763313418,1,0.0,1,0.0,1
26578720_15,921,Soft-probability A*,0,0,nan,0,nan,0,nan,0,nan,0
26578720_15,921,Topology+Risk A*,0,0,nan,0,nan,0,nan,0,nan,0
26578720_15,922,Soft-probability A*,0,0,nan,0,nan,0,nan,0,nan,0
26578720_15,922,Topology+Risk A*,0,0,nan,0,nan,0,nan,0,nan,0
26578720_15,923,Soft-probability A*,1,58635,0.015133876600698537,1,0.002328288707799775,1,0.0011641443538998875,1,0.0,1
26578720_15,923,Topology+Risk A*,1,58324,0.006351039260970026,1,0.0,1,0.0,1,0.0,1
26578720_15,924,Soft-probability A*,0,0,nan,0,nan,0,nan,0,nan,0
26578720_15,924,Topology+Risk A*,1,64835,0.0,1,0.0,1,0.0,1,0.0,1
26878690_15,925,Soft-probability A*,1,6275,0.0,1,0.0,1,0.0,1,0.0,1
26878690_15,925,Topology+Risk A*,1,9155,0.0,1,0.0,1,0.0,1,0.0,1
26878690_15,926,Soft-probability A*,1,21451,0.03494176372712143,1,0.008319467554076532,1,0.0016638935108153063,1,0.0,1
26878690_15,926,Topology+Risk A*,1,26239,0.011532125205930832,1,0.0016474464579900872,1,0.0,1,0.0,1
26878690_15,927,Soft-probability A*,1,14569,0.03340292275574108,1,0.01043841336116913,1,0.0,1,0.0,1
26878690_15,927,Topology+Risk A*,1,15954,0.008333333333333304,1,0.002083333333333326,1,0.0,1,0.0,1
26878690_15,928,Soft-probability A*,1,6535,0.0,1,0.0,1,0.0,1,0.0,1
26878690_15,928,Topology+Risk A*,1,9884,0.0,1,0.0,1,0.0,1,0.0,1
26878690_15,929,Soft-probability A*,0,0,nan,0,nan,0,nan,0,nan,0
26878690_15,929,Topology+Risk A*,1,492,0.0,1,0.0,1,0.0,1,0.0,1
26878690_15,930,Soft-probability A*,1,9926,0.049886621315192725,1,0.009070294784580546,1,0.0,1,0.0,1
26878690_15,930,Topology+Risk A*,1,10863,0.013452914798206317,1,0.004484304932735439,1,0.0,1,0.0,1
26878690_15,931,Soft-probability A*,1,26786,0.02254098360655743,1,0.0,1,0.0,1,0.0,1
26878690_15,931,Topology+Risk A*,1,33845,0.0010172939979654627,1,0.0,1,0.0,1,0.0,1
26878690_15,932,Soft-probability A*,1,27908,0.03426124197002145,1,0.018201284796573902,1,0.010706638115631661,1,0.0032119914346895317,1
26878690_15,932,Topology+Risk A*,1,32763,0.008474576271186418,1,0.0010593220338983578,1,0.0,1,0.0,1
26878690_15,933,Soft-probability A*,1,19075,0.006993006993006978,1,0.0,1,0.0,1,0.0,1
26878690_15,933,Topology+Risk A*,1,27395,0.0,1,0.0,1,0.0,1,0.0,1
26878690_15,934,Soft-probability A*,1,23657,0.019102196752626588,1,0.0,1,0.0,1,0.0,1
26878690_15,934,Topology+Risk A*,1,26479,0.0,1,0.0,1,0.0,1,0.0,1
26878690_15,935,Soft-probability A*,1,27104,0.02931228861330326,1,0.006764374295377684,1,0.0,1,0.0,1
26878690_15,935,Topology+Risk A*,1,29187,0.007856341189674487,1,0.001122334455667784,1,0.0,1,0.0,1
26878690_15,936,Soft-probability A*,1,41608,0.013975155279503104,1,0.0,1,0.0,1,0.0,1
26878690_15,936,Topology+Risk A*,1,46412,0.0,1,0.0,1,0.0,1,0.0,1
26878690_15,937,Soft-probability A*,0,0,nan,0,nan,0,nan,0,nan,0
26878690_15,937,Topology+Risk A*,0,0,nan,0,nan,0,nan,0,nan,0
26878690_15,938,Soft-probability A*,1,38279,0.013821700069108545,1,0.0,1,0.0,1,0.0,1
26878690_15,938,Topology+Risk A*,1,43411,0.0,1,0.0,1,0.0,1,0.0,1
26878690_15,939,Soft-probability A*,1,50877,0.0159893404397069,1,0.0,1,0.0,1,0.0,1
26878690_15,939,Topology+Risk A*,1,52732,0.0,1,0.0,1,0.0,1,0.0,1
26878690_15,940,Soft-probability A*,1,60335,0.01859799713876964,1,0.0,1,0.0,1,0.0,1
26878690_15,940,Topology+Risk A*,1,75936,0.0,1,0.0,1,0.0,1,0.0,1
26878690_15,941,Soft-probability A*,1,63418,0.015658362989323882,1,0.0,1,0.0,1,0.0,1
26878690_15,941,Topology+Risk A*,1,77821,0.0,1,0.0,1,0.0,1,0.0,1
26878690_15,942,Soft-probability A*,1,35472,0.010638297872340385,1,0.0,1,0.0,1,0.0,1
26878690_15,942,Topology+Risk A*,1,40114,0.0,1,0.0,1,0.0,1,0.0,1
26878690_15,943,Soft-probability A*,1,35200,0.01434720229555242,1,0.0,1,0.0,1,0.0,1
26878690_15,943,Topology+Risk A*,1,37935,0.0,1,0.0,1,0.0,1,0.0,1
26878690_15,944,Soft-probability A*,1,40789,0.02799712849964109,1,0.003589375448671883,1,0.000717875089734421,1,0.0,1
26878690_15,944,Topology+Risk A*,1,61943,0.004264392324093813,1,0.000710732054015617,1,0.0,1,0.0,1
